gesture_id,gesture_name,lm0_wrist_x,lm0_wrist_y,lm0_wrist_z,lm1_thumb_cmc_x,lm1_thumb_cmc_y,lm1_thumb_cmc_z,lm2_thumb_mcp_x,lm2_thumb_mcp_y,lm2_thumb_mcp_z,lm3_thumb_ip_x,lm3_thumb_ip_y,lm3_thumb_ip_z,lm4_thumb_tip_x,lm4_thumb_tip_y,lm4_thumb_tip_z,lm5_index_mcp_x,lm5_index_mcp_y,lm5_index_mcp_z,lm6_index_pip_x,lm6_index_pip_y,lm6_index_pip_z,lm7_index_dip_x,lm7_index_dip_y,lm7_index_dip_z,lm8_index_tip_x,lm8_index_tip_y,lm8_index_tip_z,lm9_middle_mcp_x,lm9_middle_mcp_y,lm9_middle_mcp_z,lm10_middle_pip_x,lm10_middle_pip_y,lm10_middle_pip_z,lm11_middle_dip_x,lm11_middle_dip_y,lm11_middle_dip_z,lm12_middle_tip_x,lm12_middle_tip_y,lm12_middle_tip_z,lm13_ring_mcp_x,lm13_ring_mcp_y,lm13_ring_mcp_z,lm14_ring_pip_x,lm14_ring_pip_y,lm14_ring_pip_z,lm15_ring_dip_x,lm15_ring_dip_y,lm15_ring_dip_z,lm16_ring_tip_x,lm16_ring_tip_y,lm16_ring_tip_z,lm17_pinky_mcp_x,lm17_pinky_mcp_y,lm17_pinky_mcp_z,lm18_pinky_pip_x,lm18_pinky_pip_y,lm18_pinky_pip_z,lm19_pinky_dip_x,lm19_pinky_dip_y,lm19_pinky_dip_z,lm20_pinky_tip_x,lm20_pinky_tip_y,lm20_pinky_tip_z
0,Move Cursor (Index Pointing),0.0,0.0,0.0,-0.0467,-0.0623,-0.031,-0.0557,-0.1547,-0.0476,-0.0101,-0.2055,-0.0651,0.0366,-0.2068,-0.0815,-0.0393,-0.2645,-0.0259,-0.0463,-0.38,-0.055,-0.0466,-0.4482,-0.0734,-0.0431,-0.5088,-0.0872,0.0091,-0.2424,-0.0319,0.037,-0.3004,-0.0828,0.021,-0.2305,-0.0965,0.0067,-0.1812,-0.0927,0.0505,-0.2034,-0.0419,0.0699,-0.2326,-0.0873,0.041,-0.1724,-0.0831,0.0236,-0.1394,-0.0671,0.0815,-0.1533,-0.0552,0.0947,-0.1808,-0.0793,0.0661,-0.1423,-0.0703,0.0477,-0.115,-0.0568
0,Move Cursor (Index Pointing),0.0,0.0,0.0,-0.0388,-0.0577,-0.0385,-0.0447,-0.1406,-0.0594,0.0018,-0.193,-0.0797,0.0501,-0.2122,-0.0977,-0.0377,-0.2571,-0.0281,-0.0418,-0.3651,-0.0593,-0.039,-0.4293,-0.0796,-0.0327,-0.4864,-0.0938,0.009,-0.2405,-0.0297,0.0441,-0.2976,-0.0811,0.0282,-0.2321,-0.0952,0.0109,-0.1881,-0.0913,0.0486,-0.208,-0.0366,0.0757,-0.2347,-0.0829,0.0489,-0.1737,-0.0781,0.0309,-0.1435,-0.0611,0.0783,-0.1632,-0.0474,0.1055,-0.1944,-0.0732,0.0795,-0.1543,-0.0647,0.0586,-0.1281,-0.0508
0,Move Cursor (Index Pointing),0.0,0.0,0.0,-0.0397,-0.0564,-0.0381,-0.0468,-0.1417,-0.0591,-0.0006,-0.1956,-0.0795,0.049,-0.212,-0.0977,-0.0383,-0.2577,-0.029,-0.0399,-0.3695,-0.0603,-0.036,-0.4343,-0.0807,-0.0289,-0.492,-0.0954,0.0086,-0.2387,-0.0311,0.0417,-0.3026,-0.0823,0.0257,-0.2345,-0.0954,0.0101,-0.1885,-0.0912,0.0481,-0.2046,-0.0384,0.0732,-0.2402,-0.0843,0.0467,-0.1771,-0.0772,0.0304,-0.1442,-0.0589,0.0781,-0.1577,-0.0499,0.1041,-0.1976,-0.0756,0.0785,-0.1562,-0.0655,0.0587,-0.1265,-0.0509
0,Move Cursor (Index Pointing),0.0,0.0,0.0,-0.0412,-0.0585,-0.0333,-0.0482,-0.1468,-0.0512,-0.0007,-0.1977,-0.0692,0.0478,-0.2121,-0.0855,-0.038,-0.2555,-0.0273,-0.0407,-0.3684,-0.0566,-0.0382,-0.4321,-0.0754,-0.0308,-0.4909,-0.0898,0.0097,-0.2368,-0.0306,0.0385,-0.2965,-0.0779,0.0217,-0.2256,-0.0886,0.009,-0.1813,-0.0843,0.0495,-0.2026,-0.0385,0.0734,-0.2378,-0.0814,0.0462,-0.1734,-0.0729,0.031,-0.1402,-0.0552,0.0791,-0.1564,-0.0501,0.1034,-0.1939,-0.0752,0.0771,-0.1517,-0.0653,0.0586,-0.1222,-0.0514
0,Move Cursor (Index Pointing),0.0,0.0,0.0,-0.0409,-0.0581,-0.0346,-0.0481,-0.1446,-0.0538,-0.0027,-0.1971,-0.073,0.0467,-0.2138,-0.0904,-0.0367,-0.2581,-0.0275,-0.0401,-0.3684,-0.058,-0.0371,-0.4331,-0.0777,-0.0296,-0.4915,-0.092,0.0104,-0.2392,-0.0311,0.0422,-0.3038,-0.0807,0.0244,-0.2363,-0.0931,0.0084,-0.1902,-0.0888,0.0502,-0.2047,-0.0394,0.0755,-0.2396,-0.0842,0.0472,-0.1767,-0.0769,0.0297,-0.1427,-0.0589,0.0801,-0.1578,-0.0515,0.1043,-0.1964,-0.0764,0.0776,-0.155,-0.066,0.0582,-0.1252,-0.0513
0,Move Cursor (Index Pointing),0.0,0.0,0.0,-0.0439,-0.0598,-0.0332,-0.0482,-0.1541,-0.0482,0.003,-0.2054,-0.0635,0.0535,-0.2166,-0.0773,-0.0388,-0.2587,-0.0196,-0.0384,-0.3676,-0.0463,-0.035,-0.4314,-0.0626,-0.0283,-0.4886,-0.0745,0.0082,-0.2403,-0.0231,0.0408,-0.3056,-0.0715,0.025,-0.2385,-0.0848,0.0086,-0.1898,-0.0798,0.0485,-0.2061,-0.0313,0.0747,-0.2377,-0.0765,0.0474,-0.174,-0.073,0.029,-0.1407,-0.0562,0.0777,-0.1608,-0.0428,0.0988,-0.1924,-0.0679,0.0732,-0.1489,-0.0594,0.0552,-0.1198,-0.0454
0,Move Cursor (Index Pointing),0.0,0.0,0.0,-0.0445,-0.0607,-0.0352,-0.0518,-0.1552,-0.0516,-0.0027,-0.2077,-0.0679,0.0478,-0.2143,-0.0824,-0.042,-0.2591,-0.0222,-0.0427,-0.3689,-0.0508,-0.0388,-0.4332,-0.0688,-0.0307,-0.4909,-0.0821,0.0042,-0.2411,-0.0252,0.0373,-0.309,-0.0749,0.0218,-0.2409,-0.088,0.0082,-0.1926,-0.083,0.0434,-0.2064,-0.0333,0.0707,-0.2416,-0.0786,0.0443,-0.1809,-0.0746,0.0287,-0.1485,-0.0576,0.0722,-0.1595,-0.0452,0.0967,-0.1951,-0.0695,0.0719,-0.157,-0.0609,0.0546,-0.1293,-0.0473
0,Move Cursor (Index Pointing),0.0,0.0,0.0,-0.0416,-0.0572,-0.0345,-0.0495,-0.1467,-0.0521,-0.0022,-0.2,-0.0693,0.0466,-0.2121,-0.0851,-0.036,-0.2565,-0.0279,-0.0365,-0.3659,-0.0579,-0.0327,-0.4296,-0.0771,-0.0261,-0.4871,-0.0913,0.0106,-0.2364,-0.0309,0.0396,-0.2999,-0.081,0.0234,-0.2289,-0.0931,0.0092,-0.1787,-0.0879,0.0497,-0.2007,-0.0385,0.0739,-0.2333,-0.084,0.0459,-0.1673,-0.0766,0.0284,-0.1297,-0.0579,0.078,-0.1528,-0.0497,0.1005,-0.188,-0.0763,0.0742,-0.1449,-0.0665,0.0551,-0.1138,-0.0515
0,Move Cursor (Index Pointing),0.0,0.0,0.0,-0.0477,-0.0594,-0.0324,-0.0601,-0.1509,-0.0518,-0.0165,-0.2059,-0.0721,0.0377,-0.2094,-0.0905,-0.0463,-0.2582,-0.0256,-0.0463,-0.3733,-0.058,-0.0419,-0.4368,-0.0767,-0.0323,-0.4966,-0.0896,-0.0002,-0.2408,-0.0316,0.0275,-0.3008,-0.0863,0.0086,-0.228,-0.0989,-0.0026,-0.1849,-0.0924,0.0407,-0.2069,-0.0423,0.0585,-0.2315,-0.0909,0.0304,-0.1636,-0.0836,0.02,-0.1367,-0.0635,0.0743,-0.1603,-0.0565,0.0843,-0.1848,-0.08,0.0582,-0.1391,-0.0675,0.0472,-0.115,-0.0505
0,Move Cursor (Index Pointing),0.0,0.0,0.0,-0.0454,-0.0589,-0.026,-0.0615,-0.1555,-0.0411,-0.0163,-0.2092,-0.0576,0.0332,-0.2058,-0.0736,-0.0334,-0.2567,-0.0257,-0.0351,-0.3684,-0.0555,-0.0327,-0.4324,-0.075,-0.0265,-0.4914,-0.0908,0.0143,-0.2363,-0.0331,0.0279,-0.3017,-0.0821,0.0052,-0.2279,-0.0924,-0.005,-0.1787,-0.0872,0.0542,-0.1976,-0.0442,0.0614,-0.2332,-0.0864,0.028,-0.1667,-0.0764,0.0168,-0.1293,-0.0578,0.0855,-0.1465,-0.0586,0.0871,-0.1761,-0.0827,0.0553,-0.1362,-0.073,0.0425,-0.109,-0.0596
0,Move Cursor (Index Pointing),0.0,0.0,0.0,-0.0459,-0.057,-0.0253,-0.0606,-0.1477,-0.0397,-0.0151,-0.1995,-0.0558,0.037,-0.2032,-0.0711,-0.0362,-0.2481,-0.022,-0.0342,-0.3568,-0.0506,-0.0306,-0.4202,-0.0677,-0.0238,-0.479,-0.0808,0.0095,-0.228,-0.0304,0.0313,-0.3039,-0.0782,0.0076,-0.2383,-0.0892,-0.008,-0.1895,-0.0837,0.0484,-0.1913,-0.0424,0.0621,-0.2315,-0.0864,0.0297,-0.1666,-0.0785,0.0157,-0.1313,-0.0599,0.0788,-0.1419,-0.0572,0.0881,-0.1785,-0.0811,0.0581,-0.1379,-0.0702,0.0432,-0.1087,-0.0556
0,Move Cursor (Index Pointing),0.0,0.0,0.0,-0.0469,-0.0629,-0.0266,-0.0533,-0.1616,-0.0388,-0.0031,-0.217,-0.0528,0.0471,-0.2217,-0.0663,-0.0341,-0.2573,-0.016,-0.0323,-0.3652,-0.0408,-0.0282,-0.4293,-0.0562,-0.0221,-0.4862,-0.0676,0.0111,-0.2363,-0.022,0.0361,-0.3091,-0.0675,0.0206,-0.2469,-0.0799,0.0071,-0.1943,-0.0748,0.0496,-0.2013,-0.0318,0.0666,-0.2384,-0.0749,0.0406,-0.1755,-0.0705,0.0256,-0.1341,-0.0532,0.0789,-0.155,-0.0445,0.0959,-0.1967,-0.0679,0.0699,-0.1552,-0.0582,0.0523,-0.1188,-0.0436
0,Move Cursor (Index Pointing),0.0,0.0,0.0,-0.047,-0.0591,-0.0273,-0.0591,-0.1561,-0.0402,-0.0109,-0.2115,-0.0542,0.0411,-0.214,-0.0671,-0.0367,-0.2527,-0.0193,-0.0336,-0.3617,-0.0448,-0.0294,-0.4227,-0.0602,-0.0217,-0.4784,-0.0722,0.0091,-0.2328,-0.0245,0.0332,-0.303,-0.0701,0.0163,-0.2344,-0.0796,0.0053,-0.1825,-0.073,0.0477,-0.1982,-0.0338,0.0641,-0.2332,-0.0747,0.0367,-0.1696,-0.067,0.0237,-0.1305,-0.0487,0.0764,-0.1521,-0.0464,0.0908,-0.1878,-0.0685,0.0633,-0.1471,-0.0586,0.0475,-0.1147,-0.0447
0,Move Cursor (Index Pointing),0.0,0.0,0.0,-0.0451,-0.0562,-0.0263,-0.0705,-0.1443,-0.0433,-0.0398,-0.2122,-0.0619,0.0125,-0.2106,-0.0793,-0.0419,-0.2542,-0.0196,-0.0484,-0.3619,-0.0461,-0.052,-0.4241,-0.0619,-0.0508,-0.4796,-0.0747,0.0044,-0.2393,-0.0261,0.0127,-0.3057,-0.0705,-0.0016,-0.2341,-0.0789,-0.007,-0.1846,-0.0729,0.0451,-0.208,-0.0367,0.0465,-0.2422,-0.0778,0.0205,-0.1741,-0.0693,0.0114,-0.1341,-0.0514,0.0786,-0.1638,-0.0504,0.0752,-0.1926,-0.0725,0.047,-0.15,-0.0631,0.034,-0.1184,-0.0501
0,Move Cursor (Index Pointing),0.0,0.0,0.0,-0.0474,-0.0532,-0.028,-0.0753,-0.1456,-0.0445,-0.0419,-0.2161,-0.0622,0.0123,-0.2168,-0.0786,-0.0443,-0.2668,-0.0208,-0.0518,-0.3749,-0.0469,-0.0566,-0.4366,-0.0631,-0.0562,-0.4936,-0.0768,0.0048,-0.2534,-0.0267,0.0113,-0.3131,-0.0728,-0.0054,-0.2407,-0.0833,-0.0126,-0.1913,-0.079,0.0468,-0.2219,-0.0368,0.0459,-0.2495,-0.079,0.0186,-0.1809,-0.0727,0.0088,-0.1413,-0.0566,0.081,-0.1767,-0.0502,0.0746,-0.1983,-0.0738,0.0457,-0.1554,-0.0669,0.0334,-0.1253,-0.056
0,Move Cursor (Index Pointing),0.0,0.0,0.0,-0.0474,-0.0517,-0.0273,-0.0748,-0.1486,-0.0438,-0.0416,-0.2205,-0.0616,0.0095,-0.2218,-0.078,-0.0441,-0.2687,-0.0221,-0.0507,-0.3782,-0.0491,-0.0563,-0.4417,-0.066,-0.0566,-0.5002,-0.0807,0.0043,-0.2539,-0.0291,0.007,-0.3152,-0.0757,-0.0091,-0.2389,-0.0853,-0.0121,-0.1935,-0.0809,0.0459,-0.2209,-0.0402,0.0455,-0.2562,-0.0824,0.0194,-0.1845,-0.0725,0.0132,-0.1485,-0.0548,0.0809,-0.1744,-0.0547,0.0741,-0.2057,-0.0785,0.0457,-0.1599,-0.0692,0.036,-0.1297,-0.0569
0,Move Cursor (Index Pointing),0.0,0.0,0.0,-0.0484,-0.0454,-0.0264,-0.0714,-0.1424,-0.0414,-0.0353,-0.2089,-0.0576,0.0129,-0.2092,-0.0725,-0.0428,-0.2509,-0.0246,-0.047,-0.3657,-0.0543,-0.0494,-0.4295,-0.0715,-0.0464,-0.4898,-0.0857,0.0041,-0.2379,-0.0313,0.0142,-0.2952,-0.0809,-0.0037,-0.2148,-0.0891,-0.0078,-0.1729,-0.0822,0.0437,-0.208,-0.042,0.045,-0.2259,-0.0846,0.017,-0.1526,-0.0717,0.0114,-0.1259,-0.0514,0.0765,-0.1656,-0.0562,0.0728,-0.178,-0.079,0.0447,-0.129,-0.0674,0.0366,-0.1072,-0.0531
0,Move Cursor (Index Pointing),0.0,0.0,0.0,-0.0484,-0.0503,-0.0243,-0.0716,-0.1466,-0.0378,-0.035,-0.2113,-0.0525,0.0123,-0.2065,-0.0664,-0.041,-0.2513,-0.0233,-0.0432,-0.3648,-0.0494,-0.0429,-0.4288,-0.0655,-0.0404,-0.4885,-0.0792,0.0059,-0.2365,-0.03,0.0179,-0.302,-0.0754,0.0012,-0.2281,-0.0842,-0.0068,-0.1786,-0.0784,0.0455,-0.205,-0.0398,0.0486,-0.2344,-0.0794,0.0209,-0.1647,-0.0696,0.0114,-0.1255,-0.0517,0.0773,-0.1614,-0.0528,0.0727,-0.1805,-0.0746,0.0446,-0.136,-0.0655,0.0347,-0.1077,-0.0529
0,Move Cursor (Index Pointing),0.0,0.0,0.0,-0.0466,-0.0544,-0.0249,-0.0713,-0.1504,-0.0397,-0.0359,-0.2195,-0.0564,0.0166,-0.2211,-0.0725,-0.0411,-0.257,-0.019,-0.0413,-0.3675,-0.0454,-0.0415,-0.43,-0.0611,-0.0376,-0.4885,-0.0742,0.0054,-0.2396,-0.0267,0.014,-0.3086,-0.0722,-0.0048,-0.2311,-0.0796,-0.0106,-0.1825,-0.0728,0.0456,-0.2056,-0.0383,0.0514,-0.2514,-0.0802,0.0227,-0.1789,-0.0689,0.0136,-0.1381,-0.0492,0.0788,-0.1584,-0.0529,0.0803,-0.1986,-0.0757,0.0519,-0.1551,-0.0643,0.0403,-0.1233,-0.0499
0,Move Cursor (Index Pointing),0.0,0.0,0.0,-0.0456,-0.0573,-0.0242,-0.0688,-0.1519,-0.0392,-0.0375,-0.2238,-0.0564,0.0132,-0.2327,-0.0729,-0.0409,-0.2553,-0.017,-0.0437,-0.361,-0.0431,-0.0465,-0.4208,-0.0581,-0.0444,-0.4763,-0.0699,0.0054,-0.2381,-0.0249,0.0122,-0.3125,-0.0702,-0.0064,-0.2367,-0.0778,-0.0123,-0.1849,-0.0704,0.0462,-0.2051,-0.0367,0.0468,-0.2546,-0.0794,0.0192,-0.18,-0.0686,0.0109,-0.1348,-0.0482,0.0809,-0.1597,-0.0513,0.0768,-0.2041,-0.0735,0.0499,-0.1591,-0.0614,0.0402,-0.1248,-0.046
0,Move Cursor (Index Pointing),0.0,0.0,0.0,-0.0467,-0.059,-0.0226,-0.07,-0.1503,-0.0376,-0.0381,-0.2213,-0.0549,0.0137,-0.2285,-0.0716,-0.0431,-0.2575,-0.0178,-0.0484,-0.3657,-0.0453,-0.0504,-0.4269,-0.0628,-0.0491,-0.4828,-0.0767,0.0035,-0.2421,-0.0262,0.0116,-0.3147,-0.0707,-0.0051,-0.2385,-0.0784,-0.0122,-0.1871,-0.0721,0.0446,-0.2092,-0.0385,0.048,-0.2551,-0.0787,0.0207,-0.1834,-0.0673,0.0106,-0.1388,-0.0476,0.0777,-0.1619,-0.0537,0.0774,-0.2039,-0.0745,0.0492,-0.162,-0.0623,0.0372,-0.1284,-0.0475
0,Move Cursor (Index Pointing),0.0,0.0,0.0,-0.047,-0.0565,-0.0219,-0.0698,-0.1453,-0.0366,-0.038,-0.2144,-0.054,0.0093,-0.2156,-0.0709,-0.0476,-0.2554,-0.0192,-0.0541,-0.367,-0.0464,-0.057,-0.4292,-0.064,-0.0564,-0.4866,-0.0784,-0.0024,-0.2385,-0.0276,0.0079,-0.3062,-0.0718,-0.0072,-0.2275,-0.0797,-0.0145,-0.1777,-0.0742,0.0379,-0.2049,-0.0396,0.0461,-0.2505,-0.0791,0.0202,-0.1778,-0.0674,0.0087,-0.133,-0.0481,0.0685,-0.1564,-0.0544,0.0776,-0.2039,-0.0759,0.0505,-0.1606,-0.0638,0.0365,-0.124,-0.0489
0,Move Cursor (Index Pointing),0.0,0.0,0.0,-0.0458,-0.0503,-0.0252,-0.07,-0.14,-0.0412,-0.0353,-0.2057,-0.0588,0.0144,-0.2111,-0.0757,-0.0465,-0.2526,-0.0235,-0.0543,-0.3647,-0.0528,-0.0587,-0.4265,-0.0707,-0.059,-0.4846,-0.0852,0.0001,-0.2358,-0.0314,0.0107,-0.3047,-0.0791,-0.0049,-0.2238,-0.0874,-0.0104,-0.1784,-0.0814,0.0404,-0.2026,-0.0433,0.0488,-0.2447,-0.087,0.0223,-0.168,-0.0747,0.0133,-0.1302,-0.0544,0.0723,-0.156,-0.0582,0.078,-0.1944,-0.083,0.0506,-0.1457,-0.0709,0.0389,-0.1153,-0.0558
0,Move Cursor (Index Pointing),0.0,0.0,0.0,-0.0484,-0.054,-0.0232,-0.075,-0.1434,-0.039,-0.0426,-0.2096,-0.0571,0.006,-0.2088,-0.0744,-0.0519,-0.2557,-0.0226,-0.0616,-0.3688,-0.0519,-0.0668,-0.431,-0.0704,-0.0675,-0.4895,-0.0857,-0.0047,-0.2391,-0.0316,0.0059,-0.3025,-0.0791,-0.0092,-0.2193,-0.0872,-0.0146,-0.1725,-0.0814,0.037,-0.2054,-0.0443,0.0456,-0.2453,-0.0862,0.0198,-0.169,-0.0729,0.0108,-0.1306,-0.0528,0.0696,-0.1574,-0.0602,0.076,-0.1934,-0.0833,0.0487,-0.1455,-0.0705,0.0372,-0.1156,-0.0553
0,Move Cursor (Index Pointing),0.0,0.0,0.0,-0.0496,-0.0533,-0.0234,-0.0729,-0.1503,-0.0374,-0.0377,-0.2214,-0.0532,0.011,-0.2254,-0.0683,-0.0481,-0.2555,-0.023,-0.0573,-0.3683,-0.0525,-0.0633,-0.4305,-0.0719,-0.0641,-0.4888,-0.0878,-0.0004,-0.2385,-0.0312,0.0167,-0.3079,-0.0797,-0.0027,-0.2266,-0.0886,-0.0137,-0.1761,-0.0827,0.0403,-0.2054,-0.043,0.0508,-0.2419,-0.0852,0.0207,-0.166,-0.0732,0.0078,-0.1242,-0.0535,0.0709,-0.1593,-0.0579,0.0768,-0.1899,-0.0825,0.0475,-0.1414,-0.0717,0.0343,-0.1103,-0.0576
0,Move Cursor (Index Pointing),0.0,0.0,0.0,-0.0477,-0.0559,-0.0218,-0.0711,-0.1476,-0.0355,-0.0365,-0.2182,-0.0507,0.0135,-0.2145,-0.0648,-0.0449,-0.2548,-0.0264,-0.0541,-0.3729,-0.0562,-0.0585,-0.4379,-0.0771,-0.0586,-0.4955,-0.0942,0.0005,-0.2374,-0.0337,0.0159,-0.2994,-0.0789,-0.0026,-0.2185,-0.0863,-0.0131,-0.1688,-0.0812,0.0408,-0.2044,-0.0442,0.0516,-0.2404,-0.0798,0.0228,-0.1686,-0.0658,0.0097,-0.1271,-0.047,0.0687,-0.1566,-0.0584,0.0788,-0.1878,-0.0781,0.0484,-0.1454,-0.0668,0.0343,-0.1149,-0.0534
0,Move Cursor (Index Pointing),0.0,0.0,0.0,-0.0469,-0.0515,-0.0238,-0.0711,-0.1495,-0.0392,-0.0354,-0.2193,-0.0566,0.0159,-0.2112,-0.073,-0.0426,-0.2583,-0.0234,-0.0487,-0.3753,-0.0502,-0.0519,-0.4391,-0.0665,-0.0494,-0.4953,-0.0803,0.0033,-0.2395,-0.0316,0.0185,-0.3007,-0.0797,-0.0008,-0.2205,-0.0874,-0.0091,-0.1731,-0.0806,0.0429,-0.2057,-0.0432,0.051,-0.2385,-0.0843,0.0215,-0.1643,-0.0714,0.0109,-0.1262,-0.0513,0.0742,-0.1601,-0.0582,0.079,-0.1886,-0.0807,0.0494,-0.1411,-0.0692,0.0372,-0.1109,-0.0549
0,Move Cursor (Index Pointing),0.0,0.0,0.0,-0.0464,-0.0511,-0.0224,-0.0703,-0.1461,-0.0368,-0.0348,-0.2148,-0.0535,0.014,-0.2141,-0.0695,-0.0392,-0.2567,-0.0233,-0.0447,-0.3733,-0.0509,-0.0472,-0.4372,-0.067,-0.0442,-0.4948,-0.0806,0.0062,-0.2358,-0.0324,0.0196,-0.3003,-0.0794,-0.002,-0.221,-0.0863,-0.0108,-0.1759,-0.0798,0.0452,-0.1989,-0.0451,0.0542,-0.2367,-0.0872,0.0223,-0.1636,-0.0744,0.0107,-0.1272,-0.0546,0.0745,-0.1492,-0.0607,0.0811,-0.1843,-0.0846,0.0497,-0.139,-0.0729,0.0356,-0.1096,-0.0585
0,Move Cursor (Index Pointing),0.0,0.0,0.0,-0.0451,-0.051,-0.0282,-0.0694,-0.1465,-0.0455,-0.0353,-0.2179,-0.064,0.0164,-0.2154,-0.0812,-0.0391,-0.261,-0.0234,-0.0413,-0.3746,-0.0515,-0.043,-0.4393,-0.0676,-0.0397,-0.4975,-0.0808,0.0079,-0.2422,-0.0299,0.0206,-0.3035,-0.0781,0.0006,-0.2254,-0.0857,-0.0072,-0.1814,-0.0784,0.048,-0.2072,-0.0405,0.0541,-0.2365,-0.0838,0.0231,-0.1635,-0.0723,0.013,-0.1307,-0.0524,0.0801,-0.16,-0.0547,0.0789,-0.181,-0.078,0.0494,-0.1347,-0.0674,0.0385,-0.1098,-0.0534
0,Move Cursor (Index Pointing),0.0,0.0,0.0,-0.0455,-0.0539,-0.0255,-0.0694,-0.1457,-0.0419,-0.0351,-0.2153,-0.0601,0.014,-0.2174,-0.0775,-0.0403,-0.2607,-0.023,-0.0438,-0.3756,-0.0501,-0.0446,-0.4405,-0.0663,-0.0419,-0.4978,-0.0795,0.0061,-0.2416,-0.0304,0.0199,-0.3056,-0.077,0.0014,-0.2309,-0.0857,-0.0086,-0.1828,-0.0799,0.0461,-0.207,-0.0414,0.0518,-0.2402,-0.0834,0.0229,-0.1689,-0.073,0.0112,-0.1295,-0.0541,0.0777,-0.1599,-0.0556,0.0779,-0.1879,-0.0787,0.0494,-0.1428,-0.0679,0.0369,-0.1124,-0.0539
0,Move Cursor (Index Pointing),0.0,0.0,0.0,-0.0454,-0.0539,-0.0253,-0.069,-0.1453,-0.0417,-0.0353,-0.2148,-0.0598,0.0134,-0.2174,-0.0772,-0.0404,-0.2603,-0.0234,-0.0437,-0.3758,-0.0512,-0.0442,-0.4406,-0.0678,-0.0413,-0.4983,-0.0813,0.006,-0.2416,-0.031,0.0197,-0.3053,-0.0784,0.0012,-0.2303,-0.0872,-0.0088,-0.1826,-0.0813,0.0462,-0.207,-0.0422,0.0505,-0.2376,-0.0844,0.0218,-0.1664,-0.0738,0.0107,-0.1283,-0.0548,0.0777,-0.1599,-0.0565,0.0773,-0.1857,-0.0796,0.0486,-0.1409,-0.0688,0.0363,-0.1115,-0.0547
0,Move Cursor (Index Pointing),0.0,0.0,0.0,-0.0485,-0.0539,-0.0275,-0.0725,-0.1503,-0.0438,-0.0377,-0.22,-0.0616,0.0133,-0.2199,-0.0778,-0.0429,-0.2624,-0.0207,-0.0455,-0.3761,-0.048,-0.0466,-0.4408,-0.0633,-0.0431,-0.4994,-0.0758,0.0042,-0.2453,-0.0273,0.0141,-0.3074,-0.0757,-0.0049,-0.2285,-0.0838,-0.0118,-0.1815,-0.0761,0.0451,-0.212,-0.0381,0.0479,-0.239,-0.0814,0.019,-0.1653,-0.0704,0.0103,-0.1301,-0.0502,0.0783,-0.166,-0.0524,0.075,-0.1872,-0.0749,0.0467,-0.1414,-0.0639,0.0363,-0.1156,-0.0495
0,Move Cursor (Index Pointing),0.0,0.0,0.0,-0.0492,-0.0554,-0.0247,-0.0767,-0.1532,-0.041,-0.0423,-0.2256,-0.0592,0.011,-0.2221,-0.076,-0.047,-0.2673,-0.0202,-0.0501,-0.3825,-0.0481,-0.0513,-0.4457,-0.0643,-0.0479,-0.5041,-0.0782,0.0017,-0.2527,-0.0278,0.0069,-0.3107,-0.0736,-0.0099,-0.227,-0.079,-0.0123,-0.1864,-0.0713,0.044,-0.2203,-0.0398,0.0423,-0.2443,-0.0796,0.0141,-0.1686,-0.0648,0.0084,-0.137,-0.044,0.078,-0.1746,-0.0555,0.071,-0.1934,-0.0764,0.0424,-0.146,-0.0641,0.0346,-0.1216,-0.0497
0,Move Cursor (Index Pointing),0.0,0.0,0.0,-0.0491,-0.0559,-0.0262,-0.0755,-0.1515,-0.0429,-0.0436,-0.2212,-0.0615,0.0081,-0.2233,-0.0786,-0.0455,-0.2686,-0.0211,-0.0486,-0.3814,-0.0509,-0.0515,-0.4441,-0.0684,-0.0488,-0.5038,-0.0827,0.0028,-0.2531,-0.0288,0.0104,-0.3116,-0.0783,-0.0093,-0.2317,-0.087,-0.0146,-0.1896,-0.0806,0.0446,-0.2202,-0.0409,0.0429,-0.24,-0.0836,0.0139,-0.1658,-0.0714,0.0076,-0.1351,-0.0512,0.078,-0.1746,-0.0567,0.0726,-0.1903,-0.0781,0.0435,-0.1437,-0.0664,0.0346,-0.1207,-0.0519
0,Move Cursor (Index Pointing),0.0,0.0,0.0,-0.0478,-0.0512,-0.0255,-0.0746,-0.1488,-0.0411,-0.0402,-0.2197,-0.0585,0.0121,-0.2217,-0.0747,-0.0457,-0.2641,-0.0219,-0.0488,-0.378,-0.0498,-0.0511,-0.4409,-0.0654,-0.0483,-0.4996,-0.0784,0.0031,-0.249,-0.0293,0.0092,-0.3105,-0.0779,-0.0079,-0.2312,-0.0858,-0.0124,-0.1864,-0.0786,0.0457,-0.2173,-0.0408,0.0412,-0.2385,-0.0839,0.0135,-0.1627,-0.0724,0.0069,-0.1295,-0.0524,0.0807,-0.1735,-0.0556,0.0712,-0.1909,-0.0784,0.0424,-0.1418,-0.0675,0.0334,-0.1163,-0.0534
0,Move Cursor (Index Pointing),0.0,0.0,0.0,-0.0478,-0.0508,-0.0252,-0.0745,-0.1469,-0.0412,-0.0398,-0.2175,-0.0589,0.0119,-0.2203,-0.0753,-0.0452,-0.2632,-0.0231,-0.0482,-0.3768,-0.0511,-0.0502,-0.4395,-0.0671,-0.0477,-0.4977,-0.0805,0.0034,-0.248,-0.0305,0.01,-0.3073,-0.0781,-0.007,-0.2264,-0.085,-0.0116,-0.1827,-0.0776,0.0456,-0.216,-0.0419,0.0415,-0.237,-0.0839,0.0143,-0.1606,-0.071,0.0081,-0.1277,-0.0506,0.0801,-0.1718,-0.0567,0.0708,-0.1884,-0.0791,0.0425,-0.139,-0.0675,0.0342,-0.1143,-0.0532
0,Move Cursor (Index Pointing),0.0,0.0,0.0,-0.0472,-0.0562,-0.0252,-0.0718,-0.1484,-0.0421,-0.0413,-0.2204,-0.0612,0.0068,-0.2189,-0.0791,-0.0448,-0.2674,-0.0212,-0.0489,-0.3811,-0.0498,-0.0514,-0.4451,-0.0675,-0.0498,-0.5036,-0.082,0.0019,-0.2498,-0.0291,0.0116,-0.3106,-0.0762,-0.005,-0.2327,-0.0846,-0.0113,-0.1895,-0.0788,0.043,-0.2153,-0.041,0.0461,-0.2429,-0.0826,0.0177,-0.171,-0.0714,0.0082,-0.1356,-0.0522,0.0748,-0.1678,-0.0564,0.0753,-0.1926,-0.0787,0.045,-0.1492,-0.0678,0.0319,-0.1215,-0.0539
0,Move Cursor (Index Pointing),0.0,0.0,0.0,-0.0475,-0.056,-0.0261,-0.0732,-0.1451,-0.0435,-0.0444,-0.2163,-0.0629,0.0062,-0.2207,-0.0808,-0.0459,-0.2654,-0.0217,-0.0502,-0.3798,-0.0505,-0.0521,-0.4441,-0.0682,-0.0505,-0.5026,-0.0824,0.0013,-0.2492,-0.0288,0.0088,-0.3086,-0.0758,-0.0056,-0.2331,-0.0843,-0.0106,-0.1893,-0.0788,0.0432,-0.2165,-0.04,0.0426,-0.2425,-0.0812,0.0168,-0.1713,-0.0697,0.0086,-0.1348,-0.0504,0.0763,-0.1705,-0.0547,0.0735,-0.1941,-0.0762,0.0443,-0.1502,-0.065,0.0321,-0.1219,-0.0508
0,Move Cursor (Index Pointing),0.0,0.0,0.0,-0.0488,-0.0533,-0.0275,-0.0744,-0.1444,-0.0442,-0.0423,-0.2151,-0.0625,0.0057,-0.2179,-0.0794,-0.0476,-0.2628,-0.0227,-0.0516,-0.3771,-0.0504,-0.0535,-0.4414,-0.0672,-0.0515,-0.5007,-0.081,0.0004,-0.2455,-0.0295,0.0124,-0.3079,-0.0777,-0.0046,-0.2358,-0.0884,-0.0133,-0.1886,-0.0838,0.0421,-0.2121,-0.0402,0.0439,-0.2377,-0.0835,0.0162,-0.1684,-0.0756,0.0058,-0.1312,-0.058,0.0752,-0.1669,-0.0542,0.0737,-0.1895,-0.0778,0.0448,-0.1455,-0.0688,0.0316,-0.116,-0.0558
0,Move Cursor (Index Pointing),0.0,0.0,0.0,-0.0493,-0.0528,-0.0276,-0.0753,-0.1453,-0.0441,-0.0424,-0.2162,-0.0621,0.0068,-0.2166,-0.0787,-0.0477,-0.2636,-0.0227,-0.0515,-0.3772,-0.05,-0.0532,-0.4406,-0.0667,-0.0511,-0.4997,-0.0808,0.0007,-0.2468,-0.0294,0.0128,-0.3076,-0.077,-0.0047,-0.2355,-0.0873,-0.0134,-0.1897,-0.0828,0.0421,-0.2132,-0.0401,0.0437,-0.2365,-0.0825,0.0157,-0.1679,-0.0745,0.0058,-0.1328,-0.0573,0.0751,-0.1676,-0.0542,0.0729,-0.1874,-0.0774,0.044,-0.1436,-0.0687,0.0316,-0.1158,-0.0563
0,Move Cursor (Index Pointing),0.0,0.0,0.0,-0.048,-0.0488,-0.0268,-0.0758,-0.143,-0.0437,-0.0427,-0.2118,-0.0619,0.0064,-0.2164,-0.0789,-0.0475,-0.2603,-0.0261,-0.0503,-0.3742,-0.0557,-0.0527,-0.4359,-0.0726,-0.0505,-0.4955,-0.0865,0.0015,-0.2434,-0.0337,0.0113,-0.3065,-0.0842,-0.008,-0.2273,-0.0931,-0.0142,-0.1835,-0.0868,0.0429,-0.2094,-0.0453,0.0409,-0.2335,-0.0898,0.013,-0.158,-0.0781,0.0073,-0.1273,-0.0579,0.077,-0.1639,-0.0603,0.0716,-0.1835,-0.0838,0.0429,-0.1359,-0.0726,0.0335,-0.1124,-0.0583
0,Move Cursor (Index Pointing),0.0,0.0,0.0,-0.048,-0.0516,-0.0257,-0.0751,-0.1439,-0.0428,-0.0416,-0.2136,-0.0616,0.0075,-0.217,-0.0791,-0.048,-0.2611,-0.0253,-0.0512,-0.3756,-0.0557,-0.053,-0.4385,-0.0739,-0.0508,-0.4982,-0.0892,0.0003,-0.245,-0.0331,0.0076,-0.3043,-0.0811,-0.0105,-0.218,-0.087,-0.0142,-0.1778,-0.0798,0.0417,-0.2114,-0.045,0.042,-0.2376,-0.0868,0.0131,-0.1597,-0.0712,0.007,-0.1299,-0.0498,0.0745,-0.1648,-0.0606,0.0713,-0.1859,-0.0832,0.0415,-0.1377,-0.0702,0.0322,-0.1152,-0.055
0,Move Cursor (Index Pointing),0.0,0.0,0.0,-0.0463,-0.0488,-0.0282,-0.0729,-0.1408,-0.0461,-0.0422,-0.2097,-0.0652,0.0068,-0.216,-0.0826,-0.0458,-0.2613,-0.0266,-0.0496,-0.374,-0.058,-0.0531,-0.4361,-0.076,-0.0516,-0.496,-0.0904,0.0026,-0.2455,-0.0337,0.0108,-0.3052,-0.085,-0.0081,-0.2266,-0.0943,-0.0133,-0.1854,-0.088,0.0437,-0.2123,-0.045,0.0403,-0.2304,-0.0897,0.0128,-0.1551,-0.0773,0.0085,-0.1281,-0.0567,0.0774,-0.1678,-0.06,0.0697,-0.1805,-0.0828,0.0419,-0.1322,-0.0709,0.0348,-0.1122,-0.056
0,Move Cursor (Index Pointing),0.0,0.0,0.0,-0.048,-0.048,-0.0273,-0.0741,-0.1418,-0.0447,-0.0402,-0.2137,-0.0634,0.0087,-0.215,-0.0808,-0.0453,-0.2604,-0.0262,-0.0481,-0.3741,-0.0555,-0.0501,-0.437,-0.0723,-0.0475,-0.4957,-0.0864,0.0029,-0.2439,-0.0333,0.0116,-0.3009,-0.0819,-0.007,-0.2203,-0.0888,-0.0124,-0.1797,-0.0819,0.0439,-0.2102,-0.0445,0.0443,-0.2312,-0.0876,0.0155,-0.1576,-0.0749,0.0084,-0.1285,-0.0549,0.077,-0.1645,-0.0594,0.0747,-0.1824,-0.083,0.0452,-0.1353,-0.0718,0.034,-0.1117,-0.0578
0,Move Cursor (Index Pointing),0.0,0.0,0.0,-0.0473,-0.0492,-0.0272,-0.073,-0.1417,-0.0448,-0.0403,-0.2132,-0.064,0.0075,-0.2151,-0.082,-0.0453,-0.2603,-0.0267,-0.0484,-0.3749,-0.0567,-0.0503,-0.438,-0.0742,-0.0478,-0.497,-0.0885,0.0026,-0.243,-0.0341,0.0119,-0.3027,-0.0836,-0.0064,-0.2223,-0.0913,-0.0123,-0.1801,-0.0846,0.0435,-0.209,-0.0456,0.045,-0.2332,-0.0895,0.0163,-0.1592,-0.0768,0.0085,-0.1281,-0.0564,0.0764,-0.1633,-0.0605,0.0763,-0.1846,-0.0845,0.0468,-0.1379,-0.0731,0.0349,-0.113,-0.0586
0,Move Cursor (Index Pointing),0.0,0.0,0.0,-0.0453,-0.052,-0.0259,-0.0695,-0.1452,-0.0424,-0.0382,-0.2133,-0.0607,0.0072,-0.216,-0.078,-0.0431,-0.2599,-0.0243,-0.0469,-0.3738,-0.053,-0.0493,-0.4373,-0.0694,-0.0472,-0.4964,-0.0827,0.0041,-0.2425,-0.0321,0.0142,-0.3069,-0.0827,-0.0045,-0.2325,-0.0931,-0.0127,-0.1843,-0.0874,0.0451,-0.2089,-0.0436,0.0439,-0.2345,-0.0884,0.016,-0.1619,-0.0793,0.0073,-0.1254,-0.0602,0.0794,-0.1644,-0.0583,0.0749,-0.1863,-0.082,0.0462,-0.1414,-0.0723,0.0345,-0.1147,-0.0587
0,Move Cursor (Index Pointing),0.0,0.0,0.0,-0.048,-0.0555,-0.0227,-0.0719,-0.1485,-0.0372,-0.0388,-0.2154,-0.0544,0.0081,-0.215,-0.071,-0.0427,-0.254,-0.0193,-0.0477,-0.3659,-0.0455,-0.0502,-0.4275,-0.0614,-0.0484,-0.4852,-0.0745,0.0018,-0.235,-0.0286,0.0114,-0.3028,-0.0748,-0.0091,-0.232,-0.0843,-0.0183,-0.1844,-0.0789,0.041,-0.2007,-0.0413,0.046,-0.2423,-0.0843,0.0171,-0.1702,-0.0747,0.0079,-0.1294,-0.0559,0.074,-0.154,-0.0569,0.0738,-0.1883,-0.0809,0.0444,-0.1423,-0.0702,0.0325,-0.11,-0.0559
0,Move Cursor (Index Pointing),0.0,0.0,0.0,-0.0475,-0.0517,-0.0239,-0.0722,-0.1456,-0.0377,-0.0376,-0.2144,-0.0535,0.0115,-0.2106,-0.0683,-0.0419,-0.2523,-0.0208,-0.0477,-0.3646,-0.0465,-0.0514,-0.4263,-0.0618,-0.0503,-0.4828,-0.0748,0.0032,-0.2328,-0.0287,0.0142,-0.2954,-0.0743,-0.0066,-0.2215,-0.0828,-0.0156,-0.1764,-0.0772,0.042,-0.1975,-0.0401,0.0505,-0.2359,-0.0819,0.0207,-0.1643,-0.0714,0.0099,-0.1267,-0.0527,0.0728,-0.149,-0.0544,0.0771,-0.1824,-0.0782,0.0476,-0.1369,-0.0677,0.0348,-0.1067,-0.0538
0,Move Cursor (Index Pointing),0.0,0.0,0.0,-0.0508,-0.0602,-0.027,-0.0726,-0.149,-0.0444,-0.0391,-0.2084,-0.0639,0.012,-0.218,-0.0818,-0.0399,-0.2609,-0.0183,-0.0486,-0.3663,-0.0457,-0.0514,-0.4304,-0.0647,-0.0481,-0.4876,-0.0792,0.0055,-0.2393,-0.0265,0.0191,-0.3099,-0.0723,-0.0066,-0.2548,-0.0856,-0.021,-0.2117,-0.0832,0.0444,-0.2008,-0.0389,0.056,-0.2491,-0.0813,0.0222,-0.1882,-0.0758,0.0073,-0.1461,-0.0598,0.0774,-0.1486,-0.0543,0.0873,-0.1958,-0.0779,0.0544,-0.1585,-0.0683,0.0355,-0.1227,-0.0548
0,Move Cursor (Index Pointing),0.0,0.0,0.0,-0.0389,-0.0634,-0.0234,-0.0505,-0.1564,-0.0378,-0.0087,-0.2086,-0.0543,0.0423,-0.2112,-0.0701,-0.0254,-0.2515,-0.0174,-0.0277,-0.3537,-0.0436,-0.029,-0.4132,-0.0599,-0.0268,-0.4667,-0.0721,0.0181,-0.2286,-0.0256,0.0362,-0.3011,-0.0709,0.0105,-0.2373,-0.0818,-0.0072,-0.1875,-0.076,0.055,-0.1903,-0.0372,0.07,-0.2345,-0.0788,0.0367,-0.1694,-0.0703,0.0201,-0.1278,-0.051,0.0831,-0.1396,-0.0515,0.0958,-0.183,-0.0733,0.0669,-0.1428,-0.0612,0.0522,-0.1096,-0.0453
0,Move Cursor (Index Pointing),0.0,0.0,0.0,-0.0416,-0.0656,-0.0219,-0.0496,-0.1584,-0.0337,-0.012,-0.222,-0.0477,0.0332,-0.2315,-0.061,-0.0319,-0.2515,-0.0126,-0.0329,-0.3535,-0.0391,-0.0319,-0.4108,-0.0564,-0.0277,-0.462,-0.0691,0.0115,-0.232,-0.0196,0.0334,-0.3001,-0.0637,0.0163,-0.2325,-0.0735,0.0028,-0.1823,-0.0675,0.0498,-0.1978,-0.0304,0.0656,-0.234,-0.0704,0.0376,-0.1687,-0.0624,0.0219,-0.1265,-0.044,0.0776,-0.152,-0.0439,0.0928,-0.188,-0.0667,0.0646,-0.1454,-0.0567,0.0471,-0.1112,-0.0422
0,Move Cursor (Index Pointing),0.0,0.0,0.0,-0.0361,-0.0647,-0.0297,-0.0413,-0.1509,-0.0458,-0.0048,-0.2111,-0.062,0.0415,-0.2298,-0.0767,-0.0287,-0.2453,-0.0207,-0.0318,-0.3474,-0.0499,-0.0305,-0.4062,-0.0689,-0.0242,-0.4575,-0.0825,0.0148,-0.2258,-0.0237,0.0401,-0.2896,-0.0683,0.0246,-0.2221,-0.0779,0.0122,-0.1773,-0.0722,0.0522,-0.192,-0.0315,0.0721,-0.2282,-0.0721,0.0454,-0.1643,-0.0632,0.0289,-0.1267,-0.0447,0.0792,-0.1468,-0.0426,0.097,-0.1829,-0.0663,0.0716,-0.1416,-0.0563,0.0538,-0.1115,-0.042
0,Move Cursor (Index Pointing),0.0,0.0,0.0,-0.0388,-0.0659,-0.0281,-0.0449,-0.1562,-0.0414,-0.0042,-0.2128,-0.0556,0.044,-0.222,-0.0683,-0.0308,-0.243,-0.0149,-0.0338,-0.3464,-0.04,-0.0328,-0.4044,-0.0562,-0.0269,-0.4554,-0.0682,0.0129,-0.2228,-0.0184,0.0382,-0.2875,-0.0622,0.0229,-0.2235,-0.0727,0.0109,-0.1776,-0.0673,0.0497,-0.1892,-0.0264,0.0689,-0.2259,-0.0671,0.043,-0.1653,-0.061,0.0279,-0.1274,-0.0438,0.0765,-0.145,-0.0376,0.0967,-0.1835,-0.0604,0.0726,-0.1448,-0.0517,0.0562,-0.1137,-0.0385
0,Move Cursor (Index Pointing),0.0,0.0,0.0,-0.0401,-0.0708,-0.0226,-0.0465,-0.1675,-0.0337,-0.0054,-0.2249,-0.0469,0.0412,-0.2296,-0.0592,-0.0295,-0.2471,-0.0123,-0.0314,-0.3509,-0.0354,-0.0304,-0.4098,-0.0504,-0.0252,-0.4602,-0.0613,0.013,-0.2259,-0.0185,0.0378,-0.2937,-0.0615,0.0194,-0.2357,-0.072,0.0055,-0.1844,-0.0663,0.0497,-0.1926,-0.0284,0.0678,-0.2321,-0.0657,0.0404,-0.1764,-0.0588,0.0253,-0.1339,-0.0415,0.0783,-0.149,-0.0413,0.0957,-0.1884,-0.0593,0.071,-0.1553,-0.0488,0.0557,-0.1234,-0.0347
0,Move Cursor (Index Pointing),0.0,0.0,0.0,-0.0406,-0.0707,-0.0236,-0.046,-0.1687,-0.036,-0.0041,-0.2253,-0.0501,0.0407,-0.22,-0.0634,-0.03,-0.25,-0.0119,-0.0295,-0.353,-0.0345,-0.027,-0.411,-0.0498,-0.0214,-0.4614,-0.0613,0.0132,-0.2292,-0.0182,0.0372,-0.3,-0.0596,0.0221,-0.2448,-0.0704,0.0096,-0.1991,-0.0653,0.0498,-0.1958,-0.0281,0.0637,-0.2341,-0.064,0.0378,-0.1775,-0.0575,0.0241,-0.1389,-0.0408,0.0794,-0.1531,-0.0411,0.0903,-0.1891,-0.0582,0.0671,-0.1536,-0.0474,0.054,-0.1233,-0.0334
0,Move Cursor (Index Pointing),0.0,0.0,0.0,-0.0417,-0.0717,-0.024,-0.0474,-0.1681,-0.0354,-0.0075,-0.2278,-0.0491,0.0357,-0.2321,-0.0621,-0.0291,-0.2478,-0.0093,-0.0304,-0.3507,-0.0329,-0.0291,-0.4104,-0.0486,-0.0236,-0.4617,-0.0595,0.0129,-0.2295,-0.0149,0.034,-0.3017,-0.0577,0.0202,-0.2495,-0.0703,0.0097,-0.2004,-0.0655,0.0493,-0.1981,-0.0246,0.0627,-0.2369,-0.0621,0.0389,-0.183,-0.0582,0.0262,-0.1413,-0.0423,0.0787,-0.1565,-0.0372,0.0904,-0.192,-0.0549,0.0685,-0.1595,-0.0458,0.0557,-0.1285,-0.0326
0,Move Cursor (Index Pointing),0.0,0.0,0.0,-0.0418,-0.0721,-0.0241,-0.0473,-0.1662,-0.0356,-0.0069,-0.2245,-0.0493,0.0364,-0.228,-0.0621,-0.0293,-0.2472,-0.0085,-0.031,-0.3489,-0.0313,-0.0295,-0.4082,-0.0468,-0.0244,-0.4591,-0.0576,0.0131,-0.2289,-0.0137,0.035,-0.3017,-0.0552,0.0232,-0.2551,-0.0685,0.0127,-0.2073,-0.0644,0.0494,-0.1974,-0.0228,0.062,-0.2327,-0.0591,0.0386,-0.1826,-0.0568,0.0252,-0.1418,-0.0422,0.0787,-0.1557,-0.0349,0.0907,-0.1888,-0.0519,0.0695,-0.1589,-0.044,0.0563,-0.129,-0.0317
0,Move Cursor (Index Pointing),0.0,0.0,0.0,-0.0388,-0.0739,-0.0198,-0.0472,-0.162,-0.0294,-0.0092,-0.2253,-0.0401,0.0366,-0.2326,-0.049,-0.0297,-0.2542,-0.0129,-0.0296,-0.3601,-0.0379,-0.027,-0.4187,-0.0568,-0.0231,-0.4681,-0.071,0.0128,-0.2333,-0.0186,0.0323,-0.3061,-0.0539,0.0156,-0.2427,-0.061,0.0026,-0.1965,-0.0567,0.0489,-0.2002,-0.0281,0.0622,-0.2441,-0.0573,0.035,-0.1839,-0.0456,0.0194,-0.1424,-0.0285,0.0765,-0.1528,-0.0409,0.0925,-0.1987,-0.0553,0.0682,-0.1659,-0.0424,0.05,-0.1334,-0.0282
0,Move Cursor (Index Pointing),0.0,0.0,0.0,-0.0411,-0.0733,-0.02,-0.0506,-0.1626,-0.0286,-0.0141,-0.2293,-0.0384,0.0302,-0.2387,-0.047,-0.0317,-0.2514,-0.0131,-0.0307,-0.3579,-0.0383,-0.0288,-0.4175,-0.057,-0.0243,-0.4697,-0.0711,0.0115,-0.2322,-0.0184,0.0288,-0.3055,-0.0542,0.0125,-0.2424,-0.0615,0.0011,-0.1936,-0.0573,0.0483,-0.2007,-0.0276,0.062,-0.2486,-0.0574,0.0358,-0.1896,-0.0467,0.0214,-0.1453,-0.0302,0.0754,-0.1546,-0.0401,0.0915,-0.2026,-0.0547,0.0677,-0.171,-0.043,0.0522,-0.1365,-0.0297
0,Move Cursor (Index Pointing),0.0,0.0,0.0,-0.0432,-0.067,-0.0204,-0.0559,-0.1578,-0.0334,-0.0201,-0.227,-0.0484,0.0294,-0.2322,-0.0626,-0.0334,-0.253,-0.0158,-0.0342,-0.3595,-0.0398,-0.0315,-0.4177,-0.056,-0.0259,-0.4672,-0.0686,0.0082,-0.2329,-0.022,0.0262,-0.3008,-0.0615,0.0095,-0.2358,-0.0688,-0.0029,-0.1887,-0.0634,0.0459,-0.2008,-0.0314,0.058,-0.2425,-0.066,0.0321,-0.178,-0.0548,0.018,-0.134,-0.0366,0.0743,-0.1568,-0.0437,0.0859,-0.1994,-0.0623,0.0617,-0.1586,-0.0506,0.0481,-0.1232,-0.0363
0,Move Cursor (Index Pointing),0.0,0.0,0.0,-0.0439,-0.0643,-0.0205,-0.0578,-0.1576,-0.033,-0.0238,-0.2282,-0.0481,0.0254,-0.2328,-0.0627,-0.0342,-0.2515,-0.0127,-0.0348,-0.3549,-0.037,-0.0325,-0.4125,-0.0523,-0.0264,-0.4618,-0.0639,0.0078,-0.2325,-0.0195,0.0236,-0.3007,-0.0616,0.0086,-0.234,-0.0699,-0.0023,-0.1834,-0.0635,0.0461,-0.2014,-0.0297,0.0568,-0.2429,-0.0682,0.0319,-0.176,-0.0593,0.018,-0.1297,-0.0409,0.0755,-0.1582,-0.0426,0.0842,-0.1992,-0.0638,0.059,-0.1557,-0.0536,0.0449,-0.1175,-0.0394
0,Move Cursor (Index Pointing),0.0,0.0,0.0,-0.0434,-0.0671,-0.0192,-0.0595,-0.1585,-0.0317,-0.0261,-0.228,-0.0471,0.0242,-0.2288,-0.062,-0.0331,-0.2503,-0.0121,-0.0331,-0.3543,-0.0361,-0.0312,-0.412,-0.0519,-0.0251,-0.4617,-0.0643,0.0083,-0.232,-0.0196,0.0207,-0.2987,-0.06,0.0046,-0.2266,-0.0669,-0.0041,-0.1772,-0.0605,0.0467,-0.2004,-0.0305,0.0561,-0.2462,-0.0663,0.0308,-0.1778,-0.0545,0.0178,-0.133,-0.0354,0.0755,-0.1555,-0.0442,0.0839,-0.2005,-0.0626,0.0585,-0.158,-0.0499,0.0462,-0.1225,-0.0348
0,Move Cursor (Index Pointing),0.0,0.0,0.0,-0.0435,-0.0655,-0.0196,-0.0594,-0.1547,-0.0323,-0.027,-0.2223,-0.0477,0.0227,-0.23,-0.0623,-0.0339,-0.2482,-0.0122,-0.0354,-0.3531,-0.037,-0.0328,-0.4113,-0.0524,-0.0265,-0.4612,-0.064,0.0074,-0.2304,-0.0195,0.021,-0.2999,-0.0607,0.0048,-0.2287,-0.0675,-0.0049,-0.1792,-0.0604,0.0452,-0.1994,-0.0304,0.0529,-0.2419,-0.0671,0.0277,-0.1739,-0.0556,0.0157,-0.1303,-0.036,0.0742,-0.1558,-0.044,0.0808,-0.1961,-0.0627,0.0555,-0.1539,-0.0501,0.0438,-0.1199,-0.0349
0,Move Cursor (Index Pointing),0.0,0.0,0.0,-0.0413,-0.0602,-0.0245,-0.0581,-0.1544,-0.0392,-0.0231,-0.2207,-0.0558,0.0259,-0.2146,-0.0716,-0.0338,-0.2522,-0.0179,-0.0321,-0.3571,-0.0435,-0.0276,-0.4165,-0.0592,-0.0191,-0.4681,-0.0715,0.0096,-0.2317,-0.0243,0.0246,-0.2994,-0.0687,0.0048,-0.227,-0.0766,-0.0059,-0.1787,-0.0695,0.0479,-0.1973,-0.0346,0.0598,-0.2377,-0.0757,0.0312,-0.1678,-0.066,0.0173,-0.1256,-0.0464,0.0778,-0.1511,-0.0477,0.0881,-0.1931,-0.0704,0.061,-0.1503,-0.0596,0.0458,-0.1165,-0.0447
0,Move Cursor (Index Pointing),0.0,0.0,0.0,-0.0417,-0.0585,-0.0252,-0.0604,-0.152,-0.0405,-0.0276,-0.2179,-0.0576,0.0238,-0.2212,-0.0738,-0.0326,-0.2535,-0.0185,-0.032,-0.3577,-0.0451,-0.0289,-0.4173,-0.0607,-0.021,-0.4702,-0.0726,0.0111,-0.2326,-0.0252,0.0241,-0.2995,-0.0718,0.0041,-0.2265,-0.0807,-0.0064,-0.1756,-0.0738,0.0492,-0.1984,-0.0359,0.057,-0.236,-0.0799,0.0284,-0.1659,-0.0715,0.015,-0.1237,-0.0522,0.0803,-0.1528,-0.0493,0.0858,-0.1915,-0.0735,0.0581,-0.1473,-0.0635,0.0431,-0.1138,-0.0492
0,Move Cursor (Index Pointing),0.0,0.0,0.0,-0.0456,-0.0534,-0.0297,-0.0697,-0.1419,-0.0484,-0.0414,-0.2066,-0.0682,0.0103,-0.2102,-0.0868,-0.036,-0.2567,-0.0228,-0.0281,-0.3606,-0.0513,-0.0221,-0.4193,-0.0682,-0.013,-0.471,-0.0806,0.0076,-0.2336,-0.0274,0.0228,-0.2993,-0.0738,0.0004,-0.2285,-0.0822,-0.0125,-0.187,-0.0754,0.0459,-0.1991,-0.0365,0.0559,-0.2398,-0.0814,0.0254,-0.1703,-0.0729,0.0102,-0.1352,-0.0537,0.0781,-0.1541,-0.0487,0.0856,-0.1939,-0.075,0.0586,-0.1495,-0.0653,0.0431,-0.1202,-0.0507
0,Move Cursor (Index Pointing),0.0,0.0,0.0,-0.0469,-0.0538,-0.0284,-0.0728,-0.1422,-0.0467,-0.0443,-0.2083,-0.0663,0.0097,-0.2119,-0.0846,-0.0409,-0.2589,-0.0235,-0.0353,-0.3651,-0.0507,-0.0269,-0.4238,-0.068,-0.0164,-0.4766,-0.0816,0.0035,-0.2375,-0.0282,0.0169,-0.297,-0.0731,-0.0024,-0.2247,-0.0819,-0.0158,-0.1793,-0.0768,0.0424,-0.2035,-0.0371,0.0523,-0.2464,-0.0788,0.0239,-0.1776,-0.0705,0.0064,-0.1376,-0.0528,0.0737,-0.1581,-0.0488,0.0809,-0.2004,-0.0732,0.0542,-0.1578,-0.0639,0.037,-0.1249,-0.0503
0,Move Cursor (Index Pointing),0.0,0.0,0.0,-0.0449,-0.0529,-0.0312,-0.0657,-0.1361,-0.0492,-0.0299,-0.1964,-0.0681,0.0184,-0.2191,-0.0854,-0.0585,-0.2452,-0.0209,-0.0608,-0.3493,-0.0498,-0.0592,-0.4099,-0.0666,-0.0544,-0.4658,-0.0787,-0.0132,-0.232,-0.0257,-0.0016,-0.2969,-0.0736,-0.0154,-0.2255,-0.0832,-0.0223,-0.1839,-0.0766,0.0279,-0.2039,-0.0354,0.0355,-0.2388,-0.0804,0.0149,-0.1678,-0.0719,0.0074,-0.1367,-0.0526,0.0622,-0.1633,-0.0485,0.0693,-0.1994,-0.0736,0.047,-0.1511,-0.063,0.0359,-0.1238,-0.0479
0,Move Cursor (Index Pointing),0.0,0.0,0.0,-0.0482,-0.0401,-0.025,-0.0787,-0.1164,-0.0405,-0.0462,-0.1697,-0.0577,0.0029,-0.1879,-0.0735,-0.0674,-0.2337,-0.0218,-0.0793,-0.3349,-0.051,-0.0841,-0.39,-0.0694,-0.0845,-0.4458,-0.0837,-0.0219,-0.2279,-0.0285,-0.0209,-0.2591,-0.0744,-0.0317,-0.1896,-0.0849,-0.0329,-0.1632,-0.0824,0.0189,-0.2052,-0.0394,0.0191,-0.217,-0.0799,0.0002,-0.1476,-0.07,-0.0027,-0.1294,-0.0537,0.0549,-0.1704,-0.0539,0.0539,-0.1834,-0.0764,0.0324,-0.132,-0.0659,0.0258,-0.1121,-0.0526
0,Move Cursor (Index Pointing),0.0,0.0,0.0,-0.049,-0.0416,-0.0236,-0.0794,-0.1202,-0.0383,-0.0458,-0.1743,-0.0552,0.0047,-0.1893,-0.071,-0.0685,-0.2352,-0.0194,-0.0809,-0.3359,-0.0479,-0.0854,-0.3923,-0.0662,-0.0859,-0.448,-0.0806,-0.0227,-0.2303,-0.0269,-0.023,-0.2655,-0.0729,-0.0337,-0.1951,-0.0835,-0.0351,-0.1651,-0.0805,0.0185,-0.2072,-0.0387,0.0163,-0.2185,-0.0787,-0.0022,-0.1498,-0.0693,-0.0051,-0.1296,-0.0528,0.0547,-0.1713,-0.0538,0.0492,-0.1817,-0.0757,0.0279,-0.1306,-0.0653,0.0218,-0.1102,-0.0521
0,Move Cursor (Index Pointing),0.0,0.0,0.0,-0.0489,-0.0417,-0.0282,-0.079,-0.1153,-0.0468,-0.0485,-0.1735,-0.0665,-0.0014,-0.195,-0.0847,-0.0693,-0.2384,-0.0258,-0.0789,-0.3406,-0.0593,-0.0834,-0.3983,-0.08,-0.0848,-0.4564,-0.0952,-0.0228,-0.228,-0.0325,-0.0251,-0.2813,-0.0811,-0.036,-0.2075,-0.0904,-0.0364,-0.1733,-0.0853,0.0186,-0.2016,-0.0439,0.0167,-0.2249,-0.0867,-0.0016,-0.1538,-0.0749,-0.0037,-0.1313,-0.0557,0.0552,-0.1631,-0.0592,0.0519,-0.188,-0.0818,0.0312,-0.1374,-0.0693,0.0244,-0.1154,-0.054
0,Move Cursor (Index Pointing),0.0,0.0,0.0,-0.0491,-0.0415,-0.0256,-0.0797,-0.12,-0.0415,-0.0515,-0.1796,-0.0591,-0.0073,-0.2007,-0.0754,-0.0657,-0.2466,-0.0203,-0.0742,-0.3492,-0.0492,-0.0779,-0.4094,-0.0675,-0.0781,-0.4686,-0.0815,-0.0203,-0.2362,-0.0276,-0.0236,-0.2838,-0.0729,-0.0354,-0.214,-0.0832,-0.0361,-0.1801,-0.0798,0.0207,-0.2092,-0.0392,0.0177,-0.234,-0.0791,-0.0007,-0.167,-0.0692,-0.003,-0.1449,-0.0523,0.0578,-0.17,-0.0543,0.0528,-0.1966,-0.0753,0.0324,-0.1493,-0.0638,0.0261,-0.1285,-0.0498
0,Move Cursor (Index Pointing),0.0,0.0,0.0,-0.0503,-0.0431,-0.0255,-0.0802,-0.1225,-0.0412,-0.0481,-0.1803,-0.0589,-0.0002,-0.2002,-0.0752,-0.0672,-0.2491,-0.0197,-0.0754,-0.3516,-0.048,-0.0781,-0.4127,-0.0662,-0.078,-0.4706,-0.0805,-0.0203,-0.2416,-0.0269,-0.0235,-0.2803,-0.0731,-0.0357,-0.2145,-0.0846,-0.0379,-0.1817,-0.0819,0.0222,-0.2163,-0.0383,0.016,-0.2283,-0.0778,-0.0024,-0.1615,-0.0685,-0.0043,-0.1388,-0.052,0.0604,-0.1779,-0.0534,0.0513,-0.1889,-0.074,0.0302,-0.1408,-0.0636,0.0252,-0.1216,-0.0505
0,Move Cursor (Index Pointing),0.0,0.0,0.0,-0.0501,-0.0515,-0.023,-0.0813,-0.1356,-0.0379,-0.0498,-0.1949,-0.0553,0.0004,-0.2041,-0.0722,-0.0624,-0.2464,-0.0202,-0.0718,-0.3534,-0.0475,-0.0731,-0.4151,-0.065,-0.0724,-0.4711,-0.0782,-0.0175,-0.233,-0.028,-0.0181,-0.2867,-0.0739,-0.0334,-0.226,-0.0853,-0.0402,-0.186,-0.0815,0.0228,-0.2048,-0.0396,0.0213,-0.2242,-0.0789,0.0014,-0.1612,-0.0719,-0.0044,-0.1302,-0.0555,0.0596,-0.1646,-0.0545,0.0587,-0.19,-0.0747,0.0359,-0.1477,-0.0652,0.0259,-0.1225,-0.0521
0,Move Cursor (Index Pointing),0.0,0.0,0.0,-0.0522,-0.0483,-0.0222,-0.0839,-0.1333,-0.0354,-0.0488,-0.191,-0.0515,0.0032,-0.2017,-0.0664,-0.0653,-0.2454,-0.0163,-0.0743,-0.3523,-0.0434,-0.0751,-0.4121,-0.0599,-0.0728,-0.4669,-0.0725,-0.0198,-0.2341,-0.0246,-0.0174,-0.2739,-0.0724,-0.0331,-0.2079,-0.0843,-0.0393,-0.1707,-0.0804,0.021,-0.2082,-0.0367,0.0216,-0.2207,-0.0775,0.0006,-0.1533,-0.0695,-0.0048,-0.1269,-0.0525,0.0574,-0.169,-0.0522,0.0565,-0.1822,-0.0734,0.0327,-0.1355,-0.0639,0.0237,-0.1145,-0.0507
0,Move Cursor (Index Pointing),0.0,0.0,0.0,-0.0475,-0.0438,-0.024,-0.0803,-0.127,-0.0401,-0.0514,-0.1865,-0.058,-0.0033,-0.2002,-0.0751,-0.0576,-0.2439,-0.0263,-0.0674,-0.353,-0.057,-0.0719,-0.4134,-0.0756,-0.0731,-0.4712,-0.0895,-0.0131,-0.2289,-0.0342,-0.0212,-0.2768,-0.0818,-0.0349,-0.2068,-0.091,-0.035,-0.1724,-0.0863,0.0266,-0.1996,-0.0459,0.0194,-0.22,-0.0871,0.0002,-0.1516,-0.0754,-0.0008,-0.1282,-0.0566,0.0631,-0.1597,-0.061,0.0546,-0.1832,-0.0822,0.0327,-0.1352,-0.0692,0.0274,-0.1132,-0.0537
0,Move Cursor (Index Pointing),0.0,0.0,0.0,-0.0485,-0.043,-0.0226,-0.081,-0.1278,-0.0373,-0.0525,-0.1911,-0.0543,-0.0056,-0.2052,-0.0704,-0.0593,-0.2489,-0.022,-0.0672,-0.3575,-0.0512,-0.0713,-0.4183,-0.0696,-0.0721,-0.478,-0.0842,-0.0142,-0.2347,-0.0306,-0.0219,-0.2872,-0.0762,-0.0341,-0.212,-0.0847,-0.0328,-0.1736,-0.0801,0.0261,-0.2051,-0.0431,0.0203,-0.2337,-0.0838,-0.0013,-0.1617,-0.0718,-0.0034,-0.1332,-0.0532,0.0625,-0.1637,-0.0588,0.0587,-0.1978,-0.082,0.0339,-0.1479,-0.0705,0.026,-0.121,-0.0562
0,Move Cursor (Index Pointing),0.0,0.0,0.0,-0.0478,-0.0412,-0.0248,-0.0835,-0.1295,-0.0405,-0.0552,-0.2,-0.0582,-0.0025,-0.2177,-0.0749,-0.0543,-0.2641,-0.0228,-0.0629,-0.3736,-0.0507,-0.066,-0.4375,-0.0671,-0.0671,-0.4951,-0.0803,-0.0074,-0.2501,-0.031,-0.0217,-0.3097,-0.0792,-0.0336,-0.2358,-0.089,-0.0329,-0.1876,-0.0833,0.0349,-0.2173,-0.043,0.0178,-0.2442,-0.0879,-0.0026,-0.1718,-0.0794,-0.0039,-0.1357,-0.0609,0.0726,-0.171,-0.0578,0.0575,-0.2025,-0.0846,0.0315,-0.1528,-0.0757,0.0233,-0.1214,-0.0621
0,Move Cursor (Index Pointing),0.0,0.0,0.0,-0.0485,-0.0452,-0.0259,-0.0835,-0.1413,-0.0415,-0.0522,-0.2132,-0.0592,0.0047,-0.2208,-0.0757,-0.0533,-0.27,-0.0201,-0.0574,-0.3775,-0.0487,-0.0592,-0.4398,-0.0656,-0.0563,-0.4997,-0.0797,-0.0049,-0.2553,-0.0287,-0.0145,-0.3179,-0.0785,-0.0308,-0.2417,-0.0883,-0.0309,-0.1991,-0.0821,0.0378,-0.221,-0.0417,0.0224,-0.2468,-0.0881,0.0002,-0.1685,-0.0782,0.0015,-0.1378,-0.058,0.0761,-0.1738,-0.0579,0.0609,-0.2034,-0.0835,0.0357,-0.1514,-0.073,0.0319,-0.1252,-0.0585
0,Move Cursor (Index Pointing),0.0,0.0,0.0,-0.0493,-0.0618,-0.0283,-0.0627,-0.166,-0.0414,-0.019,-0.2375,-0.0558,0.031,-0.2624,-0.0695,-0.0392,-0.2651,-0.0163,-0.0392,-0.3757,-0.0434,-0.0374,-0.441,-0.06,-0.0323,-0.4995,-0.0719,0.0092,-0.2473,-0.0224,0.0268,-0.338,-0.069,0.0097,-0.2768,-0.0809,-0.0014,-0.2263,-0.075,0.0512,-0.2129,-0.0329,0.064,-0.2633,-0.0782,0.0355,-0.1912,-0.0708,0.0213,-0.148,-0.051,0.0856,-0.1656,-0.0463,0.0948,-0.215,-0.0714,0.0688,-0.1675,-0.0598,0.0545,-0.1316,-0.0438
0,Move Cursor (Index Pointing),0.0,0.0,0.0,-0.05,-0.0653,-0.0262,-0.0624,-0.1774,-0.0366,-0.014,-0.2485,-0.0488,0.0403,-0.2621,-0.0604,-0.0413,-0.2705,-0.0108,-0.0406,-0.3808,-0.0361,-0.0382,-0.4453,-0.0517,-0.0324,-0.5032,-0.0635,0.0075,-0.2527,-0.0175,0.0291,-0.3434,-0.0635,0.011,-0.2803,-0.0749,-0.002,-0.2281,-0.0679,0.0494,-0.2182,-0.0287,0.0638,-0.2639,-0.0728,0.0344,-0.1916,-0.0658,0.0194,-0.1482,-0.0461,0.0826,-0.1708,-0.043,0.0932,-0.2133,-0.0671,0.0669,-0.1658,-0.0564,0.0527,-0.132,-0.041
0,Move Cursor (Index Pointing),0.0,0.0,0.0,-0.0432,-0.0668,-0.025,-0.0488,-0.1677,-0.0364,-0.0013,-0.2317,-0.049,0.05,-0.2425,-0.061,-0.0374,-0.2517,-0.0124,-0.0359,-0.3554,-0.0366,-0.0333,-0.4153,-0.0525,-0.0281,-0.4692,-0.0645,0.0082,-0.2338,-0.0182,0.0329,-0.3208,-0.059,0.0162,-0.2607,-0.0688,0.0029,-0.2128,-0.0628,0.0473,-0.1999,-0.028,0.0656,-0.2478,-0.0653,0.0393,-0.1876,-0.0582,0.0252,-0.15,-0.0409,0.0776,-0.1537,-0.0407,0.0934,-0.2027,-0.06,0.0706,-0.1635,-0.049,0.0576,-0.1317,-0.0347
0,Move Cursor (Index Pointing),0.0,0.0,0.0,-0.0437,-0.069,-0.0253,-0.0524,-0.1607,-0.0391,-0.012,-0.2244,-0.0544,0.0357,-0.2497,-0.069,-0.0409,-0.2523,-0.0137,-0.0427,-0.3538,-0.0402,-0.039,-0.415,-0.059,-0.0321,-0.4681,-0.0725,0.0045,-0.2342,-0.0197,0.0256,-0.3204,-0.0611,0.0093,-0.2671,-0.0728,-0.0031,-0.2179,-0.0691,0.0436,-0.2001,-0.0299,0.0602,-0.2541,-0.0677,0.0332,-0.1965,-0.0604,0.019,-0.1534,-0.0432,0.0739,-0.1526,-0.0431,0.09,-0.209,-0.0633,0.0671,-0.1726,-0.052,0.053,-0.1358,-0.0372
0,Move Cursor (Index Pointing),0.0,0.0,0.0,-0.0442,-0.0645,-0.026,-0.0544,-0.1577,-0.0387,-0.0142,-0.2221,-0.0525,0.0326,-0.2427,-0.0653,-0.0393,-0.2502,-0.0139,-0.0444,-0.3505,-0.0388,-0.0432,-0.4101,-0.0558,-0.0378,-0.4621,-0.0682,0.0052,-0.2323,-0.0191,0.0251,-0.3146,-0.0604,0.0096,-0.2597,-0.0719,-0.0016,-0.2117,-0.0677,0.0437,-0.1992,-0.0284,0.0594,-0.2478,-0.0665,0.0329,-0.1896,-0.0605,0.019,-0.1498,-0.0441,0.0737,-0.1535,-0.0407,0.0882,-0.2026,-0.061,0.0656,-0.165,-0.0509,0.0527,-0.1319,-0.0371
0,Move Cursor (Index Pointing),0.0,0.0,0.0,-0.0448,-0.0644,-0.024,-0.0558,-0.1621,-0.035,-0.0142,-0.226,-0.0478,0.0351,-0.2419,-0.0599,-0.0409,-0.2474,-0.0111,-0.0449,-0.3483,-0.0357,-0.0443,-0.4071,-0.0515,-0.0394,-0.4602,-0.063,0.0038,-0.2318,-0.0173,0.0231,-0.316,-0.0589,0.0069,-0.258,-0.0696,-0.0044,-0.21,-0.0639,0.0428,-0.2005,-0.0275,0.0567,-0.2472,-0.0668,0.0301,-0.1849,-0.0606,0.0171,-0.1448,-0.0431,0.0739,-0.1567,-0.0405,0.086,-0.2024,-0.0616,0.0633,-0.1617,-0.0514,0.0514,-0.1283,-0.0371
0,Move Cursor (Index Pointing),0.0,0.0,0.0,-0.0436,-0.0611,-0.0228,-0.0555,-0.1586,-0.0332,-0.0131,-0.2207,-0.0453,0.0355,-0.2361,-0.0569,-0.0419,-0.2448,-0.0124,-0.046,-0.3453,-0.0369,-0.0467,-0.4026,-0.0523,-0.0426,-0.4552,-0.0637,0.0033,-0.2287,-0.0191,0.0222,-0.3132,-0.0602,0.0051,-0.2515,-0.0696,-0.0052,-0.2051,-0.0635,0.0429,-0.197,-0.0297,0.0572,-0.2465,-0.0683,0.0294,-0.1813,-0.0601,0.0163,-0.1436,-0.0419,0.0745,-0.1527,-0.0429,0.0858,-0.1995,-0.0637,0.0624,-0.1567,-0.0523,0.0507,-0.1253,-0.0375
0,Move Cursor (Index Pointing),0.0,0.0,0.0,-0.0442,-0.0622,-0.0249,-0.0558,-0.1587,-0.0366,-0.0108,-0.222,-0.0498,0.0409,-0.238,-0.0624,-0.041,-0.2449,-0.0135,-0.0454,-0.3463,-0.0384,-0.0465,-0.4052,-0.0544,-0.0434,-0.4588,-0.0662,0.0039,-0.2305,-0.0195,0.0216,-0.3169,-0.0616,0.0049,-0.2572,-0.0717,-0.0061,-0.2081,-0.0656,0.0428,-0.199,-0.0297,0.0563,-0.2453,-0.0698,0.0303,-0.1806,-0.0628,0.018,-0.1396,-0.0445,0.0739,-0.1541,-0.0427,0.0867,-0.2034,-0.0654,0.0638,-0.1613,-0.0551,0.0509,-0.1264,-0.0406
0,Move Cursor (Index Pointing),0.0,0.0,0.0,-0.0448,-0.0635,-0.0234,-0.0555,-0.1649,-0.0334,-0.0107,-0.229,-0.0451,0.0401,-0.2428,-0.0563,-0.0416,-0.2472,-0.0109,-0.0445,-0.3501,-0.0345,-0.0451,-0.4097,-0.0499,-0.0417,-0.4639,-0.0619,0.0033,-0.2328,-0.0171,0.0225,-0.3171,-0.0583,0.0055,-0.256,-0.0678,-0.0051,-0.2076,-0.0618,0.0424,-0.2024,-0.0274,0.058,-0.2497,-0.066,0.0311,-0.1851,-0.0585,0.0188,-0.1441,-0.0406,0.0734,-0.1592,-0.0406,0.0874,-0.2083,-0.0628,0.0636,-0.1652,-0.0532,0.0511,-0.13,-0.0394
0,Move Cursor (Index Pointing),0.0,0.0,0.0,-0.045,-0.0635,-0.0229,-0.0558,-0.1658,-0.0327,-0.0119,-0.23,-0.0443,0.0388,-0.2441,-0.0554,-0.0413,-0.2499,-0.0096,-0.0444,-0.3521,-0.0328,-0.0457,-0.4111,-0.0475,-0.0422,-0.4649,-0.0589,0.0033,-0.2351,-0.0162,0.022,-0.3199,-0.0569,0.0048,-0.2583,-0.0663,-0.0054,-0.2105,-0.06,0.0425,-0.204,-0.0269,0.0575,-0.2528,-0.0655,0.0304,-0.1876,-0.058,0.0183,-0.1472,-0.0401,0.0738,-0.1604,-0.0404,0.0864,-0.2092,-0.0623,0.0624,-0.1655,-0.0523,0.0505,-0.1308,-0.0383
0,Move Cursor (Index Pointing),0.0,0.0,0.0,-0.0454,-0.0623,-0.0243,-0.0566,-0.1593,-0.0356,-0.0143,-0.224,-0.0483,0.0348,-0.2436,-0.0605,-0.0407,-0.2487,-0.0131,-0.0443,-0.3512,-0.0371,-0.0446,-0.411,-0.0526,-0.0407,-0.4643,-0.0642,0.0048,-0.2323,-0.0191,0.0226,-0.3157,-0.0591,0.0064,-0.2575,-0.0689,-0.0033,-0.2109,-0.064,0.044,-0.2,-0.0292,0.0595,-0.2533,-0.0673,0.0318,-0.192,-0.06,0.0181,-0.1533,-0.0433,0.0752,-0.1545,-0.042,0.0883,-0.2049,-0.0637,0.0643,-0.1631,-0.0533,0.0513,-0.1292,-0.0394
0,Move Cursor (Index Pointing),0.0,0.0,0.0,-0.0448,-0.0612,-0.0244,-0.0549,-0.1599,-0.0356,-0.011,-0.2241,-0.0481,0.04,-0.2395,-0.0601,-0.04,-0.2431,-0.0139,-0.0441,-0.3478,-0.0376,-0.0442,-0.4082,-0.0528,-0.0401,-0.4625,-0.0643,0.0045,-0.2282,-0.0195,0.0243,-0.3151,-0.06,0.0092,-0.259,-0.0701,-0.0021,-0.2114,-0.0648,0.0433,-0.1976,-0.0289,0.0589,-0.2481,-0.0673,0.0328,-0.1874,-0.0611,0.0183,-0.1476,-0.0445,0.0745,-0.1547,-0.041,0.0872,-0.2028,-0.0631,0.0643,-0.1607,-0.0537,0.051,-0.1256,-0.0404
0,Move Cursor (Index Pointing),0.0,0.0,0.0,-0.0449,-0.0616,-0.0236,-0.0562,-0.1607,-0.0344,-0.0124,-0.2246,-0.0465,0.0389,-0.2394,-0.0582,-0.0397,-0.2436,-0.0136,-0.044,-0.3481,-0.0369,-0.0448,-0.4083,-0.0518,-0.0412,-0.4628,-0.0634,0.0048,-0.2287,-0.0195,0.0234,-0.3141,-0.0594,0.0072,-0.2566,-0.0691,-0.0039,-0.2095,-0.064,0.0433,-0.1979,-0.0292,0.0588,-0.2491,-0.0672,0.0317,-0.1878,-0.0605,0.0176,-0.1482,-0.0439,0.0743,-0.1546,-0.0416,0.087,-0.2031,-0.0635,0.0636,-0.1611,-0.054,0.0504,-0.1261,-0.0407
0,Move Cursor (Index Pointing),0.0,0.0,0.0,-0.0482,-0.0607,-0.0258,-0.0603,-0.1556,-0.0388,-0.0169,-0.2186,-0.0529,0.0329,-0.2376,-0.0665,-0.0482,-0.2472,-0.0169,-0.0521,-0.3504,-0.0453,-0.05,-0.4116,-0.0652,-0.0444,-0.4673,-0.08,-0.0001,-0.2327,-0.0229,0.0181,-0.3161,-0.0664,0.0017,-0.2517,-0.0772,-0.0094,-0.2032,-0.0723,0.0411,-0.2004,-0.0332,0.0552,-0.251,-0.0722,0.0281,-0.1878,-0.0634,0.0153,-0.1503,-0.0454,0.0737,-0.1538,-0.0465,0.087,-0.2029,-0.0688,0.0634,-0.1616,-0.0579,0.0512,-0.1305,-0.0435
0,Move Cursor (Index Pointing),0.0,0.0,0.0,-0.0485,-0.0621,-0.0276,-0.0624,-0.1592,-0.0413,-0.0184,-0.2235,-0.056,0.0325,-0.2418,-0.0699,-0.0483,-0.2475,-0.0169,-0.0529,-0.3512,-0.0445,-0.0525,-0.4123,-0.0626,-0.0482,-0.4688,-0.076,-0.0012,-0.2332,-0.0224,0.0171,-0.3166,-0.0671,0.0006,-0.2539,-0.0784,-0.0101,-0.2048,-0.0732,0.0395,-0.2022,-0.0321,0.0546,-0.2485,-0.0732,0.0275,-0.1839,-0.0664,0.0148,-0.1446,-0.0485,0.0721,-0.158,-0.0451,0.0844,-0.2026,-0.0679,0.0603,-0.1603,-0.058,0.0474,-0.1281,-0.0438
0,Move Cursor (Index Pointing),0.0,0.0,0.0,-0.0499,-0.0562,-0.025,-0.0653,-0.1547,-0.0368,-0.0212,-0.2204,-0.0498,0.0313,-0.2363,-0.0624,-0.0519,-0.2466,-0.0187,-0.0569,-0.3485,-0.047,-0.057,-0.4099,-0.0673,-0.0534,-0.4676,-0.0833,-0.0039,-0.2338,-0.0244,0.0104,-0.3143,-0.0661,-0.0057,-0.249,-0.0759,-0.0153,-0.2031,-0.0716,0.0375,-0.2027,-0.0341,0.05,-0.2517,-0.0721,0.0228,-0.1848,-0.0622,0.0111,-0.1446,-0.044,0.0702,-0.1566,-0.0469,0.0833,-0.2075,-0.0698,0.0583,-0.164,-0.0592,0.0457,-0.1301,-0.0449
0,Move Cursor (Index Pointing),0.0,0.0,0.0,-0.0494,-0.0579,-0.0253,-0.0649,-0.1553,-0.0369,-0.0238,-0.2219,-0.0495,0.0256,-0.2416,-0.0615,-0.0531,-0.2468,-0.0162,-0.0574,-0.3488,-0.0434,-0.0582,-0.4086,-0.0614,-0.0555,-0.4652,-0.0748,-0.0056,-0.2335,-0.0222,0.0102,-0.3167,-0.0645,-0.0044,-0.2517,-0.0745,-0.0129,-0.204,-0.069,0.036,-0.2031,-0.0322,0.0481,-0.2475,-0.0721,0.0225,-0.1803,-0.0643,0.0115,-0.1416,-0.0463,0.0694,-0.159,-0.0452,0.0804,-0.2041,-0.0677,0.0563,-0.1595,-0.0572,0.0438,-0.1261,-0.0427
0,Move Cursor (Index Pointing),0.0,0.0,0.0,-0.0459,-0.0612,-0.0213,-0.0638,-0.1601,-0.0317,-0.021,-0.2232,-0.0445,0.0322,-0.2341,-0.0572,-0.0487,-0.2525,-0.0108,-0.0521,-0.3527,-0.039,-0.0533,-0.411,-0.0589,-0.0497,-0.4688,-0.0744,-0.002,-0.2377,-0.0201,0.0103,-0.3181,-0.0639,-0.011,-0.2449,-0.0739,-0.0187,-0.2021,-0.0683,0.0382,-0.2035,-0.0337,0.0476,-0.2524,-0.0732,0.0176,-0.1815,-0.0626,0.0105,-0.1487,-0.0429,0.0711,-0.1546,-0.0502,0.0777,-0.2015,-0.0721,0.0519,-0.1564,-0.0595,0.0445,-0.1289,-0.0436
0,Move Cursor (Index Pointing),0.0,0.0,0.0,-0.0475,-0.0621,-0.0227,-0.0643,-0.1636,-0.0326,-0.0215,-0.226,-0.0444,0.0286,-0.2386,-0.0558,-0.0493,-0.2528,-0.0116,-0.0525,-0.3538,-0.0388,-0.0528,-0.4135,-0.0563,-0.0497,-0.4703,-0.0693,-0.0036,-0.2387,-0.0201,0.0115,-0.3229,-0.0644,-0.0097,-0.2547,-0.0747,-0.0214,-0.209,-0.0683,0.0373,-0.2064,-0.0327,0.0471,-0.251,-0.0742,0.0184,-0.1799,-0.0658,0.0086,-0.1462,-0.0464,0.0717,-0.1602,-0.0481,0.0772,-0.2029,-0.0704,0.0527,-0.1567,-0.0583,0.044,-0.1291,-0.0425
0,Move Cursor (Index Pointing),0.0,0.0,0.0,-0.0484,-0.0619,-0.0234,-0.0678,-0.1583,-0.0356,-0.0251,-0.2218,-0.0501,0.0309,-0.2358,-0.0643,-0.0491,-0.2512,-0.0117,-0.0538,-0.3508,-0.0408,-0.0573,-0.4098,-0.0597,-0.0565,-0.4663,-0.0736,-0.0026,-0.238,-0.021,0.0106,-0.3273,-0.0685,-0.0145,-0.2552,-0.0789,-0.0261,-0.2064,-0.0713,0.038,-0.2057,-0.0349,0.0485,-0.2553,-0.0772,0.0164,-0.1842,-0.0672,0.0085,-0.1499,-0.0463,0.0719,-0.158,-0.0519,0.0778,-0.2037,-0.0727,0.0511,-0.1584,-0.0594,0.0441,-0.131,-0.0428
0,Move Cursor (Index Pointing),0.0,0.0,0.0,-0.0501,-0.064,-0.0221,-0.0693,-0.1676,-0.0312,-0.0266,-0.2299,-0.0425,0.0257,-0.243,-0.0535,-0.051,-0.2551,-0.0079,-0.0551,-0.355,-0.0351,-0.0587,-0.4154,-0.0527,-0.059,-0.4723,-0.0657,-0.0046,-0.242,-0.0166,0.0103,-0.3284,-0.0626,-0.0124,-0.2576,-0.0739,-0.024,-0.2079,-0.0667,0.0359,-0.2113,-0.0298,0.047,-0.2578,-0.0708,0.017,-0.1862,-0.062,0.0075,-0.1513,-0.0419,0.0692,-0.166,-0.0458,0.0745,-0.2051,-0.0654,0.0501,-0.1592,-0.0522,0.0432,-0.1335,-0.0356
0,Move Cursor (Index Pointing),0.0,0.0,0.0,-0.0473,-0.0558,-0.0271,-0.0692,-0.1506,-0.0417,-0.0307,-0.2185,-0.0572,0.023,-0.2355,-0.072,-0.0532,-0.2494,-0.0216,-0.06,-0.3566,-0.0517,-0.0623,-0.42,-0.0725,-0.0616,-0.4799,-0.0888,-0.0061,-0.237,-0.0275,0.0062,-0.3155,-0.0735,-0.01,-0.2442,-0.0836,-0.0188,-0.1974,-0.0784,0.0348,-0.2063,-0.0375,0.0443,-0.2544,-0.078,0.0184,-0.1848,-0.0668,0.0093,-0.1472,-0.0473,0.0679,-0.1609,-0.0511,0.0752,-0.2052,-0.0738,0.051,-0.1603,-0.0624,0.042,-0.1308,-0.0476
0,Move Cursor (Index Pointing),0.0,0.0,0.0,-0.0489,-0.0583,-0.025,-0.0706,-0.1566,-0.0378,-0.0315,-0.2232,-0.0521,0.0199,-0.2399,-0.0658,-0.0538,-0.2523,-0.0171,-0.0619,-0.36,-0.0442,-0.0658,-0.4234,-0.061,-0.066,-0.4823,-0.074,-0.0075,-0.2398,-0.0243,0.0036,-0.3266,-0.069,-0.0112,-0.2585,-0.0785,-0.0176,-0.2068,-0.0718,0.0331,-0.209,-0.0354,0.0401,-0.2551,-0.0759,0.0159,-0.1854,-0.0662,0.0086,-0.1454,-0.0467,0.0667,-0.1638,-0.0497,0.0718,-0.2086,-0.0706,0.0477,-0.1634,-0.0585,0.0385,-0.1313,-0.0433
0,Move Cursor (Index Pointing),0.0,0.0,0.0,-0.0501,-0.0587,-0.0278,-0.0672,-0.1568,-0.041,-0.0246,-0.2226,-0.0552,0.0266,-0.2386,-0.0686,-0.0515,-0.2487,-0.0164,-0.0562,-0.3541,-0.0426,-0.0563,-0.4162,-0.0594,-0.0528,-0.474,-0.0723,-0.0044,-0.2352,-0.0222,0.0116,-0.3215,-0.0671,-0.0015,-0.2586,-0.0783,-0.01,-0.2098,-0.0728,0.0368,-0.2038,-0.0323,0.049,-0.2472,-0.0747,0.0237,-0.1801,-0.0684,0.0115,-0.1423,-0.0507,0.07,-0.1593,-0.0456,0.0806,-0.2022,-0.0692,0.0556,-0.158,-0.0597,0.0411,-0.1254,-0.0459
0,Move Cursor (Index Pointing),0.0,0.0,0.0,-0.047,-0.0598,-0.0302,-0.0588,-0.1574,-0.0438,-0.0123,-0.2188,-0.0578,0.0384,-0.2346,-0.0708,-0.0476,-0.2456,-0.0189,-0.0517,-0.3467,-0.0469,-0.0511,-0.4049,-0.0649,-0.0461,-0.4598,-0.0783,-0.0004,-0.2311,-0.023,0.0202,-0.3089,-0.0686,0.0052,-0.2438,-0.0798,-0.0053,-0.1963,-0.074,0.0402,-0.1995,-0.0318,0.0565,-0.238,-0.0745,0.0302,-0.1709,-0.0682,0.0169,-0.1346,-0.0502,0.0718,-0.1552,-0.0439,0.0863,-0.1955,-0.0686,0.0619,-0.1505,-0.0596,0.047,-0.1197,-0.0456
0,Move Cursor (Index Pointing),0.0,0.0,0.0,-0.0469,-0.0594,-0.0298,-0.0588,-0.1573,-0.0433,-0.012,-0.2185,-0.0571,0.0391,-0.2336,-0.07,-0.0474,-0.2447,-0.0191,-0.0515,-0.3462,-0.0471,-0.0509,-0.4043,-0.0651,-0.0459,-0.4593,-0.0784,-0.0003,-0.2303,-0.0234,0.0202,-0.3083,-0.0688,0.0051,-0.2423,-0.0796,-0.0054,-0.1948,-0.0738,0.0404,-0.1989,-0.0322,0.0566,-0.2375,-0.0747,0.0302,-0.1701,-0.068,0.017,-0.1338,-0.0499,0.072,-0.1547,-0.0443,0.0864,-0.1952,-0.0689,0.0619,-0.15,-0.0597,0.0471,-0.1193,-0.0456
0,Move Cursor (Index Pointing),0.0,0.0,0.0,-0.0475,-0.0589,-0.029,-0.0605,-0.1562,-0.0426,-0.0158,-0.2183,-0.057,0.0347,-0.2343,-0.0703,-0.0484,-0.2465,-0.0188,-0.0528,-0.3484,-0.0464,-0.0519,-0.4071,-0.0648,-0.047,-0.4633,-0.0788,-0.0012,-0.2333,-0.0236,0.0172,-0.3101,-0.0682,0.0038,-0.2445,-0.0796,-0.0055,-0.1975,-0.0751,0.0393,-0.2024,-0.033,0.0552,-0.2438,-0.0746,0.0301,-0.1772,-0.0682,0.0174,-0.1391,-0.0509,0.0708,-0.158,-0.0456,0.0863,-0.2003,-0.07,0.0615,-0.1575,-0.0613,0.0458,-0.1261,-0.0481
0,Move Cursor (Index Pointing),0.0,0.0,0.0,-0.046,-0.0598,-0.0283,-0.0587,-0.1542,-0.0419,-0.0147,-0.2165,-0.056,0.0361,-0.2329,-0.0692,-0.0496,-0.2425,-0.0195,-0.0552,-0.3449,-0.0448,-0.0548,-0.4044,-0.0616,-0.0506,-0.4587,-0.0744,-0.003,-0.229,-0.0236,0.016,-0.3082,-0.0641,0.0059,-0.2519,-0.0747,-0.0031,-0.2064,-0.0706,0.0382,-0.1979,-0.0316,0.0544,-0.2399,-0.0695,0.0317,-0.1799,-0.0639,0.018,-0.1421,-0.0481,0.0706,-0.1542,-0.0428,0.0844,-0.1975,-0.0644,0.0618,-0.1569,-0.0553,0.0463,-0.1243,-0.0424
0,Move Cursor (Index Pointing),0.0,0.0,0.0,-0.0468,-0.0588,-0.0297,-0.0587,-0.1547,-0.044,-0.0138,-0.2165,-0.0586,0.036,-0.2336,-0.0722,-0.0474,-0.2432,-0.0202,-0.053,-0.3445,-0.0468,-0.0535,-0.4032,-0.0643,-0.0494,-0.4582,-0.0775,-0.0005,-0.2295,-0.0243,0.0183,-0.307,-0.0681,0.005,-0.244,-0.0794,-0.0042,-0.1958,-0.0749,0.0401,-0.1986,-0.0327,0.0559,-0.2425,-0.0733,0.0314,-0.1797,-0.0675,0.0187,-0.1416,-0.051,0.072,-0.1547,-0.0444,0.0858,-0.1989,-0.0676,0.0631,-0.1573,-0.0588,0.0493,-0.1248,-0.0457
0,Move Cursor (Index Pointing),0.0,0.0,0.0,-0.0479,-0.0595,-0.0293,-0.0596,-0.1558,-0.0431,-0.0152,-0.2183,-0.0573,0.034,-0.2363,-0.0705,-0.0485,-0.2421,-0.0198,-0.0534,-0.3435,-0.0461,-0.0536,-0.4032,-0.0633,-0.0494,-0.4584,-0.0761,-0.0012,-0.2288,-0.0236,0.0178,-0.3082,-0.0669,0.0049,-0.2477,-0.0778,-0.0048,-0.198,-0.0729,0.0396,-0.1984,-0.0317,0.0544,-0.241,-0.0719,0.0303,-0.1787,-0.0661,0.0174,-0.1388,-0.0494,0.0716,-0.1553,-0.043,0.0853,-0.1987,-0.0661,0.063,-0.1577,-0.0575,0.0493,-0.1242,-0.0443
0,Move Cursor (Index Pointing),0.0,0.0,0.0,-0.0468,-0.06,-0.0302,-0.0583,-0.1558,-0.0444,-0.0128,-0.2172,-0.0585,0.0371,-0.2331,-0.0716,-0.0489,-0.2432,-0.0191,-0.0544,-0.3429,-0.0468,-0.0547,-0.4014,-0.065,-0.0508,-0.4564,-0.0785,-0.0015,-0.2305,-0.0231,0.0183,-0.3118,-0.0672,0.0052,-0.2481,-0.0782,-0.0044,-0.1995,-0.0728,0.0395,-0.1997,-0.0315,0.0563,-0.2413,-0.0724,0.0311,-0.1779,-0.0662,0.0178,-0.1409,-0.0489,0.0711,-0.1555,-0.0433,0.0858,-0.1979,-0.066,0.062,-0.1559,-0.0567,0.0472,-0.1245,-0.0429
0,Move Cursor (Index Pointing),0.0,0.0,0.0,-0.0457,-0.0584,-0.0284,-0.0582,-0.1533,-0.042,-0.0149,-0.2156,-0.0561,0.0343,-0.2342,-0.0693,-0.0491,-0.2423,-0.0179,-0.0545,-0.3428,-0.0446,-0.0551,-0.401,-0.0617,-0.0519,-0.4552,-0.0745,-0.0025,-0.2289,-0.0225,0.0167,-0.3085,-0.0658,0.0026,-0.2437,-0.076,-0.0073,-0.1956,-0.0703,0.038,-0.1982,-0.0314,0.0541,-0.2429,-0.0721,0.0279,-0.1783,-0.0654,0.014,-0.1412,-0.048,0.0698,-0.1545,-0.0433,0.0834,-0.1984,-0.0668,0.0594,-0.1546,-0.0572,0.0444,-0.1223,-0.0432
0,Move Cursor (Index Pointing),0.0,0.0,0.0,-0.0457,-0.057,-0.0283,-0.0599,-0.1515,-0.0423,-0.0172,-0.2144,-0.057,0.0334,-0.2319,-0.0708,-0.0487,-0.2397,-0.02,-0.0546,-0.3415,-0.0478,-0.0549,-0.4008,-0.0658,-0.0513,-0.456,-0.0792,-0.003,-0.227,-0.0247,0.0159,-0.3059,-0.0688,0.0024,-0.2418,-0.079,-0.0075,-0.1938,-0.0736,0.0368,-0.197,-0.0337,0.0533,-0.2408,-0.0747,0.0283,-0.1748,-0.067,0.0152,-0.136,-0.0489,0.068,-0.1534,-0.0459,0.0828,-0.1968,-0.0696,0.059,-0.1533,-0.06,0.0443,-0.1207,-0.046
0,Move Cursor (Index Pointing),0.0,0.0,0.0,-0.0463,-0.0591,-0.0276,-0.0592,-0.1527,-0.0411,-0.0153,-0.2128,-0.0553,0.0339,-0.2317,-0.0687,-0.0476,-0.2422,-0.0179,-0.0545,-0.3427,-0.0444,-0.0548,-0.4019,-0.0614,-0.0512,-0.4562,-0.0739,-0.0017,-0.2295,-0.0229,0.0184,-0.3101,-0.0663,0.0035,-0.2493,-0.0772,-0.0079,-0.2004,-0.0718,0.038,-0.1997,-0.032,0.0548,-0.2414,-0.0726,0.029,-0.1792,-0.0669,0.0155,-0.1412,-0.0499,0.0691,-0.1565,-0.0442,0.0834,-0.1994,-0.0668,0.0598,-0.1569,-0.0573,0.0452,-0.1237,-0.0434
0,Move Cursor (Index Pointing),0.0,0.0,0.0,-0.0471,-0.0589,-0.0299,-0.0603,-0.1519,-0.0444,-0.0154,-0.2136,-0.0591,0.0346,-0.2343,-0.0729,-0.0492,-0.2402,-0.0194,-0.0553,-0.3397,-0.0474,-0.0554,-0.3999,-0.0658,-0.0519,-0.4549,-0.0793,-0.0029,-0.2283,-0.0236,0.0171,-0.3088,-0.068,0.0036,-0.2489,-0.0796,-0.0068,-0.2011,-0.0747,0.0368,-0.1989,-0.0322,0.0534,-0.2398,-0.0737,0.0284,-0.1774,-0.068,0.0153,-0.1401,-0.051,0.0678,-0.1557,-0.0442,0.0822,-0.1969,-0.0679,0.059,-0.1543,-0.059,0.0448,-0.1221,-0.0454
0,Move Cursor (Index Pointing),0.0,0.0,0.0,-0.0451,-0.0575,-0.0297,-0.0578,-0.1491,-0.0441,-0.0134,-0.2096,-0.0589,0.0363,-0.2263,-0.0725,-0.0494,-0.2396,-0.0182,-0.0548,-0.339,-0.045,-0.0548,-0.3966,-0.0622,-0.0508,-0.4496,-0.0747,-0.0032,-0.2262,-0.022,0.0177,-0.3052,-0.0667,0.003,-0.2426,-0.0777,-0.0081,-0.193,-0.0718,0.0368,-0.1962,-0.0304,0.0537,-0.235,-0.0717,0.028,-0.1715,-0.0659,0.0146,-0.1345,-0.0485,0.068,-0.1538,-0.0419,0.0819,-0.1932,-0.0649,0.0586,-0.1497,-0.0558,0.0451,-0.1182,-0.042
0,Move Cursor (Index Pointing),0.0,0.0,0.0,-0.0452,-0.0586,-0.0266,-0.0566,-0.1537,-0.0388,-0.0126,-0.2162,-0.052,0.0357,-0.2329,-0.0644,-0.0485,-0.2406,-0.0154,-0.054,-0.3405,-0.0408,-0.0541,-0.3993,-0.0574,-0.0501,-0.4529,-0.0698,-0.003,-0.2282,-0.0201,0.0163,-0.3088,-0.0627,0.0038,-0.2475,-0.0733,-0.0056,-0.1974,-0.0677,0.037,-0.199,-0.0291,0.0526,-0.2432,-0.0681,0.0294,-0.1805,-0.0616,0.0174,-0.1409,-0.0444,0.0685,-0.1568,-0.0411,0.0824,-0.2015,-0.0629,0.0601,-0.1593,-0.0534,0.0464,-0.1261,-0.0397
0,Move Cursor (Index Pointing),0.0,0.0,0.0,-0.0451,-0.06,-0.0273,-0.056,-0.1549,-0.0402,-0.0114,-0.2171,-0.0538,0.0378,-0.2352,-0.0665,-0.0497,-0.2413,-0.0163,-0.0546,-0.3417,-0.0419,-0.0547,-0.4,-0.0586,-0.0508,-0.4535,-0.071,-0.0036,-0.2287,-0.0207,0.0157,-0.311,-0.0628,0.0032,-0.2501,-0.0731,-0.0061,-0.2002,-0.0674,0.0367,-0.1995,-0.0292,0.0513,-0.2447,-0.0675,0.028,-0.1834,-0.0607,0.0161,-0.1447,-0.0435,0.0687,-0.1572,-0.0409,0.0825,-0.2041,-0.062,0.0607,-0.1623,-0.0522,0.0476,-0.1289,-0.0384
0,Move Cursor (Index Pointing),0.0,0.0,0.0,-0.045,-0.0582,-0.0275,-0.057,-0.1497,-0.0403,-0.0132,-0.211,-0.0537,0.0355,-0.2296,-0.0664,-0.0463,-0.2398,-0.0178,-0.0519,-0.3383,-0.0442,-0.0514,-0.3957,-0.0615,-0.0479,-0.448,-0.0742,0.0,-0.2276,-0.0218,0.0179,-0.3057,-0.0636,0.0055,-0.2445,-0.0736,-0.0042,-0.1974,-0.0683,0.0397,-0.1985,-0.0302,0.0549,-0.2381,-0.0686,0.031,-0.1749,-0.062,0.0176,-0.1373,-0.045,0.0701,-0.1555,-0.0417,0.0849,-0.1978,-0.0636,0.0626,-0.1546,-0.0543,0.0484,-0.1224,-0.0407
0,Move Cursor (Index Pointing),0.0,0.0,0.0,-0.0452,-0.0601,-0.0295,-0.0567,-0.1525,-0.0436,-0.0131,-0.2141,-0.0582,0.0361,-0.2338,-0.0718,-0.0482,-0.2387,-0.0171,-0.0531,-0.3381,-0.0441,-0.0531,-0.3972,-0.0617,-0.0494,-0.451,-0.0745,-0.0023,-0.2257,-0.021,0.0168,-0.307,-0.0649,0.005,-0.2498,-0.077,-0.0038,-0.2024,-0.0724,0.0376,-0.1968,-0.0293,0.0532,-0.2406,-0.0699,0.0298,-0.1818,-0.0652,0.0175,-0.1445,-0.0489,0.0688,-0.155,-0.0409,0.0833,-0.1993,-0.0635,0.0619,-0.1594,-0.0551,0.0488,-0.1269,-0.042
0,Move Cursor (Index Pointing),0.0,0.0,0.0,-0.0452,-0.0611,-0.0282,-0.0565,-0.1541,-0.0417,-0.0129,-0.2158,-0.0558,0.0367,-0.234,-0.069,-0.0483,-0.2393,-0.0157,-0.0528,-0.3387,-0.0419,-0.0529,-0.3978,-0.059,-0.0496,-0.4515,-0.0716,-0.0026,-0.2263,-0.0201,0.0158,-0.3079,-0.0633,0.0042,-0.2507,-0.0751,-0.0044,-0.2033,-0.0704,0.0374,-0.1971,-0.0288,0.0525,-0.2405,-0.0688,0.0295,-0.1813,-0.0638,0.0176,-0.144,-0.0473,0.069,-0.1551,-0.0408,0.0828,-0.1995,-0.0628,0.0616,-0.1591,-0.054,0.0489,-0.1265,-0.0406
0,Move Cursor (Index Pointing),0.0,0.0,0.0,-0.0462,-0.0604,-0.0279,-0.0589,-0.1534,-0.0406,-0.0145,-0.2153,-0.0542,0.0348,-0.233,-0.067,-0.048,-0.2432,-0.0152,-0.0532,-0.3419,-0.0422,-0.053,-0.4005,-0.06,-0.0496,-0.454,-0.0729,-0.0025,-0.2304,-0.0201,0.0166,-0.3109,-0.064,0.0031,-0.2506,-0.0756,-0.0074,-0.2022,-0.0702,0.037,-0.2008,-0.0295,0.0524,-0.2414,-0.0699,0.0285,-0.178,-0.0638,0.016,-0.1415,-0.0464,0.0681,-0.1573,-0.0421,0.0818,-0.199,-0.0641,0.0594,-0.1564,-0.0544,0.0459,-0.1264,-0.0404
0,Move Cursor (Index Pointing),0.0,0.0,0.0,-0.0465,-0.0604,-0.028,-0.059,-0.1529,-0.0409,-0.0138,-0.214,-0.0544,0.0355,-0.2318,-0.0671,-0.0489,-0.2434,-0.0158,-0.0538,-0.3415,-0.0422,-0.0539,-0.3996,-0.0594,-0.0505,-0.4525,-0.072,-0.0028,-0.2304,-0.0206,0.0173,-0.3107,-0.0636,0.0041,-0.2527,-0.075,-0.0061,-0.2058,-0.0699,0.0373,-0.2003,-0.0298,0.0531,-0.2401,-0.0699,0.0287,-0.1787,-0.0647,0.0159,-0.1436,-0.0481,0.0687,-0.1566,-0.0422,0.0818,-0.1967,-0.0643,0.0593,-0.1548,-0.0553,0.0459,-0.1255,-0.0419
0,Move Cursor (Index Pointing),0.0,0.0,0.0,-0.0468,-0.0587,-0.0276,-0.0601,-0.1541,-0.0408,-0.0153,-0.2156,-0.0547,0.0337,-0.231,-0.068,-0.0485,-0.2415,-0.019,-0.0538,-0.342,-0.0481,-0.053,-0.4011,-0.0675,-0.0483,-0.4568,-0.082,-0.0024,-0.2295,-0.0242,0.0164,-0.3087,-0.0698,0.0025,-0.2424,-0.0813,-0.0073,-0.194,-0.0762,0.0379,-0.2003,-0.0337,0.0538,-0.242,-0.0753,0.0294,-0.175,-0.068,0.0177,-0.1368,-0.0497,0.0694,-0.1571,-0.0465,0.0842,-0.1988,-0.0704,0.0607,-0.1549,-0.0609,0.0473,-0.1235,-0.0468
0,Move Cursor (Index Pointing),0.0,0.0,0.0,-0.0467,-0.0597,-0.0294,-0.0585,-0.1553,-0.0431,-0.0128,-0.2168,-0.0572,0.0371,-0.2324,-0.0704,-0.0493,-0.2442,-0.0178,-0.0537,-0.3439,-0.046,-0.0536,-0.4025,-0.0641,-0.0497,-0.4572,-0.0772,-0.003,-0.2311,-0.0225,0.0178,-0.3121,-0.0682,0.0029,-0.2468,-0.0795,-0.008,-0.1968,-0.0733,0.0373,-0.201,-0.0316,0.0533,-0.2404,-0.0738,0.0284,-0.1741,-0.0672,0.0161,-0.137,-0.0486,0.069,-0.1572,-0.0441,0.0827,-0.1973,-0.0675,0.0598,-0.1522,-0.0574,0.0468,-0.1207,-0.0426
0,Move Cursor (Index Pointing),0.0,0.0,0.0,-0.0469,-0.0605,-0.0286,-0.0588,-0.1568,-0.042,-0.0129,-0.2177,-0.0559,0.0368,-0.2329,-0.0691,-0.0489,-0.2438,-0.0177,-0.0534,-0.3441,-0.046,-0.0533,-0.4032,-0.0643,-0.0495,-0.4582,-0.0775,-0.0028,-0.2311,-0.0227,0.0172,-0.3115,-0.0684,0.0024,-0.2464,-0.0797,-0.0083,-0.1972,-0.0737,0.0374,-0.2013,-0.0322,0.0531,-0.2405,-0.0743,0.0286,-0.1737,-0.0674,0.0169,-0.1364,-0.0487,0.0689,-0.1577,-0.045,0.0826,-0.1981,-0.0684,0.0598,-0.1529,-0.0581,0.0474,-0.1215,-0.0432
0,Move Cursor (Index Pointing),0.0,0.0,0.0,-0.0464,-0.0544,-0.0281,-0.0603,-0.1502,-0.0413,-0.0163,-0.2132,-0.055,0.0338,-0.2305,-0.068,-0.0487,-0.2437,-0.0207,-0.0526,-0.345,-0.0482,-0.0509,-0.4045,-0.0665,-0.0462,-0.4604,-0.0805,-0.0017,-0.2306,-0.0255,0.0165,-0.3067,-0.0693,0.0026,-0.2418,-0.0802,-0.0085,-0.1957,-0.0757,0.039,-0.2002,-0.0344,0.0551,-0.2438,-0.0753,0.0303,-0.177,-0.0682,0.0163,-0.1395,-0.051,0.0709,-0.1559,-0.0463,0.0849,-0.1979,-0.0713,0.061,-0.153,-0.0624,0.0459,-0.1214,-0.0489
0,Move Cursor (Index Pointing),0.0,0.0,0.0,-0.0434,-0.0595,-0.0276,-0.0553,-0.1544,-0.0415,-0.0109,-0.2143,-0.0561,0.0378,-0.2294,-0.07,-0.0454,-0.2462,-0.0205,-0.049,-0.3478,-0.0512,-0.048,-0.4076,-0.0721,-0.0435,-0.465,-0.088,0.0016,-0.2321,-0.0268,0.019,-0.3103,-0.073,0.002,-0.2402,-0.0841,-0.0083,-0.1964,-0.0794,0.0423,-0.1989,-0.0375,0.0578,-0.2435,-0.0801,0.0313,-0.1753,-0.0714,0.0204,-0.1415,-0.0528,0.0734,-0.1524,-0.0514,0.0866,-0.1943,-0.0771,0.0612,-0.1508,-0.0671,0.0483,-0.1232,-0.0527
0,Move Cursor (Index Pointing),0.0,0.0,0.0,-0.0456,-0.0584,-0.0248,-0.058,-0.1531,-0.0371,-0.0141,-0.2138,-0.0508,0.0346,-0.2284,-0.0642,-0.0477,-0.2504,-0.0171,-0.0522,-0.3523,-0.0491,-0.0509,-0.4132,-0.0716,-0.046,-0.4725,-0.0884,-0.0004,-0.2378,-0.0242,0.0145,-0.3163,-0.0693,-0.0024,-0.2424,-0.0797,-0.0113,-0.2005,-0.0745,0.0407,-0.2059,-0.0357,0.0516,-0.2484,-0.0769,0.0251,-0.1771,-0.0666,0.0169,-0.1459,-0.0471,0.0732,-0.16,-0.0504,0.0824,-0.1987,-0.0746,0.0574,-0.152,-0.0631,0.0475,-0.1266,-0.0476
0,Move Cursor (Index Pointing),0.0,0.0,0.0,-0.0455,-0.0639,-0.0246,-0.0563,-0.1562,-0.037,-0.0145,-0.2146,-0.0512,0.0333,-0.2319,-0.0651,-0.0453,-0.2497,-0.0155,-0.0497,-0.3524,-0.0436,-0.05,-0.4147,-0.0619,-0.0484,-0.472,-0.0749,0.0007,-0.2358,-0.023,0.0152,-0.3191,-0.0657,0.0011,-0.2582,-0.0768,-0.0092,-0.2133,-0.0717,0.041,-0.2038,-0.0345,0.0525,-0.2484,-0.0752,0.0292,-0.1824,-0.0677,0.0175,-0.1467,-0.0492,0.0727,-0.1574,-0.0487,0.0841,-0.2032,-0.0711,0.0622,-0.1589,-0.059,0.0498,-0.1284,-0.0429
0,Move Cursor (Index Pointing),0.0,0.0,0.0,-0.045,-0.0634,-0.0252,-0.055,-0.1631,-0.0367,-0.0088,-0.2202,-0.0498,0.0399,-0.2251,-0.0621,-0.046,-0.2557,-0.0115,-0.048,-0.3583,-0.0357,-0.0461,-0.417,-0.0519,-0.0398,-0.4725,-0.0644,0.0009,-0.24,-0.0182,0.0196,-0.315,-0.0599,0.0038,-0.2486,-0.0703,-0.0049,-0.2056,-0.0653,0.0412,-0.2064,-0.0292,0.0582,-0.2528,-0.0679,0.0309,-0.1897,-0.0613,0.0184,-0.1574,-0.0448,0.0723,-0.1597,-0.0432,0.0859,-0.2038,-0.064,0.062,-0.1616,-0.0534,0.0508,-0.1329,-0.0396
0,Move Cursor (Index Pointing),0.0,0.0,0.0,-0.0441,-0.0644,-0.0277,-0.0539,-0.1564,-0.0388,-0.0083,-0.2175,-0.0509,0.0405,-0.236,-0.0621,-0.0487,-0.243,-0.0102,-0.0497,-0.3393,-0.0337,-0.0465,-0.3977,-0.0502,-0.0411,-0.4487,-0.0622,-0.0038,-0.2281,-0.0139,0.015,-0.3099,-0.0527,0.0017,-0.2576,-0.0637,-0.0093,-0.2123,-0.0589,0.0355,-0.1977,-0.0223,0.0516,-0.2402,-0.0594,0.0286,-0.1817,-0.0546,0.015,-0.145,-0.0385,0.0663,-0.1547,-0.034,0.0831,-0.2013,-0.0547,0.0626,-0.1619,-0.0454,0.0482,-0.1297,-0.0317
0,Move Cursor (Index Pointing),0.0,0.0,0.0,-0.0415,-0.0644,-0.0275,-0.0505,-0.1545,-0.04,-0.0059,-0.2133,-0.0533,0.0424,-0.2316,-0.0653,-0.0447,-0.244,-0.0116,-0.0465,-0.3413,-0.0352,-0.0436,-0.3987,-0.0514,-0.0381,-0.4504,-0.0632,0.0003,-0.2287,-0.0163,0.0218,-0.3087,-0.0555,0.0061,-0.2492,-0.0664,-0.0071,-0.2029,-0.0618,0.0397,-0.1968,-0.0254,0.0601,-0.2452,-0.0629,0.0342,-0.1847,-0.0576,0.0191,-0.1479,-0.0414,0.0704,-0.152,-0.0374,0.0875,-0.2008,-0.0572,0.0647,-0.1624,-0.0466,0.0499,-0.1305,-0.0323
0,Move Cursor (Index Pointing),0.0,0.0,0.0,-0.0429,-0.0672,-0.0271,-0.0505,-0.159,-0.0392,-0.0051,-0.22,-0.0524,0.0426,-0.2384,-0.0646,-0.0459,-0.2416,-0.0093,-0.0496,-0.3372,-0.0319,-0.0477,-0.3964,-0.0478,-0.0423,-0.4467,-0.0594,-0.0017,-0.2273,-0.0132,0.0179,-0.3089,-0.0498,0.0049,-0.2571,-0.06,-0.006,-0.2131,-0.0554,0.0371,-0.1969,-0.0217,0.0542,-0.2452,-0.0556,0.0317,-0.1919,-0.0505,0.0184,-0.156,-0.0354,0.0676,-0.1534,-0.0335,0.0853,-0.2042,-0.0516,0.0649,-0.1691,-0.0421,0.0505,-0.1371,-0.0292
0,Move Cursor (Index Pointing),0.0,0.0,0.0,-0.0386,-0.0632,-0.032,-0.046,-0.1499,-0.048,-0.001,-0.2084,-0.0636,0.049,-0.2241,-0.0773,-0.046,-0.2443,-0.0158,-0.0465,-0.3399,-0.0411,-0.0426,-0.3953,-0.0575,-0.0366,-0.4465,-0.0693,0.0001,-0.2287,-0.0183,0.023,-0.3049,-0.0591,0.01,-0.2406,-0.0685,-0.0016,-0.1986,-0.0624,0.0403,-0.1962,-0.0257,0.0608,-0.2375,-0.0646,0.0368,-0.1768,-0.058,0.0233,-0.1459,-0.0407,0.0709,-0.1512,-0.0365,0.0888,-0.1934,-0.0571,0.0674,-0.1549,-0.0467,0.0534,-0.1282,-0.0324
0,Move Cursor (Index Pointing),0.0,0.0,0.0,-0.0425,-0.0688,-0.0267,-0.0475,-0.1611,-0.0391,-0.0006,-0.221,-0.0532,0.0467,-0.2384,-0.0665,-0.0451,-0.2447,-0.0076,-0.0465,-0.3402,-0.0312,-0.0442,-0.3979,-0.0476,-0.0386,-0.4483,-0.0594,-0.0006,-0.2289,-0.0127,0.0219,-0.3107,-0.0528,0.0066,-0.2558,-0.0643,-0.0063,-0.2092,-0.0593,0.0383,-0.1974,-0.0225,0.055,-0.2434,-0.0594,0.0323,-0.1862,-0.0541,0.0202,-0.1488,-0.0376,0.0687,-0.1528,-0.0355,0.0862,-0.2032,-0.055,0.0657,-0.1668,-0.0452,0.052,-0.1352,-0.0311
0,Move Cursor (Index Pointing),0.0,0.0,0.0,-0.0387,-0.0651,-0.0266,-0.045,-0.1524,-0.0398,-0.0002,-0.2092,-0.054,0.0476,-0.2295,-0.0668,-0.043,-0.2476,-0.0105,-0.0427,-0.3393,-0.0345,-0.0401,-0.3936,-0.0502,-0.0358,-0.4431,-0.0613,0.0022,-0.2317,-0.0157,0.0242,-0.3053,-0.0553,0.0083,-0.2432,-0.0649,-0.005,-0.2008,-0.0592,0.0424,-0.1988,-0.0256,0.0609,-0.2376,-0.0629,0.036,-0.177,-0.0561,0.022,-0.1462,-0.0391,0.0733,-0.1528,-0.0384,0.0898,-0.1949,-0.0577,0.0673,-0.1561,-0.0465,0.053,-0.1296,-0.0319
0,Move Cursor (Index Pointing),0.0,0.0,0.0,-0.0397,-0.0704,-0.0253,-0.0419,-0.1596,-0.0374,0.0039,-0.2191,-0.0514,0.0488,-0.2429,-0.0644,-0.0427,-0.2475,-0.0051,-0.0432,-0.339,-0.0305,-0.0417,-0.3972,-0.049,-0.0372,-0.4476,-0.0621,0.0023,-0.2316,-0.0107,0.0229,-0.3099,-0.0501,0.007,-0.2539,-0.0614,-0.0055,-0.2098,-0.0567,0.042,-0.2001,-0.0211,0.0581,-0.2441,-0.0563,0.035,-0.1869,-0.0487,0.0226,-0.1514,-0.0314,0.0723,-0.1544,-0.035,0.09,-0.2042,-0.0534,0.0682,-0.1658,-0.0419,0.054,-0.1351,-0.027
0,Move Cursor (Index Pointing),0.0,0.0,0.0,-0.0373,-0.0645,-0.0283,-0.0397,-0.1514,-0.0419,0.0063,-0.2092,-0.0563,0.0518,-0.2321,-0.0689,-0.0428,-0.2453,-0.0098,-0.0436,-0.3364,-0.0344,-0.0408,-0.3916,-0.05,-0.0349,-0.4407,-0.0607,0.0033,-0.2298,-0.0136,0.0268,-0.3062,-0.0536,0.0132,-0.2443,-0.0632,0.0018,-0.2018,-0.0568,0.0441,-0.1986,-0.0223,0.0611,-0.2384,-0.0593,0.0387,-0.1781,-0.0522,0.0255,-0.1466,-0.0345,0.0748,-0.1547,-0.0343,0.0931,-0.2,-0.0525,0.0726,-0.1618,-0.0411,0.0582,-0.1354,-0.0262
0,Move Cursor (Index Pointing),0.0,0.0,0.0,-0.0374,-0.0651,-0.0274,-0.0406,-0.1546,-0.0397,0.0038,-0.2145,-0.0529,0.0487,-0.2349,-0.0644,-0.0426,-0.2451,-0.0057,-0.0431,-0.3364,-0.0296,-0.0413,-0.3914,-0.0447,-0.036,-0.4399,-0.0551,0.0034,-0.2294,-0.0095,0.0256,-0.3048,-0.0495,0.012,-0.2414,-0.0582,0.0021,-0.1997,-0.0505,0.0435,-0.1989,-0.0186,0.0575,-0.2372,-0.0553,0.0356,-0.1762,-0.0472,0.0248,-0.1467,-0.0287,0.0738,-0.156,-0.031,0.0888,-0.1963,-0.0491,0.0677,-0.1575,-0.0376,0.0548,-0.1334,-0.0225
0,Move Cursor (Index Pointing),0.0,0.0,0.0,-0.0362,-0.0668,-0.0255,-0.0378,-0.1534,-0.0372,0.0063,-0.2115,-0.0502,0.0492,-0.2314,-0.0616,-0.0415,-0.2405,-0.0057,-0.0428,-0.3305,-0.0299,-0.0419,-0.3854,-0.045,-0.0365,-0.4336,-0.0551,0.0034,-0.2235,-0.0105,0.0272,-0.3021,-0.0507,0.013,-0.2411,-0.0597,0.0033,-0.1996,-0.0522,0.0434,-0.1926,-0.02,0.0585,-0.2342,-0.0567,0.0365,-0.1746,-0.0482,0.0262,-0.1453,-0.0292,0.0742,-0.149,-0.0327,0.0895,-0.1947,-0.0501,0.0689,-0.1564,-0.0372,0.0567,-0.1317,-0.0211
0,Move Cursor (Index Pointing),0.0,0.0,0.0,-0.0364,-0.0683,-0.024,-0.039,-0.1543,-0.0355,0.0052,-0.2122,-0.0484,0.0501,-0.229,-0.0605,-0.0434,-0.2387,-0.005,-0.0423,-0.3277,-0.0291,-0.0409,-0.3804,-0.0454,-0.0369,-0.4282,-0.0566,0.002,-0.2223,-0.0105,0.0239,-0.3008,-0.0511,0.0103,-0.2374,-0.0611,0.0003,-0.1914,-0.0541,0.0422,-0.1921,-0.0206,0.0549,-0.2342,-0.0566,0.0336,-0.1728,-0.0483,0.0242,-0.1402,-0.0294,0.0732,-0.1492,-0.0336,0.0853,-0.1946,-0.0505,0.0649,-0.1544,-0.0373,0.0535,-0.1272,-0.0211
0,Move Cursor (Index Pointing),0.0,0.0,0.0,-0.0375,-0.068,-0.0227,-0.0387,-0.1564,-0.033,0.0051,-0.2166,-0.0449,0.0489,-0.2389,-0.0559,-0.0393,-0.236,-0.0037,-0.0418,-0.3255,-0.0277,-0.0415,-0.3795,-0.0438,-0.038,-0.4264,-0.0547,0.0046,-0.2213,-0.0096,0.0253,-0.3023,-0.0478,0.0129,-0.2448,-0.0575,0.0039,-0.201,-0.0511,0.0437,-0.1914,-0.02,0.057,-0.2341,-0.0546,0.0356,-0.1756,-0.0464,0.0258,-0.1429,-0.0283,0.0739,-0.1481,-0.0334,0.0869,-0.1947,-0.0492,0.0668,-0.1562,-0.0359,0.0557,-0.1298,-0.02
0,Move Cursor (Index Pointing),0.0,0.0,0.0,-0.0394,-0.0628,-0.0242,-0.0452,-0.1504,-0.0358,-0.0016,-0.2064,-0.0484,0.0442,-0.2195,-0.0599,-0.0448,-0.2379,-0.0095,-0.0434,-0.3272,-0.0345,-0.0425,-0.3771,-0.0509,-0.0389,-0.425,-0.0625,0.0009,-0.2217,-0.0151,0.0241,-0.2951,-0.0562,0.0071,-0.2289,-0.0654,-0.0043,-0.1867,-0.0585,0.0406,-0.1914,-0.0249,0.0564,-0.2302,-0.0621,0.0319,-0.1671,-0.0534,0.0218,-0.1377,-0.0347,0.0718,-0.1491,-0.0377,0.0845,-0.1878,-0.0564,0.0628,-0.1468,-0.044,0.052,-0.1224,-0.0284
0,Move Cursor (Index Pointing),0.0,0.0,0.0,-0.0396,-0.0684,-0.0233,-0.0424,-0.1593,-0.0332,0.0014,-0.2194,-0.0446,0.0433,-0.24,-0.0553,-0.0425,-0.2346,-0.0063,-0.0457,-0.3246,-0.0306,-0.0448,-0.3784,-0.0478,-0.0419,-0.427,-0.0598,0.0013,-0.221,-0.0121,0.0211,-0.3025,-0.0509,0.0089,-0.2502,-0.063,-0.0014,-0.2072,-0.0587,0.04,-0.1921,-0.0221,0.0537,-0.2353,-0.0575,0.0321,-0.1794,-0.0523,0.0211,-0.146,-0.0362,0.0706,-0.1508,-0.035,0.0832,-0.1943,-0.0522,0.0631,-0.1573,-0.0413,0.0515,-0.1301,-0.027
0,Move Cursor (Index Pointing),0.0,0.0,0.0,-0.0393,-0.0611,-0.0257,-0.0433,-0.1491,-0.0369,0.0,-0.2078,-0.0487,0.0438,-0.2276,-0.0591,-0.0446,-0.2316,-0.0101,-0.048,-0.3213,-0.0352,-0.0472,-0.3731,-0.0517,-0.0427,-0.4217,-0.0632,0.0005,-0.219,-0.0144,0.0231,-0.2953,-0.0545,0.0107,-0.2354,-0.0648,0.0011,-0.195,-0.0591,0.0394,-0.1908,-0.0232,0.0557,-0.228,-0.0596,0.0336,-0.1705,-0.0533,0.0227,-0.1432,-0.0366,0.0694,-0.1505,-0.0349,0.0838,-0.1883,-0.0526,0.0637,-0.151,-0.0415,0.0522,-0.1284,-0.0273
0,Move Cursor (Index Pointing),0.0,0.0,0.0,-0.0398,-0.0639,-0.0219,-0.0459,-0.1491,-0.0329,-0.0024,-0.2075,-0.0451,0.0415,-0.2256,-0.0562,-0.0452,-0.2347,-0.0083,-0.0496,-0.3259,-0.0331,-0.0491,-0.3775,-0.0494,-0.0447,-0.4234,-0.0611,-0.0003,-0.2217,-0.0145,0.0203,-0.2981,-0.0508,0.006,-0.2283,-0.056,-0.0022,-0.1901,-0.0481,0.0384,-0.1935,-0.0253,0.0554,-0.2381,-0.0579,0.0318,-0.1749,-0.0455,0.0214,-0.1455,-0.0264,0.0681,-0.1512,-0.0392,0.0825,-0.1944,-0.0559,0.0614,-0.1545,-0.0422,0.0505,-0.129,-0.0265
0,Move Cursor (Index Pointing),0.0,0.0,0.0,-0.0407,-0.0622,-0.0238,-0.0457,-0.1552,-0.0353,-0.0012,-0.2168,-0.0481,0.044,-0.2294,-0.06,-0.0466,-0.2374,-0.0082,-0.0501,-0.3278,-0.0318,-0.0504,-0.3814,-0.0473,-0.0457,-0.4291,-0.0587,-0.0011,-0.2225,-0.0139,0.021,-0.3026,-0.0524,0.0071,-0.2411,-0.0601,-0.0022,-0.2003,-0.0527,0.0384,-0.1929,-0.0241,0.0547,-0.2354,-0.0582,0.0315,-0.1749,-0.049,0.0207,-0.1438,-0.031,0.0687,-0.1512,-0.0374,0.0809,-0.1941,-0.0545,0.06,-0.1527,-0.0425,0.0495,-0.1263,-0.028
0,Move Cursor (Index Pointing),0.0,0.0,0.0,-0.04,-0.0635,-0.0214,-0.0454,-0.1521,-0.0312,-0.0039,-0.2152,-0.0431,0.0398,-0.2364,-0.0538,-0.0467,-0.2375,-0.0032,-0.0524,-0.3263,-0.0274,-0.0531,-0.3794,-0.043,-0.0477,-0.4257,-0.0536,-0.0014,-0.2234,-0.0099,0.0201,-0.3051,-0.0479,0.0064,-0.2462,-0.0559,-0.0021,-0.2075,-0.0485,0.0388,-0.1945,-0.0213,0.0535,-0.2346,-0.0562,0.0301,-0.1748,-0.0473,0.0198,-0.1464,-0.0289,0.0692,-0.1527,-0.0355,0.0812,-0.1955,-0.0522,0.0594,-0.1538,-0.0391,0.0479,-0.1282,-0.0234
0,Move Cursor (Index Pointing),0.0,0.0,0.0,-0.0403,-0.062,-0.024,-0.0459,-0.1522,-0.0358,-0.0046,-0.2173,-0.0491,0.0405,-0.2345,-0.0613,-0.0488,-0.2354,-0.0049,-0.0539,-0.3256,-0.0296,-0.0545,-0.3808,-0.045,-0.0493,-0.4282,-0.0556,-0.0033,-0.2214,-0.0103,0.0189,-0.3021,-0.0492,0.0061,-0.2397,-0.0561,-0.003,-0.2018,-0.0475,0.0372,-0.193,-0.0207,0.0539,-0.2342,-0.0567,0.0313,-0.1739,-0.0475,0.0204,-0.146,-0.0287,0.0677,-0.1524,-0.0342,0.0812,-0.1943,-0.0521,0.0596,-0.1523,-0.0399,0.0472,-0.1268,-0.0246
0,Move Cursor (Index Pointing),0.0,0.0,0.0,-0.0405,-0.0624,-0.0236,-0.0463,-0.1537,-0.0348,-0.0061,-0.2192,-0.0477,0.0383,-0.2379,-0.0597,-0.0488,-0.2366,-0.0044,-0.055,-0.3267,-0.0279,-0.0566,-0.3822,-0.0428,-0.0525,-0.4295,-0.0533,-0.0036,-0.2226,-0.01,0.0178,-0.3028,-0.0486,0.0057,-0.2428,-0.0568,-0.0036,-0.201,-0.0494,0.037,-0.1939,-0.0203,0.0526,-0.2363,-0.0561,0.0304,-0.1775,-0.0486,0.0193,-0.1459,-0.031,0.0679,-0.1527,-0.0335,0.0808,-0.1966,-0.0518,0.0594,-0.1554,-0.0406,0.0469,-0.1274,-0.0261
0,Move Cursor (Index Pointing),0.0,0.0,0.0,-0.0407,-0.0631,-0.0226,-0.0467,-0.1572,-0.0327,-0.0042,-0.2204,-0.0446,0.0405,-0.2363,-0.0555,-0.0472,-0.2362,-0.0033,-0.0538,-0.3267,-0.0264,-0.0556,-0.3809,-0.0408,-0.0513,-0.429,-0.051,-0.0028,-0.2224,-0.0099,0.0183,-0.3047,-0.0495,0.0048,-0.2441,-0.0585,-0.0037,-0.2024,-0.0509,0.037,-0.1934,-0.0211,0.0522,-0.2391,-0.0573,0.0294,-0.1794,-0.0495,0.0196,-0.1497,-0.0314,0.0687,-0.1518,-0.0352,0.0804,-0.1966,-0.0524,0.0588,-0.1556,-0.0401,0.0478,-0.1294,-0.0249
0,Move Cursor (Index Pointing),0.0,0.0,0.0,-0.0401,-0.0625,-0.0202,-0.0462,-0.1557,-0.03,-0.0052,-0.2212,-0.0419,0.0381,-0.2358,-0.0534,-0.0465,-0.236,-0.0034,-0.0525,-0.3269,-0.0259,-0.0543,-0.3805,-0.0398,-0.0504,-0.4268,-0.0496,-0.0023,-0.2223,-0.0104,0.0169,-0.3052,-0.0465,0.0041,-0.2416,-0.0523,-0.0035,-0.2026,-0.0435,0.0377,-0.1932,-0.0219,0.0517,-0.2394,-0.0553,0.0292,-0.1765,-0.0447,0.0194,-0.1462,-0.0256,0.0686,-0.1509,-0.036,0.0803,-0.1983,-0.0523,0.0594,-0.1553,-0.0383,0.0489,-0.1277,-0.0223
0,Move Cursor (Index Pointing),0.0,0.0,0.0,-0.0406,-0.0623,-0.0221,-0.0469,-0.1563,-0.0322,-0.0062,-0.2223,-0.044,0.0383,-0.2351,-0.0554,-0.0476,-0.2343,-0.005,-0.0547,-0.3255,-0.0278,-0.0567,-0.3809,-0.0424,-0.053,-0.4294,-0.0529,-0.0033,-0.2216,-0.011,0.0168,-0.3042,-0.0483,0.0053,-0.2432,-0.0556,-0.0028,-0.2002,-0.0476,0.0368,-0.1928,-0.0213,0.0515,-0.2384,-0.0561,0.0293,-0.1778,-0.0477,0.0187,-0.1445,-0.0297,0.0677,-0.1516,-0.0343,0.0787,-0.1976,-0.0518,0.0578,-0.1551,-0.0397,0.0469,-0.1255,-0.0247
0,Move Cursor (Index Pointing),0.0,0.0,0.0,-0.0408,-0.0631,-0.0215,-0.0471,-0.1547,-0.0312,-0.0054,-0.2175,-0.0428,0.0381,-0.2335,-0.0536,-0.0454,-0.2364,-0.0043,-0.0512,-0.3262,-0.0274,-0.0531,-0.3803,-0.0428,-0.05,-0.4284,-0.0538,-0.0001,-0.2235,-0.0113,0.0195,-0.3061,-0.0496,0.0064,-0.2479,-0.0589,-0.0019,-0.2049,-0.0523,0.04,-0.1946,-0.0226,0.0539,-0.2394,-0.0573,0.0312,-0.1806,-0.0498,0.0212,-0.1487,-0.0325,0.0711,-0.1524,-0.0368,0.0827,-0.1975,-0.0534,0.0612,-0.1572,-0.0413,0.0502,-0.1295,-0.0266
0,Move Cursor (Index Pointing),0.0,0.0,0.0,-0.0392,-0.0586,-0.0247,-0.0458,-0.1483,-0.0363,-0.0052,-0.21,-0.0488,0.0393,-0.2278,-0.06,-0.0477,-0.2368,-0.0095,-0.052,-0.3275,-0.0346,-0.0529,-0.3794,-0.0502,-0.0481,-0.427,-0.0611,-0.0012,-0.2225,-0.0148,0.0197,-0.302,-0.055,0.0053,-0.2386,-0.0633,-0.0029,-0.1986,-0.0557,0.0395,-0.1923,-0.0247,0.0537,-0.2326,-0.0611,0.0306,-0.1699,-0.0523,0.0216,-0.1425,-0.0338,0.0709,-0.1492,-0.0375,0.0821,-0.1889,-0.0551,0.0612,-0.1473,-0.0426,0.0515,-0.1248,-0.0272
0,Move Cursor (Index Pointing),0.0,0.0,0.0,-0.0431,-0.0597,-0.0222,-0.05,-0.1561,-0.0317,-0.0078,-0.2204,-0.0428,0.0343,-0.2377,-0.0536,-0.0486,-0.2328,-0.0082,-0.057,-0.3255,-0.0321,-0.0585,-0.3813,-0.0482,-0.0546,-0.4307,-0.06,-0.004,-0.2211,-0.0147,0.0153,-0.3064,-0.0543,0.0021,-0.2461,-0.0637,-0.0071,-0.2002,-0.0574,0.0355,-0.1935,-0.0252,0.0492,-0.2455,-0.0605,0.0266,-0.1837,-0.0519,0.0159,-0.1471,-0.0341,0.067,-0.1527,-0.0386,0.0778,-0.2014,-0.0568,0.057,-0.1594,-0.0449,0.0469,-0.129,-0.0303
0,Move Cursor (Index Pointing),0.0,0.0,0.0,-0.0428,-0.0596,-0.0197,-0.0512,-0.1527,-0.0288,-0.0104,-0.217,-0.0399,0.0329,-0.2354,-0.0506,-0.0483,-0.2356,-0.0061,-0.0555,-0.3259,-0.0289,-0.0577,-0.38,-0.0434,-0.055,-0.4272,-0.054,-0.0041,-0.2246,-0.0136,0.0132,-0.3053,-0.0498,0.0011,-0.2438,-0.0568,-0.0069,-0.2029,-0.0496,0.0359,-0.1972,-0.025,0.0498,-0.2424,-0.0585,0.0275,-0.1793,-0.0488,0.0161,-0.1461,-0.0309,0.0673,-0.1562,-0.0391,0.0767,-0.1995,-0.0563,0.0564,-0.1561,-0.0437,0.0461,-0.1284,-0.0287
0,Move Cursor (Index Pointing),0.0,0.0,0.0,-0.0427,-0.0598,-0.0213,-0.0503,-0.1537,-0.0314,-0.0097,-0.2179,-0.0432,0.0339,-0.2396,-0.0548,-0.0479,-0.2358,-0.0084,-0.0556,-0.3275,-0.0325,-0.0573,-0.3825,-0.0483,-0.0527,-0.4312,-0.0595,-0.003,-0.2233,-0.0156,0.0157,-0.3085,-0.0544,0.002,-0.2492,-0.0633,-0.0058,-0.2037,-0.057,0.0371,-0.1949,-0.0268,0.0497,-0.246,-0.0622,0.0273,-0.1839,-0.0534,0.018,-0.1476,-0.0357,0.0693,-0.1528,-0.0408,0.0785,-0.2035,-0.0586,0.0581,-0.1613,-0.0462,0.0486,-0.1307,-0.0313
0,Move Cursor (Index Pointing),0.0,0.0,0.0,-0.0424,-0.0608,-0.024,-0.0505,-0.1514,-0.0352,-0.0135,-0.215,-0.0476,0.0276,-0.2405,-0.0591,-0.0518,-0.239,-0.0079,-0.0591,-0.3303,-0.0335,-0.0615,-0.3847,-0.0505,-0.0581,-0.4339,-0.0624,-0.0065,-0.2256,-0.0139,0.0113,-0.3066,-0.056,-0.0006,-0.2458,-0.0671,-0.0085,-0.2,-0.0615,0.034,-0.1966,-0.0243,0.0465,-0.2421,-0.0625,0.0253,-0.1788,-0.0549,0.0143,-0.1444,-0.0368,0.0663,-0.1542,-0.0376,0.078,-0.2003,-0.0571,0.0574,-0.1565,-0.0448,0.0449,-0.128,-0.0293
0,Move Cursor (Index Pointing),0.0,0.0,0.0,-0.0436,-0.0614,-0.0214,-0.052,-0.1556,-0.031,-0.0128,-0.2199,-0.0424,0.0287,-0.2408,-0.0534,-0.0509,-0.2388,-0.0085,-0.0597,-0.3317,-0.0338,-0.0617,-0.3876,-0.0513,-0.0583,-0.4382,-0.0638,-0.0059,-0.2278,-0.0159,0.0106,-0.3122,-0.0562,-0.0003,-0.2533,-0.067,-0.0074,-0.2072,-0.0619,0.035,-0.1999,-0.0273,0.0474,-0.2486,-0.0635,0.0268,-0.1867,-0.0557,0.0166,-0.1502,-0.0384,0.0679,-0.1575,-0.0415,0.0787,-0.2058,-0.0598,0.0583,-0.1634,-0.0477,0.0471,-0.1332,-0.0329
0,Move Cursor (Index Pointing),0.0,0.0,0.0,-0.0439,-0.0613,-0.0221,-0.0532,-0.1573,-0.0312,-0.0127,-0.2207,-0.0421,0.0305,-0.2377,-0.0521,-0.051,-0.2372,-0.0074,-0.0598,-0.3307,-0.0321,-0.0629,-0.3861,-0.0483,-0.0596,-0.4369,-0.0599,-0.0059,-0.2263,-0.0144,0.0117,-0.3127,-0.0547,-0.0004,-0.2538,-0.0649,-0.007,-0.2087,-0.0587,0.0341,-0.1986,-0.0255,0.0475,-0.245,-0.0617,0.026,-0.184,-0.0546,0.0168,-0.1502,-0.0371,0.0662,-0.1573,-0.0394,0.0775,-0.2035,-0.057,0.0573,-0.1626,-0.0451,0.0472,-0.1344,-0.0304
0,Move Cursor (Index Pointing),0.0,0.0,0.0,-0.043,-0.0605,-0.0236,-0.0528,-0.1536,-0.0342,-0.013,-0.217,-0.0462,0.0305,-0.237,-0.0574,-0.0519,-0.2386,-0.0095,-0.06,-0.331,-0.0361,-0.0623,-0.3858,-0.0542,-0.0588,-0.4362,-0.0671,-0.0064,-0.2264,-0.0157,0.0121,-0.31,-0.0573,-0.0005,-0.2478,-0.0673,-0.0087,-0.2029,-0.0611,0.0342,-0.1977,-0.0264,0.0477,-0.2429,-0.0636,0.0258,-0.1789,-0.0549,0.0152,-0.1443,-0.0364,0.0661,-0.1548,-0.0401,0.0792,-0.2021,-0.0592,0.0585,-0.1589,-0.0469,0.0467,-0.1297,-0.0316
0,Move Cursor (Index Pointing),0.0,0.0,0.0,-0.0432,-0.0608,-0.0232,-0.0538,-0.1543,-0.0327,-0.0134,-0.2176,-0.0438,0.0304,-0.2344,-0.0541,-0.0519,-0.2378,-0.008,-0.0598,-0.33,-0.0334,-0.0626,-0.3846,-0.0506,-0.0592,-0.4352,-0.063,-0.0062,-0.2257,-0.0144,0.0119,-0.3111,-0.0548,-0.0007,-0.251,-0.0647,-0.0078,-0.2064,-0.0584,0.0344,-0.1968,-0.0251,0.0463,-0.241,-0.0617,0.0249,-0.1788,-0.0539,0.016,-0.1454,-0.0361,0.0665,-0.1538,-0.0389,0.0782,-0.2011,-0.0574,0.0576,-0.1595,-0.0457,0.0468,-0.131,-0.0309
0,Move Cursor (Index Pointing),0.0,0.0,0.0,-0.0441,-0.059,-0.0254,-0.0541,-0.1535,-0.036,-0.0142,-0.2171,-0.0475,0.029,-0.2401,-0.0581,-0.0516,-0.2419,-0.0095,-0.0603,-0.333,-0.0356,-0.0624,-0.3885,-0.0532,-0.0592,-0.4388,-0.0656,-0.0063,-0.2293,-0.0152,0.0111,-0.3104,-0.0581,-0.0011,-0.2493,-0.0695,-0.0097,-0.2026,-0.0638,0.0339,-0.2004,-0.0254,0.0465,-0.2454,-0.0643,0.0251,-0.1806,-0.057,0.0141,-0.1454,-0.0388,0.0666,-0.158,-0.0386,0.0774,-0.2027,-0.0585,0.0572,-0.1588,-0.0467,0.0455,-0.1308,-0.0314
0,Move Cursor (Index Pointing),0.0,0.0,0.0,-0.0447,-0.06,-0.0225,-0.0542,-0.1552,-0.0324,-0.015,-0.2218,-0.0437,0.0272,-0.2424,-0.0546,-0.05,-0.2402,-0.01,-0.0585,-0.3347,-0.0346,-0.061,-0.3909,-0.0519,-0.0586,-0.4415,-0.0646,-0.0055,-0.2283,-0.0163,0.011,-0.3108,-0.0551,-0.0001,-0.2522,-0.0648,-0.0082,-0.2078,-0.0599,0.0343,-0.1991,-0.0267,0.0477,-0.2488,-0.0623,0.0266,-0.1857,-0.054,0.0154,-0.1478,-0.0369,0.0655,-0.1557,-0.0398,0.0777,-0.2051,-0.0597,0.0566,-0.1614,-0.0484,0.0442,-0.1295,-0.0341
0,Move Cursor (Index Pointing),0.0,0.0,0.0,-0.0438,-0.0604,-0.0218,-0.0547,-0.1546,-0.0314,-0.016,-0.2197,-0.0425,0.0274,-0.2403,-0.0529,-0.0499,-0.2412,-0.0086,-0.0576,-0.3359,-0.0332,-0.0603,-0.3914,-0.0492,-0.0569,-0.4422,-0.0608,-0.0046,-0.2293,-0.0154,0.0122,-0.3134,-0.0546,-0.0006,-0.252,-0.0632,-0.0072,-0.2081,-0.0568,0.0355,-0.2006,-0.0263,0.0489,-0.2477,-0.0619,0.0267,-0.1839,-0.0526,0.0175,-0.1495,-0.0345,0.0675,-0.1578,-0.0401,0.0786,-0.206,-0.0583,0.0578,-0.1625,-0.0457,0.0474,-0.1333,-0.0306
0,Move Cursor (Index Pointing),0.0,0.0,0.0,-0.0429,-0.06,-0.0236,-0.0531,-0.1558,-0.0341,-0.0136,-0.2214,-0.046,0.0303,-0.2394,-0.0571,-0.0494,-0.239,-0.0091,-0.0571,-0.3341,-0.0346,-0.0598,-0.3906,-0.051,-0.056,-0.4424,-0.0628,-0.0046,-0.2277,-0.0154,0.0132,-0.3116,-0.0568,0.0013,-0.2503,-0.0664,-0.0059,-0.207,-0.0599,0.0355,-0.2001,-0.0261,0.049,-0.2459,-0.0638,0.028,-0.182,-0.0557,0.0185,-0.1483,-0.0373,0.068,-0.1592,-0.0397,0.08,-0.206,-0.0586,0.0602,-0.1636,-0.0468,0.0498,-0.1352,-0.0319
0,Move Cursor (Index Pointing),0.0,0.0,0.0,-0.0429,-0.0606,-0.0234,-0.0541,-0.1537,-0.0335,-0.0155,-0.2192,-0.0447,0.0295,-0.2384,-0.0549,-0.0486,-0.2417,-0.0099,-0.055,-0.3367,-0.0341,-0.0573,-0.3909,-0.0499,-0.0543,-0.4413,-0.0615,-0.0029,-0.2296,-0.0159,0.013,-0.3128,-0.0544,0.0013,-0.2522,-0.0634,-0.0045,-0.2103,-0.0576,0.0372,-0.2006,-0.0262,0.05,-0.2476,-0.0616,0.0281,-0.1867,-0.0537,0.0188,-0.1548,-0.0369,0.0698,-0.1579,-0.0395,0.0804,-0.2032,-0.0577,0.0605,-0.1622,-0.0463,0.051,-0.1347,-0.0323
0,Move Cursor (Index Pointing),0.0,0.0,0.0,-0.0438,-0.0621,-0.023,-0.0561,-0.1514,-0.0335,-0.0171,-0.2145,-0.0454,0.0272,-0.2374,-0.0559,-0.0487,-0.2461,-0.0093,-0.0545,-0.339,-0.0344,-0.0564,-0.3911,-0.0506,-0.053,-0.44,-0.0621,-0.0029,-0.2317,-0.0158,0.0149,-0.3124,-0.0543,0.0011,-0.2494,-0.0626,-0.0046,-0.2103,-0.0566,0.0372,-0.2008,-0.0268,0.0518,-0.2453,-0.0629,0.0276,-0.1817,-0.0537,0.0187,-0.1527,-0.0359,0.0696,-0.1559,-0.0406,0.0832,-0.2025,-0.0587,0.0611,-0.161,-0.0458,0.0498,-0.1349,-0.0306
0,Move Cursor (Index Pointing),0.0,0.0,0.0,-0.0455,-0.0593,-0.0234,-0.0582,-0.1517,-0.0334,-0.0197,-0.2171,-0.0446,0.0238,-0.2405,-0.055,-0.0491,-0.2417,-0.0095,-0.0567,-0.3359,-0.0346,-0.0599,-0.3911,-0.0514,-0.0579,-0.4425,-0.0637,-0.003,-0.2303,-0.0157,0.011,-0.3134,-0.0551,0.0002,-0.253,-0.0653,-0.0043,-0.2116,-0.0605,0.0371,-0.2018,-0.0262,0.0487,-0.2508,-0.063,0.0266,-0.189,-0.0559,0.0178,-0.1565,-0.0394,0.0696,-0.1594,-0.0396,0.0796,-0.2061,-0.0587,0.0589,-0.1649,-0.0476,0.0491,-0.1367,-0.0337
0,Move Cursor (Index Pointing),0.0,0.0,0.0,-0.0443,-0.0592,-0.0231,-0.0582,-0.1503,-0.0331,-0.0205,-0.2159,-0.0441,0.0236,-0.2375,-0.0541,-0.0487,-0.2413,-0.0101,-0.0561,-0.3365,-0.0349,-0.0594,-0.3901,-0.0512,-0.0568,-0.4412,-0.0632,-0.0026,-0.2292,-0.0163,0.0118,-0.3102,-0.0548,-0.0014,-0.2453,-0.0634,-0.0058,-0.2065,-0.0579,0.0375,-0.2002,-0.0268,0.0509,-0.2485,-0.0633,0.0263,-0.1834,-0.0545,0.0173,-0.153,-0.037,0.0701,-0.157,-0.0401,0.0801,-0.2031,-0.0593,0.0586,-0.161,-0.0471,0.0493,-0.1344,-0.0324
0,Move Cursor (Index Pointing),0.0,0.0,0.0,-0.0483,-0.0621,-0.0211,-0.0644,-0.1506,-0.0308,-0.0332,-0.2187,-0.0419,0.0042,-0.2535,-0.0522,-0.0498,-0.2469,-0.0094,-0.0595,-0.3394,-0.0341,-0.0606,-0.3979,-0.0522,-0.0579,-0.4499,-0.0653,-0.0055,-0.2373,-0.0169,0.0075,-0.3269,-0.0529,-0.001,-0.2786,-0.0646,-0.0059,-0.2383,-0.0625,0.0338,-0.209,-0.0283,0.0468,-0.2639,-0.0615,0.0241,-0.2118,-0.0565,0.0124,-0.1786,-0.0432,0.0663,-0.1651,-0.0423,0.0749,-0.2131,-0.0589,0.0543,-0.1806,-0.0486,0.0428,-0.1534,-0.0362
0,Move Cursor (Index Pointing),0.0,0.0,0.0,-0.0483,-0.0605,-0.0206,-0.0627,-0.1531,-0.0312,-0.029,-0.2173,-0.0444,0.0141,-0.2352,-0.0562,-0.0545,-0.2508,-0.0034,-0.0594,-0.3433,-0.0284,-0.0593,-0.3954,-0.045,-0.0538,-0.4418,-0.0566,-0.0108,-0.2366,-0.0121,0.005,-0.3176,-0.0539,-0.0137,-0.257,-0.0652,-0.0238,-0.2127,-0.0596,0.0287,-0.2051,-0.0252,0.0364,-0.2448,-0.0628,0.0126,-0.1845,-0.0567,0.0061,-0.1551,-0.0399,0.0614,-0.1601,-0.0411,0.0644,-0.1942,-0.0592,0.0428,-0.1581,-0.0487,0.0353,-0.137,-0.0349
0,Move Cursor (Index Pointing),0.0,0.0,0.0,-0.0491,-0.0592,-0.023,-0.0657,-0.1508,-0.0337,-0.0336,-0.2196,-0.0464,0.0113,-0.2438,-0.0582,-0.0543,-0.2388,-0.0071,-0.0621,-0.3359,-0.0332,-0.0663,-0.393,-0.0516,-0.065,-0.4465,-0.0652,-0.0103,-0.2297,-0.014,0.0039,-0.3191,-0.055,-0.0121,-0.2584,-0.0657,-0.0186,-0.2122,-0.0607,0.0285,-0.2029,-0.0256,0.0364,-0.252,-0.0608,0.0097,-0.1945,-0.0539,0.0026,-0.1613,-0.0379,0.0617,-0.1633,-0.0405,0.0652,-0.2067,-0.0578,0.0393,-0.1703,-0.048,0.0295,-0.1419,-0.0356
0,Move Cursor (Index Pointing),0.0,0.0,0.0,-0.051,-0.0529,-0.0214,-0.0741,-0.15,-0.0323,-0.0462,-0.2258,-0.0456,-0.0045,-0.2565,-0.0586,-0.0595,-0.2417,-0.0079,-0.0724,-0.3391,-0.0355,-0.0791,-0.3988,-0.0541,-0.0785,-0.4541,-0.0677,-0.0159,-0.2324,-0.0156,-0.015,-0.3197,-0.0576,-0.0312,-0.2521,-0.0663,-0.0333,-0.2067,-0.0596,0.0236,-0.2066,-0.0278,0.0211,-0.2635,-0.0664,-0.0025,-0.1927,-0.0551,-0.0047,-0.1546,-0.035,0.0585,-0.1677,-0.0428,0.0529,-0.2191,-0.0633,0.0311,-0.1723,-0.0503,0.0281,-0.1407,-0.0343
0,Move Cursor (Index Pointing),0.0,0.0,0.0,-0.0505,-0.0642,-0.0192,-0.0712,-0.157,-0.0297,-0.042,-0.2264,-0.0431,0.0011,-0.2515,-0.0557,-0.059,-0.2436,-0.0038,-0.0723,-0.3434,-0.0281,-0.0794,-0.4005,-0.0442,-0.0793,-0.4547,-0.056,-0.0154,-0.2324,-0.0131,-0.0107,-0.321,-0.054,-0.0291,-0.261,-0.0644,-0.0333,-0.2147,-0.0589,0.0243,-0.2049,-0.0265,0.0234,-0.2596,-0.0631,-0.0004,-0.1971,-0.0544,-0.0028,-0.1612,-0.0363,0.0603,-0.1644,-0.0426,0.0558,-0.2153,-0.0587,0.0354,-0.1763,-0.0452,0.0334,-0.1473,-0.0296
0,Move Cursor (Index Pointing),0.0,0.0,0.0,-0.0482,-0.0611,-0.0213,-0.0673,-0.1513,-0.0323,-0.0354,-0.2199,-0.0457,0.006,-0.2515,-0.0583,-0.0552,-0.2383,-0.0085,-0.0654,-0.3364,-0.0344,-0.0707,-0.3951,-0.0522,-0.072,-0.4491,-0.065,-0.0132,-0.2274,-0.0163,-0.004,-0.3192,-0.0582,-0.0202,-0.2603,-0.069,-0.028,-0.2099,-0.0632,0.0241,-0.2008,-0.0282,0.0299,-0.2515,-0.0649,0.0066,-0.191,-0.0573,0.0009,-0.1521,-0.0396,0.0561,-0.1623,-0.043,0.06,-0.2131,-0.0608,0.0378,-0.1739,-0.049,0.0302,-0.1406,-0.0342
0,Move Cursor (Index Pointing),0.0,0.0,0.0,-0.0478,-0.0578,-0.0195,-0.0686,-0.1478,-0.0301,-0.0402,-0.2138,-0.0431,-0.0015,-0.2423,-0.0554,-0.0551,-0.2372,-0.0095,-0.0679,-0.3355,-0.034,-0.0735,-0.3938,-0.0499,-0.0744,-0.4462,-0.0614,-0.013,-0.2258,-0.0182,-0.0058,-0.3101,-0.0595,-0.0203,-0.2501,-0.0699,-0.0264,-0.2029,-0.0647,0.0261,-0.1982,-0.0306,0.031,-0.247,-0.067,0.0078,-0.1855,-0.0586,0.0009,-0.1506,-0.0413,0.061,-0.1584,-0.0456,0.0624,-0.202,-0.0626,0.0402,-0.1641,-0.05,0.0322,-0.1368,-0.0353
0,Move Cursor (Index Pointing),0.0,0.0,0.0,-0.0501,-0.0591,-0.0203,-0.0688,-0.1499,-0.0301,-0.0401,-0.2209,-0.0425,0.0009,-0.2515,-0.0541,-0.0591,-0.2331,-0.0073,-0.0717,-0.3335,-0.0331,-0.0768,-0.392,-0.0492,-0.0764,-0.4456,-0.0604,-0.0153,-0.2239,-0.0154,-0.0083,-0.3112,-0.0574,-0.0218,-0.2516,-0.0675,-0.0265,-0.2059,-0.0614,0.0253,-0.1981,-0.0275,0.0276,-0.247,-0.0653,0.005,-0.1841,-0.0565,-0.0008,-0.1493,-0.0379,0.0609,-0.1594,-0.0422,0.0599,-0.2015,-0.0598,0.0389,-0.1627,-0.0469,0.0327,-0.1369,-0.0314
0,Move Cursor (Index Pointing),0.0,0.0,0.0,-0.0484,-0.0539,-0.0222,-0.066,-0.1441,-0.0329,-0.0345,-0.2109,-0.0452,0.0043,-0.2411,-0.0567,-0.0558,-0.2305,-0.0115,-0.0655,-0.3274,-0.0357,-0.069,-0.3856,-0.0518,-0.0685,-0.4385,-0.0635,-0.0122,-0.2197,-0.0187,0.0003,-0.3127,-0.0586,-0.0137,-0.2612,-0.0696,-0.0221,-0.2161,-0.0652,0.0269,-0.1923,-0.0296,0.0369,-0.2459,-0.0657,0.0128,-0.1884,-0.0596,0.0028,-0.1527,-0.044,0.0604,-0.1527,-0.0431,0.0659,-0.1993,-0.0614,0.0436,-0.1618,-0.0507,0.0332,-0.1321,-0.0374
0,Move Cursor (Index Pointing),0.0,0.0,0.0,-0.0504,-0.0575,-0.0197,-0.0673,-0.1475,-0.0294,-0.0376,-0.216,-0.0413,0.0016,-0.2454,-0.0527,-0.0556,-0.2274,-0.0089,-0.0655,-0.3264,-0.0325,-0.0693,-0.3852,-0.0482,-0.0694,-0.4372,-0.0596,-0.0132,-0.2173,-0.0168,-0.0037,-0.3101,-0.0557,-0.0154,-0.2626,-0.0669,-0.0212,-0.2185,-0.0629,0.0258,-0.1907,-0.028,0.0321,-0.2454,-0.0636,0.0102,-0.1892,-0.0573,0.0018,-0.1516,-0.0415,0.0604,-0.1512,-0.0416,0.0643,-0.1994,-0.0601,0.044,-0.1634,-0.0495,0.0349,-0.1329,-0.0358
0,Move Cursor (Index Pointing),0.0,0.0,0.0,-0.0462,-0.0538,-0.0229,-0.0633,-0.1459,-0.034,-0.0248,-0.2097,-0.0463,0.02,-0.2304,-0.0581,-0.0547,-0.2334,-0.0127,-0.0609,-0.3292,-0.0359,-0.0626,-0.3843,-0.0508,-0.062,-0.4352,-0.062,-0.0102,-0.2223,-0.0187,0.0021,-0.3087,-0.0568,-0.0099,-0.2458,-0.0646,-0.0173,-0.2012,-0.0579,0.0295,-0.1943,-0.0284,0.0376,-0.2413,-0.0642,0.017,-0.1753,-0.0552,0.0096,-0.1406,-0.037,0.0629,-0.1544,-0.0408,0.0697,-0.2037,-0.0595,0.0504,-0.1617,-0.0472,0.0419,-0.1324,-0.0322
0,Move Cursor (Index Pointing),0.0,0.0,0.0,-0.0488,-0.0573,-0.0206,-0.065,-0.1501,-0.0295,-0.0281,-0.2154,-0.0405,0.0148,-0.2384,-0.0512,-0.0548,-0.2333,-0.009,-0.0633,-0.3292,-0.0317,-0.0658,-0.3863,-0.0467,-0.0655,-0.4372,-0.0575,-0.0109,-0.2233,-0.0161,-0.0,-0.3124,-0.054,-0.0121,-0.2623,-0.0645,-0.0202,-0.2166,-0.0595,0.0286,-0.196,-0.0269,0.0358,-0.2422,-0.0628,0.0149,-0.1826,-0.0575,0.0056,-0.1448,-0.0414,0.0614,-0.1552,-0.04,0.0675,-0.2029,-0.0588,0.0486,-0.164,-0.0485,0.0396,-0.1327,-0.0346
0,Move Cursor (Index Pointing),0.0,0.0,0.0,-0.0462,-0.0552,-0.0245,-0.0641,-0.1492,-0.0352,-0.025,-0.218,-0.0465,0.0219,-0.2419,-0.057,-0.0542,-0.2397,-0.0124,-0.0598,-0.3353,-0.0363,-0.0613,-0.3905,-0.0525,-0.0604,-0.4431,-0.0649,-0.0084,-0.23,-0.0178,0.005,-0.3161,-0.0568,-0.0072,-0.2497,-0.0654,-0.0143,-0.2049,-0.0593,0.0316,-0.2024,-0.0274,0.0434,-0.2503,-0.0643,0.0204,-0.1843,-0.0562,0.011,-0.1501,-0.0387,0.0648,-0.1614,-0.0397,0.0738,-0.2101,-0.0596,0.0528,-0.1683,-0.0485,0.0425,-0.1388,-0.0344
0,Move Cursor (Index Pointing),0.0,0.0,0.0,-0.049,-0.058,-0.0219,-0.0658,-0.1518,-0.031,-0.0299,-0.2234,-0.0417,0.0125,-0.2487,-0.0519,-0.0545,-0.2407,-0.0095,-0.0606,-0.3368,-0.0329,-0.0625,-0.393,-0.049,-0.061,-0.4459,-0.0615,-0.0095,-0.2301,-0.0162,0.0025,-0.3178,-0.0543,-0.0103,-0.2623,-0.0647,-0.0168,-0.2208,-0.0606,0.0307,-0.2025,-0.0267,0.0419,-0.2526,-0.0626,0.018,-0.1907,-0.0559,0.0078,-0.1559,-0.04,0.0643,-0.1616,-0.0399,0.0719,-0.2088,-0.0595,0.0511,-0.1685,-0.0494,0.0418,-0.1395,-0.0361
0,Move Cursor (Index Pointing),0.0,0.0,0.0,-0.0457,-0.0535,-0.0251,-0.0632,-0.1426,-0.0366,-0.0265,-0.2077,-0.0485,0.0176,-0.2315,-0.0591,-0.057,-0.2419,-0.0137,-0.0624,-0.3358,-0.0378,-0.0629,-0.3881,-0.0528,-0.0602,-0.4385,-0.0639,-0.0102,-0.2315,-0.0189,0.0025,-0.3122,-0.058,-0.0083,-0.244,-0.066,-0.0139,-0.2008,-0.0594,0.031,-0.2031,-0.0281,0.0422,-0.2469,-0.0652,0.0207,-0.1795,-0.0569,0.012,-0.1479,-0.0394,0.0643,-0.161,-0.0401,0.0714,-0.2008,-0.0598,0.0512,-0.1577,-0.0487,0.0422,-0.1323,-0.0345
0,Move Cursor (Index Pointing),0.0,0.0,0.0,-0.0459,-0.0559,-0.0225,-0.0615,-0.1493,-0.0313,-0.0245,-0.2162,-0.0415,0.0206,-0.2371,-0.0511,-0.0555,-0.2394,-0.008,-0.0631,-0.3307,-0.0308,-0.0652,-0.3852,-0.0457,-0.0632,-0.4352,-0.0565,-0.0104,-0.2292,-0.014,0.0035,-0.3122,-0.0514,-0.0065,-0.2558,-0.061,-0.013,-0.2127,-0.0557,0.0301,-0.2026,-0.0241,0.0407,-0.2466,-0.06,0.0201,-0.184,-0.0543,0.0102,-0.1498,-0.0383,0.0633,-0.1624,-0.0367,0.0698,-0.2047,-0.0552,0.0511,-0.1616,-0.0449,0.0421,-0.133,-0.0312
0,Move Cursor (Index Pointing),0.0,0.0,0.0,-0.0443,-0.0577,-0.0228,-0.0594,-0.1445,-0.0334,-0.0239,-0.2083,-0.0449,0.0183,-0.2327,-0.0552,-0.057,-0.2397,-0.0101,-0.0627,-0.3333,-0.0331,-0.0628,-0.3852,-0.0482,-0.0589,-0.4342,-0.0594,-0.0106,-0.2291,-0.0159,0.0026,-0.3067,-0.0527,-0.0069,-0.2418,-0.0611,-0.0114,-0.201,-0.056,0.0308,-0.2019,-0.0257,0.0438,-0.2494,-0.0604,0.0224,-0.1851,-0.0523,0.0121,-0.1531,-0.0361,0.0643,-0.1606,-0.0383,0.0736,-0.2034,-0.0565,0.0531,-0.1606,-0.045,0.042,-0.133,-0.0311
0,Move Cursor (Index Pointing),0.0,0.0,0.0,-0.0447,-0.0568,-0.0223,-0.0605,-0.1493,-0.0322,-0.0243,-0.2165,-0.0437,0.0206,-0.2379,-0.0542,-0.0557,-0.2383,-0.0087,-0.0619,-0.3308,-0.0314,-0.063,-0.3832,-0.0459,-0.0592,-0.4322,-0.0568,-0.0101,-0.2278,-0.0146,0.0034,-0.3049,-0.0524,-0.0065,-0.2428,-0.061,-0.0112,-0.2001,-0.0554,0.0311,-0.2013,-0.0245,0.0408,-0.2465,-0.06,0.0213,-0.1826,-0.0521,0.0141,-0.1478,-0.0351,0.065,-0.1616,-0.0371,0.0722,-0.2069,-0.0553,0.0531,-0.1641,-0.044,0.0449,-0.1346,-0.0298
0,Move Cursor (Index Pointing),0.0,0.0,0.0,-0.0461,-0.0528,-0.0219,-0.0634,-0.1462,-0.032,-0.0284,-0.215,-0.0437,0.0166,-0.2379,-0.0549,-0.0526,-0.2302,-0.011,-0.0612,-0.3265,-0.0343,-0.0648,-0.3819,-0.0487,-0.0642,-0.433,-0.0596,-0.0085,-0.221,-0.0176,0.002,-0.3058,-0.057,-0.01,-0.2464,-0.0657,-0.0168,-0.2008,-0.0595,0.0312,-0.195,-0.0278,0.0374,-0.2424,-0.0649,0.0175,-0.1776,-0.057,0.0102,-0.1402,-0.0394,0.0645,-0.1564,-0.0407,0.069,-0.2034,-0.0608,0.0499,-0.1608,-0.0502,0.0419,-0.1297,-0.0362
0,Move Cursor (Index Pointing),0.0,0.0,0.0,-0.048,-0.0563,-0.0211,-0.065,-0.1523,-0.0307,-0.0317,-0.2236,-0.0424,0.0103,-0.2473,-0.0538,-0.0536,-0.2344,-0.0079,-0.0629,-0.3291,-0.0324,-0.0663,-0.3859,-0.0481,-0.0649,-0.4373,-0.0595,-0.0093,-0.2249,-0.0153,0.0011,-0.3103,-0.0559,-0.013,-0.2498,-0.0652,-0.0203,-0.2052,-0.0586,0.0308,-0.1985,-0.0266,0.0372,-0.2467,-0.0651,0.0151,-0.1802,-0.0567,0.0071,-0.1421,-0.0381,0.0643,-0.1591,-0.0406,0.0685,-0.2057,-0.0617,0.0483,-0.1626,-0.0507,0.0404,-0.1319,-0.0359
0,Move Cursor (Index Pointing),0.0,0.0,0.0,-0.0479,-0.0533,-0.0224,-0.0657,-0.1503,-0.0319,-0.0297,-0.2205,-0.0431,0.0162,-0.2405,-0.0537,-0.053,-0.2335,-0.0105,-0.0617,-0.3291,-0.0334,-0.0655,-0.3838,-0.0478,-0.0649,-0.4344,-0.0588,-0.0087,-0.2248,-0.0167,0.0008,-0.3093,-0.0562,-0.0117,-0.2471,-0.0647,-0.0182,-0.2011,-0.0581,0.031,-0.1988,-0.0269,0.0378,-0.2474,-0.0644,0.0158,-0.1806,-0.0566,0.0069,-0.1414,-0.0388,0.0641,-0.16,-0.0397,0.0685,-0.2039,-0.0605,0.0481,-0.1611,-0.0506,0.0396,-0.1303,-0.0369
0,Move Cursor (Index Pointing),0.0,0.0,0.0,-0.0477,-0.0564,-0.0234,-0.0646,-0.151,-0.0336,-0.0296,-0.2222,-0.0454,0.0144,-0.2449,-0.0564,-0.0558,-0.2405,-0.0092,-0.062,-0.3355,-0.0328,-0.0633,-0.3899,-0.0483,-0.0616,-0.4405,-0.0598,-0.0108,-0.2308,-0.0151,0.003,-0.3149,-0.0548,-0.0095,-0.2567,-0.065,-0.0179,-0.2121,-0.0595,0.0293,-0.2045,-0.0251,0.0393,-0.2485,-0.0622,0.0173,-0.1847,-0.0559,0.0076,-0.148,-0.0391,0.0623,-0.1649,-0.0379,0.0702,-0.2094,-0.0572,0.0496,-0.1685,-0.0471,0.0396,-0.1384,-0.0333
0,Move Cursor (Index Pointing),0.0,0.0,0.0,-0.048,-0.0575,-0.0233,-0.0661,-0.15,-0.034,-0.0292,-0.2168,-0.0462,0.0162,-0.2389,-0.0576,-0.0548,-0.238,-0.012,-0.0619,-0.334,-0.0361,-0.0638,-0.388,-0.0519,-0.0626,-0.439,-0.0638,-0.0096,-0.2282,-0.0182,0.0028,-0.3104,-0.058,-0.0101,-0.2488,-0.0676,-0.0179,-0.2042,-0.0624,0.0301,-0.2012,-0.0283,0.0416,-0.2473,-0.0662,0.0187,-0.1822,-0.0595,0.0086,-0.1447,-0.0426,0.0628,-0.1604,-0.0412,0.0712,-0.2048,-0.0619,0.0504,-0.1632,-0.0521,0.0398,-0.1323,-0.0386
0,Move Cursor (Index Pointing),0.0,0.0,0.0,-0.0486,-0.0572,-0.0236,-0.0662,-0.1515,-0.0342,-0.0297,-0.2216,-0.0461,0.0152,-0.243,-0.0576,-0.0547,-0.2376,-0.012,-0.0621,-0.3341,-0.0364,-0.0641,-0.389,-0.0525,-0.0635,-0.4404,-0.0646,-0.0097,-0.2278,-0.0179,0.002,-0.3124,-0.0582,-0.0102,-0.2514,-0.068,-0.0183,-0.204,-0.0625,0.0299,-0.2011,-0.0278,0.0389,-0.2479,-0.0664,0.0177,-0.1825,-0.06,0.0086,-0.1418,-0.0428,0.0625,-0.161,-0.0404,0.07,-0.2083,-0.0622,0.0505,-0.1656,-0.0527,0.0412,-0.1314,-0.0389
0,Move Cursor (Index Pointing),0.0,0.0,0.0,-0.0483,-0.0567,-0.0237,-0.0649,-0.1524,-0.0337,-0.0275,-0.2204,-0.0452,0.018,-0.2394,-0.0559,-0.0538,-0.2385,-0.0112,-0.0604,-0.3337,-0.0345,-0.0621,-0.3879,-0.0499,-0.0609,-0.4384,-0.0615,-0.0086,-0.2286,-0.0167,0.005,-0.3118,-0.056,-0.0063,-0.2539,-0.0659,-0.0144,-0.2072,-0.0605,0.0313,-0.2016,-0.0261,0.0407,-0.245,-0.0629,0.0198,-0.1833,-0.0575,0.0102,-0.1449,-0.0414,0.064,-0.1612,-0.0383,0.0732,-0.2062,-0.0582,0.0528,-0.1666,-0.0493,0.0417,-0.1346,-0.0365
0,Move Cursor (Index Pointing),0.0,0.0,0.0,-0.0461,-0.0561,-0.025,-0.0629,-0.1478,-0.0368,-0.0279,-0.2168,-0.0496,0.0167,-0.2404,-0.0613,-0.0537,-0.2383,-0.0125,-0.0602,-0.3331,-0.0373,-0.0622,-0.3873,-0.0537,-0.0601,-0.4389,-0.0659,-0.0086,-0.2287,-0.018,0.0049,-0.3106,-0.0585,-0.0066,-0.2501,-0.0685,-0.0127,-0.2072,-0.0634,0.0318,-0.2014,-0.0278,0.0417,-0.2478,-0.0651,0.0203,-0.186,-0.0583,0.0125,-0.1527,-0.0418,0.0654,-0.161,-0.0405,0.0726,-0.2041,-0.0601,0.0522,-0.1642,-0.0501,0.0434,-0.1365,-0.0369
0,Move Cursor (Index Pointing),0.0,0.0,0.0,-0.0471,-0.0566,-0.023,-0.0645,-0.1508,-0.0326,-0.0273,-0.2205,-0.0436,0.0186,-0.2413,-0.0538,-0.0555,-0.2382,-0.0104,-0.0618,-0.3343,-0.034,-0.0633,-0.3885,-0.0496,-0.0617,-0.4396,-0.0614,-0.0099,-0.2285,-0.0161,0.0025,-0.3108,-0.0547,-0.0094,-0.2479,-0.0634,-0.0162,-0.2024,-0.0576,0.0306,-0.2015,-0.0258,0.0394,-0.2475,-0.0621,0.0176,-0.1837,-0.0548,0.0088,-0.1474,-0.0379,0.0637,-0.1604,-0.0383,0.0719,-0.2073,-0.058,0.051,-0.1661,-0.0477,0.0405,-0.135,-0.0341
0,Move Cursor (Index Pointing),0.0,0.0,0.0,-0.0462,-0.0565,-0.0236,-0.063,-0.1504,-0.0336,-0.0265,-0.2207,-0.0448,0.0188,-0.2419,-0.0554,-0.0552,-0.239,-0.0106,-0.0613,-0.3345,-0.0345,-0.0634,-0.3885,-0.0501,-0.0622,-0.4394,-0.0618,-0.0099,-0.2289,-0.0161,0.0028,-0.3116,-0.0555,-0.0089,-0.248,-0.0645,-0.0158,-0.202,-0.0583,0.0304,-0.2019,-0.0258,0.0386,-0.2473,-0.0628,0.0177,-0.1822,-0.0553,0.0097,-0.1463,-0.0379,0.0634,-0.1609,-0.0382,0.0705,-0.2074,-0.0578,0.0506,-0.1651,-0.047,0.0417,-0.1346,-0.0328
0,Move Cursor (Index Pointing),0.0,0.0,0.0,-0.0479,-0.0548,-0.025,-0.066,-0.1506,-0.0354,-0.0295,-0.2226,-0.0468,0.0163,-0.2437,-0.0575,-0.0562,-0.2362,-0.0113,-0.0632,-0.3327,-0.0356,-0.0655,-0.3877,-0.0517,-0.064,-0.4396,-0.0639,-0.0112,-0.227,-0.0165,0.0006,-0.3121,-0.0571,-0.0115,-0.2502,-0.0672,-0.0179,-0.2038,-0.0616,0.0285,-0.2012,-0.0259,0.0368,-0.2484,-0.0639,0.0156,-0.1845,-0.0577,0.0082,-0.1479,-0.041,0.0614,-0.162,-0.0383,0.0683,-0.2084,-0.0588,0.0486,-0.1667,-0.0494,0.0407,-0.1357,-0.0362
1,Drag & Drop (Pinch),0.0,0.0,0.0,-0.0531,-0.0388,-0.0133,-0.0985,-0.105,-0.023,-0.1238,-0.1607,-0.0363,-0.1383,-0.2171,-0.0471,-0.062,-0.1873,0.0145,-0.083,-0.229,-0.0079,-0.107,-0.2429,-0.0156,-0.1288,-0.2489,-0.0176,-0.0334,-0.1936,0.0077,-0.0719,-0.2138,-0.019,-0.065,-0.1414,-0.0146,-0.0463,-0.135,-0.0018,-0.0041,-0.1906,-0.006,-0.0457,-0.1868,-0.0383,-0.0368,-0.1216,-0.0244,-0.0166,-0.121,-0.0055,0.0246,-0.1805,-0.0216,-0.02,-0.1766,-0.0401,-0.0177,-0.1275,-0.0298,0.0012,-0.1213,-0.017
1,Drag & Drop (Pinch),0.0,0.0,0.0,-0.0546,-0.0342,-0.0103,-0.0994,-0.1029,-0.0173,-0.1223,-0.1588,-0.0284,-0.1376,-0.2119,-0.0373,-0.065,-0.1861,0.0175,-0.085,-0.2247,-0.0045,-0.1076,-0.2371,-0.0117,-0.1287,-0.2428,-0.0131,-0.0359,-0.192,0.0092,-0.0737,-0.2084,-0.017,-0.0664,-0.1359,-0.0116,-0.0485,-0.1304,0.0018,-0.0056,-0.188,-0.006,-0.046,-0.1837,-0.0385,-0.0374,-0.1165,-0.0234,-0.0187,-0.1148,-0.0036,0.0241,-0.177,-0.0228,-0.0185,-0.1724,-0.0422,-0.0172,-0.1213,-0.0317,0.0001,-0.1142,-0.0185
1,Drag & Drop (Pinch),0.0,0.0,0.0,-0.0523,-0.0376,-0.0105,-0.097,-0.1072,-0.0176,-0.1212,-0.1633,-0.0288,-0.135,-0.2183,-0.0377,-0.061,-0.1888,0.0175,-0.0822,-0.229,-0.0042,-0.1054,-0.2423,-0.0112,-0.1264,-0.2476,-0.0126,-0.0323,-0.1944,0.0095,-0.0722,-0.212,-0.0158,-0.065,-0.1392,-0.0101,-0.0467,-0.1327,0.0032,-0.0022,-0.1906,-0.0053,-0.0442,-0.1882,-0.0369,-0.0361,-0.1207,-0.0216,-0.0169,-0.1174,-0.0018,0.0275,-0.1796,-0.0219,-0.0156,-0.1786,-0.0408,-0.016,-0.1271,-0.0303,0.0008,-0.1168,-0.0171
1,Drag & Drop (Pinch),0.0,0.0,0.0,-0.0544,-0.0381,-0.0121,-0.0997,-0.1046,-0.0206,-0.125,-0.1596,-0.0327,-0.1408,-0.2131,-0.0421,-0.0647,-0.1863,0.0148,-0.0875,-0.2281,-0.0075,-0.11,-0.2406,-0.0141,-0.1302,-0.2457,-0.0149,-0.0362,-0.1919,0.0079,-0.0738,-0.2111,-0.018,-0.0667,-0.1387,-0.0124,-0.0485,-0.1339,0.0011,-0.0063,-0.1889,-0.0058,-0.0459,-0.185,-0.0376,-0.0375,-0.1189,-0.0232,-0.018,-0.1183,-0.0042,0.0231,-0.1794,-0.0213,-0.0181,-0.1751,-0.0398,-0.0169,-0.1247,-0.0298,0.0007,-0.1173,-0.0171
1,Drag & Drop (Pinch),0.0,0.0,0.0,-0.0538,-0.037,-0.0117,-0.0996,-0.1042,-0.0201,-0.1246,-0.1585,-0.0324,-0.1395,-0.2125,-0.0422,-0.0653,-0.1876,0.0148,-0.0863,-0.2276,-0.009,-0.1091,-0.2393,-0.0168,-0.1296,-0.243,-0.0183,-0.0362,-0.1922,0.007,-0.0734,-0.2097,-0.0201,-0.0652,-0.1359,-0.0144,-0.0469,-0.1315,-0.0007,-0.0054,-0.1878,-0.0078,-0.0449,-0.1842,-0.0411,-0.036,-0.1172,-0.0254,-0.0167,-0.1164,-0.0049,0.0249,-0.1766,-0.0243,-0.0167,-0.1762,-0.0434,-0.0164,-0.1254,-0.0318,0.0003,-0.1169,-0.0178
1,Drag & Drop (Pinch),0.0,0.0,0.0,-0.0524,-0.0355,-0.0109,-0.0984,-0.1002,-0.0195,-0.1236,-0.154,-0.0321,-0.1375,-0.2081,-0.0424,-0.0635,-0.1866,0.0155,-0.0847,-0.2242,-0.0068,-0.1076,-0.2368,-0.0151,-0.1277,-0.242,-0.0177,-0.0339,-0.1912,0.0072,-0.0714,-0.2072,-0.0194,-0.0639,-0.1353,-0.0152,-0.0457,-0.1277,-0.0033,-0.0034,-0.1861,-0.0076,-0.0431,-0.1825,-0.04,-0.0353,-0.1169,-0.0254,-0.0164,-0.1133,-0.0063,0.0265,-0.1737,-0.0241,-0.0152,-0.1729,-0.0429,-0.0158,-0.1225,-0.0322,-0.0,-0.112,-0.0191
1,Drag & Drop (Pinch),0.0,0.0,0.0,-0.0524,-0.0351,-0.0102,-0.097,-0.0996,-0.0181,-0.1212,-0.1533,-0.0301,-0.1354,-0.2065,-0.0399,-0.0619,-0.1847,0.0162,-0.0831,-0.2222,-0.0057,-0.1063,-0.2354,-0.0142,-0.1274,-0.2418,-0.0172,-0.0328,-0.1902,0.0077,-0.0709,-0.2067,-0.019,-0.0639,-0.1356,-0.016,-0.0457,-0.1268,-0.0048,-0.0027,-0.1859,-0.0071,-0.043,-0.1819,-0.0394,-0.0349,-0.117,-0.0257,-0.0158,-0.1128,-0.0073,0.027,-0.1741,-0.0236,-0.0151,-0.1719,-0.0426,-0.0149,-0.122,-0.0325,0.0015,-0.1118,-0.0199
1,Drag & Drop (Pinch),0.0,0.0,0.0,-0.051,-0.0352,-0.0124,-0.0954,-0.0993,-0.0214,-0.1187,-0.1536,-0.0336,-0.1317,-0.2078,-0.0435,-0.0593,-0.1835,0.0121,-0.0817,-0.2226,-0.0107,-0.105,-0.2343,-0.0188,-0.1253,-0.2383,-0.0209,-0.0302,-0.1885,0.005,-0.0682,-0.206,-0.0215,-0.0621,-0.1337,-0.0172,-0.0442,-0.1258,-0.0051,-0.0001,-0.1841,-0.0086,-0.0401,-0.1795,-0.0408,-0.0329,-0.1139,-0.0267,-0.0142,-0.1107,-0.0077,0.0296,-0.1725,-0.0239,-0.0125,-0.1705,-0.0428,-0.0134,-0.1202,-0.0326,0.0024,-0.11,-0.0197
1,Drag & Drop (Pinch),0.0,0.0,0.0,-0.0522,-0.0376,-0.0118,-0.0965,-0.1046,-0.0201,-0.121,-0.1582,-0.0323,-0.1362,-0.2114,-0.0419,-0.0635,-0.1874,0.0163,-0.0846,-0.2276,-0.0066,-0.108,-0.2393,-0.0143,-0.1281,-0.2419,-0.0157,-0.0347,-0.1914,0.0086,-0.0708,-0.2111,-0.0177,-0.0642,-0.1379,-0.0124,-0.0461,-0.1313,0.0011,-0.0039,-0.1862,-0.006,-0.0419,-0.1857,-0.0384,-0.0348,-0.1185,-0.0233,-0.0165,-0.1159,-0.0034,0.0267,-0.1742,-0.0224,-0.014,-0.1756,-0.0411,-0.0153,-0.1242,-0.0301,0.0003,-0.1146,-0.0164
1,Drag & Drop (Pinch),0.0,0.0,0.0,-0.0508,-0.0368,-0.0115,-0.0958,-0.0997,-0.0213,-0.1215,-0.1514,-0.0349,-0.1352,-0.2062,-0.0467,-0.0592,-0.1821,0.0145,-0.0808,-0.2205,-0.0062,-0.1037,-0.2358,-0.0132,-0.1237,-0.2449,-0.0153,-0.0303,-0.187,0.0064,-0.0679,-0.2087,-0.019,-0.0628,-0.1371,-0.0148,-0.0453,-0.1268,-0.0025,-0.0002,-0.1824,-0.0079,-0.0404,-0.1816,-0.0393,-0.0335,-0.1153,-0.0261,-0.0145,-0.1105,-0.0077,0.0301,-0.171,-0.0238,-0.0133,-0.1734,-0.0421,-0.0135,-0.1228,-0.0318,0.0033,-0.1112,-0.019
1,Drag & Drop (Pinch),0.0,0.0,0.0,-0.0513,-0.0369,-0.0134,-0.0965,-0.1001,-0.0238,-0.1223,-0.1518,-0.0377,-0.136,-0.2067,-0.0495,-0.059,-0.1829,0.0131,-0.081,-0.2202,-0.0081,-0.1034,-0.2349,-0.0154,-0.1235,-0.2445,-0.0176,-0.03,-0.1874,0.0059,-0.0681,-0.2079,-0.0198,-0.0619,-0.1362,-0.0153,-0.0441,-0.1273,-0.0029,-0.0,-0.1826,-0.0078,-0.0406,-0.1818,-0.0397,-0.033,-0.1156,-0.0262,-0.0139,-0.1112,-0.0076,0.0298,-0.1713,-0.0233,-0.0131,-0.1735,-0.0421,-0.0132,-0.1232,-0.032,0.0032,-0.1117,-0.0193
1,Drag & Drop (Pinch),0.0,0.0,0.0,-0.0527,-0.0394,-0.0092,-0.0967,-0.1035,-0.0181,-0.1213,-0.1548,-0.0316,-0.1369,-0.2088,-0.0434,-0.057,-0.1815,0.016,-0.0786,-0.2199,-0.0046,-0.1022,-0.2354,-0.0121,-0.1241,-0.245,-0.0148,-0.0289,-0.1863,0.0066,-0.0681,-0.209,-0.0197,-0.0626,-0.1383,-0.0164,-0.0444,-0.1275,-0.0048,0.0002,-0.1825,-0.0089,-0.0423,-0.183,-0.04,-0.0344,-0.1183,-0.0267,-0.0146,-0.1135,-0.0086,0.0294,-0.1724,-0.0258,-0.015,-0.175,-0.0438,-0.0134,-0.1268,-0.0334,0.0049,-0.1168,-0.0207
1,Drag & Drop (Pinch),0.0,0.0,0.0,-0.0516,-0.0385,-0.0087,-0.0955,-0.1018,-0.0177,-0.1192,-0.1531,-0.0313,-0.1345,-0.2073,-0.0434,-0.0555,-0.1814,0.0153,-0.0774,-0.2204,-0.0058,-0.1007,-0.2353,-0.0138,-0.1218,-0.244,-0.0166,-0.0276,-0.1852,0.0056,-0.0665,-0.2084,-0.0209,-0.0621,-0.138,-0.0178,-0.0449,-0.126,-0.0064,0.0018,-0.1809,-0.0102,-0.0406,-0.1823,-0.0413,-0.0331,-0.1169,-0.0276,-0.0138,-0.1107,-0.0091,0.0319,-0.1701,-0.0273,-0.0126,-0.1753,-0.0455,-0.0118,-0.1257,-0.0344,0.0059,-0.1135,-0.021
1,Drag & Drop (Pinch),0.0,0.0,0.0,-0.0526,-0.0375,-0.0079,-0.0961,-0.1029,-0.0149,-0.1201,-0.156,-0.0266,-0.1357,-0.2088,-0.0367,-0.0579,-0.1807,0.0176,-0.0802,-0.2211,-0.0021,-0.1033,-0.2371,-0.0086,-0.1233,-0.2453,-0.0103,-0.0299,-0.1856,0.0081,-0.068,-0.2102,-0.0169,-0.0649,-0.1381,-0.0128,-0.0475,-0.1272,-0.0006,-0.0001,-0.1818,-0.0074,-0.041,-0.1825,-0.0382,-0.035,-0.1158,-0.0249,-0.0153,-0.1105,-0.0066,0.0295,-0.1712,-0.0242,-0.0144,-0.1732,-0.0428,-0.0147,-0.1228,-0.0328,0.0033,-0.112,-0.0201
1,Drag & Drop (Pinch),0.0,0.0,0.0,-0.0518,-0.0373,-0.0113,-0.0962,-0.1013,-0.0204,-0.1213,-0.1537,-0.0333,-0.1381,-0.2082,-0.0445,-0.058,-0.1807,0.0146,-0.0802,-0.2197,-0.0065,-0.1037,-0.2353,-0.0139,-0.1248,-0.2452,-0.0163,-0.0298,-0.1855,0.0064,-0.0679,-0.2087,-0.02,-0.0629,-0.1368,-0.016,-0.0445,-0.128,-0.0039,-0.0003,-0.1812,-0.0082,-0.0409,-0.1831,-0.0406,-0.0341,-0.1164,-0.0272,-0.0145,-0.1129,-0.0085,0.0292,-0.1707,-0.0244,-0.0136,-0.1741,-0.044,-0.0136,-0.1242,-0.0341,0.0041,-0.1143,-0.0215
1,Drag & Drop (Pinch),0.0,0.0,0.0,-0.0527,-0.0364,-0.0093,-0.0973,-0.1003,-0.0181,-0.1227,-0.1527,-0.0315,-0.138,-0.2071,-0.0432,-0.0576,-0.1814,0.016,-0.08,-0.2214,-0.0051,-0.1041,-0.2366,-0.0123,-0.1253,-0.2453,-0.0145,-0.0296,-0.1862,0.0068,-0.0695,-0.2094,-0.0196,-0.0639,-0.138,-0.0155,-0.0453,-0.1283,-0.003,-0.0003,-0.1826,-0.0087,-0.0435,-0.1839,-0.0402,-0.035,-0.1177,-0.0265,-0.0144,-0.1136,-0.008,0.0291,-0.1726,-0.0256,-0.0162,-0.1747,-0.0446,-0.0141,-0.1256,-0.0348,0.0049,-0.1161,-0.0223
1,Drag & Drop (Pinch),0.0,0.0,0.0,-0.0551,-0.0309,-0.0121,-0.1039,-0.0975,-0.0186,-0.1312,-0.152,-0.0284,-0.1522,-0.2031,-0.0368,-0.0743,-0.185,0.016,-0.0954,-0.2206,-0.0029,-0.1174,-0.2389,-0.0104,-0.1369,-0.2522,-0.0138,-0.0432,-0.1932,0.0085,-0.0794,-0.2143,-0.0167,-0.0732,-0.141,-0.0137,-0.0563,-0.128,-0.0023,-0.0102,-0.1898,-0.0052,-0.0468,-0.1856,-0.0373,-0.0387,-0.1192,-0.0251,-0.021,-0.113,-0.0073,0.0225,-0.1787,-0.0205,-0.0176,-0.176,-0.0401,-0.0176,-0.1243,-0.031,-0.0026,-0.1131,-0.0189
1,Drag & Drop (Pinch),0.0,0.0,0.0,-0.0548,-0.0301,-0.0129,-0.1036,-0.0965,-0.0208,-0.1307,-0.1517,-0.0318,-0.1505,-0.2048,-0.041,-0.0724,-0.1865,0.0135,-0.0957,-0.2221,-0.0065,-0.1185,-0.2384,-0.013,-0.1384,-0.2509,-0.0155,-0.0413,-0.194,0.0059,-0.0791,-0.2129,-0.0199,-0.0707,-0.1384,-0.0152,-0.0537,-0.1297,-0.0025,-0.0083,-0.1903,-0.0081,-0.0471,-0.1836,-0.0407,-0.0381,-0.1167,-0.0268,-0.02,-0.1144,-0.0077,0.0237,-0.1787,-0.0238,-0.0178,-0.1751,-0.0433,-0.0173,-0.1243,-0.0329,-0.0015,-0.1156,-0.0199
1,Drag & Drop (Pinch),0.0,0.0,0.0,-0.0561,-0.0315,-0.0128,-0.1052,-0.0992,-0.0202,-0.1331,-0.1538,-0.031,-0.1565,-0.2052,-0.0406,-0.0743,-0.1837,0.0155,-0.0971,-0.2201,-0.0034,-0.1191,-0.2406,-0.0109,-0.1381,-0.2578,-0.015,-0.0433,-0.192,0.0077,-0.0809,-0.2127,-0.019,-0.0728,-0.1393,-0.0169,-0.0548,-0.127,-0.006,-0.0102,-0.189,-0.0064,-0.0484,-0.1847,-0.0397,-0.0392,-0.119,-0.0276,-0.0204,-0.1141,-0.0096,0.0229,-0.1783,-0.0221,-0.0183,-0.177,-0.0422,-0.0171,-0.1265,-0.0325,-0.0006,-0.1154,-0.02
1,Drag & Drop (Pinch),0.0,0.0,0.0,-0.0554,-0.0303,-0.0131,-0.1043,-0.0976,-0.0208,-0.1323,-0.1528,-0.0319,-0.1548,-0.2052,-0.0415,-0.0739,-0.1843,0.0145,-0.0967,-0.2216,-0.0044,-0.1194,-0.2413,-0.0112,-0.139,-0.2559,-0.0144,-0.0427,-0.192,0.0071,-0.0806,-0.2117,-0.0188,-0.0717,-0.1376,-0.0154,-0.0541,-0.1261,-0.0035,-0.0096,-0.1888,-0.0066,-0.0476,-0.1832,-0.0392,-0.038,-0.1169,-0.0263,-0.0198,-0.112,-0.0077,0.0233,-0.1781,-0.0219,-0.0174,-0.1762,-0.0415,-0.0166,-0.1255,-0.0313,-0.0008,-0.1144,-0.0184
1,Drag & Drop (Pinch),0.0,0.0,0.0,-0.0566,-0.0289,-0.0136,-0.1058,-0.0957,-0.0206,-0.1325,-0.1518,-0.0307,-0.1564,-0.2029,-0.0394,-0.0751,-0.1837,0.0128,-0.0987,-0.219,-0.0062,-0.1205,-0.2382,-0.0132,-0.139,-0.256,-0.0168,-0.0435,-0.1912,0.0056,-0.0799,-0.2088,-0.0205,-0.0717,-0.1347,-0.0174,-0.0546,-0.1249,-0.006,-0.0103,-0.1872,-0.0077,-0.0463,-0.1797,-0.0413,-0.0379,-0.113,-0.0287,-0.0205,-0.1089,-0.0102,0.0225,-0.1758,-0.0226,-0.0166,-0.1733,-0.043,-0.0176,-0.1215,-0.033,-0.0037,-0.1098,-0.0202
1,Drag & Drop (Pinch),0.0,0.0,0.0,-0.0545,-0.0282,-0.0129,-0.1049,-0.0944,-0.0202,-0.1352,-0.1468,-0.0309,-0.1598,-0.196,-0.0401,-0.0716,-0.183,0.0133,-0.0964,-0.2207,-0.0056,-0.1193,-0.2399,-0.0127,-0.1385,-0.2552,-0.0164,-0.0402,-0.1909,0.0056,-0.0786,-0.2084,-0.02,-0.0708,-0.1345,-0.0168,-0.0528,-0.1237,-0.0056,-0.0072,-0.1865,-0.0083,-0.0451,-0.1794,-0.0403,-0.0371,-0.1143,-0.0274,-0.0186,-0.1108,-0.0094,0.0252,-0.174,-0.0239,-0.0158,-0.1713,-0.0431,-0.0168,-0.1206,-0.0328,-0.0019,-0.1089,-0.0203
1,Drag & Drop (Pinch),0.0,0.0,0.0,-0.0552,-0.0321,-0.0122,-0.1055,-0.0986,-0.0195,-0.1364,-0.1519,-0.0305,-0.1621,-0.2003,-0.0402,-0.0723,-0.1807,0.0136,-0.0964,-0.2208,-0.0063,-0.1196,-0.2402,-0.0139,-0.139,-0.2561,-0.0175,-0.042,-0.1889,0.0057,-0.0784,-0.2094,-0.0205,-0.0715,-0.1359,-0.0172,-0.0543,-0.1261,-0.0058,-0.0095,-0.1863,-0.0084,-0.0473,-0.1845,-0.041,-0.0399,-0.1181,-0.0277,-0.0214,-0.1142,-0.0093,0.0234,-0.1769,-0.0241,-0.0171,-0.1781,-0.0435,-0.0171,-0.1269,-0.0328,-0.0005,-0.115,-0.0197
1,Drag & Drop (Pinch),0.0,0.0,0.0,-0.0541,-0.0318,-0.0104,-0.1044,-0.0967,-0.0168,-0.1355,-0.1466,-0.0274,-0.1616,-0.1928,-0.0369,-0.0688,-0.1789,0.0155,-0.0946,-0.2199,-0.0035,-0.1199,-0.2393,-0.011,-0.141,-0.2532,-0.0147,-0.0386,-0.1872,0.0068,-0.0795,-0.2084,-0.0194,-0.073,-0.1361,-0.017,-0.0545,-0.1222,-0.0061,-0.0064,-0.1853,-0.0078,-0.049,-0.1819,-0.0399,-0.0399,-0.1157,-0.0277,-0.02,-0.1097,-0.0101,0.0261,-0.1762,-0.0239,-0.0183,-0.1736,-0.0438,-0.0163,-0.1221,-0.0343,0.0019,-0.1099,-0.0222
1,Drag & Drop (Pinch),0.0,0.0,0.0,-0.0545,-0.0317,-0.0099,-0.1031,-0.0968,-0.0149,-0.1337,-0.1466,-0.0238,-0.1581,-0.194,-0.0315,-0.0661,-0.1809,0.0165,-0.0932,-0.2179,-0.0015,-0.1186,-0.2382,-0.0095,-0.14,-0.2545,-0.0141,-0.0363,-0.1892,0.0083,-0.0766,-0.2077,-0.0172,-0.071,-0.1371,-0.0162,-0.0537,-0.1218,-0.007,-0.0049,-0.1871,-0.0057,-0.0455,-0.1815,-0.0372,-0.0382,-0.1167,-0.0267,-0.0199,-0.1082,-0.0104,0.0261,-0.1772,-0.021,-0.0164,-0.1749,-0.04,-0.0152,-0.1259,-0.0311,0.0018,-0.1132,-0.0196
1,Drag & Drop (Pinch),0.0,0.0,0.0,-0.0543,-0.0307,-0.0078,-0.1056,-0.0936,-0.0134,-0.1382,-0.1422,-0.0237,-0.163,-0.1879,-0.0329,-0.0679,-0.1777,0.0183,-0.0939,-0.2205,0.0003,-0.1209,-0.2409,-0.0073,-0.1436,-0.2541,-0.0116,-0.0386,-0.1873,0.0085,-0.0814,-0.2066,-0.0168,-0.0754,-0.1353,-0.0152,-0.0561,-0.1202,-0.0054,-0.0074,-0.186,-0.007,-0.0522,-0.1821,-0.037,-0.0428,-0.1171,-0.025,-0.0221,-0.1098,-0.0084,0.0238,-0.1762,-0.0239,-0.0221,-0.172,-0.0426,-0.0198,-0.1224,-0.0336,-0.0008,-0.1105,-0.0222
1,Drag & Drop (Pinch),0.0,0.0,0.0,-0.0558,-0.0338,-0.006,-0.1056,-0.0974,-0.0105,-0.1383,-0.1451,-0.0198,-0.1623,-0.1931,-0.028,-0.0642,-0.1852,0.0208,-0.0929,-0.2213,0.0038,-0.12,-0.2412,-0.004,-0.1424,-0.2565,-0.0088,-0.0355,-0.1937,0.0103,-0.0796,-0.2092,-0.0137,-0.0738,-0.139,-0.0124,-0.0546,-0.1248,-0.0037,-0.0053,-0.1912,-0.0057,-0.05,-0.1838,-0.0351,-0.0422,-0.1198,-0.024,-0.022,-0.1127,-0.0084,0.0242,-0.1802,-0.0229,-0.0215,-0.1752,-0.0408,-0.0201,-0.1262,-0.0321,-0.0013,-0.1145,-0.0212
1,Drag & Drop (Pinch),0.0,0.0,0.0,-0.0517,-0.0329,-0.009,-0.1015,-0.0948,-0.017,-0.1345,-0.1419,-0.0296,-0.1594,-0.1878,-0.0407,-0.0656,-0.1829,0.0147,-0.0926,-0.225,-0.0063,-0.1195,-0.243,-0.0143,-0.1416,-0.2554,-0.018,-0.0356,-0.1926,0.005,-0.0778,-0.2104,-0.0221,-0.072,-0.1359,-0.0194,-0.0535,-0.1264,-0.0085,-0.0039,-0.1915,-0.0107,-0.0494,-0.1837,-0.0423,-0.0409,-0.117,-0.0289,-0.0204,-0.1139,-0.0111,0.0269,-0.181,-0.0281,-0.0201,-0.172,-0.0473,-0.0188,-0.1219,-0.038,-0.0001,-0.113,-0.0262
1,Drag & Drop (Pinch),0.0,0.0,0.0,-0.0547,-0.0342,-0.0111,-0.1051,-0.0955,-0.0202,-0.1399,-0.1425,-0.0337,-0.1652,-0.1918,-0.0456,-0.0704,-0.1854,0.0163,-0.0973,-0.2239,-0.0031,-0.1233,-0.2446,-0.01,-0.1439,-0.2613,-0.0133,-0.0402,-0.1945,0.0074,-0.08,-0.2152,-0.0183,-0.074,-0.1401,-0.0146,-0.0552,-0.1307,-0.0028,-0.008,-0.1931,-0.0078,-0.0491,-0.1867,-0.0394,-0.0418,-0.1193,-0.0267,-0.0218,-0.116,-0.0089,0.0232,-0.1837,-0.0246,-0.0205,-0.1803,-0.0428,-0.0201,-0.1302,-0.0331,-0.0021,-0.1206,-0.0211
1,Drag & Drop (Pinch),0.0,0.0,0.0,-0.0541,-0.0337,-0.0111,-0.1022,-0.0931,-0.0207,-0.1344,-0.1394,-0.0344,-0.1579,-0.1894,-0.0466,-0.0638,-0.1863,0.012,-0.0925,-0.2241,-0.0087,-0.118,-0.2432,-0.0167,-0.1391,-0.2584,-0.0208,-0.0332,-0.1942,0.0032,-0.077,-0.2091,-0.0236,-0.0697,-0.1343,-0.0202,-0.0507,-0.1256,-0.0092,-0.0016,-0.1914,-0.0117,-0.0476,-0.1828,-0.044,-0.0381,-0.116,-0.0301,-0.0173,-0.1131,-0.012,0.0289,-0.1796,-0.0282,-0.0174,-0.1735,-0.048,-0.0154,-0.1229,-0.0379,0.0033,-0.1132,-0.0255
1,Drag & Drop (Pinch),0.0,0.0,0.0,-0.0529,-0.0352,-0.0083,-0.1018,-0.1,-0.0153,-0.1338,-0.1475,-0.0267,-0.1586,-0.1957,-0.0367,-0.0588,-0.1876,0.0156,-0.0883,-0.2274,-0.0048,-0.1153,-0.246,-0.0136,-0.1385,-0.2598,-0.0183,-0.0293,-0.196,0.0056,-0.0758,-0.2132,-0.0214,-0.0693,-0.1395,-0.02,-0.0496,-0.1262,-0.0103,0.0015,-0.1935,-0.0101,-0.0476,-0.1854,-0.0421,-0.0383,-0.1183,-0.0302,-0.0166,-0.1124,-0.0133,0.0315,-0.1824,-0.0272,-0.0172,-0.1746,-0.047,-0.0146,-0.1243,-0.0383,0.0053,-0.1138,-0.0269
1,Drag & Drop (Pinch),0.0,0.0,0.0,-0.054,-0.0376,-0.0089,-0.1021,-0.1025,-0.0166,-0.1346,-0.1505,-0.0288,-0.1602,-0.1983,-0.0396,-0.0602,-0.1882,0.0147,-0.0899,-0.2291,-0.0065,-0.1169,-0.2477,-0.016,-0.14,-0.2628,-0.0213,-0.0309,-0.1968,0.0049,-0.077,-0.216,-0.0232,-0.0713,-0.1423,-0.0227,-0.0514,-0.1288,-0.0136,-0.0,-0.1949,-0.0107,-0.0487,-0.188,-0.0434,-0.04,-0.1203,-0.0324,-0.0182,-0.1135,-0.0161,0.0303,-0.1846,-0.0278,-0.0179,-0.1775,-0.048,-0.0156,-0.127,-0.0401,0.0043,-0.1161,-0.0292
1,Drag & Drop (Pinch),0.0,0.0,0.0,-0.0547,-0.0381,-0.0104,-0.102,-0.101,-0.0199,-0.1348,-0.1489,-0.0336,-0.1602,-0.1992,-0.0459,-0.0593,-0.19,0.0135,-0.0878,-0.2294,-0.0079,-0.115,-0.2486,-0.017,-0.1387,-0.2636,-0.0218,-0.0295,-0.1979,0.0041,-0.0754,-0.2172,-0.0236,-0.0695,-0.1427,-0.0216,-0.0503,-0.1295,-0.0113,0.0015,-0.1955,-0.0114,-0.048,-0.1894,-0.0443,-0.0383,-0.1201,-0.0318,-0.0165,-0.1131,-0.0144,0.0315,-0.1848,-0.0284,-0.0184,-0.1794,-0.0489,-0.015,-0.1282,-0.04,0.0055,-0.1177,-0.0283
1,Drag & Drop (Pinch),0.0,0.0,0.0,-0.0542,-0.0381,-0.0099,-0.1019,-0.1018,-0.0187,-0.1351,-0.1505,-0.032,-0.1601,-0.2,-0.044,-0.0597,-0.1884,0.0151,-0.0879,-0.2284,-0.0058,-0.1151,-0.2483,-0.0148,-0.139,-0.2643,-0.0198,-0.0301,-0.1968,0.0054,-0.0763,-0.2164,-0.0223,-0.0704,-0.1421,-0.0206,-0.0509,-0.1287,-0.0106,0.0007,-0.1948,-0.0103,-0.0485,-0.1893,-0.0435,-0.0388,-0.1204,-0.0316,-0.0169,-0.1128,-0.0144,0.0307,-0.1847,-0.0275,-0.0192,-0.179,-0.0485,-0.0159,-0.1271,-0.0401,0.0045,-0.1156,-0.0289
1,Drag & Drop (Pinch),0.0,0.0,0.0,-0.0534,-0.0363,-0.0087,-0.101,-0.0987,-0.0172,-0.1328,-0.1469,-0.0301,-0.1567,-0.1966,-0.0416,-0.0602,-0.1881,0.0133,-0.0888,-0.231,-0.0082,-0.1168,-0.2506,-0.0175,-0.1407,-0.2631,-0.0222,-0.0297,-0.1959,0.0035,-0.0747,-0.2149,-0.0235,-0.0698,-0.1406,-0.0216,-0.0507,-0.1267,-0.0117,0.0018,-0.1928,-0.012,-0.0471,-0.1886,-0.044,-0.0396,-0.1201,-0.0312,-0.0186,-0.1127,-0.014,0.0323,-0.1806,-0.0289,-0.0175,-0.1757,-0.0493,-0.0163,-0.1233,-0.0402,0.0029,-0.1108,-0.0284
1,Drag & Drop (Pinch),0.0,0.0,0.0,-0.0524,-0.0356,-0.0083,-0.1003,-0.1014,-0.0153,-0.1329,-0.1504,-0.0264,-0.1581,-0.1988,-0.0361,-0.0589,-0.1901,0.0145,-0.0883,-0.2323,-0.0066,-0.1165,-0.2515,-0.0164,-0.1408,-0.265,-0.0218,-0.0286,-0.198,0.0047,-0.0736,-0.2161,-0.0235,-0.0684,-0.1414,-0.023,-0.0489,-0.1256,-0.014,0.0027,-0.1943,-0.0107,-0.0456,-0.1888,-0.0436,-0.0378,-0.1202,-0.032,-0.0167,-0.1127,-0.0156,0.0328,-0.1815,-0.0275,-0.0158,-0.1746,-0.0483,-0.0147,-0.1228,-0.0401,0.0045,-0.112,-0.0292
1,Drag & Drop (Pinch),0.0,0.0,0.0,-0.0555,-0.0378,-0.0054,-0.1033,-0.1023,-0.0114,-0.1368,-0.1504,-0.0224,-0.162,-0.199,-0.0323,-0.062,-0.1884,0.0177,-0.0912,-0.232,-0.0028,-0.1193,-0.2516,-0.0123,-0.1435,-0.267,-0.0177,-0.033,-0.1968,0.0063,-0.0786,-0.2163,-0.0207,-0.0737,-0.1433,-0.0201,-0.0536,-0.1296,-0.0116,-0.0027,-0.1941,-0.0106,-0.0509,-0.1917,-0.0426,-0.0435,-0.1237,-0.0311,-0.0218,-0.1165,-0.0149,0.0267,-0.183,-0.0286,-0.0228,-0.1824,-0.0485,-0.022,-0.1306,-0.0395,-0.0025,-0.1176,-0.0282
1,Drag & Drop (Pinch),0.0,0.0,0.0,-0.055,-0.0357,-0.0072,-0.1033,-0.1004,-0.0142,-0.1368,-0.1493,-0.0257,-0.162,-0.1991,-0.0357,-0.0615,-0.1911,0.0157,-0.091,-0.2323,-0.0051,-0.1195,-0.2521,-0.0141,-0.144,-0.267,-0.0189,-0.0318,-0.1991,0.0052,-0.0775,-0.2167,-0.0218,-0.0718,-0.1421,-0.0195,-0.0519,-0.1296,-0.0097,-0.0013,-0.1959,-0.011,-0.0497,-0.191,-0.0435,-0.0421,-0.1222,-0.0307,-0.0208,-0.1161,-0.0135,0.0275,-0.1843,-0.0286,-0.0215,-0.18,-0.049,-0.0204,-0.1282,-0.0398,-0.001,-0.1171,-0.0283
1,Drag & Drop (Pinch),0.0,0.0,0.0,-0.0558,-0.0388,-0.0073,-0.1049,-0.1051,-0.0146,-0.137,-0.1542,-0.027,-0.1643,-0.2022,-0.038,-0.0582,-0.192,0.0169,-0.0887,-0.233,-0.0037,-0.1156,-0.2504,-0.0125,-0.1395,-0.2661,-0.0173,-0.0298,-0.1988,0.0062,-0.0783,-0.2143,-0.0214,-0.0716,-0.1408,-0.0197,-0.051,-0.1308,-0.0104,-0.0006,-0.1952,-0.0105,-0.0533,-0.1917,-0.0432,-0.0434,-0.1229,-0.0303,-0.0203,-0.1175,-0.0133,0.0279,-0.1835,-0.0284,-0.0237,-0.1807,-0.049,-0.0218,-0.1295,-0.04,-0.0011,-0.1181,-0.0286
1,Drag & Drop (Pinch),0.0,0.0,0.0,-0.0569,-0.039,-0.0068,-0.1054,-0.107,-0.0134,-0.1376,-0.1573,-0.025,-0.165,-0.2064,-0.0353,-0.0568,-0.1928,0.0182,-0.0869,-0.2322,-0.0027,-0.116,-0.252,-0.0128,-0.142,-0.2679,-0.0189,-0.0283,-0.1999,0.0072,-0.0752,-0.2165,-0.0207,-0.0699,-0.143,-0.0203,-0.0494,-0.1296,-0.012,0.0007,-0.1961,-0.0096,-0.0502,-0.1926,-0.0426,-0.0425,-0.1244,-0.0311,-0.0197,-0.1169,-0.015,0.0283,-0.1843,-0.0276,-0.0222,-0.1815,-0.0484,-0.0209,-0.1304,-0.04,-0.0003,-0.1183,-0.029
1,Drag & Drop (Pinch),0.0,0.0,0.0,-0.0543,-0.0356,-0.0068,-0.1031,-0.1023,-0.0138,-0.1354,-0.1525,-0.0259,-0.1624,-0.1996,-0.0366,-0.0597,-0.1887,0.0163,-0.0877,-0.2314,-0.0053,-0.1151,-0.2496,-0.0149,-0.1395,-0.2641,-0.0205,-0.0305,-0.1975,0.0053,-0.0782,-0.213,-0.0225,-0.0722,-0.1394,-0.0212,-0.0518,-0.1293,-0.0123,-0.0003,-0.1947,-0.0115,-0.0528,-0.1899,-0.0439,-0.0431,-0.1214,-0.0309,-0.0202,-0.1164,-0.014,0.0292,-0.1826,-0.0296,-0.0231,-0.1766,-0.0504,-0.0204,-0.1254,-0.0414,0.0009,-0.1158,-0.0302
1,Drag & Drop (Pinch),0.0,0.0,0.0,-0.0537,-0.0366,-0.0083,-0.1004,-0.1032,-0.0162,-0.133,-0.1533,-0.0289,-0.161,-0.203,-0.0401,-0.0549,-0.1918,0.016,-0.0842,-0.2306,-0.0055,-0.1133,-0.25,-0.0152,-0.1388,-0.2661,-0.0211,-0.0259,-0.2003,0.0054,-0.0736,-0.2157,-0.0222,-0.0681,-0.1421,-0.0206,-0.0476,-0.1312,-0.0115,0.0034,-0.1971,-0.0111,-0.0487,-0.1919,-0.0438,-0.0402,-0.1236,-0.031,-0.0175,-0.118,-0.0142,0.0309,-0.1854,-0.0292,-0.0202,-0.1795,-0.0499,-0.0187,-0.1292,-0.0413,0.0018,-0.1191,-0.0304
1,Drag & Drop (Pinch),0.0,0.0,0.0,-0.0547,-0.0378,-0.0068,-0.1013,-0.1032,-0.015,-0.1331,-0.1522,-0.0286,-0.16,-0.1989,-0.0409,-0.0564,-0.1877,0.0166,-0.0834,-0.2305,-0.0057,-0.1111,-0.2485,-0.015,-0.1351,-0.2611,-0.0197,-0.0268,-0.1958,0.0052,-0.0741,-0.2138,-0.0227,-0.0702,-0.1391,-0.0206,-0.05,-0.1291,-0.0104,0.0038,-0.1927,-0.0122,-0.0488,-0.1874,-0.0441,-0.0404,-0.1187,-0.0303,-0.0178,-0.114,-0.0126,0.0338,-0.18,-0.0311,-0.0192,-0.175,-0.0508,-0.0173,-0.1239,-0.0409,0.0038,-0.114,-0.0287
1,Drag & Drop (Pinch),0.0,0.0,0.0,-0.055,-0.0397,-0.0077,-0.1008,-0.1064,-0.0158,-0.1324,-0.1557,-0.029,-0.1603,-0.2034,-0.0409,-0.0531,-0.1927,0.0168,-0.0824,-0.2304,-0.0046,-0.1111,-0.2492,-0.0144,-0.136,-0.2654,-0.0202,-0.0245,-0.1998,0.0057,-0.0716,-0.2154,-0.0218,-0.0662,-0.142,-0.0202,-0.0453,-0.1314,-0.011,0.0049,-0.1957,-0.0115,-0.0469,-0.1908,-0.0439,-0.0389,-0.1223,-0.0315,-0.016,-0.117,-0.0148,0.0331,-0.1832,-0.0301,-0.019,-0.1808,-0.0503,-0.0177,-0.1301,-0.0414,0.0034,-0.1194,-0.0304
1,Drag & Drop (Pinch),0.0,0.0,0.0,-0.0549,-0.0381,-0.008,-0.1023,-0.104,-0.016,-0.1344,-0.1529,-0.0289,-0.1615,-0.2001,-0.0404,-0.0552,-0.1924,0.0175,-0.0833,-0.2312,-0.004,-0.1112,-0.2496,-0.0145,-0.1358,-0.265,-0.0207,-0.026,-0.2006,0.0068,-0.0748,-0.2171,-0.0208,-0.0718,-0.1423,-0.0201,-0.0522,-0.1289,-0.0113,0.0035,-0.197,-0.0099,-0.0499,-0.1922,-0.0421,-0.0423,-0.1231,-0.0297,-0.0202,-0.1155,-0.0129,0.0318,-0.1838,-0.0281,-0.0214,-0.1796,-0.0485,-0.0198,-0.1282,-0.0395,0.0006,-0.1163,-0.028
1,Drag & Drop (Pinch),0.0,0.0,0.0,-0.0551,-0.0418,-0.0086,-0.1027,-0.106,-0.0188,-0.1358,-0.1543,-0.0342,-0.1626,-0.2052,-0.0484,-0.0538,-0.1928,0.0175,-0.0837,-0.2317,-0.0048,-0.1127,-0.2511,-0.0158,-0.1384,-0.2668,-0.0221,-0.0258,-0.2006,0.0064,-0.0746,-0.219,-0.0217,-0.0696,-0.1461,-0.0211,-0.0489,-0.1342,-0.0122,0.0028,-0.1978,-0.0109,-0.0514,-0.1955,-0.0434,-0.0426,-0.1272,-0.0312,-0.0194,-0.1203,-0.0145,0.0306,-0.1859,-0.0298,-0.023,-0.184,-0.0497,-0.0198,-0.1332,-0.0404,0.0022,-0.1216,-0.0288
1,Drag & Drop (Pinch),0.0,0.0,0.0,-0.0554,-0.0429,-0.0069,-0.1007,-0.1061,-0.0168,-0.1331,-0.1526,-0.0322,-0.1606,-0.2011,-0.0467,-0.0526,-0.1938,0.0174,-0.0819,-0.2333,-0.0054,-0.1107,-0.2517,-0.0167,-0.1359,-0.266,-0.0231,-0.0247,-0.2005,0.0055,-0.0735,-0.2177,-0.0231,-0.0697,-0.1451,-0.023,-0.0499,-0.1335,-0.0146,0.004,-0.197,-0.0124,-0.0505,-0.1944,-0.0452,-0.0425,-0.1258,-0.0329,-0.0195,-0.1178,-0.0161,0.032,-0.1845,-0.0317,-0.0228,-0.1842,-0.0518,-0.0213,-0.1335,-0.0423,-0.0004,-0.1204,-0.0304
1,Drag & Drop (Pinch),0.0,0.0,0.0,-0.0536,-0.0403,-0.0082,-0.1001,-0.1063,-0.0171,-0.1323,-0.1553,-0.0309,-0.1595,-0.2053,-0.0435,-0.0527,-0.1931,0.0159,-0.0833,-0.2343,-0.0067,-0.112,-0.2532,-0.0175,-0.1369,-0.2678,-0.0236,-0.0235,-0.2004,0.0052,-0.072,-0.2181,-0.0229,-0.0685,-0.1452,-0.0225,-0.049,-0.1326,-0.0141,0.0058,-0.1968,-0.0114,-0.0473,-0.1929,-0.0443,-0.0397,-0.1241,-0.0326,-0.0174,-0.1165,-0.0163,0.0337,-0.1846,-0.0295,-0.0192,-0.1808,-0.0505,-0.0178,-0.129,-0.0422,0.0024,-0.1163,-0.0313
1,Drag & Drop (Pinch),0.0,0.0,0.0,-0.0567,-0.0427,-0.0058,-0.1035,-0.1074,-0.0138,-0.1358,-0.1552,-0.0273,-0.1589,-0.2072,-0.0394,-0.0546,-0.1947,0.0186,-0.0839,-0.2394,-0.0035,-0.1137,-0.258,-0.014,-0.1391,-0.2688,-0.0195,-0.026,-0.2016,0.0069,-0.0748,-0.2226,-0.0208,-0.0709,-0.1494,-0.0201,-0.0497,-0.1368,-0.0113,0.0034,-0.1982,-0.0107,-0.0498,-0.1968,-0.0423,-0.0426,-0.1279,-0.0296,-0.0197,-0.1216,-0.0129,0.0319,-0.1862,-0.0297,-0.0207,-0.1864,-0.0485,-0.0203,-0.1345,-0.0386,0.0003,-0.1224,-0.0267
1,Drag & Drop (Pinch),0.0,0.0,0.0,-0.0573,-0.0411,-0.0044,-0.1042,-0.1072,-0.0101,-0.1362,-0.1565,-0.0212,-0.1597,-0.2088,-0.031,-0.0558,-0.1947,0.0215,-0.0838,-0.2351,0.0003,-0.1128,-0.2532,-0.0112,-0.1391,-0.2663,-0.0182,-0.0275,-0.2016,0.0092,-0.0744,-0.2214,-0.0183,-0.0696,-0.15,-0.0192,-0.0495,-0.1337,-0.0121,0.0016,-0.1977,-0.0088,-0.0496,-0.1967,-0.0406,-0.0417,-0.1283,-0.0293,-0.0195,-0.1187,-0.0139,0.0298,-0.1853,-0.0281,-0.0212,-0.1846,-0.0481,-0.021,-0.1316,-0.0397,-0.0016,-0.1173,-0.0291
1,Drag & Drop (Pinch),0.0,0.0,0.0,-0.0554,-0.0401,-0.0059,-0.101,-0.1053,-0.0136,-0.1325,-0.1539,-0.0266,-0.1555,-0.2065,-0.0381,-0.0522,-0.1945,0.0169,-0.0812,-0.2383,-0.0057,-0.1107,-0.2563,-0.0165,-0.1365,-0.2678,-0.0223,-0.0234,-0.2011,0.0053,-0.073,-0.2188,-0.0227,-0.068,-0.1453,-0.0216,-0.0471,-0.1321,-0.0129,0.0056,-0.1972,-0.0122,-0.0484,-0.1943,-0.0441,-0.0398,-0.1256,-0.031,-0.0165,-0.1183,-0.0141,0.0336,-0.1844,-0.031,-0.0195,-0.1831,-0.0511,-0.0186,-0.1312,-0.0419,0.0018,-0.1182,-0.0304
1,Drag & Drop (Pinch),0.0,0.0,0.0,-0.0562,-0.0411,-0.0077,-0.1041,-0.1085,-0.0152,-0.1368,-0.1588,-0.0275,-0.1607,-0.2106,-0.0383,-0.0571,-0.1971,0.0201,-0.0848,-0.2348,-0.0016,-0.1125,-0.2528,-0.0122,-0.1375,-0.2657,-0.0181,-0.0284,-0.2038,0.0095,-0.0722,-0.2233,-0.0182,-0.0678,-0.1488,-0.0175,-0.0479,-0.1351,-0.0083,0.0016,-0.1996,-0.0073,-0.0461,-0.1956,-0.0391,-0.0393,-0.1275,-0.0272,-0.0176,-0.1211,-0.0106,0.0304,-0.1867,-0.0256,-0.0184,-0.1846,-0.0444,-0.018,-0.1327,-0.0351,0.0016,-0.1212,-0.0236
1,Drag & Drop (Pinch),0.0,0.0,0.0,-0.0561,-0.0409,-0.0085,-0.1025,-0.1066,-0.0176,-0.1343,-0.1559,-0.0318,-0.1588,-0.2083,-0.0444,-0.0539,-0.1939,0.017,-0.0818,-0.2359,-0.0056,-0.1103,-0.2539,-0.0162,-0.1354,-0.2651,-0.0215,-0.0248,-0.2004,0.0065,-0.0716,-0.2184,-0.0218,-0.0664,-0.1452,-0.0207,-0.0461,-0.1325,-0.0113,0.0046,-0.1966,-0.0101,-0.0468,-0.1929,-0.0424,-0.0386,-0.1249,-0.0299,-0.0164,-0.1185,-0.0129,0.0332,-0.1847,-0.0284,-0.0177,-0.1833,-0.0477,-0.0163,-0.1327,-0.0382,0.0038,-0.1211,-0.0265
1,Drag & Drop (Pinch),0.0,0.0,0.0,-0.0547,-0.043,-0.0075,-0.1,-0.1068,-0.0169,-0.1316,-0.155,-0.0317,-0.1554,-0.2077,-0.045,-0.0504,-0.1954,0.0184,-0.0793,-0.238,-0.0048,-0.1082,-0.2552,-0.0161,-0.1327,-0.2636,-0.0216,-0.0224,-0.2015,0.0075,-0.0705,-0.2208,-0.02,-0.0673,-0.1492,-0.0193,-0.0471,-0.137,-0.0104,0.0066,-0.1982,-0.0097,-0.0462,-0.1954,-0.0409,-0.0391,-0.1276,-0.029,-0.0164,-0.1213,-0.0126,0.0353,-0.186,-0.0284,-0.0167,-0.1861,-0.0468,-0.0154,-0.1356,-0.0374,0.0057,-0.1238,-0.0257
1,Drag & Drop (Pinch),0.0,0.0,0.0,-0.0546,-0.0432,-0.0079,-0.1006,-0.1088,-0.0166,-0.1336,-0.1571,-0.0305,-0.1574,-0.2098,-0.0428,-0.0494,-0.1937,0.018,-0.0784,-0.2385,-0.0048,-0.1078,-0.2569,-0.0159,-0.1334,-0.2675,-0.0218,-0.022,-0.2005,0.0073,-0.0714,-0.2218,-0.0216,-0.0687,-0.1494,-0.0221,-0.0482,-0.135,-0.0138,0.0063,-0.1977,-0.0095,-0.0484,-0.196,-0.0423,-0.0402,-0.128,-0.0314,-0.0162,-0.1208,-0.0154,0.0342,-0.1869,-0.0278,-0.0199,-0.1868,-0.048,-0.0176,-0.1364,-0.0396,0.0046,-0.1247,-0.0286
1,Drag & Drop (Pinch),0.0,0.0,0.0,-0.0549,-0.0447,-0.0064,-0.1005,-0.11,-0.014,-0.1322,-0.1583,-0.0269,-0.1554,-0.2094,-0.0383,-0.0495,-0.1949,0.0193,-0.0763,-0.2378,-0.0041,-0.1049,-0.2536,-0.0164,-0.1304,-0.2616,-0.0227,-0.022,-0.2013,0.0083,-0.0679,-0.2219,-0.0202,-0.0653,-0.1515,-0.0215,-0.0461,-0.1367,-0.0141,0.0068,-0.198,-0.0086,-0.0438,-0.1957,-0.0404,-0.0371,-0.1288,-0.0296,-0.0148,-0.1202,-0.0139,0.0349,-0.1862,-0.027,-0.016,-0.1865,-0.0456,-0.0149,-0.1366,-0.0365,0.0056,-0.1242,-0.025
1,Drag & Drop (Pinch),0.0,0.0,0.0,-0.0551,-0.0448,-0.0083,-0.1012,-0.1106,-0.0178,-0.1339,-0.1602,-0.0325,-0.159,-0.213,-0.0458,-0.0495,-0.1937,0.0189,-0.0774,-0.2379,-0.005,-0.1069,-0.2555,-0.0171,-0.1323,-0.2635,-0.0229,-0.0227,-0.1998,0.0083,-0.0692,-0.2245,-0.0209,-0.0678,-0.1524,-0.0214,-0.0483,-0.1371,-0.0128,0.0057,-0.1969,-0.0087,-0.0455,-0.1979,-0.0416,-0.0389,-0.1303,-0.0306,-0.0157,-0.121,-0.014,0.0342,-0.1863,-0.0273,-0.0174,-0.1891,-0.0469,-0.0166,-0.138,-0.0378,0.0045,-0.1238,-0.026
1,Drag & Drop (Pinch),0.0,0.0,0.0,-0.0553,-0.0447,-0.0093,-0.1007,-0.1111,-0.0187,-0.1328,-0.1606,-0.0329,-0.1577,-0.2109,-0.0454,-0.0513,-0.1968,0.0186,-0.0783,-0.2371,-0.0047,-0.107,-0.2534,-0.0156,-0.1315,-0.2586,-0.0203,-0.0229,-0.2016,0.009,-0.0684,-0.2219,-0.0186,-0.0666,-0.1488,-0.0174,-0.0473,-0.135,-0.0074,0.007,-0.1971,-0.0071,-0.0431,-0.1937,-0.0392,-0.0369,-0.1262,-0.0273,-0.0148,-0.1189,-0.01,0.0357,-0.1841,-0.0248,-0.0155,-0.1832,-0.0438,-0.0139,-0.1328,-0.0343,0.0075,-0.1215,-0.0221
1,Drag & Drop (Pinch),0.0,0.0,0.0,-0.0543,-0.0445,-0.0082,-0.0996,-0.1116,-0.0172,-0.1316,-0.1611,-0.0312,-0.1577,-0.2114,-0.0439,-0.0486,-0.1964,0.0187,-0.0764,-0.2375,-0.0044,-0.1057,-0.254,-0.0153,-0.1304,-0.2607,-0.0205,-0.0206,-0.2017,0.0081,-0.068,-0.224,-0.0199,-0.0676,-0.1511,-0.0192,-0.0483,-0.1365,-0.01,0.009,-0.1969,-0.0089,-0.0426,-0.1957,-0.0416,-0.0367,-0.1282,-0.0302,-0.0141,-0.1204,-0.0136,0.0382,-0.1843,-0.0274,-0.0137,-0.1864,-0.0474,-0.0132,-0.1358,-0.0385,0.0077,-0.1231,-0.0268
1,Drag & Drop (Pinch),0.0,0.0,0.0,-0.0545,-0.0422,-0.0078,-0.0995,-0.1102,-0.0159,-0.1305,-0.1612,-0.0289,-0.1565,-0.21,-0.0406,-0.0534,-0.1957,0.0183,-0.0802,-0.2356,-0.0049,-0.108,-0.2512,-0.0164,-0.1325,-0.2579,-0.0219,-0.025,-0.2006,0.0078,-0.069,-0.2219,-0.0193,-0.067,-0.1494,-0.0186,-0.0485,-0.1344,-0.0098,0.0055,-0.1952,-0.0088,-0.0423,-0.1954,-0.0409,-0.0372,-0.1265,-0.0287,-0.0166,-0.1167,-0.0118,0.0356,-0.1811,-0.0269,-0.0135,-0.1853,-0.0464,-0.0149,-0.1318,-0.0364,0.0029,-0.1163,-0.0241
1,Drag & Drop (Pinch),0.0,0.0,0.0,-0.0532,-0.0408,-0.0074,-0.0981,-0.1099,-0.0142,-0.1271,-0.1614,-0.0258,-0.1499,-0.2128,-0.0359,-0.0521,-0.1941,0.0189,-0.0775,-0.2328,-0.0023,-0.1044,-0.2484,-0.0116,-0.1282,-0.2561,-0.0158,-0.0234,-0.1991,0.0088,-0.0667,-0.221,-0.0171,-0.0649,-0.1481,-0.0151,-0.0464,-0.1344,-0.0053,0.0071,-0.1935,-0.0074,-0.0401,-0.1925,-0.0387,-0.0352,-0.1248,-0.0267,-0.0144,-0.1176,-0.0099,0.037,-0.1799,-0.025,-0.0114,-0.1803,-0.0439,-0.0123,-0.1295,-0.0346,0.0065,-0.1177,-0.0229
1,Drag & Drop (Pinch),0.0,0.0,0.0,-0.052,-0.0388,-0.0089,-0.0977,-0.1083,-0.0166,-0.1278,-0.1604,-0.0288,-0.1522,-0.2113,-0.0396,-0.0537,-0.1912,0.0168,-0.0791,-0.2315,-0.0055,-0.1052,-0.2486,-0.0151,-0.128,-0.2571,-0.0194,-0.025,-0.1964,0.0068,-0.0689,-0.221,-0.021,-0.0668,-0.1466,-0.0194,-0.0477,-0.1316,-0.0092,0.0059,-0.1908,-0.0094,-0.0416,-0.1916,-0.0426,-0.0356,-0.1237,-0.0306,-0.014,-0.116,-0.0133,0.0366,-0.1777,-0.0269,-0.0118,-0.1785,-0.0478,-0.012,-0.1275,-0.0391,0.0072,-0.1152,-0.0275
1,Drag & Drop (Pinch),0.0,0.0,0.0,-0.0518,-0.0409,-0.0104,-0.0981,-0.1065,-0.0203,-0.1284,-0.1574,-0.0346,-0.1479,-0.212,-0.0471,-0.0522,-0.1945,0.0168,-0.0764,-0.2335,-0.0059,-0.1033,-0.2492,-0.016,-0.1274,-0.2573,-0.0204,-0.0231,-0.1997,0.0077,-0.0669,-0.2215,-0.0189,-0.0636,-0.1498,-0.017,-0.0452,-0.1367,-0.0067,0.0067,-0.1949,-0.0078,-0.0406,-0.193,-0.0399,-0.0342,-0.1248,-0.0284,-0.0137,-0.1169,-0.0114,0.0355,-0.1822,-0.0248,-0.0125,-0.1821,-0.0443,-0.0116,-0.1309,-0.0355,0.0074,-0.1181,-0.0238
1,Drag & Drop (Pinch),0.0,0.0,0.0,-0.053,-0.0412,-0.0121,-0.1,-0.1076,-0.0226,-0.1311,-0.1589,-0.0371,-0.1512,-0.2132,-0.0495,-0.0548,-0.195,0.0147,-0.0799,-0.2357,-0.0081,-0.1059,-0.2518,-0.0178,-0.1288,-0.2599,-0.0218,-0.0257,-0.2,0.0065,-0.0694,-0.2235,-0.0208,-0.0665,-0.15,-0.0186,-0.0478,-0.1367,-0.0077,0.0048,-0.1954,-0.0083,-0.0419,-0.1936,-0.0406,-0.0352,-0.1262,-0.0288,-0.0143,-0.119,-0.0113,0.0345,-0.183,-0.0248,-0.0124,-0.1833,-0.0442,-0.0115,-0.133,-0.0352,0.0074,-0.1206,-0.0231
1,Drag & Drop (Pinch),0.0,0.0,0.0,-0.0554,-0.0424,-0.0092,-0.1033,-0.1072,-0.0172,-0.133,-0.1583,-0.0295,-0.1498,-0.2137,-0.0402,-0.058,-0.1923,0.0198,-0.0818,-0.2331,-0.0009,-0.108,-0.2499,-0.0117,-0.1324,-0.26,-0.0171,-0.0294,-0.1974,0.0105,-0.0689,-0.2208,-0.0162,-0.065,-0.1527,-0.0173,-0.0473,-0.1364,-0.0094,0.0002,-0.1927,-0.0049,-0.0428,-0.1946,-0.0366,-0.0362,-0.1289,-0.0271,-0.0158,-0.1197,-0.0116,0.0297,-0.1803,-0.0216,-0.0162,-0.1839,-0.0403,-0.0156,-0.1327,-0.0314,0.003,-0.1183,-0.0198
1,Drag & Drop (Pinch),0.0,0.0,0.0,-0.0544,-0.0414,-0.0087,-0.1012,-0.1088,-0.0166,-0.1304,-0.1597,-0.029,-0.1498,-0.2149,-0.0397,-0.0557,-0.1929,0.0178,-0.0805,-0.2362,-0.0044,-0.1073,-0.2509,-0.0157,-0.1314,-0.2572,-0.0212,-0.0275,-0.1977,0.0078,-0.0702,-0.22,-0.019,-0.0659,-0.1514,-0.0196,-0.0467,-0.1363,-0.0117,0.0021,-0.1923,-0.0082,-0.0436,-0.1939,-0.0395,-0.0365,-0.1288,-0.0287,-0.0152,-0.1213,-0.0128,0.0326,-0.1793,-0.0256,-0.0152,-0.1838,-0.0443,-0.0142,-0.1337,-0.0346,0.0055,-0.1205,-0.0226
1,Drag & Drop (Pinch),0.0,0.0,0.0,-0.0558,-0.0383,-0.009,-0.1038,-0.1034,-0.0152,-0.1323,-0.1558,-0.0253,-0.1494,-0.2093,-0.0339,-0.0629,-0.1868,0.0171,-0.0848,-0.2298,-0.0049,-0.1104,-0.2471,-0.0166,-0.1347,-0.2547,-0.0222,-0.033,-0.1924,0.0084,-0.0697,-0.2167,-0.0202,-0.0669,-0.1491,-0.0222,-0.0517,-0.1285,-0.0144,-0.0022,-0.1883,-0.0062,-0.0419,-0.1904,-0.0392,-0.0361,-0.1256,-0.03,-0.0183,-0.1128,-0.0139,0.0292,-0.1765,-0.022,-0.0133,-0.1808,-0.0414,-0.0149,-0.1306,-0.0325,-0.0002,-0.1144,-0.0203
1,Drag & Drop (Pinch),0.0,0.0,0.0,-0.054,-0.0346,-0.0099,-0.1037,-0.0996,-0.0163,-0.1313,-0.1534,-0.0263,-0.1479,-0.2068,-0.0347,-0.0646,-0.185,0.0157,-0.0855,-0.2262,-0.0049,-0.1104,-0.2426,-0.0156,-0.1341,-0.2495,-0.0207,-0.0337,-0.1896,0.0078,-0.0687,-0.2125,-0.0188,-0.0655,-0.1466,-0.0204,-0.0507,-0.1266,-0.0127,-0.0021,-0.1836,-0.0057,-0.0406,-0.1862,-0.0375,-0.0352,-0.1227,-0.0284,-0.0185,-0.1101,-0.0128,0.0304,-0.1703,-0.0202,-0.012,-0.1765,-0.0391,-0.0142,-0.1267,-0.0301,-0.0001,-0.1103,-0.018
1,Drag & Drop (Pinch),0.0,0.0,0.0,-0.0515,-0.0348,-0.0091,-0.0994,-0.1028,-0.0151,-0.1261,-0.1555,-0.0248,-0.1435,-0.2083,-0.0329,-0.0571,-0.1885,0.0143,-0.0797,-0.2272,-0.0058,-0.1053,-0.2416,-0.0153,-0.1284,-0.2495,-0.0197,-0.027,-0.1916,0.0056,-0.0666,-0.2118,-0.0191,-0.0652,-0.1438,-0.0177,-0.0489,-0.1287,-0.0087,0.0037,-0.1836,-0.0086,-0.0384,-0.1856,-0.0387,-0.0353,-0.1209,-0.0267,-0.0175,-0.112,-0.0099,0.0348,-0.1679,-0.0242,-0.0089,-0.1738,-0.042,-0.0121,-0.1245,-0.0313,0.0035,-0.1103,-0.0186
1,Drag & Drop (Pinch),0.0,0.0,0.0,-0.0527,-0.0363,-0.0087,-0.0988,-0.1043,-0.0141,-0.1224,-0.1585,-0.0231,-0.1386,-0.2093,-0.0306,-0.0586,-0.1856,0.0141,-0.0788,-0.225,-0.0072,-0.1035,-0.2405,-0.0177,-0.1275,-0.2472,-0.0222,-0.0282,-0.1887,0.0058,-0.0637,-0.211,-0.0201,-0.0628,-0.1448,-0.0194,-0.0484,-0.1287,-0.0103,0.0034,-0.1813,-0.0081,-0.0356,-0.1838,-0.0388,-0.0326,-0.1202,-0.0275,-0.0162,-0.1108,-0.0109,0.0359,-0.166,-0.0232,-0.0049,-0.1704,-0.0412,-0.0085,-0.1205,-0.031,0.0054,-0.1064,-0.0184
1,Drag & Drop (Pinch),0.0,0.0,0.0,-0.05,-0.0347,-0.0096,-0.0949,-0.1029,-0.0155,-0.1188,-0.1567,-0.0247,-0.1357,-0.2071,-0.032,-0.0554,-0.1858,0.0122,-0.0775,-0.2256,-0.0094,-0.1021,-0.239,-0.0187,-0.1239,-0.2434,-0.0222,-0.0249,-0.188,0.0042,-0.0628,-0.2092,-0.0205,-0.0628,-0.1411,-0.0177,-0.0476,-0.127,-0.0075,0.007,-0.1793,-0.0096,-0.032,-0.1787,-0.0394,-0.0295,-0.1154,-0.0266,-0.0128,-0.1083,-0.0093,0.0395,-0.1631,-0.0248,-0.0006,-0.166,-0.042,-0.0049,-0.1169,-0.0312,0.0088,-0.1038,-0.0185
1,Drag & Drop (Pinch),0.0,0.0,0.0,-0.0517,-0.0287,-0.0093,-0.0981,-0.098,-0.0146,-0.12,-0.1544,-0.0231,-0.1358,-0.2041,-0.03,-0.0625,-0.1811,0.0109,-0.0823,-0.2258,-0.0107,-0.1052,-0.2414,-0.0205,-0.1264,-0.2452,-0.0242,-0.0306,-0.1844,0.0028,-0.0598,-0.2115,-0.0231,-0.0611,-0.1427,-0.0218,-0.0491,-0.1239,-0.012,0.0027,-0.1762,-0.0108,-0.0297,-0.1832,-0.0407,-0.0298,-0.1191,-0.0285,-0.0157,-0.1081,-0.0114,0.0368,-0.1595,-0.0257,0.0005,-0.1671,-0.0429,-0.0053,-0.1176,-0.0319,0.0064,-0.1027,-0.0189
1,Drag & Drop (Pinch),0.0,0.0,0.0,-0.0511,-0.0302,-0.0104,-0.0963,-0.0994,-0.0169,-0.118,-0.1562,-0.0267,-0.1338,-0.2073,-0.0346,-0.0591,-0.1874,0.0116,-0.0803,-0.2295,-0.0112,-0.1048,-0.2433,-0.0206,-0.1259,-0.2458,-0.0237,-0.0274,-0.1905,0.0034,-0.0613,-0.2137,-0.0219,-0.0619,-0.1435,-0.0186,-0.0482,-0.1301,-0.0074,0.0056,-0.182,-0.0108,-0.0301,-0.1826,-0.0408,-0.0291,-0.1186,-0.0268,-0.0138,-0.1116,-0.0085,0.0388,-0.165,-0.0266,-0.0001,-0.168,-0.0437,-0.0052,-0.1184,-0.0319,0.0078,-0.1055,-0.0182
1,Drag & Drop (Pinch),0.0,0.0,0.0,-0.0528,-0.0304,-0.0164,-0.0997,-0.0991,-0.0265,-0.12,-0.1587,-0.039,-0.1339,-0.2135,-0.0491,-0.0635,-0.189,0.0089,-0.081,-0.2312,-0.0139,-0.102,-0.2471,-0.0214,-0.1203,-0.2511,-0.0226,-0.03,-0.1916,0.0035,-0.0592,-0.2165,-0.0229,-0.0587,-0.1424,-0.018,-0.0444,-0.1305,-0.0043,0.004,-0.1836,-0.0087,-0.0276,-0.1833,-0.0408,-0.0256,-0.1167,-0.0264,-0.01,-0.1121,-0.0064,0.038,-0.1686,-0.0227,0.0022,-0.1715,-0.0405,-0.0014,-0.1217,-0.0284,0.0119,-0.1115,-0.0139
1,Drag & Drop (Pinch),0.0,0.0,0.0,-0.0536,-0.0324,-0.0172,-0.0992,-0.1013,-0.0273,-0.1193,-0.1614,-0.0393,-0.1352,-0.217,-0.049,-0.061,-0.1921,0.0083,-0.08,-0.233,-0.0137,-0.1024,-0.2494,-0.0212,-0.1219,-0.2553,-0.0229,-0.0281,-0.1954,0.0036,-0.0607,-0.2183,-0.0214,-0.0606,-0.1456,-0.0163,-0.0465,-0.1356,-0.0033,0.0049,-0.1876,-0.0079,-0.0299,-0.1862,-0.0391,-0.028,-0.1206,-0.0247,-0.0124,-0.1164,-0.0055,0.0378,-0.1725,-0.0216,-0.0011,-0.1725,-0.0395,-0.0052,-0.1227,-0.0282,0.0082,-0.1129,-0.0146
1,Drag & Drop (Pinch),0.0,0.0,0.0,-0.0504,-0.0322,-0.0167,-0.096,-0.1015,-0.0269,-0.1175,-0.1608,-0.0395,-0.1308,-0.2161,-0.0497,-0.0644,-0.1914,0.009,-0.0801,-0.2309,-0.0145,-0.0998,-0.2476,-0.0233,-0.1157,-0.2553,-0.0258,-0.0311,-0.1954,0.0035,-0.059,-0.2214,-0.023,-0.0588,-0.1471,-0.0184,-0.0457,-0.1366,-0.0052,0.0034,-0.1882,-0.0089,-0.0272,-0.1879,-0.0414,-0.0267,-0.1212,-0.0268,-0.0127,-0.1164,-0.0068,0.0379,-0.1732,-0.0233,0.0024,-0.177,-0.0409,-0.0038,-0.1267,-0.0286,0.0069,-0.1146,-0.014
1,Drag & Drop (Pinch),0.0,0.0,0.0,-0.0524,-0.0325,-0.0164,-0.0973,-0.1061,-0.0256,-0.1167,-0.1667,-0.0376,-0.1316,-0.221,-0.0473,-0.0658,-0.1923,0.0117,-0.0798,-0.2325,-0.012,-0.0991,-0.2504,-0.0205,-0.1144,-0.2559,-0.0223,-0.0316,-0.1952,0.0061,-0.0581,-0.2229,-0.0202,-0.0578,-0.1475,-0.0145,-0.0437,-0.1385,-0.0001,0.0039,-0.1876,-0.0066,-0.0257,-0.1928,-0.0396,-0.0259,-0.1241,-0.0237,-0.0116,-0.1191,-0.0024,0.0393,-0.1727,-0.0215,0.0063,-0.1817,-0.0402,-0.0,-0.1313,-0.0273,0.0116,-0.1189,-0.0119
1,Drag & Drop (Pinch),0.0,0.0,0.0,-0.0539,-0.035,-0.0131,-0.0987,-0.1093,-0.0199,-0.1187,-0.1688,-0.0299,-0.1348,-0.2224,-0.0378,-0.0625,-0.1949,0.0146,-0.0797,-0.2352,-0.007,-0.1007,-0.2529,-0.0152,-0.1184,-0.2603,-0.0178,-0.0298,-0.1992,0.0074,-0.0613,-0.2254,-0.0185,-0.0587,-0.1502,-0.0144,-0.0429,-0.1377,-0.0018,0.0042,-0.1922,-0.0064,-0.0299,-0.1945,-0.038,-0.0273,-0.1275,-0.0236,-0.0113,-0.1218,-0.0041,0.0377,-0.1775,-0.0221,0.0004,-0.1814,-0.04,-0.0047,-0.1318,-0.0285,0.0077,-0.1208,-0.0147
1,Drag & Drop (Pinch),0.0,0.0,0.0,-0.0549,-0.0367,-0.0155,-0.0995,-0.11,-0.0238,-0.1202,-0.1688,-0.035,-0.1347,-0.2241,-0.0437,-0.0634,-0.1946,0.0133,-0.0798,-0.2374,-0.0093,-0.1005,-0.2541,-0.0176,-0.1175,-0.2606,-0.0199,-0.0302,-0.1999,0.0072,-0.0621,-0.2274,-0.0203,-0.0589,-0.1513,-0.0166,-0.0421,-0.1374,-0.0034,0.0042,-0.1943,-0.0059,-0.0315,-0.1942,-0.0389,-0.0273,-0.1267,-0.0253,-0.0098,-0.122,-0.0057,0.0381,-0.1818,-0.021,-0.0011,-0.1839,-0.0397,-0.0028,-0.134,-0.0288,0.0129,-0.1249,-0.0151
1,Drag & Drop (Pinch),0.0,0.0,0.0,-0.0542,-0.0376,-0.014,-0.0993,-0.1088,-0.0224,-0.1191,-0.167,-0.0338,-0.1322,-0.2215,-0.0433,-0.0661,-0.1929,0.0121,-0.0805,-0.2348,-0.0105,-0.0995,-0.2524,-0.0199,-0.1152,-0.2594,-0.023,-0.0325,-0.1968,0.0056,-0.0602,-0.225,-0.0216,-0.0592,-0.152,-0.0191,-0.0452,-0.1378,-0.0073,0.0021,-0.1909,-0.0075,-0.0295,-0.1936,-0.0406,-0.0275,-0.1275,-0.0279,-0.0119,-0.1199,-0.0088,0.0371,-0.1782,-0.0222,0.001,-0.1852,-0.0407,-0.003,-0.1354,-0.0291,0.0102,-0.122,-0.0147
1,Drag & Drop (Pinch),0.0,0.0,0.0,-0.0555,-0.0323,-0.0154,-0.1003,-0.1048,-0.0241,-0.1182,-0.1655,-0.0355,-0.1349,-0.2192,-0.0446,-0.0698,-0.1915,0.0117,-0.0843,-0.2338,-0.0118,-0.1021,-0.2486,-0.02,-0.1164,-0.253,-0.0216,-0.0355,-0.1955,0.0057,-0.0646,-0.2236,-0.0209,-0.0618,-0.1479,-0.0154,-0.0461,-0.1379,-0.0013,-0.0001,-0.1887,-0.0074,-0.0323,-0.1919,-0.0407,-0.0296,-0.123,-0.0253,-0.0138,-0.1195,-0.0044,0.0349,-0.1752,-0.0224,-0.0024,-0.1801,-0.041,-0.0065,-0.128,-0.0284,0.007,-0.1181,-0.0135
1,Drag & Drop (Pinch),0.0,0.0,0.0,-0.0566,-0.0314,-0.014,-0.1035,-0.1047,-0.0213,-0.121,-0.1675,-0.0312,-0.1367,-0.2225,-0.039,-0.0709,-0.1922,0.0124,-0.086,-0.2351,-0.0099,-0.1045,-0.2509,-0.018,-0.1203,-0.2574,-0.0201,-0.0374,-0.1962,0.006,-0.0678,-0.2233,-0.0198,-0.0632,-0.1492,-0.015,-0.0475,-0.1391,-0.0018,-0.0027,-0.1894,-0.0071,-0.0357,-0.1929,-0.0393,-0.0316,-0.1258,-0.0245,-0.016,-0.1229,-0.0046,0.0318,-0.1764,-0.022,-0.0067,-0.1815,-0.0402,-0.0104,-0.1304,-0.0281,0.0029,-0.1214,-0.0138
1,Drag & Drop (Pinch),0.0,0.0,0.0,-0.0538,-0.036,-0.0174,-0.098,-0.1082,-0.0274,-0.1179,-0.1671,-0.0399,-0.1313,-0.2238,-0.0498,-0.065,-0.196,0.0105,-0.081,-0.2376,-0.0136,-0.0998,-0.2518,-0.0221,-0.1147,-0.2574,-0.0241,-0.0307,-0.1992,0.0053,-0.0614,-0.2235,-0.0217,-0.0569,-0.1485,-0.0165,-0.0412,-0.1412,-0.0027,0.0041,-0.1918,-0.0071,-0.0297,-0.1922,-0.0404,-0.0259,-0.1242,-0.0247,-0.0104,-0.1219,-0.0038,0.0381,-0.1777,-0.0216,0.0006,-0.1797,-0.04,-0.0029,-0.1293,-0.0276,0.0102,-0.1211,-0.0127
1,Drag & Drop (Pinch),0.0,0.0,0.0,-0.0546,-0.0369,-0.0188,-0.0987,-0.1089,-0.0292,-0.1192,-0.1672,-0.0418,-0.133,-0.2231,-0.0515,-0.0666,-0.1954,0.011,-0.0814,-0.2374,-0.0124,-0.0999,-0.2524,-0.0202,-0.1151,-0.2572,-0.0216,-0.0322,-0.1986,0.0066,-0.0614,-0.2257,-0.0206,-0.0582,-0.1496,-0.0155,-0.0422,-0.1406,-0.0012,0.0029,-0.1915,-0.0053,-0.0292,-0.1931,-0.0389,-0.0261,-0.125,-0.0238,-0.0103,-0.1227,-0.0029,0.0373,-0.1778,-0.0195,0.0013,-0.182,-0.0379,-0.0028,-0.1312,-0.0257,0.0101,-0.1225,-0.0109
1,Drag & Drop (Pinch),0.0,0.0,0.0,-0.053,-0.0359,-0.0141,-0.0981,-0.1076,-0.023,-0.1171,-0.1675,-0.035,-0.1289,-0.2237,-0.045,-0.0577,-0.1965,0.0145,-0.0731,-0.2377,-0.0075,-0.0951,-0.2535,-0.0157,-0.1133,-0.2605,-0.0179,-0.0248,-0.1994,0.0078,-0.0554,-0.2258,-0.0187,-0.0552,-0.1528,-0.0151,-0.0406,-0.1427,-0.0024,0.0084,-0.1924,-0.0056,-0.0258,-0.1939,-0.0388,-0.0239,-0.1265,-0.0252,-0.0075,-0.1222,-0.0054,0.0414,-0.1785,-0.0208,0.003,-0.1843,-0.0393,-0.0005,-0.1341,-0.0275,0.0142,-0.1235,-0.0131
1,Drag & Drop (Pinch),0.0,0.0,0.0,-0.0535,-0.0357,-0.0167,-0.0969,-0.1069,-0.0265,-0.1165,-0.1659,-0.0389,-0.1321,-0.2189,-0.0492,-0.0596,-0.1923,0.012,-0.0748,-0.2335,-0.0104,-0.096,-0.2494,-0.0186,-0.1137,-0.2576,-0.0209,-0.0263,-0.1977,0.0066,-0.0565,-0.2263,-0.0209,-0.0579,-0.1524,-0.0176,-0.0431,-0.1391,-0.0048,0.0072,-0.1924,-0.0058,-0.0278,-0.1923,-0.0395,-0.026,-0.1247,-0.0269,-0.0086,-0.1188,-0.0076,0.0403,-0.1801,-0.0201,0.0005,-0.1819,-0.0392,-0.0016,-0.1317,-0.0286,0.0148,-0.1217,-0.0149
1,Drag & Drop (Pinch),0.0,0.0,0.0,-0.0525,-0.0348,-0.0169,-0.0959,-0.1076,-0.0269,-0.1148,-0.1659,-0.0395,-0.1286,-0.2197,-0.0498,-0.0635,-0.192,0.0119,-0.0782,-0.2342,-0.0115,-0.0979,-0.2499,-0.0195,-0.1139,-0.254,-0.0209,-0.0293,-0.197,0.0066,-0.0581,-0.2266,-0.021,-0.0584,-0.1515,-0.0164,-0.0432,-0.1398,-0.0022,0.0058,-0.1912,-0.006,-0.0281,-0.1934,-0.0394,-0.0265,-0.1249,-0.025,-0.0097,-0.1205,-0.0045,0.0404,-0.1785,-0.0207,0.0016,-0.1812,-0.0393,-0.0008,-0.1308,-0.0277,0.0153,-0.1221,-0.0131
1,Drag & Drop (Pinch),0.0,0.0,0.0,-0.052,-0.035,-0.0152,-0.0957,-0.1063,-0.0242,-0.1149,-0.1645,-0.0358,-0.1286,-0.2183,-0.0451,-0.0622,-0.1921,0.0101,-0.0778,-0.2346,-0.0131,-0.0979,-0.2509,-0.0213,-0.1145,-0.255,-0.0231,-0.0282,-0.196,0.0041,-0.057,-0.2227,-0.0229,-0.0555,-0.1482,-0.0184,-0.0412,-0.1371,-0.005,0.0063,-0.1893,-0.0085,-0.0255,-0.1899,-0.041,-0.0235,-0.1236,-0.026,-0.0084,-0.1198,-0.0058,0.0402,-0.1752,-0.023,0.0045,-0.1779,-0.0408,0.0001,-0.1282,-0.0284,0.0127,-0.1186,-0.0139
1,Drag & Drop (Pinch),0.0,0.0,0.0,-0.0534,-0.0337,-0.0148,-0.0961,-0.1065,-0.0231,-0.1139,-0.1661,-0.0341,-0.129,-0.2188,-0.0428,-0.0627,-0.1926,0.011,-0.0775,-0.234,-0.011,-0.0976,-0.2502,-0.0183,-0.1146,-0.2544,-0.0197,-0.0283,-0.1967,0.0049,-0.0568,-0.2246,-0.0211,-0.0562,-0.1495,-0.0161,-0.042,-0.1372,-0.0024,0.0066,-0.19,-0.0078,-0.0251,-0.1909,-0.0395,-0.0235,-0.124,-0.0245,-0.0084,-0.1188,-0.0044,0.0406,-0.1754,-0.0225,0.0053,-0.179,-0.04,0.0002,-0.1288,-0.0278,0.0123,-0.1178,-0.0134
1,Drag & Drop (Pinch),0.0,0.0,0.0,-0.055,-0.0353,-0.0172,-0.0991,-0.1077,-0.0263,-0.1179,-0.1658,-0.0377,-0.1336,-0.2179,-0.0466,-0.0673,-0.1936,0.0112,-0.0819,-0.2348,-0.0112,-0.1013,-0.2514,-0.0185,-0.1178,-0.2557,-0.0196,-0.0333,-0.1978,0.0062,-0.0625,-0.226,-0.0202,-0.0606,-0.1503,-0.0149,-0.0457,-0.1385,-0.0004,0.002,-0.1915,-0.006,-0.0309,-0.1923,-0.0387,-0.0278,-0.1252,-0.0241,-0.0118,-0.1222,-0.0037,0.0364,-0.1784,-0.0203,-0.0013,-0.1824,-0.0388,-0.0042,-0.1316,-0.0271,0.0098,-0.1225,-0.0128
1,Drag & Drop (Pinch),0.0,0.0,0.0,-0.0547,-0.0382,-0.0152,-0.0988,-0.1112,-0.0239,-0.1194,-0.1688,-0.0357,-0.1336,-0.2225,-0.045,-0.0643,-0.1933,0.0131,-0.0807,-0.2379,-0.0097,-0.1009,-0.2533,-0.0174,-0.1174,-0.2568,-0.0188,-0.0311,-0.1971,0.007,-0.0621,-0.226,-0.0205,-0.0589,-0.1506,-0.0161,-0.043,-0.1386,-0.0022,0.0035,-0.1912,-0.0062,-0.0314,-0.194,-0.0394,-0.0271,-0.1264,-0.0248,-0.0105,-0.1223,-0.0044,0.0378,-0.179,-0.0213,-0.0014,-0.1832,-0.0398,-0.0028,-0.133,-0.0279,0.0129,-0.1243,-0.0134
1,Drag & Drop (Pinch),0.0,0.0,0.0,-0.0553,-0.0352,-0.0167,-0.1006,-0.1081,-0.0252,-0.1203,-0.1678,-0.036,-0.1328,-0.2229,-0.044,-0.0699,-0.1964,0.0109,-0.0861,-0.2384,-0.0118,-0.1038,-0.2527,-0.0193,-0.1176,-0.2582,-0.0205,-0.0354,-0.2006,0.006,-0.0651,-0.2266,-0.0212,-0.0614,-0.1506,-0.0162,-0.0463,-0.1397,-0.002,0.0001,-0.1943,-0.006,-0.0322,-0.1925,-0.0395,-0.0286,-0.1246,-0.0252,-0.0135,-0.1213,-0.0047,0.0346,-0.1811,-0.02,-0.0015,-0.1826,-0.0387,-0.0047,-0.1312,-0.0272,0.008,-0.122,-0.0128
1,Drag & Drop (Pinch),0.0,0.0,0.0,-0.0563,-0.0352,-0.0152,-0.1034,-0.1072,-0.0234,-0.1224,-0.1674,-0.0341,-0.1343,-0.2234,-0.0423,-0.0706,-0.1971,0.0113,-0.0874,-0.2394,-0.0114,-0.1054,-0.2536,-0.0192,-0.1197,-0.2584,-0.0209,-0.0363,-0.2009,0.0054,-0.0666,-0.2264,-0.0218,-0.0619,-0.1508,-0.0174,-0.0466,-0.1393,-0.0039,-0.001,-0.194,-0.0074,-0.0338,-0.193,-0.0413,-0.0294,-0.1253,-0.0272,-0.014,-0.1219,-0.0071,0.0334,-0.1804,-0.022,-0.0046,-0.1828,-0.0411,-0.0076,-0.1315,-0.0295,0.0053,-0.1222,-0.0151
1,Drag & Drop (Pinch),0.0,0.0,0.0,-0.0531,-0.0346,-0.0201,-0.0982,-0.104,-0.0318,-0.1192,-0.1637,-0.0451,-0.1314,-0.2211,-0.055,-0.0677,-0.1953,0.0054,-0.0859,-0.2421,-0.0207,-0.1029,-0.2517,-0.0288,-0.115,-0.2517,-0.0296,-0.0325,-0.1985,0.0017,-0.0631,-0.2248,-0.0276,-0.059,-0.1474,-0.0224,-0.0438,-0.1394,-0.0077,0.0032,-0.1912,-0.0094,-0.0298,-0.1881,-0.0452,-0.0256,-0.1192,-0.0303,-0.0096,-0.1191,-0.0091,0.0376,-0.1774,-0.0226,-0.0009,-0.1764,-0.0427,-0.0034,-0.1241,-0.031,0.0103,-0.1173,-0.0161
1,Drag & Drop (Pinch),0.0,0.0,0.0,-0.0551,-0.0343,-0.0189,-0.1015,-0.1027,-0.0304,-0.123,-0.1638,-0.0441,-0.1366,-0.2218,-0.0546,-0.0737,-0.1919,0.007,-0.0897,-0.2385,-0.0185,-0.1081,-0.2522,-0.0271,-0.1223,-0.2539,-0.0285,-0.0394,-0.1958,0.0025,-0.0678,-0.2259,-0.0265,-0.0643,-0.1499,-0.0215,-0.0489,-0.1397,-0.0072,-0.0041,-0.1898,-0.0093,-0.0345,-0.1927,-0.0444,-0.0311,-0.1251,-0.0295,-0.0156,-0.1223,-0.0085,0.0307,-0.1774,-0.0233,-0.0054,-0.181,-0.0427,-0.0094,-0.1297,-0.0308,0.003,-0.1203,-0.016
1,Drag & Drop (Pinch),0.0,0.0,0.0,-0.0551,-0.0353,-0.0154,-0.1008,-0.104,-0.0255,-0.1207,-0.1645,-0.0383,-0.1335,-0.2216,-0.0484,-0.0684,-0.1954,0.0101,-0.0845,-0.2386,-0.0146,-0.1047,-0.2519,-0.0235,-0.1212,-0.2544,-0.0255,-0.0349,-0.1981,0.0037,-0.065,-0.2248,-0.0242,-0.0615,-0.1487,-0.0192,-0.047,-0.1397,-0.0055,-0.0005,-0.191,-0.0096,-0.032,-0.1936,-0.0435,-0.0289,-0.1252,-0.0275,-0.0142,-0.1222,-0.0063,0.0339,-0.177,-0.0248,-0.0017,-0.1818,-0.0434,-0.006,-0.13,-0.0304,0.0057,-0.1201,-0.0151
1,Drag & Drop (Pinch),0.0,0.0,0.0,-0.0519,-0.0363,-0.0186,-0.0969,-0.1064,-0.0299,-0.1194,-0.1657,-0.0432,-0.1336,-0.2224,-0.0537,-0.0663,-0.1959,0.0082,-0.083,-0.241,-0.0165,-0.1038,-0.2553,-0.0246,-0.1208,-0.2558,-0.0258,-0.033,-0.1997,0.0037,-0.0642,-0.2263,-0.024,-0.061,-0.1507,-0.0186,-0.0461,-0.1406,-0.0042,0.0017,-0.1932,-0.0081,-0.0318,-0.1933,-0.0424,-0.0275,-0.1256,-0.0274,-0.0115,-0.1223,-0.0066,0.0358,-0.18,-0.0221,-0.0025,-0.1832,-0.0414,-0.0053,-0.1317,-0.0297,0.0084,-0.122,-0.0151
1,Drag & Drop (Pinch),0.0,0.0,0.0,-0.0527,-0.0374,-0.0192,-0.097,-0.1066,-0.0313,-0.1179,-0.1665,-0.0455,-0.1319,-0.2239,-0.0566,-0.0645,-0.1978,0.0059,-0.0824,-0.2433,-0.0196,-0.1031,-0.2566,-0.0275,-0.1196,-0.2557,-0.0282,-0.0306,-0.2005,0.0016,-0.0625,-0.2268,-0.0267,-0.0598,-0.1503,-0.0209,-0.0451,-0.1402,-0.0062,0.0042,-0.1933,-0.01,-0.0308,-0.1935,-0.0447,-0.0268,-0.1255,-0.0294,-0.0105,-0.122,-0.0082,0.038,-0.1793,-0.0238,-0.001,-0.1834,-0.0436,-0.0038,-0.1324,-0.0317,0.0104,-0.1224,-0.0168
1,Drag & Drop (Pinch),0.0,0.0,0.0,-0.0548,-0.0368,-0.0144,-0.0999,-0.1038,-0.0246,-0.1198,-0.1623,-0.0376,-0.1337,-0.2178,-0.048,-0.0672,-0.1916,0.0085,-0.0838,-0.2382,-0.0162,-0.1046,-0.2517,-0.0251,-0.1229,-0.2513,-0.027,-0.0337,-0.1949,0.0018,-0.0645,-0.2236,-0.0272,-0.061,-0.1494,-0.024,-0.0461,-0.1361,-0.0114,0.0007,-0.1883,-0.0115,-0.0337,-0.1924,-0.046,-0.029,-0.1256,-0.032,-0.0131,-0.1209,-0.0122,0.0349,-0.1749,-0.0265,-0.005,-0.1812,-0.0462,-0.0066,-0.13,-0.0344,0.0081,-0.1202,-0.02
1,Drag & Drop (Pinch),0.0,0.0,0.0,-0.0534,-0.0353,-0.0149,-0.0985,-0.1042,-0.0239,-0.1186,-0.1635,-0.0353,-0.133,-0.2186,-0.0445,-0.0631,-0.1932,0.0096,-0.0822,-0.235,-0.0138,-0.1046,-0.2488,-0.0225,-0.1237,-0.2518,-0.0248,-0.0301,-0.1962,0.0035,-0.0633,-0.2218,-0.0238,-0.0606,-0.1475,-0.0199,-0.0454,-0.1343,-0.0074,0.0035,-0.1885,-0.0092,-0.0319,-0.1898,-0.0427,-0.0283,-0.1227,-0.0288,-0.0124,-0.1162,-0.0094,0.0366,-0.1737,-0.0237,-0.003,-0.1755,-0.0432,-0.0068,-0.1249,-0.0325,0.0063,-0.1141,-0.019
1,Drag & Drop (Pinch),0.0,0.0,0.0,-0.0527,-0.0355,-0.014,-0.098,-0.103,-0.0231,-0.1196,-0.1599,-0.0347,-0.1317,-0.2148,-0.0442,-0.0614,-0.1912,0.0105,-0.0813,-0.2329,-0.0121,-0.1039,-0.2474,-0.0219,-0.1239,-0.2517,-0.0257,-0.0289,-0.1957,0.0038,-0.062,-0.2217,-0.0237,-0.0612,-0.1512,-0.0229,-0.0474,-0.1358,-0.0129,0.004,-0.189,-0.0092,-0.0321,-0.1894,-0.0418,-0.0289,-0.1258,-0.0304,-0.0128,-0.1191,-0.013,0.0367,-0.175,-0.0238,-0.0041,-0.1781,-0.0428,-0.0075,-0.1288,-0.0328,0.0063,-0.1174,-0.02
1,Drag & Drop (Pinch),0.0,0.0,0.0,-0.0518,-0.034,-0.0153,-0.0963,-0.1009,-0.0255,-0.119,-0.1575,-0.0382,-0.1318,-0.2125,-0.0483,-0.0617,-0.1905,0.0094,-0.0817,-0.2335,-0.0141,-0.1042,-0.2464,-0.0227,-0.1231,-0.2479,-0.0247,-0.0294,-0.1946,0.0032,-0.0613,-0.2192,-0.0236,-0.0606,-0.1465,-0.02,-0.0463,-0.1356,-0.0079,0.0038,-0.1878,-0.0095,-0.0311,-0.1867,-0.0414,-0.0285,-0.1217,-0.0276,-0.0122,-0.1183,-0.0086,0.0364,-0.1733,-0.0242,-0.0024,-0.1746,-0.042,-0.006,-0.1251,-0.0307,0.008,-0.1158,-0.0169
1,Drag & Drop (Pinch),0.0,0.0,0.0,-0.0521,-0.0348,-0.0144,-0.0977,-0.1019,-0.0236,-0.1211,-0.157,-0.0353,-0.1341,-0.2108,-0.0445,-0.0631,-0.1885,0.0095,-0.0834,-0.2328,-0.0138,-0.1063,-0.246,-0.0224,-0.1257,-0.2483,-0.0245,-0.0313,-0.1921,0.0031,-0.0654,-0.2198,-0.0241,-0.0644,-0.1484,-0.0212,-0.0491,-0.1368,-0.0093,0.0019,-0.1851,-0.0098,-0.0346,-0.1858,-0.043,-0.0316,-0.121,-0.0305,-0.0142,-0.1173,-0.0119,0.0347,-0.1714,-0.0244,-0.0069,-0.175,-0.0434,-0.0107,-0.1254,-0.0328,0.0043,-0.1157,-0.0194
1,Drag & Drop (Pinch),0.0,0.0,0.0,-0.0509,-0.0327,-0.0148,-0.0962,-0.0995,-0.0243,-0.1194,-0.1557,-0.0363,-0.133,-0.2098,-0.0458,-0.064,-0.1883,0.0086,-0.0823,-0.2326,-0.0154,-0.1049,-0.2466,-0.0243,-0.1246,-0.2487,-0.0265,-0.0317,-0.1919,0.0022,-0.0639,-0.2193,-0.0253,-0.0626,-0.1469,-0.022,-0.0478,-0.1349,-0.0097,0.0016,-0.1849,-0.0106,-0.0327,-0.186,-0.0436,-0.0302,-0.1204,-0.0299,-0.014,-0.1163,-0.0105,0.0349,-0.1707,-0.0252,-0.0033,-0.1741,-0.0435,-0.008,-0.1246,-0.032,0.0049,-0.1144,-0.018
1,Drag & Drop (Pinch),0.0,0.0,0.0,-0.0521,-0.0368,-0.0143,-0.0971,-0.102,-0.0243,-0.1212,-0.1569,-0.0375,-0.1347,-0.2115,-0.0484,-0.0618,-0.1893,0.0122,-0.082,-0.2305,-0.0104,-0.106,-0.2464,-0.0189,-0.1265,-0.2516,-0.0212,-0.031,-0.1924,0.0052,-0.0656,-0.2203,-0.022,-0.0643,-0.1473,-0.0183,-0.0491,-0.1357,-0.0056,0.0015,-0.1857,-0.0086,-0.0353,-0.1888,-0.0417,-0.0321,-0.123,-0.028,-0.0152,-0.1183,-0.0084,0.0343,-0.1722,-0.0241,-0.0062,-0.1791,-0.043,-0.0102,-0.1295,-0.0318,0.0039,-0.1185,-0.0179
1,Drag & Drop (Pinch),0.0,0.0,0.0,-0.0512,-0.0353,-0.0141,-0.0961,-0.1002,-0.024,-0.1209,-0.1547,-0.0371,-0.1333,-0.2094,-0.0479,-0.0626,-0.1874,0.012,-0.0815,-0.2289,-0.0105,-0.1057,-0.244,-0.0187,-0.1266,-0.2484,-0.0211,-0.0318,-0.1917,0.0049,-0.0652,-0.2189,-0.0219,-0.0641,-0.1463,-0.0182,-0.049,-0.1339,-0.0057,0.0008,-0.1856,-0.0087,-0.0355,-0.1882,-0.0414,-0.0324,-0.1217,-0.0276,-0.0153,-0.1161,-0.0082,0.0337,-0.1722,-0.0242,-0.0063,-0.1783,-0.043,-0.01,-0.128,-0.0318,0.0042,-0.1163,-0.018
1,Drag & Drop (Pinch),0.0,0.0,0.0,-0.0513,-0.0362,-0.0137,-0.0956,-0.1008,-0.0232,-0.1188,-0.1564,-0.036,-0.1338,-0.2114,-0.0467,-0.0588,-0.1853,0.0121,-0.0791,-0.2255,-0.0099,-0.1025,-0.2402,-0.0179,-0.1217,-0.2468,-0.0202,-0.0284,-0.1882,0.0048,-0.0628,-0.2173,-0.0225,-0.0622,-0.1441,-0.019,-0.0465,-0.1308,-0.0063,0.0033,-0.1816,-0.0091,-0.0334,-0.1846,-0.0424,-0.0305,-0.1183,-0.0291,-0.013,-0.1128,-0.0097,0.0354,-0.1685,-0.0246,-0.0044,-0.1746,-0.0442,-0.0081,-0.1241,-0.0335,0.0066,-0.1119,-0.0199
1,Drag & Drop (Pinch),0.0,0.0,0.0,-0.0489,-0.0323,-0.0125,-0.0925,-0.098,-0.021,-0.1185,-0.1519,-0.0326,-0.1356,-0.2037,-0.0427,-0.0608,-0.1812,0.0124,-0.0778,-0.2214,-0.0088,-0.1002,-0.2376,-0.0176,-0.1199,-0.2441,-0.0211,-0.0299,-0.1861,0.005,-0.0628,-0.2127,-0.0207,-0.0614,-0.1433,-0.0185,-0.047,-0.1268,-0.0077,0.0027,-0.18,-0.0084,-0.0332,-0.1844,-0.0401,-0.0292,-0.1193,-0.0278,-0.0129,-0.1091,-0.0101,0.0358,-0.1666,-0.0234,-0.0049,-0.1723,-0.0428,-0.008,-0.1211,-0.0328,0.0056,-0.1059,-0.02
1,Drag & Drop (Pinch),0.0,0.0,0.0,-0.0487,-0.0358,-0.0113,-0.0928,-0.1016,-0.0193,-0.1193,-0.1536,-0.0308,-0.1381,-0.2032,-0.0409,-0.0568,-0.1826,0.0144,-0.0758,-0.2219,-0.0061,-0.0989,-0.2383,-0.0146,-0.1186,-0.2453,-0.0181,-0.0274,-0.1858,0.0063,-0.0632,-0.2127,-0.0194,-0.062,-0.1428,-0.0172,-0.0455,-0.1278,-0.0066,0.0044,-0.179,-0.0079,-0.0326,-0.1842,-0.0391,-0.0295,-0.1195,-0.0266,-0.0118,-0.1113,-0.0088,0.0375,-0.1649,-0.0236,-0.0025,-0.1744,-0.0421,-0.0072,-0.1247,-0.0316,0.0068,-0.11,-0.0187
1,Drag & Drop (Pinch),0.0,0.0,0.0,-0.0479,-0.0355,-0.0115,-0.0922,-0.1028,-0.019,-0.1174,-0.1551,-0.0298,-0.1362,-0.2042,-0.0388,-0.0562,-0.1853,0.0144,-0.0772,-0.2224,-0.0051,-0.1005,-0.2377,-0.0118,-0.1206,-0.2429,-0.0137,-0.0263,-0.1884,0.0066,-0.0615,-0.2145,-0.0173,-0.0611,-0.1429,-0.013,-0.0455,-0.13,-0.0009,0.0059,-0.1807,-0.0073,-0.0306,-0.184,-0.0373,-0.028,-0.1194,-0.0236,-0.0109,-0.1143,-0.0053,0.0381,-0.1649,-0.0228,-0.0013,-0.172,-0.0402,-0.0057,-0.1227,-0.029,0.0082,-0.1109,-0.0157
1,Drag & Drop (Pinch),0.0,0.0,0.0,-0.0491,-0.0354,-0.009,-0.0936,-0.0995,-0.0159,-0.1183,-0.1508,-0.0269,-0.138,-0.202,-0.0366,-0.0548,-0.1798,0.0144,-0.0765,-0.2217,-0.0068,-0.1009,-0.2353,-0.0167,-0.1221,-0.2412,-0.021,-0.0256,-0.1826,0.0054,-0.064,-0.208,-0.0212,-0.0621,-0.1396,-0.021,-0.0454,-0.1232,-0.0123,0.0052,-0.1767,-0.0093,-0.0363,-0.1825,-0.0416,-0.0307,-0.117,-0.0309,-0.0116,-0.1068,-0.0144,0.0376,-0.1649,-0.0252,-0.0065,-0.1749,-0.0455,-0.0091,-0.125,-0.0366,0.0068,-0.1092,-0.0247
1,Drag & Drop (Pinch),0.0,0.0,0.0,-0.0487,-0.0339,-0.0087,-0.0944,-0.1002,-0.0144,-0.12,-0.1524,-0.0238,-0.1401,-0.2018,-0.0319,-0.0576,-0.1809,0.0154,-0.079,-0.22,-0.0047,-0.103,-0.2363,-0.0138,-0.1242,-0.2444,-0.0178,-0.0286,-0.1842,0.0066,-0.0653,-0.2096,-0.0189,-0.0638,-0.1407,-0.0177,-0.0477,-0.1238,-0.0083,0.0028,-0.1775,-0.0079,-0.0351,-0.1818,-0.0399,-0.0302,-0.1173,-0.029,-0.0122,-0.1079,-0.0122,0.035,-0.1645,-0.0235,-0.007,-0.1731,-0.043,-0.0088,-0.1238,-0.0336,0.007,-0.1096,-0.0214
1,Drag & Drop (Pinch),0.0,0.0,0.0,-0.0518,-0.0296,-0.0093,-0.0998,-0.0956,-0.0147,-0.1248,-0.1485,-0.0232,-0.1442,-0.1975,-0.0304,-0.0635,-0.1771,0.0118,-0.0841,-0.2206,-0.0081,-0.1066,-0.2369,-0.0169,-0.1267,-0.2444,-0.0208,-0.0323,-0.182,0.0036,-0.068,-0.2064,-0.0219,-0.0647,-0.1371,-0.0211,-0.049,-0.1193,-0.012,0.0006,-0.1762,-0.01,-0.0361,-0.1789,-0.0409,-0.0309,-0.1149,-0.03,-0.0136,-0.1052,-0.0137,0.0347,-0.1636,-0.0247,-0.0044,-0.1711,-0.0436,-0.0077,-0.1216,-0.034,0.0059,-0.1058,-0.0221
1,Drag & Drop (Pinch),0.0,0.0,0.0,-0.0553,-0.0409,-0.0118,-0.104,-0.1002,-0.0234,-0.1326,-0.151,-0.039,-0.1375,-0.2047,-0.0512,-0.0622,-0.1937,0.0104,-0.08,-0.2431,-0.0165,-0.1052,-0.25,-0.0275,-0.1271,-0.2391,-0.0303,-0.0301,-0.1992,0.0034,-0.0677,-0.2027,-0.0244,-0.0597,-0.1354,-0.0222,-0.0432,-0.1288,-0.0124,0.0021,-0.1953,-0.0101,-0.0395,-0.1802,-0.0402,-0.0316,-0.1185,-0.0261,-0.0153,-0.1149,-0.0086,0.0335,-0.1822,-0.0256,-0.0081,-0.1731,-0.0416,-0.0071,-0.1247,-0.0304,0.0077,-0.1156,-0.0172
1,Drag & Drop (Pinch),0.0,0.0,0.0,-0.0547,-0.0367,-0.0136,-0.1064,-0.0952,-0.0262,-0.1334,-0.148,-0.0422,-0.1354,-0.2032,-0.0548,-0.0673,-0.1887,0.0074,-0.0835,-0.2363,-0.0191,-0.1066,-0.2445,-0.0289,-0.1271,-0.2352,-0.0308,-0.0344,-0.1946,0.0013,-0.0715,-0.1991,-0.0263,-0.0626,-0.1303,-0.0222,-0.0454,-0.1238,-0.0106,-0.0014,-0.1915,-0.0114,-0.0415,-0.1756,-0.0417,-0.0318,-0.1142,-0.0269,-0.0148,-0.113,-0.0085,0.0311,-0.1795,-0.0262,-0.0088,-0.1702,-0.0421,-0.0057,-0.1229,-0.0305,0.0104,-0.1165,-0.017
1,Drag & Drop (Pinch),0.0,0.0,0.0,-0.0546,-0.0368,-0.0138,-0.1064,-0.0953,-0.0265,-0.1329,-0.1482,-0.0425,-0.1345,-0.2036,-0.0551,-0.067,-0.189,0.0067,-0.0833,-0.2371,-0.0196,-0.1066,-0.2452,-0.0292,-0.1268,-0.2351,-0.0308,-0.0337,-0.1952,0.0008,-0.0706,-0.1993,-0.0266,-0.0619,-0.1306,-0.0223,-0.0448,-0.1247,-0.0106,-0.0007,-0.1922,-0.0118,-0.0405,-0.1759,-0.042,-0.0312,-0.1146,-0.0269,-0.0144,-0.1135,-0.0084,0.0319,-0.1805,-0.0264,-0.0086,-0.1699,-0.0422,-0.0059,-0.1224,-0.0305,0.0098,-0.116,-0.0169
1,Drag & Drop (Pinch),0.0,0.0,0.0,-0.0538,-0.036,-0.017,-0.1057,-0.0934,-0.0321,-0.1343,-0.1473,-0.0499,-0.135,-0.2044,-0.0641,-0.0677,-0.1893,0.004,-0.0842,-0.2365,-0.0237,-0.107,-0.2451,-0.0336,-0.128,-0.2368,-0.0353,-0.0336,-0.1953,-0.0006,-0.0706,-0.1984,-0.0292,-0.0593,-0.13,-0.0245,-0.0422,-0.1249,-0.0123,-0.0006,-0.1923,-0.0124,-0.0408,-0.1763,-0.0441,-0.0302,-0.1146,-0.029,-0.0141,-0.1139,-0.0101,0.0308,-0.1811,-0.0265,-0.0087,-0.1718,-0.0439,-0.0055,-0.1235,-0.0329,0.0094,-0.1162,-0.0197
1,Drag & Drop (Pinch),0.0,0.0,0.0,-0.0535,-0.0356,-0.017,-0.1052,-0.0925,-0.032,-0.1347,-0.1447,-0.0498,-0.1357,-0.2012,-0.064,-0.0668,-0.1883,0.0038,-0.0837,-0.236,-0.024,-0.107,-0.2436,-0.0343,-0.1279,-0.2336,-0.0362,-0.0327,-0.1942,-0.0007,-0.0692,-0.1965,-0.0291,-0.0582,-0.1286,-0.0248,-0.0416,-0.1236,-0.0129,0.0004,-0.1912,-0.0122,-0.0395,-0.174,-0.0435,-0.0288,-0.1132,-0.0286,-0.013,-0.1126,-0.0099,0.032,-0.1799,-0.026,-0.0074,-0.1697,-0.0429,-0.0043,-0.1218,-0.0318,0.0104,-0.1146,-0.0184
1,Drag & Drop (Pinch),0.0,0.0,0.0,-0.0531,-0.0385,-0.0151,-0.1042,-0.0967,-0.0302,-0.1335,-0.1494,-0.0486,-0.1357,-0.2044,-0.0631,-0.0647,-0.196,0.0064,-0.0815,-0.2391,-0.022,-0.1051,-0.2458,-0.033,-0.1269,-0.2371,-0.0358,-0.0308,-0.2029,0.0004,-0.0687,-0.2012,-0.0278,-0.058,-0.1338,-0.0239,-0.0409,-0.1315,-0.0128,0.0019,-0.199,-0.0126,-0.0392,-0.1762,-0.0429,-0.0288,-0.1165,-0.0278,-0.0127,-0.1176,-0.0097,0.032,-0.185,-0.028,-0.0087,-0.1678,-0.0443,-0.0047,-0.1214,-0.0336,0.011,-0.1172,-0.0209
1,Drag & Drop (Pinch),0.0,0.0,0.0,-0.0542,-0.0388,-0.0126,-0.1051,-0.0942,-0.0263,-0.1362,-0.1446,-0.0434,-0.1369,-0.1981,-0.0568,-0.0596,-0.1957,0.0058,-0.0816,-0.2403,-0.0215,-0.1072,-0.2429,-0.0332,-0.1298,-0.2328,-0.0373,-0.0269,-0.2019,-0.0011,-0.0747,-0.1986,-0.0293,-0.0638,-0.1331,-0.0275,-0.0443,-0.1289,-0.0191,0.004,-0.197,-0.0143,-0.0458,-0.1748,-0.0445,-0.0347,-0.1163,-0.031,-0.0157,-0.1153,-0.0147,0.0324,-0.182,-0.0295,-0.0161,-0.1674,-0.0473,-0.0134,-0.1207,-0.038,0.0026,-0.1132,-0.0264
1,Drag & Drop (Pinch),0.0,0.0,0.0,-0.0544,-0.0383,-0.0156,-0.1052,-0.0932,-0.031,-0.1372,-0.1441,-0.0494,-0.1384,-0.1979,-0.0642,-0.0633,-0.1904,0.0046,-0.0826,-0.2374,-0.0223,-0.1081,-0.2461,-0.0323,-0.1306,-0.2364,-0.0344,-0.0299,-0.1976,-0.0002,-0.072,-0.1985,-0.0277,-0.0626,-0.1323,-0.0241,-0.0444,-0.1275,-0.0134,0.0027,-0.1947,-0.0117,-0.0421,-0.1745,-0.0416,-0.0321,-0.1152,-0.0279,-0.0142,-0.1141,-0.0108,0.0323,-0.1818,-0.0253,-0.0119,-0.1665,-0.0425,-0.0072,-0.1197,-0.0327,0.0105,-0.1134,-0.0206
1,Drag & Drop (Pinch),0.0,0.0,0.0,-0.0541,-0.0367,-0.0116,-0.1033,-0.0952,-0.0221,-0.131,-0.148,-0.0359,-0.1406,-0.2007,-0.0464,-0.0615,-0.1942,0.0078,-0.0825,-0.2374,-0.0176,-0.1072,-0.2425,-0.0288,-0.1296,-0.234,-0.0327,-0.0293,-0.2015,0.001,-0.0727,-0.197,-0.0248,-0.0624,-0.1314,-0.0227,-0.0441,-0.125,-0.0145,0.0018,-0.1968,-0.012,-0.0429,-0.1745,-0.0409,-0.033,-0.1163,-0.0276,-0.0155,-0.1142,-0.0119,0.0314,-0.182,-0.0269,-0.0123,-0.1683,-0.0441,-0.0102,-0.1217,-0.0343,0.0048,-0.1128,-0.0225
1,Drag & Drop (Pinch),0.0,0.0,0.0,-0.0548,-0.0359,-0.0129,-0.105,-0.0946,-0.024,-0.1345,-0.147,-0.038,-0.1414,-0.1993,-0.0485,-0.0662,-0.1922,0.0076,-0.0849,-0.2355,-0.0174,-0.1092,-0.2435,-0.0278,-0.1322,-0.2357,-0.0312,-0.0338,-0.2012,0.0017,-0.0746,-0.1969,-0.0242,-0.0636,-0.1322,-0.0222,-0.0458,-0.1257,-0.0137,-0.0023,-0.1982,-0.0104,-0.0456,-0.1753,-0.039,-0.0346,-0.1172,-0.0262,-0.0177,-0.1148,-0.0107,0.0273,-0.1846,-0.0245,-0.0156,-0.1684,-0.0416,-0.0114,-0.1216,-0.0323,0.0043,-0.1135,-0.0209
1,Drag & Drop (Pinch),0.0,0.0,0.0,-0.0551,-0.0352,-0.0114,-0.1041,-0.0941,-0.022,-0.1305,-0.1466,-0.0358,-0.1397,-0.198,-0.0462,-0.0625,-0.1948,0.006,-0.0839,-0.2384,-0.0198,-0.1082,-0.2414,-0.0295,-0.1299,-0.2312,-0.0317,-0.0303,-0.2021,-0.0007,-0.0746,-0.1955,-0.0265,-0.0648,-0.1283,-0.0225,-0.0473,-0.1251,-0.0127,0.0015,-0.1976,-0.0135,-0.0436,-0.1732,-0.0422,-0.0332,-0.1135,-0.0272,-0.0156,-0.1136,-0.01,0.0319,-0.183,-0.0283,-0.0116,-0.1669,-0.045,-0.0092,-0.1191,-0.0343,0.0061,-0.1117,-0.0217
1,Drag & Drop (Pinch),0.0,0.0,0.0,-0.0551,-0.0348,-0.0081,-0.1042,-0.0955,-0.0165,-0.131,-0.1461,-0.0286,-0.1399,-0.1963,-0.0374,-0.0596,-0.1925,0.0076,-0.0835,-0.2404,-0.017,-0.1105,-0.2428,-0.0277,-0.1331,-0.2308,-0.0316,-0.0279,-0.2003,-0.0004,-0.074,-0.1975,-0.0261,-0.0649,-0.1351,-0.0252,-0.0451,-0.1281,-0.0185,0.002,-0.1973,-0.0138,-0.0462,-0.1769,-0.0409,-0.0359,-0.1192,-0.028,-0.0171,-0.1169,-0.0137,0.0307,-0.184,-0.029,-0.0155,-0.1689,-0.0453,-0.0121,-0.1219,-0.0358,0.0046,-0.1138,-0.0248
1,Drag & Drop (Pinch),0.0,0.0,0.0,-0.0562,-0.0367,-0.0096,-0.1057,-0.0945,-0.0196,-0.1328,-0.1456,-0.0337,-0.1417,-0.1965,-0.0445,-0.0646,-0.1931,0.0096,-0.0866,-0.2389,-0.0179,-0.1126,-0.2402,-0.0303,-0.1352,-0.229,-0.0346,-0.0325,-0.2001,0.0015,-0.0748,-0.1953,-0.0268,-0.0642,-0.1281,-0.026,-0.0452,-0.1241,-0.0182,-0.0016,-0.1963,-0.0129,-0.0464,-0.1738,-0.0434,-0.036,-0.1136,-0.0302,-0.0184,-0.1132,-0.014,0.0271,-0.1826,-0.0291,-0.0175,-0.167,-0.0468,-0.0148,-0.1186,-0.0368,0.0005,-0.1112,-0.0247
1,Drag & Drop (Pinch),0.0,0.0,0.0,-0.055,-0.0359,-0.0093,-0.1061,-0.0951,-0.0193,-0.1352,-0.1472,-0.0332,-0.1444,-0.1995,-0.0438,-0.066,-0.1928,0.0106,-0.0881,-0.24,-0.0158,-0.1143,-0.2444,-0.0269,-0.1366,-0.2327,-0.0304,-0.0341,-0.2007,0.0024,-0.0764,-0.1987,-0.025,-0.0652,-0.1319,-0.0228,-0.0464,-0.1272,-0.0139,-0.0037,-0.1988,-0.0119,-0.0494,-0.1779,-0.0414,-0.0376,-0.1171,-0.0273,-0.0198,-0.1168,-0.0108,0.0248,-0.1874,-0.0282,-0.0215,-0.1704,-0.0454,-0.0175,-0.1212,-0.0353,-0.0014,-0.1148,-0.0234
1,Drag & Drop (Pinch),0.0,0.0,0.0,-0.0548,-0.0373,-0.013,-0.1054,-0.0951,-0.0256,-0.1369,-0.1456,-0.0414,-0.1432,-0.1977,-0.0534,-0.064,-0.1955,0.0052,-0.0868,-0.2431,-0.022,-0.1133,-0.2451,-0.0323,-0.1357,-0.2322,-0.0348,-0.0317,-0.2024,-0.0008,-0.075,-0.1977,-0.0274,-0.0632,-0.1313,-0.0233,-0.045,-0.1294,-0.0132,-0.0002,-0.1992,-0.0134,-0.0468,-0.1756,-0.042,-0.0342,-0.1167,-0.0267,-0.0167,-0.1176,-0.0096,0.0292,-0.1862,-0.0281,-0.0163,-0.1693,-0.0444,-0.0117,-0.1218,-0.0337,0.0045,-0.1158,-0.0214
1,Drag & Drop (Pinch),0.0,0.0,0.0,-0.0547,-0.0391,-0.0109,-0.1044,-0.0997,-0.022,-0.1351,-0.1502,-0.0368,-0.1421,-0.2017,-0.0478,-0.0607,-0.1981,0.0076,-0.0841,-0.2463,-0.0186,-0.1114,-0.2486,-0.0286,-0.1342,-0.2351,-0.0312,-0.0287,-0.2056,0.0005,-0.0736,-0.2019,-0.0257,-0.0631,-0.1353,-0.0222,-0.0447,-0.132,-0.0128,0.002,-0.2027,-0.0128,-0.0462,-0.1788,-0.0405,-0.0338,-0.1189,-0.0254,-0.0161,-0.1195,-0.009,0.0306,-0.1895,-0.0284,-0.016,-0.17,-0.0442,-0.0109,-0.1223,-0.0339,0.0059,-0.1176,-0.0223
1,Drag & Drop (Pinch),0.0,0.0,0.0,-0.0552,-0.0407,-0.012,-0.1056,-0.0992,-0.0245,-0.1373,-0.1484,-0.0407,-0.1453,-0.1996,-0.0528,-0.0651,-0.1989,0.0064,-0.0894,-0.2458,-0.0208,-0.117,-0.2473,-0.0309,-0.14,-0.2348,-0.0335,-0.0328,-0.207,-0.0005,-0.0783,-0.2002,-0.0279,-0.066,-0.1335,-0.0241,-0.0462,-0.1333,-0.0145,-0.0017,-0.2047,-0.0139,-0.0503,-0.1793,-0.0421,-0.0373,-0.1196,-0.0264,-0.019,-0.1214,-0.0097,0.0267,-0.1922,-0.0298,-0.0206,-0.1717,-0.0459,-0.0161,-0.1241,-0.0358,0.0001,-0.1199,-0.0242
1,Drag & Drop (Pinch),0.0,0.0,0.0,-0.0561,-0.042,-0.0118,-0.1041,-0.0981,-0.0254,-0.1334,-0.1485,-0.0429,-0.1408,-0.2018,-0.0568,-0.0575,-0.1979,0.0056,-0.0831,-0.2447,-0.0212,-0.1109,-0.2481,-0.0304,-0.134,-0.2366,-0.0324,-0.0247,-0.2049,-0.002,-0.0722,-0.2016,-0.0296,-0.0607,-0.1331,-0.0251,-0.041,-0.1313,-0.0146,0.006,-0.2022,-0.0161,-0.0454,-0.1797,-0.0457,-0.0325,-0.1182,-0.0294,-0.0133,-0.1185,-0.0117,0.0337,-0.1893,-0.0323,-0.0157,-0.1708,-0.0501,-0.0104,-0.1225,-0.0396,0.0072,-0.1173,-0.0274
1,Drag & Drop (Pinch),0.0,0.0,0.0,-0.056,-0.0407,-0.0115,-0.1051,-0.0958,-0.0254,-0.1336,-0.146,-0.0431,-0.139,-0.1985,-0.0569,-0.0554,-0.1964,0.0043,-0.0807,-0.2448,-0.023,-0.1092,-0.2456,-0.0335,-0.133,-0.2325,-0.0368,-0.0227,-0.2031,-0.0035,-0.0713,-0.1982,-0.0315,-0.0604,-0.132,-0.0286,-0.0401,-0.1299,-0.02,0.0073,-0.2001,-0.0175,-0.0453,-0.1763,-0.0464,-0.0323,-0.1169,-0.0311,-0.0125,-0.1177,-0.015,0.0341,-0.1871,-0.0338,-0.0159,-0.1682,-0.0518,-0.0108,-0.1206,-0.0423,0.007,-0.1149,-0.0311
1,Drag & Drop (Pinch),0.0,0.0,0.0,-0.0561,-0.0386,-0.0145,-0.1055,-0.0937,-0.0293,-0.1348,-0.145,-0.0473,-0.143,-0.1982,-0.0613,-0.0582,-0.1924,0.003,-0.0809,-0.2424,-0.0263,-0.1096,-0.2448,-0.0382,-0.1351,-0.2305,-0.0416,-0.0261,-0.1983,-0.0032,-0.0714,-0.1978,-0.0334,-0.0612,-0.1297,-0.0313,-0.0417,-0.125,-0.0222,0.0038,-0.1962,-0.0162,-0.0452,-0.1763,-0.0477,-0.0328,-0.1151,-0.0333,-0.0139,-0.1143,-0.0165,0.0314,-0.1852,-0.0314,-0.0157,-0.1684,-0.0507,-0.0112,-0.1195,-0.0414,0.0057,-0.1134,-0.0298
1,Drag & Drop (Pinch),0.0,0.0,0.0,-0.0564,-0.0381,-0.0136,-0.107,-0.0939,-0.0273,-0.1369,-0.145,-0.0444,-0.144,-0.1984,-0.0575,-0.0606,-0.1915,0.0048,-0.0838,-0.2413,-0.023,-0.1114,-0.245,-0.0337,-0.1353,-0.2325,-0.0365,-0.0285,-0.1982,-0.0017,-0.0735,-0.1981,-0.0307,-0.0627,-0.1299,-0.0277,-0.043,-0.1256,-0.018,0.0016,-0.1964,-0.0147,-0.0469,-0.1763,-0.0453,-0.034,-0.115,-0.0307,-0.0151,-0.115,-0.0138,0.0295,-0.1858,-0.0299,-0.0175,-0.1687,-0.0483,-0.0124,-0.1198,-0.0388,0.0048,-0.1144,-0.0271
1,Drag & Drop (Pinch),0.0,0.0,0.0,-0.0533,-0.0327,-0.0148,-0.1019,-0.0928,-0.0302,-0.1343,-0.1435,-0.0491,-0.1568,-0.1961,-0.065,-0.0632,-0.2024,0.0008,-0.0832,-0.2548,-0.0282,-0.1107,-0.2699,-0.0384,-0.1343,-0.2619,-0.0405,-0.028,-0.2085,-0.0065,-0.0755,-0.2116,-0.0356,-0.068,-0.1344,-0.0289,-0.0483,-0.1252,-0.0153,0.0072,-0.2035,-0.0206,-0.0416,-0.1827,-0.0517,-0.0322,-0.1159,-0.0327,-0.0132,-0.1138,-0.012,0.0404,-0.1884,-0.0372,-0.0065,-0.176,-0.0549,-0.0042,-0.1264,-0.0417,0.0132,-0.1204,-0.0271
1,Drag & Drop (Pinch),0.0,0.0,0.0,-0.0499,-0.0406,-0.0114,-0.0968,-0.1024,-0.0233,-0.1236,-0.1537,-0.0395,-0.1365,-0.2096,-0.0528,-0.0526,-0.1947,0.0033,-0.073,-0.2519,-0.022,-0.099,-0.2636,-0.03,-0.1196,-0.2604,-0.031,-0.0222,-0.1927,-0.005,-0.0618,-0.2228,-0.032,-0.0588,-0.1475,-0.0252,-0.0397,-0.1334,-0.0123,0.011,-0.1878,-0.0195,-0.0303,-0.2063,-0.05,-0.0272,-0.1366,-0.0314,-0.0087,-0.1255,-0.0105,0.0474,-0.177,-0.0358,0.0148,-0.217,-0.0529,0.0054,-0.167,-0.0377,0.0149,-0.143,-0.0216
1,Drag & Drop (Pinch),0.0,0.0,0.0,-0.0531,-0.0419,-0.0122,-0.1003,-0.108,-0.024,-0.1279,-0.1616,-0.0404,-0.1412,-0.2175,-0.054,-0.0576,-0.2042,0.0128,-0.0772,-0.2505,-0.0139,-0.1017,-0.2658,-0.0238,-0.123,-0.2672,-0.0262,-0.0254,-0.2067,0.0038,-0.0683,-0.2227,-0.0256,-0.0626,-0.1458,-0.0205,-0.0422,-0.1392,-0.0071,0.0082,-0.2005,-0.0124,-0.0363,-0.197,-0.0464,-0.0303,-0.1275,-0.0294,-0.0109,-0.1247,-0.0082,0.0415,-0.1855,-0.0307,-0.0012,-0.1911,-0.0494,-0.0034,-0.1397,-0.0363,0.0127,-0.1287,-0.0213
1,Drag & Drop (Pinch),0.0,0.0,0.0,-0.0529,-0.041,-0.0109,-0.0994,-0.1053,-0.0224,-0.127,-0.1581,-0.0382,-0.1406,-0.2116,-0.0513,-0.0559,-0.2008,0.0106,-0.0776,-0.248,-0.0158,-0.1025,-0.2612,-0.0261,-0.1247,-0.26,-0.0291,-0.0242,-0.2037,0.0015,-0.0687,-0.2168,-0.0277,-0.0612,-0.1425,-0.0241,-0.0407,-0.1334,-0.0127,0.0089,-0.1973,-0.0142,-0.0374,-0.1928,-0.0474,-0.0294,-0.1255,-0.0315,-0.0097,-0.1211,-0.012,0.0419,-0.1822,-0.0317,-0.0032,-0.1863,-0.0508,-0.0036,-0.136,-0.0387,0.0129,-0.1248,-0.0247
1,Drag & Drop (Pinch),0.0,0.0,0.0,-0.0518,-0.0384,-0.0123,-0.0982,-0.1034,-0.0232,-0.1255,-0.1578,-0.0382,-0.1419,-0.2112,-0.0504,-0.0567,-0.1987,0.0096,-0.0764,-0.2467,-0.0158,-0.1007,-0.2613,-0.025,-0.1226,-0.2608,-0.0271,-0.0246,-0.2006,0.0014,-0.0648,-0.2156,-0.0276,-0.0588,-0.1385,-0.0228,-0.0402,-0.1275,-0.01,0.0092,-0.1944,-0.0136,-0.0324,-0.1903,-0.0467,-0.0263,-0.1218,-0.0303,-0.0087,-0.1178,-0.0099,0.0428,-0.1799,-0.0305,0.0031,-0.1878,-0.049,0.0013,-0.1375,-0.0362,0.0162,-0.1267,-0.0215
1,Drag & Drop (Pinch),0.0,0.0,0.0,-0.0515,-0.0377,-0.011,-0.0995,-0.1034,-0.0214,-0.1265,-0.1576,-0.0362,-0.1412,-0.2119,-0.0484,-0.0576,-0.1964,0.0112,-0.0771,-0.2463,-0.0149,-0.1007,-0.2605,-0.0243,-0.1216,-0.2612,-0.0267,-0.0259,-0.1983,0.002,-0.0668,-0.2177,-0.0273,-0.0601,-0.1424,-0.0226,-0.0404,-0.1329,-0.0098,0.0075,-0.1926,-0.0141,-0.0353,-0.1928,-0.0485,-0.0273,-0.1234,-0.0326,-0.0082,-0.1206,-0.0123,0.042,-0.1793,-0.0319,-0.0002,-0.1899,-0.052,-0.0005,-0.1375,-0.0397,0.0159,-0.1259,-0.0252
1,Drag & Drop (Pinch),0.0,0.0,0.0,-0.0506,-0.0366,-0.0167,-0.0995,-0.101,-0.0305,-0.1282,-0.1562,-0.0477,-0.1402,-0.2136,-0.0615,-0.0577,-0.1975,0.0068,-0.0765,-0.2472,-0.0202,-0.1002,-0.2623,-0.0287,-0.1211,-0.2631,-0.0298,-0.0255,-0.1989,0.0003,-0.067,-0.2188,-0.03,-0.0588,-0.1409,-0.0234,-0.0386,-0.1315,-0.0083,0.0085,-0.1933,-0.0137,-0.0339,-0.1926,-0.0487,-0.025,-0.123,-0.0314,-0.0058,-0.121,-0.0094,0.0432,-0.1809,-0.0299,0.0028,-0.1911,-0.0495,0.0025,-0.1397,-0.0368,0.0183,-0.1295,-0.0217
1,Drag & Drop (Pinch),0.0,0.0,0.0,-0.0547,-0.0402,-0.0123,-0.1013,-0.1039,-0.0236,-0.1263,-0.1582,-0.039,-0.1404,-0.2122,-0.0515,-0.059,-0.194,0.0085,-0.079,-0.2445,-0.0189,-0.103,-0.2577,-0.0289,-0.125,-0.2561,-0.0308,-0.027,-0.1942,0.0002,-0.0677,-0.2152,-0.0309,-0.0611,-0.1405,-0.027,-0.0426,-0.1294,-0.0141,0.0068,-0.1885,-0.0148,-0.0358,-0.1899,-0.0505,-0.0272,-0.1216,-0.0348,-0.0089,-0.1172,-0.0139,0.0416,-0.1766,-0.0316,-0.0003,-0.1886,-0.0518,-0.0002,-0.1364,-0.039,0.0155,-0.1242,-0.0236
1,Drag & Drop (Pinch),0.0,0.0,0.0,-0.0558,-0.0391,-0.0103,-0.1038,-0.1036,-0.02,-0.1262,-0.1596,-0.034,-0.1377,-0.2139,-0.0452,-0.0609,-0.194,0.0099,-0.0794,-0.2447,-0.015,-0.1024,-0.2582,-0.0234,-0.1227,-0.2569,-0.0248,-0.0278,-0.195,0.001,-0.0657,-0.2168,-0.027,-0.0593,-0.1413,-0.0213,-0.0404,-0.1306,-0.0078,0.0069,-0.1886,-0.0145,-0.0323,-0.1923,-0.0468,-0.0256,-0.1245,-0.0295,-0.0076,-0.1211,-0.0085,0.0425,-0.1749,-0.0315,0.005,-0.1908,-0.0493,0.0029,-0.1396,-0.0351,0.0176,-0.1269,-0.0193
1,Drag & Drop (Pinch),0.0,0.0,0.0,-0.0517,-0.0382,-0.0135,-0.1004,-0.1014,-0.0258,-0.1246,-0.1569,-0.0417,-0.1319,-0.2127,-0.0543,-0.0603,-0.1924,0.0053,-0.0812,-0.2423,-0.0213,-0.1051,-0.253,-0.0295,-0.1248,-0.2481,-0.0299,-0.027,-0.1924,-0.0022,-0.0638,-0.2142,-0.0304,-0.0566,-0.1397,-0.0236,-0.0378,-0.1325,-0.0093,0.0081,-0.1864,-0.0165,-0.0301,-0.1901,-0.0488,-0.0245,-0.1234,-0.0304,-0.0072,-0.1218,-0.0086,0.0442,-0.1739,-0.0328,0.0078,-0.1919,-0.0501,0.0041,-0.1409,-0.035,0.0176,-0.1276,-0.0186
1,Drag & Drop (Pinch),0.0,0.0,0.0,-0.0523,-0.0394,-0.0138,-0.1006,-0.102,-0.0264,-0.1255,-0.1569,-0.0428,-0.129,-0.2121,-0.0558,-0.0603,-0.192,0.0069,-0.0799,-0.2403,-0.0203,-0.1036,-0.2514,-0.0292,-0.1235,-0.2472,-0.0303,-0.0274,-0.1934,-0.0005,-0.0656,-0.2145,-0.0291,-0.0581,-0.1404,-0.0229,-0.0387,-0.1327,-0.0089,0.0075,-0.1881,-0.0148,-0.0318,-0.1904,-0.0474,-0.0254,-0.1242,-0.0295,-0.0078,-0.1222,-0.0079,0.0432,-0.1753,-0.0312,0.0056,-0.1913,-0.0485,0.0025,-0.1407,-0.034,0.0161,-0.1277,-0.018
1,Drag & Drop (Pinch),0.0,0.0,0.0,-0.0514,-0.0379,-0.0144,-0.0989,-0.1002,-0.028,-0.1227,-0.1559,-0.0451,-0.1289,-0.2123,-0.059,-0.0594,-0.1921,0.0049,-0.0792,-0.2413,-0.0225,-0.103,-0.2518,-0.0318,-0.1226,-0.247,-0.0332,-0.0261,-0.1922,-0.0022,-0.0632,-0.2123,-0.0306,-0.056,-0.1398,-0.0246,-0.0374,-0.1319,-0.0111,0.0086,-0.1859,-0.0162,-0.0301,-0.1888,-0.0484,-0.0236,-0.1231,-0.0309,-0.0063,-0.1205,-0.0101,0.0442,-0.1724,-0.0323,0.0072,-0.1878,-0.0501,0.0046,-0.1373,-0.0363,0.0183,-0.1242,-0.021
1,Drag & Drop (Pinch),0.0,0.0,0.0,-0.051,-0.0388,-0.0158,-0.0999,-0.1028,-0.0283,-0.1235,-0.1599,-0.044,-0.1293,-0.2175,-0.0564,-0.0625,-0.1933,0.006,-0.0809,-0.2439,-0.0208,-0.1046,-0.2545,-0.0297,-0.1242,-0.2495,-0.0308,-0.0291,-0.1934,-0.0002,-0.0647,-0.2178,-0.0286,-0.0592,-0.1448,-0.023,-0.041,-0.1346,-0.0095,0.0059,-0.1871,-0.0134,-0.0318,-0.1926,-0.0468,-0.0264,-0.1262,-0.0306,-0.0092,-0.1219,-0.01,0.0426,-0.1747,-0.0288,0.0051,-0.1936,-0.0472,0.0014,-0.1424,-0.034,0.0145,-0.1274,-0.0188
1,Drag & Drop (Pinch),0.0,0.0,0.0,-0.0522,-0.0391,-0.0154,-0.1008,-0.1028,-0.0283,-0.1247,-0.1595,-0.0446,-0.1308,-0.2161,-0.0575,-0.0654,-0.1946,0.0059,-0.0822,-0.2452,-0.0216,-0.1047,-0.2567,-0.0302,-0.1238,-0.2504,-0.0307,-0.0319,-0.1949,-0.0008,-0.0676,-0.218,-0.0295,-0.0602,-0.144,-0.0229,-0.042,-0.1359,-0.0083,0.0041,-0.189,-0.0147,-0.0323,-0.1923,-0.048,-0.0258,-0.1263,-0.03,-0.0092,-0.1241,-0.0081,0.0414,-0.1761,-0.0307,0.0055,-0.1924,-0.0485,0.0029,-0.1416,-0.034,0.016,-0.1288,-0.0178
1,Drag & Drop (Pinch),0.0,0.0,0.0,-0.0514,-0.0395,-0.0176,-0.0989,-0.101,-0.0336,-0.1233,-0.1565,-0.053,-0.1269,-0.2157,-0.0687,-0.0597,-0.193,0.002,-0.0801,-0.2435,-0.0276,-0.1053,-0.2524,-0.0368,-0.1242,-0.2455,-0.0374,-0.0272,-0.1919,-0.0045,-0.0661,-0.2204,-0.0346,-0.0609,-0.1448,-0.0272,-0.0416,-0.1347,-0.0119,0.0079,-0.1857,-0.0184,-0.0326,-0.1954,-0.0532,-0.0266,-0.1272,-0.0342,-0.008,-0.1223,-0.0113,0.0446,-0.1732,-0.0347,0.0061,-0.1968,-0.0539,0.002,-0.1449,-0.0392,0.0154,-0.1281,-0.0227
1,Drag & Drop (Pinch),0.0,0.0,0.0,-0.0485,-0.0364,-0.0145,-0.0891,-0.1082,-0.0229,-0.1075,-0.1659,-0.0341,-0.1206,-0.2188,-0.0432,-0.0579,-0.1895,0.0067,-0.0709,-0.2371,-0.0172,-0.0898,-0.2573,-0.0268,-0.1063,-0.2654,-0.0299,-0.0229,-0.1897,0.0001,-0.0515,-0.2245,-0.0292,-0.0519,-0.1489,-0.0267,-0.0367,-0.128,-0.0148,0.0142,-0.1811,-0.0126,-0.0152,-0.1958,-0.0468,-0.0158,-0.1288,-0.0324,-0.0009,-0.1162,-0.012,0.0526,-0.1657,-0.027,0.0247,-0.1951,-0.0459,0.0148,-0.147,-0.0326,0.0221,-0.127,-0.017
1,Drag & Drop (Pinch),0.0,0.0,0.0,-0.0499,-0.0366,-0.0133,-0.0965,-0.102,-0.0223,-0.1178,-0.1573,-0.0348,-0.132,-0.2103,-0.0455,-0.0554,-0.1861,0.0094,-0.0725,-0.2307,-0.0129,-0.0947,-0.2476,-0.0207,-0.1128,-0.2545,-0.0227,-0.024,-0.1862,0.002,-0.0589,-0.2192,-0.0247,-0.0575,-0.1449,-0.0198,-0.0398,-0.1295,-0.0066,0.01,-0.18,-0.012,-0.0259,-0.1933,-0.0449,-0.0222,-0.1263,-0.0297,-0.0035,-0.1179,-0.0092,0.0464,-0.1678,-0.0277,0.013,-0.1979,-0.0467,0.0073,-0.1495,-0.0336,0.0202,-0.1306,-0.0183
1,Drag & Drop (Pinch),0.0,0.0,0.0,-0.0502,-0.0369,-0.0133,-0.096,-0.1034,-0.0229,-0.1171,-0.1582,-0.036,-0.1311,-0.2115,-0.047,-0.0553,-0.1887,0.0083,-0.0722,-0.2334,-0.0146,-0.0938,-0.2499,-0.0224,-0.1111,-0.2547,-0.0241,-0.0231,-0.1888,0.0008,-0.0585,-0.2206,-0.0254,-0.0581,-0.1458,-0.0194,-0.0405,-0.1307,-0.0058,0.0114,-0.1826,-0.0132,-0.0254,-0.1952,-0.045,-0.0231,-0.1279,-0.0286,-0.0042,-0.12,-0.0078,0.048,-0.1702,-0.029,0.0141,-0.1993,-0.0472,0.0072,-0.1508,-0.0336,0.02,-0.1319,-0.0181
1,Drag & Drop (Pinch),0.0,0.0,0.0,-0.0507,-0.0369,-0.0142,-0.0973,-0.1014,-0.0251,-0.1208,-0.1551,-0.0395,-0.134,-0.2095,-0.0516,-0.0571,-0.1882,0.0076,-0.0739,-0.2356,-0.0163,-0.0963,-0.2517,-0.0251,-0.1142,-0.2538,-0.0272,-0.0252,-0.1885,0.0005,-0.06,-0.2213,-0.0276,-0.0605,-0.1469,-0.0238,-0.0438,-0.1295,-0.0112,0.0096,-0.1826,-0.0132,-0.0268,-0.1949,-0.0458,-0.0248,-0.129,-0.0309,-0.0065,-0.1199,-0.0109,0.0469,-0.1707,-0.0288,0.0134,-0.1986,-0.0465,0.0071,-0.152,-0.0333,0.02,-0.1346,-0.0182
1,Drag & Drop (Pinch),0.0,0.0,0.0,-0.0504,-0.0359,-0.0139,-0.0966,-0.1012,-0.0246,-0.119,-0.1541,-0.0386,-0.1325,-0.2062,-0.0499,-0.0558,-0.1908,0.0053,-0.0744,-0.2388,-0.0203,-0.0979,-0.2516,-0.029,-0.1165,-0.2495,-0.0303,-0.0239,-0.1906,-0.0018,-0.0606,-0.22,-0.03,-0.0587,-0.1453,-0.0246,-0.0413,-0.1299,-0.0109,0.0107,-0.1843,-0.0156,-0.0277,-0.1938,-0.0487,-0.0235,-0.1267,-0.0326,-0.0053,-0.119,-0.0117,0.0474,-0.1716,-0.0311,0.0111,-0.1966,-0.0499,0.0064,-0.1467,-0.0363,0.0193,-0.1291,-0.0206
1,Drag & Drop (Pinch),0.0,0.0,0.0,-0.0505,-0.0372,-0.0135,-0.0973,-0.1017,-0.0244,-0.1201,-0.1548,-0.0388,-0.1323,-0.2074,-0.0506,-0.0573,-0.191,0.0058,-0.0754,-0.239,-0.0208,-0.0987,-0.2514,-0.0306,-0.1172,-0.2496,-0.0326,-0.025,-0.1903,-0.0018,-0.061,-0.2199,-0.0311,-0.0587,-0.1457,-0.0268,-0.0408,-0.1309,-0.014,0.0098,-0.1834,-0.0161,-0.028,-0.1939,-0.0505,-0.0238,-0.1269,-0.0349,-0.0056,-0.1192,-0.0143,0.0466,-0.1701,-0.032,0.0101,-0.1966,-0.0515,0.0054,-0.1461,-0.0379,0.0181,-0.1275,-0.0222
1,Drag & Drop (Pinch),0.0,0.0,0.0,-0.052,-0.0404,-0.0138,-0.0991,-0.1031,-0.0256,-0.1221,-0.157,-0.0408,-0.1309,-0.2117,-0.0533,-0.0583,-0.1932,0.0069,-0.0757,-0.2391,-0.0181,-0.0982,-0.2528,-0.0263,-0.1158,-0.2525,-0.0275,-0.0261,-0.1924,-0.0006,-0.0626,-0.2227,-0.028,-0.0599,-0.1478,-0.0217,-0.0419,-0.1355,-0.0076,0.0088,-0.1858,-0.015,-0.0292,-0.1975,-0.0475,-0.0255,-0.1313,-0.0304,-0.0073,-0.1253,-0.009,0.0452,-0.1725,-0.0312,0.0093,-0.2001,-0.0496,0.0039,-0.1508,-0.0355,0.0169,-0.1332,-0.0195
1,Drag & Drop (Pinch),0.0,0.0,0.0,-0.0522,-0.038,-0.0131,-0.0993,-0.1006,-0.0248,-0.123,-0.1556,-0.0402,-0.1333,-0.2103,-0.053,-0.0591,-0.1912,0.0081,-0.0754,-0.2399,-0.0182,-0.0985,-0.2538,-0.0282,-0.1162,-0.2506,-0.0303,-0.0269,-0.1904,0.0006,-0.0603,-0.2209,-0.0278,-0.0588,-0.1474,-0.0233,-0.0426,-0.1327,-0.0104,0.008,-0.1844,-0.0136,-0.0281,-0.1975,-0.0461,-0.0253,-0.1318,-0.0301,-0.0087,-0.1224,-0.0094,0.045,-0.1718,-0.0296,0.0097,-0.1984,-0.0477,0.0044,-0.1492,-0.0338,0.0168,-0.1306,-0.0179
1,Drag & Drop (Pinch),0.0,0.0,0.0,-0.0518,-0.0404,-0.0127,-0.0995,-0.1031,-0.0242,-0.1236,-0.1566,-0.0396,-0.1333,-0.2109,-0.0524,-0.0579,-0.1935,0.009,-0.0761,-0.2393,-0.0157,-0.0995,-0.2534,-0.0245,-0.1177,-0.2534,-0.0263,-0.0261,-0.1927,0.001,-0.0614,-0.2232,-0.0262,-0.0594,-0.1491,-0.0209,-0.0423,-0.1359,-0.0077,0.0085,-0.1862,-0.0136,-0.0294,-0.1991,-0.0457,-0.0262,-0.1327,-0.0291,-0.0086,-0.1244,-0.0083,0.0448,-0.1729,-0.0301,0.0083,-0.2004,-0.048,0.0029,-0.1513,-0.034,0.0157,-0.133,-0.0183
1,Drag & Drop (Pinch),0.0,0.0,0.0,-0.0533,-0.04,-0.0114,-0.1009,-0.103,-0.0219,-0.1253,-0.157,-0.0367,-0.1375,-0.2113,-0.0489,-0.0586,-0.191,0.0096,-0.0763,-0.2395,-0.0153,-0.0988,-0.2535,-0.0242,-0.1169,-0.2531,-0.026,-0.0272,-0.1901,0.0011,-0.0638,-0.2192,-0.0263,-0.0606,-0.1461,-0.0213,-0.0434,-0.1334,-0.0085,0.0071,-0.184,-0.0139,-0.031,-0.1953,-0.046,-0.0261,-0.1299,-0.0299,-0.0082,-0.123,-0.0095,0.0434,-0.1717,-0.0306,0.0075,-0.1989,-0.0485,0.0033,-0.15,-0.0345,0.0166,-0.1326,-0.0189
1,Drag & Drop (Pinch),0.0,0.0,0.0,-0.0528,-0.0406,-0.0113,-0.1008,-0.1028,-0.0222,-0.1246,-0.1568,-0.0373,-0.137,-0.2121,-0.05,-0.0578,-0.1907,0.0089,-0.077,-0.237,-0.0149,-0.1001,-0.2513,-0.0226,-0.1183,-0.2527,-0.0239,-0.0266,-0.1894,0.0001,-0.0638,-0.2205,-0.0263,-0.0615,-0.1464,-0.0199,-0.0438,-0.1348,-0.0063,0.0074,-0.1831,-0.0152,-0.0311,-0.1964,-0.0468,-0.0268,-0.1294,-0.0296,-0.0085,-0.1231,-0.0086,0.0433,-0.1706,-0.0322,0.0073,-0.1997,-0.0501,0.0025,-0.1507,-0.0358,0.0161,-0.1332,-0.0199
1,Drag & Drop (Pinch),0.0,0.0,0.0,-0.0522,-0.038,-0.0109,-0.0985,-0.1053,-0.0205,-0.1235,-0.1601,-0.0345,-0.1415,-0.2124,-0.0459,-0.0577,-0.1901,0.0102,-0.0775,-0.2415,-0.0162,-0.101,-0.2527,-0.0255,-0.1193,-0.2489,-0.0269,-0.0266,-0.1899,0.0013,-0.0656,-0.2187,-0.0272,-0.0622,-0.146,-0.0223,-0.0444,-0.1346,-0.0091,0.0076,-0.1844,-0.0143,-0.0323,-0.1938,-0.0474,-0.0264,-0.1282,-0.0314,-0.0077,-0.1228,-0.011,0.044,-0.174,-0.0317,0.0058,-0.1946,-0.0504,0.0024,-0.1453,-0.0374,0.0167,-0.1301,-0.0223
1,Drag & Drop (Pinch),0.0,0.0,0.0,-0.0524,-0.0396,-0.0094,-0.0988,-0.1059,-0.0181,-0.1227,-0.1606,-0.0314,-0.1391,-0.2132,-0.0424,-0.0588,-0.1947,0.0127,-0.0778,-0.2409,-0.0122,-0.101,-0.2536,-0.0212,-0.1196,-0.2534,-0.0231,-0.0271,-0.195,0.0031,-0.0658,-0.221,-0.0237,-0.0638,-0.1484,-0.0187,-0.0466,-0.1375,-0.0061,0.0075,-0.1887,-0.013,-0.0326,-0.196,-0.0451,-0.0284,-0.1302,-0.0293,-0.0105,-0.1246,-0.0093,0.044,-0.1759,-0.0307,0.0051,-0.1959,-0.0487,0.0011,-0.1465,-0.0354,0.0155,-0.131,-0.0204
1,Drag & Drop (Pinch),0.0,0.0,0.0,-0.0518,-0.0396,-0.0115,-0.0992,-0.1071,-0.0216,-0.1254,-0.1606,-0.0361,-0.1431,-0.213,-0.048,-0.0576,-0.1938,0.0099,-0.0793,-0.2422,-0.0172,-0.1039,-0.253,-0.028,-0.123,-0.2506,-0.0308,-0.0266,-0.1938,0.0009,-0.0667,-0.2207,-0.0282,-0.0629,-0.147,-0.0243,-0.0441,-0.1343,-0.0121,0.007,-0.1878,-0.0149,-0.0339,-0.196,-0.0477,-0.0288,-0.1304,-0.032,-0.0096,-0.1249,-0.0119,0.0427,-0.1764,-0.0327,0.0046,-0.1974,-0.0501,-0.0002,-0.149,-0.0369,0.0133,-0.134,-0.0221
1,Drag & Drop (Pinch),0.0,0.0,0.0,-0.0513,-0.0376,-0.0155,-0.1009,-0.1018,-0.0283,-0.1297,-0.1537,-0.0447,-0.1432,-0.2072,-0.0578,-0.0644,-0.1953,0.006,-0.0847,-0.2434,-0.0208,-0.1088,-0.2539,-0.0291,-0.1277,-0.2517,-0.0298,-0.0317,-0.1964,-0.0012,-0.0696,-0.2239,-0.0295,-0.0646,-0.1475,-0.0223,-0.0463,-0.1382,-0.0073,0.0038,-0.1911,-0.0158,-0.0357,-0.1979,-0.0487,-0.0295,-0.13,-0.0309,-0.0114,-0.1272,-0.0092,0.0407,-0.1794,-0.0325,0.0034,-0.1995,-0.0503,0.0,-0.1487,-0.0362,0.0135,-0.1347,-0.0206
1,Drag & Drop (Pinch),0.0,0.0,0.0,-0.0495,-0.0391,-0.0151,-0.0982,-0.1017,-0.0282,-0.1277,-0.1525,-0.0451,-0.143,-0.2071,-0.0586,-0.0614,-0.1974,0.0056,-0.0825,-0.2455,-0.0217,-0.1074,-0.2557,-0.0304,-0.1265,-0.253,-0.0313,-0.0294,-0.1965,-0.0018,-0.0687,-0.2232,-0.03,-0.0644,-0.1477,-0.0227,-0.0459,-0.1398,-0.0081,0.0055,-0.1899,-0.0165,-0.0351,-0.1999,-0.0495,-0.0304,-0.132,-0.031,-0.0122,-0.1277,-0.0088,0.042,-0.1767,-0.0334,0.0047,-0.2029,-0.0518,-0.0011,-0.1523,-0.0372,0.0114,-0.1347,-0.0211
1,Drag & Drop (Pinch),0.0,0.0,0.0,-0.0519,-0.0389,-0.0156,-0.1019,-0.102,-0.0294,-0.1295,-0.1538,-0.0466,-0.1366,-0.2079,-0.0602,-0.061,-0.1997,0.0045,-0.0851,-0.2437,-0.0233,-0.1101,-0.2534,-0.0321,-0.1294,-0.2506,-0.0331,-0.029,-0.1998,-0.0026,-0.0705,-0.2227,-0.032,-0.0648,-0.1466,-0.0253,-0.0459,-0.1385,-0.0109,0.0062,-0.1938,-0.0169,-0.0372,-0.1979,-0.0505,-0.0306,-0.1304,-0.0326,-0.0115,-0.1278,-0.0108,0.0427,-0.1804,-0.0334,0.0017,-0.1982,-0.0515,-0.0015,-0.1479,-0.0374,0.0131,-0.1345,-0.0216
1,Drag & Drop (Pinch),0.0,0.0,0.0,-0.051,-0.0389,-0.0156,-0.0999,-0.1008,-0.03,-0.1287,-0.1521,-0.0478,-0.1391,-0.2066,-0.0621,-0.0591,-0.2005,0.0045,-0.0834,-0.2435,-0.0232,-0.1096,-0.2537,-0.0321,-0.1296,-0.251,-0.0333,-0.0278,-0.2008,-0.0026,-0.0697,-0.2228,-0.031,-0.0655,-0.1464,-0.0239,-0.0466,-0.1391,-0.0094,0.007,-0.1947,-0.0169,-0.0368,-0.1993,-0.0495,-0.0316,-0.1315,-0.0308,-0.0124,-0.1282,-0.009,0.0429,-0.1804,-0.0335,0.002,-0.1993,-0.0514,-0.0024,-0.1486,-0.037,0.0121,-0.1338,-0.0211
1,Drag & Drop (Pinch),0.0,0.0,0.0,-0.0533,-0.0372,-0.0135,-0.1031,-0.1,-0.0263,-0.1285,-0.153,-0.0429,-0.1387,-0.2066,-0.0564,-0.0594,-0.1949,0.0048,-0.082,-0.2453,-0.0234,-0.1082,-0.253,-0.0331,-0.1283,-0.2473,-0.0345,-0.0271,-0.1949,-0.0033,-0.068,-0.2221,-0.0331,-0.0647,-0.147,-0.028,-0.0462,-0.1351,-0.0146,0.0076,-0.1889,-0.0182,-0.035,-0.1955,-0.052,-0.0293,-0.1274,-0.0354,-0.0102,-0.1214,-0.0144,0.0442,-0.1764,-0.035,0.0037,-0.196,-0.0533,-0.0001,-0.1449,-0.0394,0.0142,-0.1291,-0.0237
1,Drag & Drop (Pinch),0.0,0.0,0.0,-0.052,-0.0383,-0.013,-0.1032,-0.1004,-0.0252,-0.1296,-0.1535,-0.0408,-0.1415,-0.2084,-0.0535,-0.0581,-0.1983,0.0052,-0.0824,-0.2437,-0.0205,-0.1096,-0.2539,-0.0288,-0.1312,-0.2522,-0.0301,-0.026,-0.1984,-0.003,-0.0681,-0.2223,-0.0308,-0.064,-0.1471,-0.0245,-0.0447,-0.1365,-0.0113,0.0084,-0.1922,-0.0179,-0.0353,-0.1986,-0.0505,-0.0299,-0.13,-0.0331,-0.0109,-0.125,-0.0123,0.0449,-0.1788,-0.0346,0.0034,-0.2009,-0.0533,-0.0009,-0.1488,-0.0394,0.0132,-0.1326,-0.024
1,Drag & Drop (Pinch),0.0,0.0,0.0,-0.0507,-0.038,-0.0119,-0.1006,-0.1036,-0.0228,-0.1282,-0.1558,-0.0376,-0.1382,-0.209,-0.0493,-0.0553,-0.2031,0.0085,-0.081,-0.2481,-0.0188,-0.1094,-0.2564,-0.0291,-0.1323,-0.2519,-0.0318,-0.0233,-0.2056,0.0,-0.068,-0.2217,-0.0288,-0.0636,-0.1475,-0.025,-0.0444,-0.1382,-0.0135,0.0104,-0.1998,-0.0151,-0.036,-0.1957,-0.0475,-0.0307,-0.129,-0.0319,-0.0115,-0.1259,-0.0126,0.0451,-0.1859,-0.0323,-0.0007,-0.1909,-0.0501,-0.0045,-0.1387,-0.0377,0.0102,-0.1265,-0.0235
1,Drag & Drop (Pinch),0.0,0.0,0.0,-0.0496,-0.0359,-0.012,-0.0976,-0.1007,-0.0226,-0.1244,-0.1546,-0.0365,-0.137,-0.2066,-0.0477,-0.0553,-0.2044,0.0072,-0.077,-0.2453,-0.0204,-0.1054,-0.2549,-0.0331,-0.1295,-0.2521,-0.0378,-0.0213,-0.2087,-0.0005,-0.0633,-0.2153,-0.0286,-0.0615,-0.1432,-0.0265,-0.0432,-0.1358,-0.0174,0.0127,-0.2016,-0.0146,-0.0317,-0.1901,-0.0462,-0.0305,-0.1247,-0.0313,-0.0134,-0.1211,-0.0134,0.046,-0.1841,-0.0307,0.0016,-0.1814,-0.0485,-0.0048,-0.1296,-0.0363,0.0081,-0.1179,-0.0227
1,Drag & Drop (Pinch),0.0,0.0,0.0,-0.0502,-0.0344,-0.0134,-0.0978,-0.0959,-0.0253,-0.1247,-0.1502,-0.04,-0.138,-0.203,-0.0515,-0.054,-0.2021,0.0053,-0.08,-0.2431,-0.0222,-0.1083,-0.2516,-0.0347,-0.1315,-0.2481,-0.0396,-0.0207,-0.2079,-0.0016,-0.0652,-0.215,-0.0286,-0.0618,-0.1446,-0.0256,-0.043,-0.138,-0.0164,0.0126,-0.2014,-0.0149,-0.0333,-0.187,-0.0446,-0.0303,-0.124,-0.0294,-0.0129,-0.1209,-0.0123,0.0447,-0.1843,-0.0305,-0.0009,-0.1756,-0.0478,-0.0054,-0.1258,-0.0369,0.0078,-0.1153,-0.0245
1,Drag & Drop (Pinch),0.0,0.0,0.0,-0.055,-0.0401,-0.0149,-0.1035,-0.1052,-0.0289,-0.1304,-0.1582,-0.0463,-0.1455,-0.2121,-0.0602,-0.0607,-0.2108,-0.0,-0.0812,-0.2608,-0.0312,-0.1069,-0.2653,-0.044,-0.1284,-0.2528,-0.0473,-0.0243,-0.2131,-0.0072,-0.0642,-0.2134,-0.0381,-0.057,-0.1414,-0.035,-0.0387,-0.1368,-0.0243,0.0116,-0.2045,-0.021,-0.0291,-0.1893,-0.0524,-0.0241,-0.1252,-0.0351,-0.0077,-0.1252,-0.0156,0.0475,-0.1864,-0.0373,0.0104,-0.1849,-0.0528,0.0066,-0.1364,-0.0383,0.0195,-0.1282,-0.0229
1,Drag & Drop (Pinch),0.0,0.0,0.0,-0.0491,-0.0401,-0.0184,-0.0879,-0.1072,-0.031,-0.1103,-0.1655,-0.0458,-0.1192,-0.2213,-0.0578,-0.0622,-0.2072,0.0048,-0.0696,-0.2549,-0.0229,-0.0881,-0.2718,-0.0371,-0.1059,-0.2707,-0.0426,-0.0239,-0.2144,0.0011,-0.0543,-0.2093,-0.0263,-0.0515,-0.1425,-0.0258,-0.0374,-0.1293,-0.0172,0.0104,-0.2028,-0.0093,-0.0243,-0.1763,-0.0377,-0.0233,-0.1166,-0.0248,-0.0107,-0.1096,-0.0084,0.0404,-0.1786,-0.0225,0.0049,-0.1529,-0.0376,0.0025,-0.1091,-0.0279,0.0147,-0.1023,-0.0159
1,Drag & Drop (Pinch),0.0,0.0,0.0,-0.0491,-0.0383,-0.0148,-0.0875,-0.1054,-0.0255,-0.1091,-0.163,-0.039,-0.1193,-0.2169,-0.0499,-0.0607,-0.2049,0.0075,-0.0703,-0.254,-0.0184,-0.0891,-0.2688,-0.032,-0.1071,-0.266,-0.0375,-0.024,-0.2118,0.0022,-0.0572,-0.2073,-0.0244,-0.0523,-0.1421,-0.025,-0.0369,-0.1273,-0.0175,0.0093,-0.2003,-0.0094,-0.0267,-0.1758,-0.0366,-0.0243,-0.1169,-0.0244,-0.0112,-0.1084,-0.009,0.0397,-0.1762,-0.0235,0.0038,-0.1517,-0.0377,0.0016,-0.1071,-0.0281,0.0135,-0.0983,-0.0164
1,Drag & Drop (Pinch),0.0,0.0,0.0,-0.0483,-0.0392,-0.0193,-0.0895,-0.1035,-0.0329,-0.1125,-0.1612,-0.0487,-0.1188,-0.2172,-0.0615,-0.0655,-0.2039,0.0046,-0.0742,-0.2524,-0.0234,-0.0927,-0.2678,-0.037,-0.1094,-0.2645,-0.0418,-0.0275,-0.2118,0.0012,-0.0561,-0.2098,-0.0265,-0.053,-0.1433,-0.0253,-0.0394,-0.1311,-0.0158,0.0072,-0.2019,-0.0092,-0.024,-0.1759,-0.0379,-0.023,-0.1167,-0.0245,-0.0113,-0.1106,-0.0074,0.0386,-0.1792,-0.0226,0.0054,-0.1525,-0.0367,0.0024,-0.1076,-0.0264,0.013,-0.1004,-0.014
1,Drag & Drop (Pinch),0.0,0.0,0.0,-0.0512,-0.0356,-0.0147,-0.0961,-0.1045,-0.0226,-0.1166,-0.1613,-0.0328,-0.1249,-0.2138,-0.0406,-0.0731,-0.1948,0.0074,-0.0833,-0.2374,-0.0166,-0.0986,-0.2544,-0.0272,-0.1138,-0.2573,-0.0307,-0.0351,-0.202,0.0022,-0.062,-0.2051,-0.0239,-0.0536,-0.1367,-0.0216,-0.0391,-0.1263,-0.0112,0.0018,-0.1948,-0.0093,-0.026,-0.1768,-0.0394,-0.0215,-0.1156,-0.0262,-0.0096,-0.1128,-0.0084,0.0373,-0.1777,-0.0227,0.0062,-0.166,-0.0386,0.003,-0.1177,-0.027,0.012,-0.109,-0.0134
1,Drag & Drop (Pinch),0.0,0.0,0.0,-0.0545,-0.0265,-0.0088,-0.1036,-0.0882,-0.0146,-0.1229,-0.1445,-0.0238,-0.1289,-0.1935,-0.0307,-0.0774,-0.1778,0.0082,-0.0939,-0.2263,-0.0165,-0.1126,-0.2307,-0.0274,-0.1277,-0.2236,-0.0306,-0.042,-0.1824,-0.0001,-0.0702,-0.2007,-0.0273,-0.0639,-0.1348,-0.0263,-0.0495,-0.1211,-0.0173,-0.0054,-0.1769,-0.014,-0.0349,-0.1801,-0.0446,-0.0306,-0.1166,-0.0313,-0.0182,-0.1099,-0.0139,0.0326,-0.1636,-0.029,0.0007,-0.1721,-0.0455,-0.0024,-0.121,-0.0327,0.0076,-0.1079,-0.0186
1,Drag & Drop (Pinch),0.0,0.0,0.0,-0.0516,-0.025,-0.0097,-0.1042,-0.0914,-0.0159,-0.1306,-0.1465,-0.0254,-0.1475,-0.1959,-0.0325,-0.0686,-0.1905,0.01,-0.0892,-0.2322,-0.0137,-0.1128,-0.2401,-0.0237,-0.1336,-0.2319,-0.0267,-0.0338,-0.1967,0.0025,-0.0735,-0.2031,-0.0218,-0.0657,-0.1339,-0.0183,-0.0479,-0.1226,-0.0081,0.0015,-0.1909,-0.0109,-0.0382,-0.1815,-0.0395,-0.0317,-0.1192,-0.0253,-0.0157,-0.1139,-0.0081,0.0369,-0.1757,-0.0259,-0.0028,-0.1748,-0.0424,-0.0032,-0.1257,-0.0307,0.0112,-0.1142,-0.0173
1,Drag & Drop (Pinch),0.0,0.0,0.0,-0.0498,-0.0272,-0.023,-0.0934,-0.095,-0.0351,-0.1064,-0.1554,-0.0475,-0.1112,-0.2091,-0.0567,-0.0717,-0.1984,-0.0015,-0.0782,-0.2376,-0.0297,-0.0912,-0.2518,-0.0413,-0.1022,-0.2511,-0.0442,-0.0304,-0.2044,-0.0036,-0.0487,-0.2146,-0.033,-0.0483,-0.1405,-0.0293,-0.0391,-0.1306,-0.0163,0.0094,-0.1955,-0.0129,-0.0105,-0.1806,-0.047,-0.0128,-0.1134,-0.032,-0.0045,-0.1111,-0.0114,0.0473,-0.1772,-0.0247,0.0244,-0.1698,-0.0432,0.0179,-0.1207,-0.0308,0.0246,-0.1142,-0.0153
1,Drag & Drop (Pinch),0.0,0.0,0.0,-0.0498,-0.0255,-0.0227,-0.0944,-0.0926,-0.0354,-0.1066,-0.1548,-0.0487,-0.1101,-0.2085,-0.0589,-0.0692,-0.1963,-0.0023,-0.0771,-0.2379,-0.0307,-0.0907,-0.2527,-0.0423,-0.102,-0.2511,-0.0454,-0.0278,-0.2019,-0.0048,-0.0494,-0.217,-0.0343,-0.0486,-0.144,-0.0306,-0.0386,-0.1321,-0.0178,0.012,-0.1938,-0.0145,-0.0113,-0.1812,-0.0487,-0.012,-0.1153,-0.0337,-0.0021,-0.1115,-0.0133,0.0505,-0.1765,-0.0266,0.0233,-0.1718,-0.0454,0.0181,-0.1219,-0.0328,0.0268,-0.1137,-0.0175
1,Drag & Drop (Pinch),0.0,0.0,0.0,-0.0502,-0.0242,-0.024,-0.0968,-0.0912,-0.0364,-0.1096,-0.1534,-0.0491,-0.1127,-0.2064,-0.0582,-0.0709,-0.1958,-0.0027,-0.0796,-0.2384,-0.0306,-0.0934,-0.2522,-0.0404,-0.1045,-0.2506,-0.0421,-0.0297,-0.2004,-0.0046,-0.0534,-0.2205,-0.0335,-0.0531,-0.1448,-0.0273,-0.0412,-0.1336,-0.0124,0.0104,-0.1912,-0.0139,-0.0136,-0.1825,-0.048,-0.0155,-0.1136,-0.0315,-0.0045,-0.1115,-0.0099,0.0494,-0.1725,-0.026,0.0226,-0.1692,-0.0447,0.0168,-0.1181,-0.0318,0.0261,-0.1113,-0.0162
1,Drag & Drop (Pinch),0.0,0.0,0.0,-0.0499,-0.0256,-0.023,-0.0964,-0.092,-0.0361,-0.11,-0.154,-0.0499,-0.1123,-0.2086,-0.0605,-0.069,-0.1934,-0.0025,-0.0787,-0.2368,-0.0307,-0.0924,-0.2517,-0.0411,-0.1029,-0.2516,-0.0433,-0.0283,-0.1971,-0.0051,-0.0516,-0.2156,-0.035,-0.05,-0.1413,-0.03,-0.0383,-0.1314,-0.016,0.0113,-0.1887,-0.015,-0.0133,-0.1814,-0.0499,-0.0132,-0.1138,-0.0338,-0.0023,-0.1122,-0.0126,0.0501,-0.172,-0.0275,0.0212,-0.1698,-0.0465,0.0177,-0.1194,-0.0335,0.0286,-0.1136,-0.0179
1,Drag & Drop (Pinch),0.0,0.0,0.0,-0.0506,-0.0239,-0.0207,-0.0964,-0.0917,-0.0308,-0.1111,-0.1534,-0.0419,-0.1163,-0.2062,-0.05,-0.0738,-0.1912,0.0008,-0.0822,-0.2393,-0.0263,-0.0957,-0.2536,-0.0369,-0.1065,-0.2516,-0.0392,-0.0335,-0.1972,-0.0023,-0.0558,-0.222,-0.032,-0.0548,-0.1489,-0.0288,-0.0434,-0.1333,-0.0158,0.0062,-0.1903,-0.0124,-0.0164,-0.1849,-0.0468,-0.0176,-0.1173,-0.0331,-0.0073,-0.1115,-0.013,0.0459,-0.1745,-0.0247,0.0191,-0.1743,-0.0435,0.0122,-0.1225,-0.0313,0.0197,-0.1116,-0.0161
1,Drag & Drop (Pinch),0.0,0.0,0.0,-0.0504,-0.0286,-0.0244,-0.0966,-0.0967,-0.0383,-0.1148,-0.1592,-0.0528,-0.1204,-0.2147,-0.0641,-0.0779,-0.1947,-0.002,-0.0868,-0.2381,-0.0322,-0.0983,-0.2555,-0.0444,-0.106,-0.2566,-0.0476,-0.0377,-0.2005,-0.0045,-0.0598,-0.2244,-0.036,-0.0561,-0.1489,-0.0314,-0.0436,-0.1393,-0.0173,0.003,-0.1935,-0.0148,-0.0186,-0.1894,-0.0514,-0.0195,-0.1219,-0.0354,-0.01,-0.1207,-0.0137,0.0429,-0.1775,-0.0277,0.0178,-0.1799,-0.0477,0.0106,-0.1292,-0.0346,0.0168,-0.121,-0.0188
1,Drag & Drop (Pinch),0.0,0.0,0.0,-0.0496,-0.0277,-0.0195,-0.0944,-0.0939,-0.0311,-0.1113,-0.1548,-0.0441,-0.1148,-0.2081,-0.0542,-0.0714,-0.1934,-0.0003,-0.0821,-0.2389,-0.0276,-0.0983,-0.253,-0.0376,-0.1105,-0.2493,-0.0396,-0.0319,-0.1985,-0.0044,-0.0573,-0.2145,-0.0323,-0.0542,-0.1401,-0.0264,-0.0416,-0.13,-0.0123,0.008,-0.1898,-0.0153,-0.0172,-0.1793,-0.0477,-0.0175,-0.1137,-0.031,-0.0069,-0.1127,-0.0099,0.0469,-0.1718,-0.0285,0.0196,-0.1699,-0.0456,0.013,-0.1207,-0.0316,0.0206,-0.1135,-0.0158
1,Drag & Drop (Pinch),0.0,0.0,0.0,-0.0486,-0.0265,-0.0192,-0.0953,-0.0924,-0.0307,-0.1132,-0.155,-0.0436,-0.1169,-0.2103,-0.0534,-0.0695,-0.1912,0.0007,-0.081,-0.2391,-0.0256,-0.0978,-0.2521,-0.0348,-0.1117,-0.2483,-0.0361,-0.0312,-0.1952,-0.0032,-0.0567,-0.2131,-0.031,-0.0528,-0.1409,-0.026,-0.0395,-0.131,-0.0128,0.0073,-0.1872,-0.0138,-0.0183,-0.1823,-0.0463,-0.0171,-0.1171,-0.0306,-0.0055,-0.1152,-0.0104,0.0457,-0.1709,-0.0266,0.0174,-0.1724,-0.0439,0.0124,-0.123,-0.0307,0.0221,-0.1149,-0.0154
1,Drag & Drop (Pinch),0.0,0.0,0.0,-0.0497,-0.0249,-0.0153,-0.0954,-0.0922,-0.0223,-0.1114,-0.1525,-0.0309,-0.1176,-0.2026,-0.0368,-0.0739,-0.1854,0.0017,-0.0832,-0.2371,-0.0225,-0.1003,-0.2495,-0.0309,-0.1161,-0.2465,-0.0324,-0.0345,-0.1908,-0.0033,-0.0582,-0.2146,-0.0301,-0.0567,-0.143,-0.0261,-0.0457,-0.1271,-0.014,0.0052,-0.1833,-0.0142,-0.017,-0.1841,-0.0456,-0.0192,-0.1179,-0.0312,-0.0113,-0.1116,-0.0121,0.0454,-0.1669,-0.0268,0.0234,-0.1761,-0.0436,0.0145,-0.1257,-0.0307,0.0184,-0.1135,-0.0161
1,Drag & Drop (Pinch),0.0,0.0,0.0,-0.0458,-0.0271,-0.0242,-0.096,-0.0857,-0.0407,-0.1226,-0.139,-0.0584,-0.1323,-0.1951,-0.0734,-0.0766,-0.1866,-0.0018,-0.0891,-0.2286,-0.0301,-0.1057,-0.2486,-0.0413,-0.1171,-0.2497,-0.0442,-0.039,-0.1911,-0.0049,-0.0642,-0.2155,-0.0362,-0.0591,-0.1395,-0.032,-0.0455,-0.1273,-0.0178,0.0001,-0.1853,-0.0154,-0.0241,-0.1859,-0.0516,-0.0216,-0.1182,-0.035,-0.0098,-0.1131,-0.0124,0.0396,-0.1706,-0.0285,0.0122,-0.1804,-0.0478,0.0078,-0.1305,-0.0333,0.017,-0.1185,-0.0162
1,Drag & Drop (Pinch),0.0,0.0,0.0,-0.0453,-0.0263,-0.023,-0.0931,-0.0855,-0.0385,-0.1173,-0.1394,-0.0552,-0.1276,-0.1943,-0.0689,-0.0726,-0.1876,-0.0038,-0.0846,-0.23,-0.0329,-0.1015,-0.2467,-0.0442,-0.1141,-0.248,-0.0473,-0.0339,-0.1922,-0.0074,-0.0596,-0.2138,-0.0388,-0.0563,-0.1362,-0.0343,-0.0429,-0.1249,-0.0205,0.0053,-0.1854,-0.0181,-0.0198,-0.1823,-0.0548,-0.0187,-0.1123,-0.038,-0.0067,-0.1068,-0.0154,0.0444,-0.1691,-0.0313,0.0168,-0.1773,-0.0514,0.0101,-0.1262,-0.0373,0.0177,-0.1128,-0.0205
1,Drag & Drop (Pinch),0.0,0.0,0.0,-0.0465,-0.0261,-0.0262,-0.0948,-0.0823,-0.0447,-0.1207,-0.1364,-0.064,-0.131,-0.1928,-0.0801,-0.0774,-0.1865,-0.0067,-0.0891,-0.2285,-0.037,-0.1052,-0.2469,-0.0494,-0.1157,-0.247,-0.053,-0.0382,-0.1907,-0.009,-0.0635,-0.2146,-0.0413,-0.0588,-0.1379,-0.0369,-0.045,-0.1259,-0.0229,0.0017,-0.1835,-0.0188,-0.0225,-0.1831,-0.0551,-0.0221,-0.1151,-0.0377,-0.0116,-0.109,-0.015,0.0407,-0.1663,-0.0315,0.0151,-0.1745,-0.0514,0.0077,-0.126,-0.0374,0.0135,-0.1132,-0.0207
1,Drag & Drop (Pinch),0.0,0.0,0.0,-0.0458,-0.0273,-0.0254,-0.0938,-0.0876,-0.0417,-0.1192,-0.1422,-0.0586,-0.1294,-0.1972,-0.0721,-0.0761,-0.1893,-0.0046,-0.0893,-0.2321,-0.0347,-0.1057,-0.25,-0.0456,-0.1156,-0.2505,-0.0479,-0.0377,-0.1947,-0.0068,-0.0623,-0.2181,-0.0382,-0.0592,-0.1401,-0.0318,-0.0458,-0.1322,-0.0162,0.0023,-0.1881,-0.0167,-0.0211,-0.1862,-0.0529,-0.021,-0.1161,-0.0344,-0.0091,-0.1141,-0.0106,0.0419,-0.1716,-0.0294,0.0172,-0.1778,-0.0492,0.0102,-0.1287,-0.0348,0.0182,-0.1196,-0.0178
1,Drag & Drop (Pinch),0.0,0.0,0.0,-0.0461,-0.0273,-0.0252,-0.0963,-0.0883,-0.0407,-0.1217,-0.1416,-0.0567,-0.1286,-0.1974,-0.0694,-0.0762,-0.1925,-0.0033,-0.0886,-0.2326,-0.0319,-0.1044,-0.2496,-0.0427,-0.1151,-0.252,-0.0457,-0.037,-0.198,-0.0056,-0.0625,-0.218,-0.0366,-0.0577,-0.1395,-0.0316,-0.0435,-0.1301,-0.0172,0.0029,-0.1909,-0.0154,-0.0217,-0.1865,-0.052,-0.0206,-0.116,-0.0351,-0.0093,-0.113,-0.0123,0.0424,-0.1744,-0.0279,0.0151,-0.1805,-0.0482,0.0085,-0.1285,-0.0344,0.0155,-0.1166,-0.0178
1,Drag & Drop (Pinch),0.0,0.0,0.0,-0.0472,-0.03,-0.0274,-0.0947,-0.0879,-0.0464,-0.1216,-0.1407,-0.0664,-0.1315,-0.1973,-0.0827,-0.0785,-0.1936,-0.0053,-0.0913,-0.2333,-0.0366,-0.1077,-0.2521,-0.0488,-0.1186,-0.254,-0.0521,-0.0399,-0.1992,-0.0073,-0.0657,-0.2169,-0.0394,-0.0598,-0.1393,-0.0335,-0.046,-0.1332,-0.0183,-0.0002,-0.1927,-0.0172,-0.0248,-0.1854,-0.0532,-0.0229,-0.117,-0.0346,-0.0113,-0.1166,-0.011,0.0387,-0.1761,-0.0304,0.0131,-0.1782,-0.0492,0.0075,-0.1299,-0.0346,0.0155,-0.1221,-0.0175
1,Drag & Drop (Pinch),0.0,0.0,0.0,-0.0455,-0.0262,-0.0238,-0.095,-0.0873,-0.0398,-0.119,-0.143,-0.0573,-0.1308,-0.1984,-0.0714,-0.0706,-0.191,-0.0026,-0.086,-0.2335,-0.0324,-0.1049,-0.249,-0.0425,-0.1184,-0.2497,-0.0442,-0.0333,-0.1934,-0.0064,-0.064,-0.2178,-0.0389,-0.0591,-0.138,-0.0326,-0.0428,-0.131,-0.0163,0.0055,-0.1857,-0.018,-0.024,-0.1857,-0.0558,-0.0211,-0.1151,-0.0374,-0.0065,-0.1152,-0.0132,0.0442,-0.1698,-0.0321,0.0137,-0.1793,-0.0528,0.0084,-0.1293,-0.0383,0.0193,-0.1205,-0.0208
1,Drag & Drop (Pinch),0.0,0.0,0.0,-0.0472,-0.029,-0.0277,-0.0965,-0.0859,-0.0471,-0.1244,-0.1379,-0.0672,-0.1349,-0.1946,-0.0839,-0.0783,-0.1919,-0.0053,-0.0908,-0.233,-0.0361,-0.1084,-0.2514,-0.0479,-0.1209,-0.2546,-0.051,-0.0402,-0.1956,-0.0073,-0.066,-0.2184,-0.04,-0.0606,-0.1396,-0.0342,-0.0471,-0.1334,-0.0187,-0.0007,-0.1886,-0.0174,-0.0254,-0.1873,-0.0548,-0.0231,-0.1169,-0.0362,-0.0115,-0.1159,-0.012,0.0381,-0.1726,-0.0305,0.0108,-0.1809,-0.0504,0.0059,-0.1306,-0.0353,0.0145,-0.1212,-0.0176
1,Drag & Drop (Pinch),0.0,0.0,0.0,-0.0442,-0.0385,-0.0206,-0.0851,-0.1124,-0.0316,-0.1024,-0.1715,-0.0443,-0.1039,-0.2271,-0.0544,-0.0557,-0.1926,0.0045,-0.0662,-0.238,-0.0189,-0.0823,-0.2614,-0.027,-0.0962,-0.2722,-0.0287,-0.0188,-0.1913,0.001,-0.0397,-0.223,-0.028,-0.0412,-0.1481,-0.024,-0.0293,-0.1342,-0.0097,0.0186,-0.1802,-0.0093,-0.0048,-0.1876,-0.044,-0.0075,-0.1205,-0.0293,0.0038,-0.1142,-0.0076,0.0556,-0.162,-0.0217,0.0303,-0.1788,-0.0402,0.0221,-0.1319,-0.0269,0.03,-0.1197,-0.0107
1,Drag & Drop (Pinch),0.0,0.0,0.0,-0.0448,-0.0405,-0.0242,-0.0865,-0.118,-0.0369,-0.1045,-0.1781,-0.0506,-0.106,-0.2348,-0.0609,-0.0593,-0.2005,0.0026,-0.0708,-0.2444,-0.0232,-0.0857,-0.2634,-0.0313,-0.0974,-0.2738,-0.0324,-0.021,-0.1981,0.0006,-0.0428,-0.23,-0.0299,-0.0425,-0.1517,-0.0241,-0.0292,-0.142,-0.0079,0.0176,-0.1868,-0.0091,-0.0064,-0.1943,-0.0453,-0.0087,-0.1252,-0.0287,0.0026,-0.122,-0.0052,0.0551,-0.1696,-0.0213,0.0306,-0.1862,-0.0406,0.023,-0.138,-0.0268,0.0313,-0.1276,-0.0099
1,Drag & Drop (Pinch),0.0,0.0,0.0,-0.0449,-0.0398,-0.0217,-0.0855,-0.114,-0.034,-0.1027,-0.1744,-0.0478,-0.1053,-0.2309,-0.0583,-0.0595,-0.1958,0.0026,-0.0715,-0.2463,-0.0245,-0.0873,-0.2623,-0.0328,-0.0991,-0.2658,-0.0332,-0.0228,-0.1921,-0.0005,-0.0433,-0.2291,-0.0316,-0.0452,-0.1514,-0.0264,-0.0326,-0.141,-0.0107,0.0154,-0.1803,-0.011,-0.0069,-0.1909,-0.048,-0.0105,-0.1217,-0.0322,0.0008,-0.1171,-0.0091,0.0531,-0.1626,-0.0236,0.0294,-0.1826,-0.0436,0.0209,-0.1339,-0.03,0.0288,-0.121,-0.013
1,Drag & Drop (Pinch),0.0,0.0,0.0,-0.0463,-0.0363,-0.0252,-0.0868,-0.1102,-0.0387,-0.1019,-0.1728,-0.0533,-0.105,-0.2308,-0.0646,-0.062,-0.1959,0.0003,-0.0698,-0.2452,-0.0278,-0.0839,-0.2655,-0.0378,-0.0942,-0.2719,-0.0398,-0.0228,-0.1938,-0.0017,-0.0407,-0.2309,-0.0339,-0.0437,-0.1537,-0.0297,-0.0313,-0.1421,-0.0144,0.0166,-0.1824,-0.0113,-0.0031,-0.1917,-0.0486,-0.0089,-0.1227,-0.0327,0.0014,-0.119,-0.0096,0.0554,-0.1646,-0.0236,0.0333,-0.1817,-0.0429,0.0236,-0.1355,-0.029,0.031,-0.1261,-0.0121
2,Left Click (Peace Sign),0.0,0.0,0.0,-0.0416,-0.0396,-0.049,-0.0522,-0.1144,-0.0682,-0.0135,-0.1852,-0.0826,0.0244,-0.2308,-0.0941,-0.0744,-0.235,-0.0303,-0.0861,-0.3372,-0.0491,-0.0899,-0.3991,-0.0624,-0.091,-0.4498,-0.0725,-0.0277,-0.2496,-0.0229,-0.0259,-0.3582,-0.0408,-0.0195,-0.423,-0.0561,-0.0155,-0.4737,-0.0663,0.0112,-0.2305,-0.0216,0.0401,-0.3081,-0.0572,0.0418,-0.2662,-0.0725,0.0351,-0.2274,-0.0755,0.0437,-0.1907,-0.0237,0.0689,-0.2232,-0.0614,0.0625,-0.1817,-0.0734,0.0487,-0.142,-0.0758
2,Left Click (Peace Sign),0.0,0.0,0.0,-0.0361,-0.0392,-0.0452,-0.0447,-0.114,-0.0624,-0.0097,-0.186,-0.0753,0.0236,-0.2349,-0.0862,-0.0734,-0.2333,-0.0272,-0.0845,-0.3319,-0.0459,-0.0872,-0.394,-0.0597,-0.0871,-0.4439,-0.0696,-0.0279,-0.2462,-0.0217,-0.0286,-0.3574,-0.04,-0.0224,-0.4234,-0.0571,-0.0177,-0.4719,-0.0683,0.0113,-0.2272,-0.0219,0.0418,-0.3094,-0.0579,0.0515,-0.2873,-0.0776,0.0504,-0.2604,-0.084,0.0446,-0.1869,-0.0247,0.0702,-0.2274,-0.0607,0.0664,-0.1913,-0.0724,0.0544,-0.1515,-0.0752
2,Left Click (Peace Sign),0.0,0.0,0.0,-0.0369,-0.0379,-0.0486,-0.0454,-0.112,-0.067,-0.0087,-0.1829,-0.0803,0.0253,-0.2327,-0.0912,-0.0721,-0.2319,-0.031,-0.0839,-0.3304,-0.0499,-0.0878,-0.3929,-0.0635,-0.0892,-0.4431,-0.0734,-0.027,-0.2459,-0.0238,-0.0283,-0.3554,-0.0417,-0.0221,-0.4211,-0.0575,-0.0173,-0.4699,-0.0681,0.0121,-0.2271,-0.0224,0.0417,-0.3072,-0.0583,0.0499,-0.2829,-0.0773,0.048,-0.2563,-0.0833,0.0457,-0.1879,-0.0241,0.0708,-0.2239,-0.0614,0.0649,-0.1864,-0.0743,0.0514,-0.1473,-0.0779
2,Left Click (Peace Sign),0.0,0.0,0.0,-0.0384,-0.0378,-0.0492,-0.048,-0.1118,-0.0678,-0.0121,-0.1849,-0.0814,0.023,-0.2337,-0.0922,-0.0735,-0.2319,-0.0311,-0.0853,-0.3321,-0.0503,-0.0886,-0.3947,-0.0638,-0.0892,-0.4453,-0.0735,-0.0279,-0.2469,-0.0233,-0.0296,-0.356,-0.0415,-0.0233,-0.4218,-0.057,-0.0187,-0.4713,-0.067,0.0112,-0.2293,-0.0214,0.0397,-0.3077,-0.0571,0.0485,-0.276,-0.0739,0.0463,-0.2432,-0.0775,0.045,-0.1903,-0.0227,0.0701,-0.2289,-0.0588,0.0657,-0.1909,-0.0699,0.052,-0.1494,-0.0717
2,Left Click (Peace Sign),0.0,0.0,0.0,-0.0394,-0.0346,-0.0438,-0.0506,-0.1041,-0.0623,-0.0156,-0.1746,-0.0767,0.0192,-0.2178,-0.0887,-0.0694,-0.2294,-0.031,-0.0796,-0.3282,-0.0512,-0.0813,-0.3907,-0.0642,-0.081,-0.4417,-0.0732,-0.0222,-0.2445,-0.0271,-0.0207,-0.3523,-0.0466,-0.0134,-0.4181,-0.0619,-0.0084,-0.4681,-0.0717,0.018,-0.2269,-0.0284,0.0513,-0.2997,-0.0633,0.0547,-0.2737,-0.08,0.0494,-0.2456,-0.0842,0.0516,-0.189,-0.0326,0.0746,-0.2195,-0.0648,0.0663,-0.1864,-0.0748,0.0512,-0.1519,-0.0767
2,Left Click (Peace Sign),0.0,0.0,0.0,-0.0384,-0.0359,-0.0464,-0.0499,-0.1004,-0.068,-0.0138,-0.1667,-0.0855,0.023,-0.211,-0.1006,-0.0657,-0.2285,-0.0345,-0.0776,-0.3255,-0.0582,-0.0801,-0.3882,-0.0744,-0.0794,-0.4403,-0.0854,-0.0199,-0.2425,-0.0298,-0.0189,-0.3504,-0.0521,-0.012,-0.4161,-0.0687,-0.007,-0.466,-0.0788,0.0194,-0.2254,-0.0307,0.0513,-0.2979,-0.0679,0.0528,-0.2655,-0.0833,0.0459,-0.2309,-0.0858,0.0533,-0.1877,-0.0347,0.0751,-0.2164,-0.069,0.067,-0.179,-0.0779,0.0524,-0.1402,-0.0783
2,Left Click (Peace Sign),0.0,0.0,0.0,-0.0402,-0.0476,-0.0331,-0.0459,-0.1242,-0.0473,-0.0051,-0.1902,-0.06,0.0331,-0.2244,-0.0708,-0.0653,-0.2278,-0.0225,-0.0757,-0.3266,-0.0413,-0.0778,-0.389,-0.0538,-0.0773,-0.4394,-0.0627,-0.018,-0.2423,-0.0235,-0.0127,-0.3517,-0.0423,-0.0061,-0.4193,-0.0584,-0.0008,-0.4717,-0.069,0.0236,-0.225,-0.0287,0.0588,-0.2951,-0.0587,0.0534,-0.2679,-0.0719,0.0431,-0.2387,-0.0745,0.0572,-0.1892,-0.0363,0.0744,-0.2189,-0.0613,0.061,-0.1924,-0.0671,0.0449,-0.1644,-0.0671
2,Left Click (Peace Sign),0.0,0.0,0.0,-0.0408,-0.0497,-0.0371,-0.0494,-0.1228,-0.0554,-0.0088,-0.1878,-0.0718,0.031,-0.2262,-0.0865,-0.0621,-0.2279,-0.0282,-0.0743,-0.3241,-0.0515,-0.0791,-0.3861,-0.068,-0.0803,-0.4378,-0.0794,-0.0149,-0.2407,-0.028,-0.0091,-0.3496,-0.0501,-0.0034,-0.4168,-0.0672,0.002,-0.4694,-0.0781,0.0258,-0.224,-0.0323,0.0599,-0.2949,-0.0653,0.0501,-0.2644,-0.0776,0.0363,-0.2313,-0.0789,0.0595,-0.1872,-0.0394,0.0768,-0.2164,-0.0663,0.0627,-0.1888,-0.071,0.0459,-0.1591,-0.0698
2,Left Click (Peace Sign),0.0,0.0,0.0,-0.0401,-0.0438,-0.0375,-0.0477,-0.1225,-0.0527,-0.0083,-0.1932,-0.0651,0.0312,-0.2302,-0.075,-0.0733,-0.2296,-0.0241,-0.0814,-0.3288,-0.0434,-0.0836,-0.3907,-0.0567,-0.0841,-0.4403,-0.066,-0.0265,-0.2424,-0.0221,-0.0196,-0.354,-0.0404,-0.0111,-0.4192,-0.0548,-0.0041,-0.4718,-0.0636,0.0147,-0.2219,-0.0249,0.0494,-0.2888,-0.0543,0.0451,-0.2521,-0.0638,0.0358,-0.2191,-0.0631,0.0472,-0.1822,-0.0304,0.0705,-0.2179,-0.0547,0.0576,-0.1887,-0.0574,0.0408,-0.1605,-0.0547
2,Left Click (Peace Sign),0.0,0.0,0.0,-0.042,-0.0452,-0.0383,-0.0507,-0.1215,-0.0548,-0.0137,-0.187,-0.0686,0.0264,-0.222,-0.081,-0.0708,-0.2292,-0.026,-0.0819,-0.3266,-0.0457,-0.0848,-0.3885,-0.0601,-0.0853,-0.4388,-0.0702,-0.025,-0.2402,-0.0245,-0.0182,-0.3518,-0.043,-0.0107,-0.42,-0.0599,-0.005,-0.4732,-0.0709,0.0147,-0.2207,-0.0275,0.0484,-0.2863,-0.0583,0.043,-0.2629,-0.0745,0.0313,-0.2377,-0.0792,0.0464,-0.1823,-0.0332,0.069,-0.2147,-0.0599,0.058,-0.1862,-0.0666,0.041,-0.1551,-0.0673
2,Left Click (Peace Sign),0.0,0.0,0.0,-0.0426,-0.0388,-0.0369,-0.0554,-0.1135,-0.0536,-0.0194,-0.1857,-0.0675,0.0179,-0.2298,-0.0793,-0.0738,-0.2222,-0.0294,-0.0884,-0.3208,-0.0496,-0.0943,-0.3826,-0.0632,-0.0968,-0.4337,-0.0728,-0.0287,-0.2364,-0.0282,-0.0264,-0.3487,-0.0468,-0.0201,-0.4163,-0.0622,-0.0143,-0.4709,-0.0726,0.0117,-0.2184,-0.0313,0.0432,-0.2874,-0.0607,0.0403,-0.2635,-0.0743,0.0332,-0.2372,-0.0779,0.0455,-0.1814,-0.037,0.0668,-0.2204,-0.0619,0.0545,-0.1927,-0.0675,0.0385,-0.1621,-0.0679
2,Left Click (Peace Sign),0.0,0.0,0.0,-0.0453,-0.0342,-0.0442,-0.0608,-0.1067,-0.0641,-0.0301,-0.1768,-0.0803,0.0054,-0.2202,-0.0946,-0.0741,-0.2226,-0.0338,-0.09,-0.317,-0.0578,-0.0968,-0.3794,-0.0748,-0.0989,-0.4317,-0.0868,-0.0283,-0.2369,-0.0308,-0.0262,-0.3488,-0.0537,-0.0204,-0.4173,-0.0728,-0.0152,-0.4736,-0.0853,0.011,-0.2191,-0.033,0.0432,-0.2869,-0.0689,0.0383,-0.2624,-0.0867,0.0269,-0.2371,-0.0918,0.0432,-0.1813,-0.038,0.0662,-0.2184,-0.0694,0.0543,-0.187,-0.0778,0.0356,-0.1524,-0.0792
2,Left Click (Peace Sign),0.0,0.0,0.0,-0.0478,-0.0364,-0.0374,-0.0669,-0.1109,-0.0546,-0.0328,-0.1834,-0.07,0.0098,-0.2222,-0.0836,-0.0778,-0.2212,-0.0252,-0.0957,-0.3147,-0.0473,-0.1041,-0.3742,-0.0622,-0.1089,-0.4234,-0.072,-0.0314,-0.236,-0.0247,-0.0259,-0.3481,-0.0472,-0.0223,-0.4167,-0.0646,-0.0198,-0.4746,-0.0745,0.0086,-0.2201,-0.0291,0.0359,-0.2807,-0.0636,0.0274,-0.2456,-0.0778,0.0163,-0.2144,-0.0788,0.0411,-0.1854,-0.0362,0.0617,-0.2231,-0.0629,0.0502,-0.1951,-0.0675,0.0356,-0.1651,-0.0656
2,Left Click (Peace Sign),0.0,0.0,0.0,-0.0547,-0.0399,-0.0274,-0.0737,-0.1301,-0.0391,-0.0344,-0.2033,-0.0512,0.0084,-0.2411,-0.0622,-0.0826,-0.2269,-0.0166,-0.1008,-0.3217,-0.0372,-0.1078,-0.3818,-0.0514,-0.1113,-0.4316,-0.0614,-0.0377,-0.239,-0.0209,-0.0317,-0.3517,-0.0448,-0.0272,-0.4191,-0.0627,-0.0227,-0.4765,-0.0729,0.0038,-0.2221,-0.0291,0.0294,-0.2873,-0.0642,0.0127,-0.2281,-0.072,-0.002,-0.1802,-0.068,0.0386,-0.1871,-0.0394,0.0501,-0.2262,-0.0674,0.0365,-0.1845,-0.0675,0.0249,-0.1471,-0.0616
2,Left Click (Peace Sign),0.0,0.0,0.0,-0.051,-0.0277,-0.0363,-0.0765,-0.0962,-0.0577,-0.0559,-0.1606,-0.0779,-0.0281,-0.2048,-0.0965,-0.081,-0.2317,-0.0366,-0.0956,-0.33,-0.0641,-0.1022,-0.3931,-0.0823,-0.1035,-0.4476,-0.095,-0.0328,-0.2415,-0.0409,-0.0233,-0.3604,-0.0706,-0.0171,-0.4325,-0.0912,-0.0105,-0.4925,-0.104,0.01,-0.2209,-0.049,0.0383,-0.2951,-0.0911,0.0211,-0.2362,-0.1015,0.005,-0.185,-0.0997,0.0455,-0.1806,-0.0594,0.0559,-0.2137,-0.0955,0.0385,-0.1679,-0.0994,0.022,-0.1263,-0.0959
2,Left Click (Peace Sign),0.0,0.0,0.0,-0.0518,-0.0383,-0.036,-0.0712,-0.1108,-0.0566,-0.0441,-0.1761,-0.0758,-0.012,-0.2188,-0.0936,-0.0673,-0.2499,-0.0357,-0.0774,-0.3498,-0.061,-0.082,-0.4117,-0.0788,-0.0817,-0.4657,-0.0919,-0.0156,-0.2542,-0.0396,0.0052,-0.3688,-0.0659,0.018,-0.4398,-0.0859,0.0302,-0.4978,-0.0995,0.0266,-0.2266,-0.0471,0.0598,-0.2994,-0.086,0.0389,-0.2469,-0.0982,0.0202,-0.1971,-0.0992,0.059,-0.1791,-0.057,0.0712,-0.209,-0.0923,0.0525,-0.1707,-0.0982,0.0351,-0.1328,-0.0967
2,Left Click (Peace Sign),0.0,0.0,0.0,-0.0527,-0.0398,-0.0357,-0.0721,-0.1137,-0.0559,-0.0428,-0.1823,-0.075,-0.0091,-0.2248,-0.0927,-0.0682,-0.2483,-0.034,-0.0803,-0.3491,-0.059,-0.0862,-0.4112,-0.0772,-0.087,-0.4658,-0.0908,-0.0166,-0.2533,-0.0376,0.0031,-0.3695,-0.0635,0.0168,-0.4406,-0.0842,0.0297,-0.4985,-0.0986,0.0255,-0.2271,-0.0448,0.0567,-0.3035,-0.0834,0.0354,-0.2516,-0.0958,0.0164,-0.2001,-0.097,0.0573,-0.1804,-0.0544,0.0699,-0.2147,-0.0889,0.0506,-0.1776,-0.0945,0.0327,-0.1369,-0.0929
2,Left Click (Peace Sign),0.0,0.0,0.0,-0.053,-0.038,-0.0383,-0.0738,-0.1114,-0.0603,-0.0457,-0.1793,-0.0807,-0.0115,-0.2236,-0.0992,-0.0712,-0.2475,-0.0372,-0.0827,-0.3479,-0.0643,-0.0884,-0.4111,-0.0834,-0.0881,-0.4663,-0.0973,-0.0196,-0.2545,-0.0399,0.0002,-0.3701,-0.0683,0.0142,-0.4407,-0.0891,0.0275,-0.498,-0.1027,0.0224,-0.2297,-0.0465,0.055,-0.3035,-0.0876,0.0345,-0.2466,-0.0993,0.0156,-0.1926,-0.0991,0.0547,-0.1844,-0.0557,0.0679,-0.2137,-0.0923,0.0495,-0.1723,-0.098,0.0318,-0.131,-0.0958
2,Left Click (Peace Sign),0.0,0.0,0.0,-0.0524,-0.0417,-0.0313,-0.071,-0.1205,-0.0484,-0.0388,-0.1864,-0.0649,-0.0029,-0.226,-0.0809,-0.0685,-0.2455,-0.0329,-0.0817,-0.3469,-0.0559,-0.088,-0.4111,-0.0719,-0.0891,-0.4656,-0.0841,-0.0164,-0.248,-0.0384,0.0041,-0.3665,-0.0618,0.0174,-0.4385,-0.0807,0.0307,-0.4939,-0.0941,0.0264,-0.2191,-0.047,0.0584,-0.2936,-0.0826,0.0358,-0.2548,-0.0964,0.0173,-0.2144,-0.0997,0.058,-0.1713,-0.0575,0.0677,-0.2075,-0.0892,0.0472,-0.1761,-0.0947,0.0305,-0.1412,-0.0942
2,Left Click (Peace Sign),0.0,0.0,0.0,-0.0527,-0.0387,-0.0347,-0.0719,-0.1159,-0.054,-0.0418,-0.181,-0.0721,-0.0055,-0.2205,-0.0893,-0.0697,-0.2437,-0.0349,-0.0835,-0.3444,-0.0594,-0.09,-0.408,-0.0766,-0.0914,-0.4628,-0.0893,-0.0174,-0.2481,-0.0388,0.0028,-0.3646,-0.064,0.0148,-0.4361,-0.0833,0.0262,-0.4935,-0.0966,0.0249,-0.2208,-0.0463,0.057,-0.2951,-0.0841,0.0336,-0.2475,-0.0968,0.0134,-0.2008,-0.0984,0.0562,-0.1742,-0.056,0.0682,-0.2076,-0.0897,0.049,-0.1715,-0.095,0.0324,-0.133,-0.0935
2,Left Click (Peace Sign),0.0,0.0,0.0,-0.05,-0.0369,-0.0332,-0.0699,-0.109,-0.0512,-0.0415,-0.173,-0.0678,-0.0113,-0.2151,-0.0834,-0.0669,-0.243,-0.0341,-0.0808,-0.345,-0.0582,-0.087,-0.4108,-0.0747,-0.0882,-0.4662,-0.0867,-0.0156,-0.2468,-0.0383,0.0067,-0.3628,-0.0637,0.0215,-0.4339,-0.0838,0.0356,-0.4882,-0.0973,0.0263,-0.22,-0.0459,0.0608,-0.2862,-0.0833,0.0472,-0.2511,-0.0981,0.0351,-0.2138,-0.1011,0.0576,-0.1755,-0.0555,0.0702,-0.208,-0.0871,0.0553,-0.1781,-0.0929,0.043,-0.1442,-0.0922
2,Left Click (Peace Sign),0.0,0.0,0.0,-0.0518,-0.036,-0.0357,-0.0719,-0.1084,-0.0554,-0.0427,-0.1717,-0.0731,-0.0073,-0.2111,-0.0899,-0.0674,-0.2441,-0.0374,-0.0828,-0.3456,-0.0618,-0.0892,-0.4103,-0.0787,-0.0914,-0.4657,-0.0912,-0.0148,-0.2474,-0.0408,0.0069,-0.3621,-0.0661,0.0197,-0.4326,-0.0861,0.0303,-0.488,-0.0997,0.0268,-0.2199,-0.0477,0.0618,-0.2883,-0.086,0.041,-0.2505,-0.1021,0.0217,-0.2112,-0.1062,0.0576,-0.1747,-0.0565,0.0695,-0.2036,-0.0909,0.0518,-0.1705,-0.0983,0.0361,-0.1342,-0.0985
2,Left Click (Peace Sign),0.0,0.0,0.0,-0.0479,-0.0384,-0.0286,-0.0646,-0.1139,-0.0434,-0.0384,-0.1742,-0.0577,-0.0104,-0.2105,-0.0717,-0.0598,-0.2418,-0.0321,-0.0742,-0.341,-0.054,-0.0807,-0.4055,-0.0687,-0.0829,-0.4604,-0.0798,-0.0082,-0.2451,-0.0383,0.0159,-0.3631,-0.0609,0.0294,-0.4349,-0.0802,0.0415,-0.4875,-0.0937,0.0328,-0.2161,-0.0473,0.0697,-0.2865,-0.0812,0.055,-0.2607,-0.0971,0.0414,-0.2294,-0.1021,0.0622,-0.1688,-0.0577,0.0746,-0.201,-0.0866,0.059,-0.1746,-0.0925,0.046,-0.1434,-0.0929
2,Left Click (Peace Sign),0.0,0.0,0.0,-0.0495,-0.0361,-0.0312,-0.0651,-0.1107,-0.0471,-0.0373,-0.1666,-0.0618,-0.0109,-0.202,-0.0756,-0.0627,-0.2403,-0.0326,-0.0788,-0.3408,-0.0546,-0.0852,-0.4067,-0.0687,-0.0875,-0.4618,-0.0787,-0.0102,-0.2445,-0.037,0.0132,-0.3617,-0.0598,0.0258,-0.4344,-0.0777,0.0365,-0.4897,-0.0892,0.0307,-0.2177,-0.0446,0.0678,-0.2836,-0.0792,0.0467,-0.2534,-0.0937,0.0274,-0.2219,-0.0969,0.0606,-0.1724,-0.0538,0.0725,-0.2006,-0.0826,0.054,-0.1716,-0.0869,0.0382,-0.1412,-0.0855
2,Left Click (Peace Sign),0.0,0.0,0.0,-0.0477,-0.0369,-0.0353,-0.0643,-0.1074,-0.0533,-0.0329,-0.1645,-0.0689,0.0003,-0.1983,-0.0832,-0.0643,-0.2363,-0.0369,-0.0767,-0.339,-0.0597,-0.0814,-0.4046,-0.0745,-0.0832,-0.4594,-0.085,-0.0119,-0.2416,-0.039,0.009,-0.3562,-0.0608,0.0245,-0.4265,-0.0779,0.0371,-0.4809,-0.0895,0.0287,-0.2147,-0.0447,0.067,-0.2759,-0.0792,0.0548,-0.2503,-0.0951,0.0403,-0.222,-0.0996,0.0593,-0.1684,-0.0523,0.0771,-0.1957,-0.0827,0.0614,-0.1676,-0.0889,0.0445,-0.1352,-0.089
2,Left Click (Peace Sign),0.0,0.0,0.0,-0.0468,-0.0296,-0.0491,-0.0655,-0.0906,-0.0763,-0.0371,-0.1449,-0.0987,-0.0032,-0.1824,-0.1187,-0.0677,-0.2317,-0.0531,-0.0735,-0.3324,-0.0836,-0.0787,-0.3992,-0.1033,-0.0825,-0.4561,-0.1167,-0.0151,-0.2382,-0.0506,0.0109,-0.3491,-0.0796,0.0305,-0.418,-0.0981,0.0445,-0.4736,-0.1092,0.0268,-0.212,-0.0531,0.0641,-0.2616,-0.0931,0.0649,-0.2334,-0.107,0.0599,-0.2064,-0.1083,0.0577,-0.167,-0.0588,0.0767,-0.191,-0.0913,0.0699,-0.165,-0.0961,0.0587,-0.1373,-0.0942
2,Left Click (Peace Sign),0.0,0.0,0.0,-0.045,-0.0283,-0.0469,-0.0618,-0.0888,-0.074,-0.0292,-0.143,-0.0966,0.0026,-0.1819,-0.1164,-0.0679,-0.226,-0.0544,-0.0737,-0.3276,-0.0847,-0.0796,-0.3922,-0.1042,-0.0838,-0.4483,-0.1176,-0.0169,-0.2373,-0.0517,0.0077,-0.3454,-0.0816,0.0282,-0.4125,-0.1008,0.043,-0.4701,-0.1127,0.0236,-0.2155,-0.0533,0.0576,-0.2627,-0.0923,0.0561,-0.2226,-0.1032,0.0487,-0.1886,-0.1026,0.0558,-0.1742,-0.0581,0.0752,-0.2035,-0.0895,0.0682,-0.1771,-0.0931,0.0559,-0.1489,-0.0901
2,Left Click (Peace Sign),0.0,0.0,0.0,-0.0465,-0.043,-0.0421,-0.0613,-0.1139,-0.0671,-0.0189,-0.1681,-0.0895,0.0271,-0.202,-0.1097,-0.0609,-0.2348,-0.0449,-0.0716,-0.3311,-0.0763,-0.0766,-0.3963,-0.0976,-0.0798,-0.4508,-0.1114,-0.0098,-0.2393,-0.0449,0.0157,-0.3445,-0.0752,0.0299,-0.4113,-0.0931,0.0405,-0.4671,-0.1026,0.0321,-0.2132,-0.0491,0.068,-0.2581,-0.0857,0.0484,-0.2098,-0.0905,0.0293,-0.1737,-0.0846,0.0636,-0.1679,-0.057,0.0864,-0.1913,-0.0831,0.0697,-0.1602,-0.0801,0.0512,-0.1339,-0.0719
2,Left Click (Peace Sign),0.0,0.0,0.0,-0.0447,-0.0416,-0.0399,-0.0599,-0.1098,-0.0621,-0.0209,-0.1673,-0.0813,0.0206,-0.1981,-0.0984,-0.0592,-0.231,-0.0414,-0.0721,-0.3299,-0.068,-0.078,-0.3932,-0.0848,-0.0801,-0.4448,-0.0958,-0.0085,-0.2335,-0.0414,0.0145,-0.3417,-0.068,0.0293,-0.4088,-0.0859,0.0417,-0.4623,-0.096,0.0312,-0.2053,-0.0455,0.0691,-0.2516,-0.0815,0.0556,-0.2228,-0.0945,0.0398,-0.1965,-0.0952,0.0607,-0.158,-0.0523,0.0844,-0.1814,-0.0801,0.0702,-0.1583,-0.0836,0.0518,-0.1341,-0.0807
2,Left Click (Peace Sign),0.0,0.0,0.0,-0.0403,-0.0426,-0.0416,-0.0468,-0.1144,-0.064,0.0049,-0.1709,-0.0842,0.0532,-0.2082,-0.1027,-0.058,-0.2229,-0.0396,-0.0699,-0.3174,-0.072,-0.0737,-0.3821,-0.0941,-0.0746,-0.4369,-0.1086,-0.0075,-0.2322,-0.0403,0.0106,-0.3384,-0.0723,0.0263,-0.4013,-0.0925,0.0403,-0.4582,-0.1035,0.036,-0.2093,-0.0456,0.0708,-0.2554,-0.0865,0.0519,-0.2018,-0.0934,0.0329,-0.1652,-0.0882,0.0695,-0.1683,-0.0543,0.085,-0.1904,-0.0845,0.0645,-0.1543,-0.0834,0.044,-0.1277,-0.0764
2,Left Click (Peace Sign),0.0,0.0,0.0,-0.0385,-0.0426,-0.047,-0.0469,-0.11,-0.0712,0.0013,-0.1693,-0.0919,0.0465,-0.209,-0.1101,-0.0588,-0.2185,-0.0427,-0.0707,-0.3169,-0.0745,-0.0765,-0.3818,-0.0944,-0.0791,-0.4373,-0.1064,-0.0112,-0.2288,-0.0398,0.006,-0.3354,-0.0733,0.0231,-0.398,-0.0926,0.0384,-0.4544,-0.1013,0.0292,-0.21,-0.042,0.0615,-0.2471,-0.087,0.0479,-0.1868,-0.0941,0.0331,-0.1478,-0.0865,0.0615,-0.1737,-0.0478,0.083,-0.2011,-0.0797,0.0691,-0.1593,-0.0778,0.0527,-0.128,-0.0688
2,Left Click (Peace Sign),0.0,0.0,0.0,-0.0411,-0.037,-0.0431,-0.0502,-0.1049,-0.0647,-0.0007,-0.1649,-0.0835,0.0437,-0.2094,-0.1002,-0.0573,-0.2154,-0.0373,-0.0667,-0.313,-0.0668,-0.067,-0.377,-0.084,-0.064,-0.4309,-0.0941,-0.0077,-0.2287,-0.0356,0.011,-0.3328,-0.0661,0.0265,-0.3959,-0.0829,0.0388,-0.453,-0.0901,0.0326,-0.21,-0.0392,0.0697,-0.2621,-0.0841,0.0598,-0.2008,-0.0926,0.0461,-0.1605,-0.0857,0.0644,-0.1721,-0.0456,0.0877,-0.2001,-0.0802,0.0735,-0.1613,-0.0818,0.055,-0.1309,-0.0747
2,Left Click (Peace Sign),0.0,0.0,0.0,-0.0401,-0.0343,-0.0511,-0.0471,-0.0989,-0.0761,0.0035,-0.1595,-0.0966,0.0491,-0.2044,-0.114,-0.0552,-0.2122,-0.0436,-0.0641,-0.3097,-0.075,-0.0653,-0.3746,-0.0929,-0.0629,-0.4285,-0.103,-0.0066,-0.227,-0.0374,0.0111,-0.3283,-0.0715,0.0263,-0.388,-0.0881,0.0379,-0.4416,-0.0938,0.0336,-0.2123,-0.0373,0.0693,-0.2531,-0.0853,0.0589,-0.1877,-0.0919,0.0447,-0.1467,-0.0822,0.0662,-0.1791,-0.0406,0.0889,-0.2048,-0.0758,0.0747,-0.1616,-0.0761,0.0566,-0.1309,-0.0672
2,Left Click (Peace Sign),0.0,0.0,0.0,-0.0451,-0.0412,-0.0435,-0.0488,-0.1195,-0.0624,0.0044,-0.1833,-0.078,0.0484,-0.2242,-0.0913,-0.0611,-0.2294,-0.0293,-0.0669,-0.325,-0.057,-0.0635,-0.3894,-0.0767,-0.057,-0.442,-0.0897,-0.0108,-0.2379,-0.0269,0.0087,-0.3423,-0.0569,0.0235,-0.4045,-0.0767,0.0359,-0.4609,-0.0867,0.0292,-0.2138,-0.0299,0.0704,-0.2783,-0.0739,0.0524,-0.2183,-0.0819,0.0315,-0.1778,-0.0755,0.0596,-0.1695,-0.0359,0.0859,-0.2012,-0.0727,0.0663,-0.1619,-0.075,0.0425,-0.1328,-0.068
2,Left Click (Peace Sign),0.0,0.0,0.0,-0.045,-0.0444,-0.0477,-0.0488,-0.1219,-0.0679,0.0062,-0.1905,-0.0843,0.0529,-0.2366,-0.0977,-0.0634,-0.2368,-0.0289,-0.0716,-0.3326,-0.0574,-0.0705,-0.398,-0.0768,-0.0654,-0.4509,-0.0887,-0.0145,-0.2459,-0.0238,0.0054,-0.3486,-0.0562,0.0194,-0.4113,-0.0754,0.0318,-0.4667,-0.0834,0.0249,-0.2234,-0.0252,0.0646,-0.2734,-0.0725,0.0454,-0.2071,-0.0812,0.0249,-0.1657,-0.0732,0.0548,-0.1812,-0.0299,0.0821,-0.2074,-0.0666,0.0632,-0.1637,-0.0685,0.0404,-0.1349,-0.0607
2,Left Click (Peace Sign),0.0,0.0,0.0,-0.0387,-0.0372,-0.0445,-0.0469,-0.108,-0.0664,0.0011,-0.1716,-0.0849,0.0453,-0.2149,-0.101,-0.0637,-0.2211,-0.0372,-0.0668,-0.3213,-0.065,-0.0629,-0.3849,-0.0839,-0.0562,-0.4371,-0.0964,-0.0149,-0.2326,-0.0341,0.0029,-0.3364,-0.0638,0.0211,-0.3975,-0.0821,0.0356,-0.4511,-0.0918,0.0256,-0.2125,-0.0358,0.0647,-0.2705,-0.0772,0.0513,-0.2095,-0.0833,0.0323,-0.1649,-0.0769,0.0564,-0.1721,-0.0408,0.0824,-0.2042,-0.0751,0.0678,-0.1643,-0.0761,0.0466,-0.1313,-0.0693
2,Left Click (Peace Sign),0.0,0.0,0.0,-0.037,-0.0417,-0.0493,-0.0421,-0.1108,-0.0713,0.0024,-0.1766,-0.0892,0.0435,-0.2233,-0.1037,-0.0618,-0.2343,-0.0322,-0.0671,-0.3271,-0.0586,-0.0679,-0.3887,-0.0773,-0.0647,-0.4406,-0.0904,-0.014,-0.2445,-0.0266,0.0033,-0.3453,-0.0563,0.017,-0.4067,-0.0763,0.0276,-0.4607,-0.0874,0.0251,-0.2221,-0.0271,0.0654,-0.2775,-0.0716,0.0504,-0.2144,-0.0817,0.03,-0.1681,-0.0775,0.0541,-0.1798,-0.0311,0.0826,-0.1999,-0.0694,0.0672,-0.1571,-0.0755,0.0452,-0.1241,-0.0718
2,Left Click (Peace Sign),0.0,0.0,0.0,-0.0384,-0.0353,-0.0483,-0.0463,-0.1011,-0.0708,-0.002,-0.1677,-0.0891,0.0396,-0.215,-0.1043,-0.0636,-0.2196,-0.0355,-0.0723,-0.3132,-0.0643,-0.0729,-0.3753,-0.0829,-0.0702,-0.4276,-0.0944,-0.0187,-0.2338,-0.0301,-0.0034,-0.3366,-0.0612,0.0103,-0.398,-0.0789,0.0204,-0.4532,-0.0867,0.0183,-0.2166,-0.0304,0.0567,-0.2659,-0.0749,0.0445,-0.1987,-0.0811,0.0259,-0.1541,-0.0728,0.047,-0.1796,-0.0344,0.0752,-0.2004,-0.0702,0.0626,-0.1531,-0.072,0.0421,-0.1196,-0.0645
2,Left Click (Peace Sign),0.0,0.0,0.0,-0.0391,-0.0296,-0.0392,-0.0469,-0.091,-0.0593,-0.0065,-0.1542,-0.0769,0.0294,-0.1974,-0.0922,-0.0603,-0.22,-0.0319,-0.0708,-0.313,-0.0575,-0.0722,-0.3739,-0.0731,-0.0695,-0.4245,-0.0825,-0.0128,-0.2355,-0.0313,0.0034,-0.3375,-0.0584,0.0184,-0.3976,-0.0741,0.0298,-0.4492,-0.0812,0.0264,-0.2203,-0.0355,0.0602,-0.2687,-0.0748,0.0525,-0.2112,-0.0814,0.0396,-0.17,-0.075,0.0576,-0.1854,-0.0424,0.079,-0.2128,-0.0715,0.0688,-0.1724,-0.0707,0.0533,-0.1397,-0.0631
2,Left Click (Peace Sign),0.0,0.0,0.0,-0.0396,-0.033,-0.0382,-0.0496,-0.0974,-0.0582,-0.0164,-0.1538,-0.0757,0.0135,-0.188,-0.0905,-0.0618,-0.2155,-0.0358,-0.0764,-0.3089,-0.0611,-0.0834,-0.3688,-0.0767,-0.0866,-0.4192,-0.0866,-0.0151,-0.2276,-0.0352,0.0013,-0.3311,-0.0619,0.0172,-0.3947,-0.0781,0.0305,-0.448,-0.0861,0.0231,-0.2092,-0.0387,0.059,-0.2574,-0.0759,0.055,-0.2083,-0.084,0.0459,-0.1695,-0.0798,0.0535,-0.1716,-0.045,0.0806,-0.1923,-0.0746,0.0724,-0.1566,-0.0767,0.0585,-0.127,-0.0717
2,Left Click (Peace Sign),0.0,0.0,0.0,-0.0476,-0.036,-0.0348,-0.067,-0.1057,-0.0526,-0.0383,-0.1698,-0.0691,-0.0035,-0.2079,-0.0843,-0.0749,-0.2265,-0.0321,-0.0981,-0.3198,-0.0551,-0.1082,-0.382,-0.0704,-0.1128,-0.4351,-0.0808,-0.0274,-0.2401,-0.0342,-0.0138,-0.3524,-0.0572,-0.0018,-0.4211,-0.0747,0.008,-0.4733,-0.0853,0.0114,-0.2217,-0.0403,0.0425,-0.2814,-0.0758,0.0371,-0.2473,-0.0914,0.0288,-0.214,-0.0945,0.0421,-0.1832,-0.0485,0.0612,-0.2153,-0.0783,0.0487,-0.1772,-0.0839,0.0343,-0.1377,-0.0831
2,Left Click (Peace Sign),0.0,0.0,0.0,-0.0467,-0.0304,-0.038,-0.064,-0.0992,-0.058,-0.0362,-0.1635,-0.0754,-0.0093,-0.212,-0.0911,-0.078,-0.2288,-0.0374,-0.0961,-0.3259,-0.0608,-0.1061,-0.389,-0.077,-0.1105,-0.4409,-0.0892,-0.0283,-0.2371,-0.0389,-0.0108,-0.3457,-0.0642,0.003,-0.4133,-0.0845,0.0149,-0.4668,-0.0986,0.0113,-0.2131,-0.0442,0.0455,-0.2838,-0.0819,0.0359,-0.2438,-0.0978,0.0236,-0.2066,-0.1024,0.0424,-0.1695,-0.0517,0.0604,-0.2043,-0.0865,0.0452,-0.1674,-0.0952,0.0276,-0.1304,-0.0966
2,Left Click (Peace Sign),0.0,0.0,0.0,-0.0488,-0.0388,-0.0332,-0.0671,-0.1171,-0.0499,-0.0322,-0.1816,-0.0647,0.0089,-0.2181,-0.0787,-0.0759,-0.227,-0.0335,-0.0977,-0.3181,-0.0588,-0.1065,-0.3793,-0.0761,-0.1102,-0.4324,-0.0881,-0.0272,-0.2376,-0.0357,-0.0113,-0.3445,-0.0611,-0.0006,-0.4135,-0.0804,0.0077,-0.4701,-0.0924,0.0138,-0.2186,-0.0416,0.0502,-0.2743,-0.0769,0.0408,-0.2507,-0.0933,0.03,-0.2272,-0.0975,0.0457,-0.1818,-0.0495,0.0655,-0.2073,-0.0781,0.0532,-0.1783,-0.0844,0.0405,-0.1489,-0.0845
2,Left Click (Peace Sign),0.0,0.0,0.0,-0.0441,-0.0347,-0.0397,-0.0538,-0.1011,-0.0609,-0.0153,-0.1617,-0.0796,0.0178,-0.2076,-0.0963,-0.0653,-0.2245,-0.0388,-0.0798,-0.3164,-0.0661,-0.0866,-0.3793,-0.0851,-0.0878,-0.4342,-0.0985,-0.0149,-0.2381,-0.0392,0.0029,-0.3455,-0.0645,0.0182,-0.412,-0.083,0.0312,-0.4677,-0.0954,0.0263,-0.2166,-0.0439,0.0609,-0.2772,-0.0792,0.0525,-0.231,-0.0888,0.0413,-0.1895,-0.0884,0.058,-0.174,-0.0516,0.0772,-0.2025,-0.0804,0.0649,-0.1692,-0.0833,0.0503,-0.1366,-0.0807
2,Left Click (Peace Sign),0.0,0.0,0.0,-0.0393,-0.042,-0.0447,-0.046,-0.1167,-0.0632,-0.0036,-0.1818,-0.0776,0.0348,-0.2307,-0.0892,-0.0694,-0.2247,-0.0326,-0.0845,-0.3237,-0.052,-0.0895,-0.3846,-0.0634,-0.0923,-0.4338,-0.0697,-0.0266,-0.2309,-0.0258,-0.0141,-0.3383,-0.0453,-0.0015,-0.4031,-0.0562,0.0092,-0.4512,-0.0598,0.0099,-0.2084,-0.0246,0.0294,-0.2411,-0.057,0.0204,-0.1846,-0.064,0.0113,-0.1494,-0.0581,0.0391,-0.173,-0.0268,0.0518,-0.2057,-0.0505,0.0408,-0.1619,-0.0495,0.0297,-0.1309,-0.0423
2,Left Click (Peace Sign),0.0,0.0,0.0,-0.0398,-0.0437,-0.0436,-0.0484,-0.1189,-0.0611,-0.0091,-0.1861,-0.0748,0.0263,-0.2364,-0.0853,-0.0742,-0.2245,-0.0306,-0.0924,-0.3227,-0.0506,-0.0996,-0.3839,-0.0622,-0.1041,-0.434,-0.0687,-0.0318,-0.2323,-0.0245,-0.0201,-0.341,-0.0454,-0.0071,-0.4064,-0.057,0.0047,-0.4549,-0.0606,0.005,-0.2122,-0.0242,0.0249,-0.2456,-0.0577,0.0155,-0.187,-0.0645,0.0057,-0.1519,-0.0578,0.0353,-0.1795,-0.0271,0.0477,-0.2149,-0.0513,0.0372,-0.1704,-0.0498,0.026,-0.139,-0.042
2,Left Click (Peace Sign),0.0,0.0,0.0,-0.0383,-0.0453,-0.0422,-0.0465,-0.1198,-0.0602,-0.0067,-0.1869,-0.0748,0.0323,-0.2341,-0.0866,-0.0734,-0.222,-0.0306,-0.0906,-0.3201,-0.0521,-0.0967,-0.3823,-0.0649,-0.1008,-0.4327,-0.0721,-0.0305,-0.2306,-0.0255,-0.0184,-0.34,-0.047,-0.0058,-0.4047,-0.059,0.0043,-0.453,-0.063,0.0072,-0.2104,-0.0257,0.0283,-0.245,-0.0593,0.0176,-0.1902,-0.0659,0.0068,-0.1548,-0.0592,0.0367,-0.1755,-0.0291,0.0484,-0.2049,-0.0538,0.0379,-0.1625,-0.0521,0.0273,-0.1318,-0.044
2,Left Click (Peace Sign),0.0,0.0,0.0,-0.0387,-0.0415,-0.0465,-0.0484,-0.1149,-0.0658,-0.01,-0.1822,-0.081,0.0303,-0.2312,-0.0932,-0.075,-0.2207,-0.0305,-0.0929,-0.3181,-0.051,-0.0992,-0.3798,-0.0631,-0.1022,-0.4296,-0.0697,-0.0342,-0.231,-0.0229,-0.0215,-0.3403,-0.0442,-0.009,-0.4069,-0.0563,0.0014,-0.4572,-0.0601,0.0017,-0.2126,-0.0213,0.0222,-0.2489,-0.0562,0.0145,-0.1905,-0.0643,0.0051,-0.1535,-0.058,0.031,-0.1808,-0.0233,0.0451,-0.217,-0.0487,0.0366,-0.1721,-0.0482,0.0261,-0.1392,-0.0408
2,Left Click (Peace Sign),0.0,0.0,0.0,-0.0387,-0.0423,-0.0467,-0.0472,-0.1173,-0.0667,-0.0081,-0.1848,-0.0825,0.0301,-0.2366,-0.0955,-0.0761,-0.2216,-0.0337,-0.0949,-0.3189,-0.0562,-0.1014,-0.3819,-0.0702,-0.1044,-0.4327,-0.0782,-0.0334,-0.2312,-0.0264,-0.0226,-0.3414,-0.0486,-0.0111,-0.408,-0.0613,-0.0013,-0.4597,-0.066,0.0042,-0.2118,-0.0249,0.0247,-0.2514,-0.0592,0.0137,-0.1931,-0.0659,0.0023,-0.1563,-0.0595,0.0341,-0.178,-0.027,0.0463,-0.2127,-0.0527,0.0355,-0.1686,-0.0517,0.0238,-0.1377,-0.0443
2,Left Click (Peace Sign),0.0,0.0,0.0,-0.04,-0.0427,-0.0438,-0.0493,-0.1177,-0.0633,-0.0102,-0.1856,-0.0794,0.0285,-0.2358,-0.0927,-0.0764,-0.2211,-0.032,-0.094,-0.318,-0.0547,-0.1006,-0.3806,-0.0682,-0.1042,-0.4315,-0.0757,-0.0343,-0.2313,-0.0266,-0.0222,-0.3427,-0.0495,-0.011,-0.4102,-0.0617,-0.0013,-0.4629,-0.0657,0.0032,-0.2121,-0.0269,0.0241,-0.2529,-0.0617,0.0125,-0.1922,-0.0667,0.0015,-0.1542,-0.0587,0.0334,-0.1781,-0.0306,0.0462,-0.2133,-0.0558,0.0352,-0.1685,-0.0533,0.024,-0.1372,-0.0444
2,Left Click (Peace Sign),0.0,0.0,0.0,-0.0406,-0.0432,-0.0457,-0.0499,-0.1173,-0.0657,-0.0086,-0.184,-0.0819,0.0299,-0.2341,-0.0954,-0.0759,-0.225,-0.0321,-0.0943,-0.3201,-0.0553,-0.1009,-0.3829,-0.0701,-0.1046,-0.4344,-0.079,-0.0329,-0.2336,-0.0263,-0.0221,-0.3419,-0.05,-0.0111,-0.409,-0.0637,-0.0016,-0.4618,-0.0689,0.0046,-0.2121,-0.0264,0.0266,-0.2518,-0.0626,0.0151,-0.1903,-0.0687,0.0033,-0.1517,-0.0614,0.035,-0.1759,-0.0301,0.0489,-0.2102,-0.0579,0.0379,-0.1635,-0.057,0.0256,-0.1311,-0.049
2,Left Click (Peace Sign),0.0,0.0,0.0,-0.0368,-0.0419,-0.0496,-0.0454,-0.1125,-0.0715,-0.0094,-0.1813,-0.089,0.0279,-0.2343,-0.1031,-0.0761,-0.2239,-0.0351,-0.0931,-0.3194,-0.0592,-0.0998,-0.382,-0.0746,-0.1033,-0.4333,-0.0838,-0.034,-0.2337,-0.0274,-0.0239,-0.3422,-0.052,-0.0125,-0.4091,-0.0662,-0.0028,-0.4627,-0.0718,0.0037,-0.2134,-0.0258,0.0264,-0.2522,-0.0632,0.0169,-0.1906,-0.0695,0.0058,-0.1514,-0.062,0.0339,-0.1777,-0.0281,0.0481,-0.2116,-0.0566,0.0389,-0.1649,-0.0558,0.0277,-0.1315,-0.0477
2,Left Click (Peace Sign),0.0,0.0,0.0,-0.0377,-0.0424,-0.0499,-0.0459,-0.1143,-0.0716,-0.0068,-0.1828,-0.0884,0.0302,-0.2372,-0.1022,-0.0761,-0.2262,-0.036,-0.0922,-0.3225,-0.0592,-0.0992,-0.3848,-0.0743,-0.1032,-0.4362,-0.0835,-0.0339,-0.2367,-0.0277,-0.0232,-0.3459,-0.0503,-0.012,-0.4119,-0.0634,-0.0024,-0.464,-0.0684,0.0037,-0.2162,-0.0256,0.0253,-0.2568,-0.0618,0.0165,-0.1944,-0.0684,0.0064,-0.1547,-0.0614,0.0337,-0.18,-0.0274,0.0467,-0.2171,-0.0559,0.0378,-0.1702,-0.0556,0.027,-0.1365,-0.048
2,Left Click (Peace Sign),0.0,0.0,0.0,-0.0377,-0.0412,-0.0516,-0.0466,-0.1127,-0.0741,-0.0084,-0.1815,-0.0916,0.028,-0.2372,-0.106,-0.0763,-0.2276,-0.0369,-0.0934,-0.3231,-0.0607,-0.1001,-0.3852,-0.0763,-0.1032,-0.4366,-0.0858,-0.0332,-0.2377,-0.0278,-0.0242,-0.3454,-0.051,-0.0136,-0.411,-0.0647,-0.0043,-0.4636,-0.0705,0.0046,-0.2171,-0.0251,0.0244,-0.2579,-0.062,0.0157,-0.1956,-0.0694,0.0058,-0.1556,-0.063,0.0351,-0.1812,-0.0262,0.0468,-0.2183,-0.0552,0.0377,-0.1714,-0.0558,0.0267,-0.1372,-0.0488
2,Left Click (Peace Sign),0.0,0.0,0.0,-0.0386,-0.0451,-0.0445,-0.0468,-0.1197,-0.0642,-0.008,-0.1878,-0.0806,0.0286,-0.2389,-0.0941,-0.0771,-0.2276,-0.0309,-0.0946,-0.3242,-0.0536,-0.101,-0.3871,-0.0682,-0.1039,-0.4389,-0.077,-0.0341,-0.2375,-0.0256,-0.0246,-0.3469,-0.0481,-0.0135,-0.4137,-0.0614,-0.0036,-0.4666,-0.0667,0.0041,-0.2169,-0.0259,0.0247,-0.2599,-0.0614,0.0151,-0.1979,-0.0672,0.0051,-0.1565,-0.0598,0.0349,-0.1801,-0.0298,0.0474,-0.2182,-0.057,0.038,-0.1721,-0.0554,0.0276,-0.1375,-0.047
2,Left Click (Peace Sign),0.0,0.0,0.0,-0.0407,-0.0422,-0.0446,-0.0513,-0.1177,-0.0657,-0.0111,-0.1849,-0.0835,0.026,-0.2372,-0.0985,-0.0766,-0.2249,-0.0345,-0.0952,-0.3208,-0.0594,-0.1014,-0.3829,-0.075,-0.1039,-0.4349,-0.0843,-0.0335,-0.2335,-0.0298,-0.0254,-0.3426,-0.0546,-0.0143,-0.4074,-0.0681,-0.0042,-0.4605,-0.0734,0.0046,-0.2129,-0.0306,0.0232,-0.2556,-0.0673,0.013,-0.1921,-0.0716,0.0028,-0.151,-0.0633,0.0363,-0.1771,-0.035,0.047,-0.2156,-0.0623,0.0366,-0.1682,-0.0595,0.0252,-0.134,-0.0505
2,Left Click (Peace Sign),0.0,0.0,0.0,-0.0419,-0.041,-0.0463,-0.0531,-0.1144,-0.0675,-0.0121,-0.1819,-0.0849,0.026,-0.235,-0.0996,-0.0773,-0.224,-0.035,-0.0961,-0.3193,-0.0591,-0.102,-0.382,-0.0744,-0.104,-0.4339,-0.0836,-0.034,-0.233,-0.0294,-0.0257,-0.3411,-0.053,-0.0146,-0.4068,-0.066,-0.0043,-0.4591,-0.071,0.0044,-0.2121,-0.0295,0.0226,-0.2538,-0.066,0.0123,-0.1912,-0.0713,0.0024,-0.1506,-0.0635,0.0364,-0.1759,-0.0332,0.0466,-0.2155,-0.0611,0.0361,-0.168,-0.0591,0.025,-0.1334,-0.0506
2,Left Click (Peace Sign),0.0,0.0,0.0,-0.0408,-0.0402,-0.0469,-0.0531,-0.1135,-0.0683,-0.0164,-0.1823,-0.0858,0.02,-0.2363,-0.1003,-0.0818,-0.22,-0.0345,-0.1012,-0.317,-0.0589,-0.1074,-0.3798,-0.0742,-0.1088,-0.4317,-0.0833,-0.0383,-0.2309,-0.0282,-0.0303,-0.3387,-0.0534,-0.0184,-0.404,-0.0676,-0.0077,-0.4563,-0.0731,0.0008,-0.2134,-0.0276,0.0198,-0.2569,-0.0657,0.011,-0.1935,-0.0718,0.0014,-0.1501,-0.0642,0.0328,-0.1806,-0.0307,0.0438,-0.2175,-0.0599,0.0343,-0.1698,-0.0587,0.0237,-0.1337,-0.0504
2,Left Click (Peace Sign),0.0,0.0,0.0,-0.042,-0.0403,-0.0413,-0.0535,-0.1137,-0.0617,-0.0171,-0.1826,-0.0797,0.0168,-0.2339,-0.0953,-0.0804,-0.2233,-0.029,-0.0978,-0.3172,-0.0539,-0.1043,-0.3787,-0.0716,-0.1065,-0.43,-0.0833,-0.0363,-0.2358,-0.0264,-0.03,-0.3416,-0.0524,-0.0185,-0.4054,-0.0692,-0.008,-0.4593,-0.0778,0.0034,-0.2181,-0.029,0.0218,-0.2743,-0.0658,0.0125,-0.2093,-0.0702,0.0023,-0.1613,-0.063,0.0365,-0.1828,-0.0348,0.0474,-0.2254,-0.0633,0.0377,-0.1806,-0.0611,0.0264,-0.1436,-0.0527
2,Left Click (Peace Sign),0.0,0.0,0.0,-0.0425,-0.0409,-0.0396,-0.0547,-0.1145,-0.0593,-0.0191,-0.1835,-0.0774,0.0125,-0.2361,-0.0932,-0.0798,-0.2252,-0.0264,-0.0984,-0.3175,-0.0523,-0.1049,-0.3801,-0.0712,-0.1064,-0.4314,-0.0836,-0.0353,-0.2362,-0.0252,-0.0291,-0.3409,-0.0529,-0.0186,-0.4055,-0.0713,-0.0085,-0.4608,-0.0811,0.0046,-0.2177,-0.0293,0.0217,-0.2747,-0.0676,0.011,-0.2101,-0.0725,0.0006,-0.1628,-0.0655,0.0383,-0.1815,-0.0366,0.0475,-0.2268,-0.0655,0.0361,-0.1819,-0.0631,0.0243,-0.145,-0.0546
2,Left Click (Peace Sign),0.0,0.0,0.0,-0.0463,-0.0435,-0.0373,-0.0579,-0.1204,-0.0558,-0.0175,-0.1904,-0.0733,0.0198,-0.2372,-0.0894,-0.0792,-0.2277,-0.0244,-0.0918,-0.3192,-0.0497,-0.0966,-0.378,-0.0699,-0.0981,-0.429,-0.0843,-0.0334,-0.2421,-0.0238,-0.026,-0.3453,-0.0489,-0.0167,-0.4067,-0.0675,-0.0064,-0.4612,-0.0793,0.007,-0.2254,-0.0282,0.0251,-0.2995,-0.0629,0.0135,-0.2401,-0.069,0.0057,-0.1906,-0.0648,0.0416,-0.1889,-0.0358,0.0512,-0.2336,-0.0651,0.0381,-0.1978,-0.0668,0.0272,-0.1642,-0.062
2,Left Click (Peace Sign),0.0,0.0,0.0,-0.0457,-0.0401,-0.0383,-0.0585,-0.1134,-0.0585,-0.0216,-0.1826,-0.0778,0.0127,-0.2317,-0.0953,-0.079,-0.2295,-0.0268,-0.093,-0.3219,-0.0538,-0.0974,-0.3807,-0.0746,-0.0979,-0.432,-0.0896,-0.0327,-0.2438,-0.0268,-0.0259,-0.3474,-0.0542,-0.0161,-0.4088,-0.0744,-0.0069,-0.4636,-0.0874,0.0075,-0.2266,-0.0317,0.0226,-0.304,-0.0693,0.0149,-0.2407,-0.0753,0.0085,-0.1878,-0.0706,0.0426,-0.1885,-0.0398,0.0512,-0.2337,-0.0709,0.0394,-0.1959,-0.0728,0.0284,-0.1601,-0.0679
2,Left Click (Peace Sign),0.0,0.0,0.0,-0.0451,-0.046,-0.0385,-0.0559,-0.1225,-0.0571,-0.0146,-0.1955,-0.0741,0.0218,-0.2472,-0.0893,-0.0796,-0.2321,-0.0236,-0.0904,-0.3252,-0.0482,-0.0938,-0.3836,-0.0687,-0.0944,-0.4355,-0.0839,-0.0331,-0.2469,-0.0224,-0.0258,-0.3513,-0.0465,-0.0148,-0.411,-0.066,-0.0046,-0.4644,-0.079,0.0074,-0.2292,-0.0263,0.0269,-0.3048,-0.0617,0.0179,-0.2445,-0.0694,0.0093,-0.1935,-0.0667,0.0414,-0.1904,-0.0334,0.0545,-0.236,-0.0647,0.0432,-0.1978,-0.0679,0.0312,-0.1611,-0.0643
2,Left Click (Peace Sign),0.0,0.0,0.0,-0.0432,-0.0432,-0.0405,-0.0544,-0.1159,-0.0602,-0.0168,-0.1903,-0.0778,0.0172,-0.245,-0.093,-0.0802,-0.2329,-0.0248,-0.0894,-0.3259,-0.0489,-0.0915,-0.3842,-0.0686,-0.0899,-0.4359,-0.0832,-0.0334,-0.2498,-0.0222,-0.0252,-0.354,-0.0464,-0.0124,-0.414,-0.066,-0.0007,-0.4658,-0.0792,0.0073,-0.234,-0.0249,0.0285,-0.3077,-0.0609,0.0217,-0.248,-0.0695,0.0142,-0.1957,-0.0674,0.042,-0.1968,-0.0309,0.0559,-0.2411,-0.0632,0.0467,-0.2035,-0.0679,0.0362,-0.1658,-0.065
2,Left Click (Peace Sign),0.0,0.0,0.0,-0.0427,-0.045,-0.0405,-0.0533,-0.1177,-0.06,-0.0146,-0.1917,-0.0778,0.0189,-0.2479,-0.0934,-0.0785,-0.2333,-0.0235,-0.0882,-0.3264,-0.048,-0.0911,-0.3854,-0.0682,-0.0905,-0.4382,-0.0835,-0.0315,-0.2504,-0.0213,-0.0238,-0.354,-0.0464,-0.0113,-0.4146,-0.0674,0.0001,-0.4684,-0.0818,0.0088,-0.2345,-0.0244,0.0292,-0.3091,-0.0618,0.0241,-0.2494,-0.0717,0.0181,-0.1964,-0.0702,0.0437,-0.1975,-0.0308,0.0578,-0.242,-0.0641,0.0493,-0.2055,-0.0698,0.0389,-0.1677,-0.0678
2,Left Click (Peace Sign),0.0,0.0,0.0,-0.0447,-0.0475,-0.0389,-0.0546,-0.123,-0.0573,-0.0138,-0.1966,-0.0745,0.0201,-0.2523,-0.0893,-0.0781,-0.2351,-0.0213,-0.0881,-0.3288,-0.0445,-0.0897,-0.3868,-0.063,-0.0882,-0.4382,-0.0762,-0.0317,-0.2514,-0.0191,-0.0227,-0.3549,-0.0429,-0.0103,-0.4148,-0.0618,0.0016,-0.4667,-0.0736,0.0087,-0.2365,-0.0224,0.026,-0.3067,-0.0578,0.0201,-0.2457,-0.0662,0.0151,-0.1949,-0.0629,0.0441,-0.2014,-0.029,0.0563,-0.2505,-0.0576,0.0476,-0.2171,-0.0604,0.0386,-0.1826,-0.0564
2,Left Click (Peace Sign),0.0,0.0,0.0,-0.0436,-0.048,-0.0366,-0.053,-0.1231,-0.0545,-0.0131,-0.1954,-0.0718,0.0205,-0.2495,-0.087,-0.0781,-0.2352,-0.0194,-0.088,-0.3288,-0.0434,-0.0894,-0.3876,-0.0624,-0.0875,-0.4393,-0.0763,-0.0314,-0.2511,-0.019,-0.0221,-0.3541,-0.0439,-0.0092,-0.4147,-0.0635,0.0025,-0.4679,-0.0761,0.0091,-0.2354,-0.0238,0.0275,-0.3077,-0.0599,0.0224,-0.2481,-0.0682,0.0165,-0.1984,-0.065,0.0449,-0.1986,-0.0317,0.0593,-0.2478,-0.0607,0.0505,-0.2151,-0.0636,0.04,-0.1812,-0.0597
2,Left Click (Peace Sign),0.0,0.0,0.0,-0.0444,-0.0456,-0.0378,-0.0548,-0.1203,-0.0556,-0.0148,-0.1934,-0.0723,0.0185,-0.2483,-0.0866,-0.0779,-0.2356,-0.0195,-0.0887,-0.329,-0.0414,-0.0898,-0.386,-0.0597,-0.0864,-0.4367,-0.0733,-0.0312,-0.2523,-0.0183,-0.0229,-0.353,-0.0406,-0.0097,-0.4133,-0.0598,0.0029,-0.4648,-0.0731,0.0089,-0.2372,-0.0224,0.0291,-0.3131,-0.0569,0.0251,-0.2558,-0.0664,0.0198,-0.2056,-0.0654,0.0446,-0.201,-0.0298,0.0593,-0.2517,-0.06,0.0505,-0.2152,-0.0647,0.0398,-0.1769,-0.0626
2,Left Click (Peace Sign),0.0,0.0,0.0,-0.0455,-0.0457,-0.0357,-0.0565,-0.1218,-0.0529,-0.0162,-0.195,-0.0693,0.0188,-0.2477,-0.0836,-0.078,-0.2358,-0.019,-0.0866,-0.3274,-0.0415,-0.0872,-0.3834,-0.0601,-0.0844,-0.4336,-0.074,-0.0315,-0.2526,-0.0187,-0.0218,-0.3526,-0.0413,-0.0085,-0.4119,-0.0603,0.0043,-0.4633,-0.0733,0.0087,-0.2379,-0.0234,0.0303,-0.3124,-0.0576,0.0263,-0.2546,-0.0662,0.0219,-0.2031,-0.0642,0.0437,-0.2023,-0.0312,0.058,-0.25,-0.0609,0.05,-0.2159,-0.0649,0.0412,-0.1786,-0.0619
2,Left Click (Peace Sign),0.0,0.0,0.0,-0.0453,-0.0452,-0.0358,-0.0565,-0.1208,-0.0533,-0.0164,-0.1939,-0.0701,0.0185,-0.2467,-0.0848,-0.078,-0.2362,-0.0195,-0.087,-0.3277,-0.0424,-0.0877,-0.3838,-0.0612,-0.085,-0.434,-0.0751,-0.0317,-0.253,-0.0193,-0.0222,-0.353,-0.0424,-0.0086,-0.4116,-0.0616,0.0043,-0.462,-0.0745,0.0083,-0.2384,-0.0241,0.03,-0.3118,-0.0586,0.026,-0.2537,-0.067,0.0214,-0.202,-0.0649,0.0433,-0.2026,-0.032,0.0581,-0.2496,-0.0617,0.0501,-0.2152,-0.0655,0.041,-0.1778,-0.0625
2,Left Click (Peace Sign),0.0,0.0,0.0,-0.045,-0.0467,-0.0349,-0.0567,-0.124,-0.0526,-0.0181,-0.1971,-0.0701,0.0178,-0.2473,-0.0859,-0.0751,-0.2408,-0.019,-0.0826,-0.3327,-0.0426,-0.0829,-0.3897,-0.0627,-0.0801,-0.4405,-0.0777,-0.0289,-0.2565,-0.0199,-0.0178,-0.3573,-0.0439,-0.0044,-0.4166,-0.0637,0.0085,-0.4684,-0.0774,0.0108,-0.2412,-0.0258,0.0325,-0.3224,-0.0615,0.0268,-0.2613,-0.0692,0.0218,-0.206,-0.0664,0.0454,-0.2047,-0.0346,0.0586,-0.2563,-0.0663,0.0511,-0.2178,-0.0696,0.0438,-0.1763,-0.0658
2,Left Click (Peace Sign),0.0,0.0,0.0,-0.0451,-0.0471,-0.0364,-0.0565,-0.1233,-0.0548,-0.0173,-0.1978,-0.0725,0.0187,-0.2499,-0.0884,-0.0758,-0.2417,-0.0197,-0.0836,-0.3343,-0.0429,-0.084,-0.3909,-0.0619,-0.0812,-0.4417,-0.0757,-0.0291,-0.2574,-0.0195,-0.0178,-0.3578,-0.0427,-0.0056,-0.4178,-0.0613,0.0062,-0.4705,-0.0737,0.011,-0.2423,-0.0245,0.0324,-0.3201,-0.0603,0.0246,-0.2578,-0.0675,0.0184,-0.2033,-0.0639,0.0458,-0.2062,-0.0326,0.058,-0.2579,-0.0636,0.0493,-0.2179,-0.0658,0.0419,-0.176,-0.0611
2,Left Click (Peace Sign),0.0,0.0,0.0,-0.0446,-0.0477,-0.0345,-0.0542,-0.1259,-0.0531,-0.0126,-0.193,-0.0717,0.0273,-0.2386,-0.0892,-0.0727,-0.2391,-0.0211,-0.078,-0.3296,-0.0467,-0.0761,-0.3865,-0.0665,-0.0711,-0.4355,-0.0806,-0.0263,-0.249,-0.0227,-0.0118,-0.3494,-0.049,0.0018,-0.406,-0.0679,0.0143,-0.4561,-0.0796,0.0139,-0.2302,-0.029,0.0338,-0.3091,-0.0659,0.0203,-0.2409,-0.0703,0.0104,-0.1875,-0.0645,0.0486,-0.1926,-0.0383,0.053,-0.2343,-0.0677,0.0381,-0.1929,-0.0677,0.0267,-0.1586,-0.0617
2,Left Click (Peace Sign),0.0,0.0,0.0,-0.044,-0.0434,-0.0358,-0.0526,-0.1206,-0.0528,-0.0144,-0.1893,-0.0686,0.022,-0.2328,-0.0829,-0.0754,-0.2313,-0.0224,-0.0792,-0.322,-0.0455,-0.0771,-0.3787,-0.0639,-0.0719,-0.4262,-0.0774,-0.0295,-0.2426,-0.0216,-0.0153,-0.341,-0.0445,-0.0011,-0.4007,-0.063,0.0126,-0.4486,-0.0754,0.0104,-0.2252,-0.0256,0.0293,-0.2982,-0.058,0.0197,-0.2464,-0.0662,0.0135,-0.1998,-0.0648,0.0436,-0.1901,-0.0325,0.0454,-0.2232,-0.0605,0.033,-0.189,-0.064,0.0247,-0.1578,-0.0613
2,Left Click (Peace Sign),0.0,0.0,0.0,-0.0468,-0.0451,-0.0347,-0.0575,-0.1222,-0.0509,-0.0218,-0.1913,-0.0663,0.0141,-0.2374,-0.08,-0.0792,-0.2316,-0.0182,-0.0815,-0.3252,-0.04,-0.0774,-0.3817,-0.0574,-0.0706,-0.4285,-0.0698,-0.0329,-0.2416,-0.0178,-0.0187,-0.3407,-0.0397,-0.0043,-0.401,-0.0582,0.0084,-0.4491,-0.0705,0.0076,-0.2239,-0.0223,0.0256,-0.2916,-0.0545,0.0146,-0.2416,-0.0646,0.0063,-0.1968,-0.0643,0.0404,-0.1902,-0.0295,0.0417,-0.2252,-0.0573,0.0277,-0.1902,-0.0614,0.0176,-0.1575,-0.0592
2,Left Click (Peace Sign),0.0,0.0,0.0,-0.0427,-0.0441,-0.0344,-0.0532,-0.1232,-0.0495,-0.0162,-0.1945,-0.0629,0.0171,-0.2475,-0.0744,-0.0775,-0.2202,-0.0211,-0.0813,-0.318,-0.0408,-0.079,-0.3748,-0.0545,-0.0759,-0.4222,-0.0629,-0.0342,-0.2255,-0.0188,-0.021,-0.3303,-0.0376,-0.0059,-0.3898,-0.0506,0.0067,-0.4369,-0.0577,0.0038,-0.2059,-0.0211,0.017,-0.2496,-0.0497,0.0059,-0.1985,-0.0558,-0.0032,-0.1611,-0.0522,0.0341,-0.1742,-0.0262,0.0389,-0.2085,-0.0479,0.0273,-0.1675,-0.0464,0.0184,-0.1355,-0.0404
2,Left Click (Peace Sign),0.0,0.0,0.0,-0.043,-0.0436,-0.0336,-0.0545,-0.1204,-0.0495,-0.0176,-0.1914,-0.0635,0.0184,-0.2436,-0.0757,-0.0786,-0.2173,-0.0234,-0.0824,-0.3158,-0.0449,-0.0795,-0.373,-0.0593,-0.0756,-0.4209,-0.0679,-0.036,-0.2234,-0.0216,-0.0226,-0.3293,-0.042,-0.0075,-0.3875,-0.0545,0.0054,-0.4337,-0.0604,0.0029,-0.2048,-0.0242,0.0191,-0.246,-0.0535,0.0063,-0.1921,-0.0577,-0.0043,-0.1549,-0.0522,0.0349,-0.1734,-0.0296,0.0415,-0.2047,-0.0513,0.0284,-0.1614,-0.0481,0.0179,-0.1292,-0.0404
2,Left Click (Peace Sign),0.0,0.0,0.0,-0.0429,-0.0497,-0.0319,-0.0546,-0.1311,-0.0453,-0.0156,-0.1989,-0.0578,0.0203,-0.2475,-0.0687,-0.0782,-0.2179,-0.0169,-0.0832,-0.3162,-0.0374,-0.0805,-0.3744,-0.0505,-0.0776,-0.4222,-0.0573,-0.0369,-0.2206,-0.0159,-0.0225,-0.3266,-0.0376,-0.008,-0.3854,-0.0504,0.0048,-0.4342,-0.0546,0.0013,-0.2005,-0.0197,0.0154,-0.2339,-0.0523,0.0039,-0.1755,-0.0573,-0.0041,-0.1409,-0.0496,0.0315,-0.1681,-0.026,0.0355,-0.2011,-0.0483,0.0226,-0.1565,-0.0438,0.0139,-0.1275,-0.034
2,Left Click (Peace Sign),0.0,0.0,0.0,-0.043,-0.046,-0.031,-0.0534,-0.1293,-0.0443,-0.014,-0.1958,-0.0564,0.0217,-0.2436,-0.0675,-0.0777,-0.2167,-0.0194,-0.0827,-0.3103,-0.0393,-0.0799,-0.3676,-0.052,-0.0764,-0.4156,-0.0592,-0.0356,-0.2202,-0.0195,-0.0245,-0.3232,-0.0396,-0.0106,-0.3818,-0.052,0.0019,-0.4296,-0.057,0.0028,-0.1994,-0.024,0.0167,-0.235,-0.0555,0.0062,-0.1778,-0.061,-0.0021,-0.1415,-0.0551,0.0333,-0.1658,-0.0308,0.0362,-0.1945,-0.0541,0.0247,-0.1479,-0.0512,0.0165,-0.1166,-0.0432
2,Left Click (Peace Sign),0.0,0.0,0.0,-0.0427,-0.0436,-0.0303,-0.0557,-0.1213,-0.0455,-0.0186,-0.1899,-0.0597,0.0175,-0.2399,-0.0724,-0.0772,-0.2142,-0.023,-0.0822,-0.3104,-0.0462,-0.0793,-0.368,-0.0607,-0.0758,-0.4163,-0.0689,-0.0357,-0.2176,-0.0244,-0.0251,-0.3245,-0.0476,-0.0116,-0.3826,-0.0609,0.0004,-0.4311,-0.0662,0.0032,-0.1969,-0.0299,0.0194,-0.2353,-0.0634,0.0077,-0.1783,-0.0672,-0.0013,-0.1422,-0.0598,0.0343,-0.1624,-0.0376,0.0375,-0.1874,-0.0622,0.0238,-0.1425,-0.0584,0.0135,-0.1125,-0.0493
2,Left Click (Peace Sign),0.0,0.0,0.0,-0.0435,-0.0462,-0.0329,-0.0574,-0.1253,-0.0464,-0.0167,-0.1939,-0.0581,0.0221,-0.243,-0.0684,-0.0799,-0.2196,-0.0184,-0.0871,-0.3149,-0.0383,-0.0845,-0.3725,-0.0511,-0.0813,-0.4199,-0.0579,-0.0386,-0.2213,-0.0174,-0.0286,-0.3268,-0.0376,-0.0172,-0.3869,-0.0497,-0.0066,-0.4355,-0.0534,0.0002,-0.1978,-0.0212,0.0153,-0.2292,-0.0542,0.0051,-0.1703,-0.0596,-0.0031,-0.1359,-0.0521,0.0317,-0.1616,-0.0273,0.0367,-0.1885,-0.0522,0.0241,-0.1399,-0.049,0.0141,-0.1101,-0.0397
2,Left Click (Peace Sign),0.0,0.0,0.0,-0.0446,-0.0416,-0.036,-0.0603,-0.1176,-0.0524,-0.0222,-0.1893,-0.0664,0.0163,-0.2414,-0.0784,-0.0819,-0.2205,-0.0249,-0.0881,-0.3181,-0.0467,-0.0859,-0.3756,-0.0601,-0.083,-0.4235,-0.0673,-0.0396,-0.2243,-0.0226,-0.0289,-0.3297,-0.0444,-0.0167,-0.3892,-0.0563,-0.0057,-0.437,-0.0601,0.0004,-0.2035,-0.0252,0.017,-0.2348,-0.059,0.0076,-0.1767,-0.0641,0.0003,-0.1403,-0.0566,0.0326,-0.1692,-0.0305,0.0381,-0.1964,-0.0553,0.0257,-0.1499,-0.0523,0.0166,-0.1183,-0.0433
2,Left Click (Peace Sign),0.0,0.0,0.0,-0.0413,-0.0437,-0.0356,-0.0545,-0.1194,-0.0532,-0.0162,-0.1898,-0.0688,0.0214,-0.2416,-0.0826,-0.0807,-0.2197,-0.0281,-0.0899,-0.3168,-0.0527,-0.0905,-0.3749,-0.0682,-0.0904,-0.4239,-0.0768,-0.039,-0.2254,-0.0272,-0.0289,-0.3333,-0.0515,-0.0162,-0.3947,-0.0649,-0.0052,-0.4452,-0.0697,0.0005,-0.205,-0.0308,0.0185,-0.2339,-0.0658,0.0096,-0.1753,-0.0707,0.0018,-0.14,-0.0628,0.032,-0.1702,-0.0371,0.0396,-0.1968,-0.0616,0.0271,-0.1508,-0.0575,0.0167,-0.1199,-0.0479
2,Left Click (Peace Sign),0.0,0.0,0.0,-0.0425,-0.0441,-0.0353,-0.0547,-0.122,-0.0514,-0.0151,-0.1914,-0.0656,0.0227,-0.2409,-0.0779,-0.0803,-0.2208,-0.0254,-0.0898,-0.3179,-0.0485,-0.0906,-0.3756,-0.0631,-0.0909,-0.4241,-0.0711,-0.0391,-0.2258,-0.024,-0.0281,-0.3332,-0.0471,-0.0154,-0.3938,-0.0604,-0.0041,-0.4434,-0.065,-0.0001,-0.205,-0.0273,0.0186,-0.2329,-0.0614,0.0091,-0.1757,-0.0671,0.0012,-0.1422,-0.06,0.031,-0.1705,-0.0332,0.039,-0.1952,-0.0573,0.0261,-0.1498,-0.0541,0.016,-0.1207,-0.045
2,Left Click (Peace Sign),0.0,0.0,0.0,-0.0426,-0.044,-0.0379,-0.0558,-0.1185,-0.0566,-0.0165,-0.1868,-0.073,0.0211,-0.2388,-0.0873,-0.0816,-0.22,-0.0301,-0.0928,-0.3158,-0.0555,-0.0952,-0.3747,-0.0721,-0.0953,-0.4241,-0.0817,-0.0387,-0.2266,-0.0282,-0.0275,-0.3336,-0.0537,-0.0153,-0.3957,-0.0687,-0.0036,-0.4477,-0.0748,0.0013,-0.2058,-0.031,0.0202,-0.2355,-0.066,0.0088,-0.1764,-0.0707,-0.0001,-0.1416,-0.0631,0.033,-0.1703,-0.0367,0.0413,-0.1966,-0.0616,0.0281,-0.1523,-0.0579,0.0173,-0.124,-0.0486
2,Left Click (Peace Sign),0.0,0.0,0.0,-0.0453,-0.0431,-0.0359,-0.0592,-0.1209,-0.0528,-0.0194,-0.1915,-0.0678,0.0189,-0.2425,-0.0808,-0.0845,-0.2174,-0.0269,-0.098,-0.3157,-0.0511,-0.1009,-0.3764,-0.0661,-0.1015,-0.4266,-0.0744,-0.0422,-0.2258,-0.0255,-0.0323,-0.3369,-0.0504,-0.0203,-0.4017,-0.0648,-0.0085,-0.4542,-0.0699,-0.0026,-0.2073,-0.0287,0.0144,-0.2405,-0.0636,0.0043,-0.1828,-0.0687,-0.0031,-0.1479,-0.0608,0.0291,-0.1747,-0.0347,0.036,-0.2059,-0.0588,0.0239,-0.1627,-0.0549,0.0143,-0.1336,-0.0452
2,Left Click (Peace Sign),0.0,0.0,0.0,-0.0446,-0.0419,-0.035,-0.0587,-0.1199,-0.0522,-0.0193,-0.1914,-0.0674,0.0194,-0.244,-0.0808,-0.082,-0.219,-0.0294,-0.0954,-0.3185,-0.0533,-0.0978,-0.3791,-0.0677,-0.0981,-0.429,-0.0755,-0.0393,-0.2272,-0.0284,-0.0284,-0.339,-0.0526,-0.0164,-0.4026,-0.066,-0.0054,-0.4539,-0.0709,0.0003,-0.208,-0.0317,0.0173,-0.2411,-0.0659,0.0066,-0.1827,-0.0709,-0.0014,-0.1473,-0.0634,0.0323,-0.1747,-0.0376,0.0383,-0.2034,-0.0618,0.0257,-0.1587,-0.0581,0.0157,-0.1282,-0.0488
2,Left Click (Peace Sign),0.0,0.0,0.0,-0.0445,-0.0408,-0.0372,-0.06,-0.1153,-0.0564,-0.0213,-0.186,-0.0735,0.0174,-0.2394,-0.0887,-0.0816,-0.2178,-0.0318,-0.0952,-0.3157,-0.0581,-0.0981,-0.3756,-0.0742,-0.0985,-0.4258,-0.0832,-0.039,-0.2267,-0.0306,-0.0287,-0.3383,-0.0569,-0.0172,-0.4034,-0.0717,-0.0059,-0.4567,-0.0774,0.0004,-0.2079,-0.034,0.017,-0.2401,-0.0698,0.0062,-0.1818,-0.0748,-0.0014,-0.1459,-0.0671,0.0325,-0.1744,-0.0403,0.0383,-0.2027,-0.0651,0.0259,-0.1587,-0.0614,0.0164,-0.1281,-0.052
2,Left Click (Peace Sign),0.0,0.0,0.0,-0.0443,-0.0405,-0.0362,-0.0592,-0.1159,-0.0549,-0.0199,-0.1866,-0.0716,0.0188,-0.2394,-0.0865,-0.0805,-0.217,-0.0317,-0.094,-0.3148,-0.058,-0.0967,-0.3749,-0.0743,-0.097,-0.4252,-0.0835,-0.0378,-0.2258,-0.031,-0.0284,-0.3374,-0.0571,-0.0167,-0.4023,-0.0719,-0.0052,-0.4555,-0.0779,0.0015,-0.2067,-0.0347,0.0179,-0.2399,-0.0698,0.0071,-0.1827,-0.0746,-0.0005,-0.1471,-0.0671,0.0338,-0.1727,-0.0412,0.039,-0.2012,-0.0657,0.0266,-0.158,-0.0618,0.0171,-0.1276,-0.0524
2,Left Click (Peace Sign),0.0,0.0,0.0,-0.0454,-0.041,-0.0363,-0.0594,-0.1198,-0.0535,-0.0211,-0.1917,-0.0689,0.0182,-0.2413,-0.0822,-0.085,-0.2168,-0.0286,-0.0995,-0.3153,-0.0536,-0.1021,-0.3759,-0.0686,-0.1029,-0.4261,-0.0767,-0.0429,-0.2258,-0.0273,-0.0317,-0.3378,-0.0527,-0.0193,-0.4042,-0.0668,-0.008,-0.4578,-0.0716,-0.0036,-0.208,-0.0305,0.014,-0.2389,-0.0657,0.004,-0.1809,-0.0707,-0.0033,-0.1451,-0.0623,0.0282,-0.1758,-0.0366,0.0354,-0.2063,-0.0606,0.0235,-0.1622,-0.0565,0.0142,-0.1308,-0.0464
2,Left Click (Peace Sign),0.0,0.0,0.0,-0.0454,-0.041,-0.0362,-0.0601,-0.117,-0.0534,-0.0213,-0.1892,-0.0685,0.0178,-0.2412,-0.0818,-0.0845,-0.2143,-0.0292,-0.1003,-0.3103,-0.0537,-0.1041,-0.3693,-0.0686,-0.1058,-0.4192,-0.0766,-0.0419,-0.2252,-0.0274,-0.0326,-0.3359,-0.0509,-0.0214,-0.4006,-0.064,-0.0113,-0.4527,-0.0685,-0.0027,-0.2078,-0.0302,0.0137,-0.2362,-0.0646,0.0059,-0.1794,-0.0701,0.0007,-0.1442,-0.0624,0.029,-0.1752,-0.0358,0.0358,-0.2039,-0.0594,0.0251,-0.1604,-0.0558,0.017,-0.1292,-0.0464
2,Left Click (Peace Sign),0.0,0.0,0.0,-0.0432,-0.042,-0.0354,-0.0551,-0.1182,-0.0533,-0.016,-0.1899,-0.0695,0.0208,-0.2434,-0.0841,-0.0813,-0.2171,-0.0302,-0.0976,-0.3113,-0.0549,-0.1034,-0.37,-0.07,-0.1071,-0.4199,-0.0787,-0.039,-0.2291,-0.0299,-0.0309,-0.3422,-0.0541,-0.02,-0.4094,-0.0685,-0.0092,-0.464,-0.0744,0.0001,-0.2116,-0.0339,0.0159,-0.2444,-0.0686,0.0086,-0.1869,-0.0743,0.0033,-0.151,-0.0673,0.0325,-0.1782,-0.0407,0.0396,-0.2092,-0.0645,0.0293,-0.1651,-0.0609,0.0209,-0.133,-0.0518
2,Left Click (Peace Sign),0.0,0.0,0.0,-0.0446,-0.0435,-0.0351,-0.0579,-0.1203,-0.0523,-0.0212,-0.1929,-0.0682,0.0159,-0.2455,-0.0821,-0.0843,-0.2205,-0.0272,-0.0995,-0.3146,-0.0525,-0.1055,-0.3735,-0.0681,-0.1091,-0.4239,-0.0768,-0.0417,-0.2326,-0.0272,-0.0333,-0.346,-0.0525,-0.0228,-0.4127,-0.0667,-0.0123,-0.4671,-0.0718,-0.0016,-0.2154,-0.032,0.0144,-0.249,-0.068,0.006,-0.1889,-0.0724,-0.0001,-0.1516,-0.0636,0.0313,-0.182,-0.0395,0.0376,-0.2137,-0.064,0.0266,-0.1681,-0.0592,0.0177,-0.1355,-0.0487
2,Left Click (Peace Sign),0.0,0.0,0.0,-0.0434,-0.0433,-0.0336,-0.0562,-0.1218,-0.0496,-0.0197,-0.1935,-0.0644,0.0173,-0.2431,-0.0775,-0.0829,-0.2203,-0.0264,-0.1,-0.3132,-0.0515,-0.1057,-0.3732,-0.0662,-0.1088,-0.4239,-0.0742,-0.0412,-0.2329,-0.0274,-0.0326,-0.3488,-0.0532,-0.0218,-0.4139,-0.0671,-0.0105,-0.4668,-0.0714,-0.0015,-0.2155,-0.0327,0.0147,-0.249,-0.0696,0.0072,-0.1878,-0.0741,0.002,-0.1531,-0.0647,0.0316,-0.181,-0.0404,0.0387,-0.2135,-0.0651,0.0286,-0.1668,-0.0598,0.0207,-0.1361,-0.0487
2,Left Click (Peace Sign),0.0,0.0,0.0,-0.0423,-0.0492,-0.0323,-0.0537,-0.1289,-0.0483,-0.0185,-0.2009,-0.0638,0.0182,-0.2494,-0.0772,-0.0827,-0.2208,-0.0241,-0.0992,-0.3151,-0.0498,-0.1046,-0.3757,-0.0649,-0.1074,-0.4266,-0.0731,-0.0407,-0.2321,-0.0258,-0.0303,-0.3473,-0.0534,-0.019,-0.4147,-0.0692,-0.0071,-0.4701,-0.0745,-0.0005,-0.2143,-0.0317,0.0172,-0.2452,-0.0687,0.0071,-0.1843,-0.0729,0.0006,-0.1503,-0.0635,0.0321,-0.1796,-0.0401,0.041,-0.2066,-0.0636,0.0286,-0.1631,-0.0583,0.0196,-0.1361,-0.0474
2,Left Click (Peace Sign),0.0,0.0,0.0,-0.0439,-0.0485,-0.0313,-0.0564,-0.1295,-0.047,-0.0218,-0.2017,-0.0623,0.0164,-0.2506,-0.0758,-0.0839,-0.2208,-0.0241,-0.0994,-0.3164,-0.0498,-0.1045,-0.3774,-0.0652,-0.1065,-0.4287,-0.0738,-0.0415,-0.2321,-0.0267,-0.0308,-0.3474,-0.0545,-0.02,-0.4153,-0.0706,-0.0079,-0.4714,-0.0765,-0.001,-0.2141,-0.0334,0.0172,-0.2482,-0.0705,0.0068,-0.1858,-0.0742,0.0006,-0.1501,-0.0647,0.0321,-0.1793,-0.0426,0.0395,-0.2092,-0.067,0.0273,-0.1644,-0.0614,0.0187,-0.1357,-0.0503
2,Left Click (Peace Sign),0.0,0.0,0.0,-0.0453,-0.0511,-0.0306,-0.0555,-0.1358,-0.045,-0.018,-0.2077,-0.059,0.0196,-0.2542,-0.0713,-0.0823,-0.2261,-0.0214,-0.098,-0.3206,-0.0456,-0.103,-0.3814,-0.0606,-0.1054,-0.4322,-0.069,-0.0394,-0.2352,-0.024,-0.0289,-0.3515,-0.0497,-0.0189,-0.4195,-0.0651,-0.0069,-0.4742,-0.0707,0.0015,-0.2147,-0.0309,0.019,-0.2517,-0.0662,0.0071,-0.1892,-0.0698,0.0,-0.1535,-0.0604,0.0346,-0.1773,-0.0402,0.042,-0.21,-0.0633,0.0291,-0.165,-0.0573,0.0204,-0.1366,-0.046
2,Left Click (Peace Sign),0.0,0.0,0.0,-0.0462,-0.0497,-0.0303,-0.0571,-0.1349,-0.0443,-0.0206,-0.207,-0.0581,0.0166,-0.2542,-0.07,-0.083,-0.2268,-0.021,-0.0985,-0.3213,-0.0449,-0.1037,-0.3821,-0.0592,-0.1055,-0.4336,-0.0672,-0.0399,-0.2373,-0.0238,-0.0297,-0.3539,-0.0491,-0.0196,-0.4223,-0.0639,-0.0074,-0.4772,-0.0691,0.0008,-0.2181,-0.0309,0.0176,-0.2574,-0.0663,0.0062,-0.1939,-0.0695,-0.0004,-0.1572,-0.0597,0.0342,-0.1821,-0.0405,0.0403,-0.2172,-0.0633,0.028,-0.1715,-0.057,0.02,-0.142,-0.0456
2,Left Click (Peace Sign),0.0,0.0,0.0,-0.046,-0.0479,-0.0361,-0.0583,-0.1298,-0.053,-0.0216,-0.2034,-0.0686,0.0159,-0.2537,-0.082,-0.0852,-0.2279,-0.0249,-0.1018,-0.3221,-0.0501,-0.1084,-0.3833,-0.0652,-0.1122,-0.4348,-0.0737,-0.0421,-0.2377,-0.025,-0.0315,-0.3533,-0.0521,-0.0217,-0.4213,-0.0675,-0.0106,-0.4773,-0.0727,-0.0013,-0.2173,-0.0299,0.0148,-0.2524,-0.0679,0.003,-0.1883,-0.0726,-0.0038,-0.1531,-0.0631,0.0321,-0.1805,-0.0375,0.04,-0.2116,-0.0629,0.0264,-0.1655,-0.0584,0.0172,-0.1382,-0.0478
2,Left Click (Peace Sign),0.0,0.0,0.0,-0.0448,-0.0484,-0.0337,-0.0559,-0.1323,-0.0496,-0.0211,-0.2049,-0.0647,0.0165,-0.2537,-0.0775,-0.0842,-0.2249,-0.0253,-0.1008,-0.3214,-0.0496,-0.1065,-0.3831,-0.0636,-0.1093,-0.4351,-0.0713,-0.0416,-0.2348,-0.0264,-0.0295,-0.3515,-0.0527,-0.0198,-0.4202,-0.067,-0.0089,-0.4757,-0.0717,-0.0012,-0.2155,-0.0319,0.018,-0.2541,-0.0683,0.0058,-0.1884,-0.0711,-0.0021,-0.1522,-0.0608,0.0317,-0.18,-0.0401,0.0399,-0.2113,-0.0643,0.0272,-0.1646,-0.0588,0.0184,-0.1368,-0.0477
2,Left Click (Peace Sign),0.0,0.0,0.0,-0.0463,-0.0477,-0.0338,-0.0575,-0.1302,-0.05,-0.0208,-0.2024,-0.0653,0.0149,-0.2518,-0.0783,-0.0851,-0.2266,-0.0238,-0.1035,-0.3224,-0.0474,-0.1121,-0.3827,-0.0615,-0.1184,-0.433,-0.0695,-0.0419,-0.2352,-0.0251,-0.0323,-0.352,-0.0515,-0.0214,-0.4193,-0.0669,-0.0099,-0.4731,-0.0723,-0.0012,-0.2145,-0.0307,0.0143,-0.2495,-0.0674,0.0045,-0.1859,-0.0712,-0.0022,-0.1508,-0.0617,0.0323,-0.1788,-0.0389,0.0388,-0.2101,-0.0629,0.0269,-0.1637,-0.0572,0.0182,-0.1358,-0.0461
2,Left Click (Peace Sign),0.0,0.0,0.0,-0.0438,-0.0473,-0.0338,-0.0548,-0.1284,-0.0501,-0.0215,-0.2022,-0.0654,0.0128,-0.2542,-0.0782,-0.0855,-0.2259,-0.0244,-0.1031,-0.3228,-0.0485,-0.1108,-0.3842,-0.0626,-0.1154,-0.4355,-0.0707,-0.0429,-0.2366,-0.0257,-0.0313,-0.3534,-0.0531,-0.0199,-0.4223,-0.069,-0.0079,-0.4773,-0.0748,-0.0026,-0.2178,-0.0313,0.0166,-0.2545,-0.0685,0.0057,-0.1895,-0.072,-0.0024,-0.1525,-0.0624,0.0307,-0.1836,-0.0395,0.0385,-0.2125,-0.0647,0.0271,-0.1645,-0.0594,0.0183,-0.1356,-0.0483
2,Left Click (Peace Sign),0.0,0.0,0.0,-0.0466,-0.0488,-0.0337,-0.0583,-0.1337,-0.0496,-0.0218,-0.2051,-0.0647,0.013,-0.2518,-0.0775,-0.088,-0.2276,-0.0237,-0.1093,-0.3235,-0.0471,-0.1183,-0.3846,-0.0613,-0.124,-0.4347,-0.0695,-0.0441,-0.2356,-0.025,-0.0328,-0.3501,-0.0516,-0.0218,-0.4196,-0.0678,-0.0098,-0.4749,-0.074,-0.0034,-0.2145,-0.0306,0.016,-0.25,-0.0674,0.0047,-0.1873,-0.0725,-0.0032,-0.1517,-0.0641,0.0302,-0.1783,-0.0389,0.0402,-0.2082,-0.064,0.0272,-0.1628,-0.0602,0.017,-0.135,-0.0504
2,Left Click (Peace Sign),0.0,0.0,0.0,-0.046,-0.0447,-0.0331,-0.0568,-0.1294,-0.0495,-0.0228,-0.2003,-0.0649,0.0111,-0.2483,-0.0781,-0.0871,-0.2246,-0.0276,-0.1074,-0.3197,-0.0523,-0.116,-0.3817,-0.0673,-0.121,-0.433,-0.0764,-0.0429,-0.2351,-0.0294,-0.0298,-0.35,-0.0564,-0.0181,-0.4192,-0.0729,-0.0059,-0.4755,-0.08,-0.0021,-0.2161,-0.0351,0.0207,-0.2553,-0.0705,0.0075,-0.191,-0.0741,-0.0025,-0.1523,-0.0655,0.0311,-0.1813,-0.0435,0.0402,-0.2077,-0.0681,0.0284,-0.1627,-0.0637,0.0194,-0.1342,-0.0537
2,Left Click (Peace Sign),0.0,0.0,0.0,-0.0479,-0.0471,-0.0346,-0.0619,-0.129,-0.051,-0.0255,-0.2003,-0.0663,0.011,-0.2489,-0.0793,-0.0912,-0.2267,-0.025,-0.1142,-0.3207,-0.0494,-0.1254,-0.3825,-0.0646,-0.1327,-0.4339,-0.0736,-0.0477,-0.2382,-0.0261,-0.035,-0.354,-0.0531,-0.0233,-0.424,-0.0696,-0.0108,-0.4807,-0.0761,-0.0073,-0.2189,-0.0316,0.0139,-0.254,-0.0682,0.0023,-0.1892,-0.0728,-0.0065,-0.153,-0.064,0.0262,-0.1829,-0.0399,0.036,-0.2119,-0.065,0.0239,-0.1646,-0.0604,0.014,-0.1364,-0.05
2,Left Click (Peace Sign),0.0,0.0,0.0,-0.0479,-0.0472,-0.0333,-0.0627,-0.1292,-0.0501,-0.0276,-0.1996,-0.0661,0.009,-0.2482,-0.08,-0.0918,-0.2247,-0.027,-0.1154,-0.3204,-0.0518,-0.1259,-0.3831,-0.0671,-0.1324,-0.4354,-0.0762,-0.0479,-0.2366,-0.0288,-0.0346,-0.3538,-0.0554,-0.0228,-0.4235,-0.0713,-0.0103,-0.479,-0.0777,-0.0072,-0.218,-0.0347,0.015,-0.2546,-0.07,0.0017,-0.19,-0.0738,-0.008,-0.1521,-0.0652,0.026,-0.1827,-0.0435,0.0353,-0.2102,-0.0675,0.0228,-0.1649,-0.0626,0.013,-0.1365,-0.0523
2,Left Click (Peace Sign),0.0,0.0,0.0,-0.0475,-0.0466,-0.0321,-0.0612,-0.1289,-0.0485,-0.0251,-0.1985,-0.0645,0.0106,-0.2481,-0.0784,-0.0911,-0.2259,-0.0247,-0.1157,-0.3204,-0.0485,-0.1272,-0.3827,-0.0626,-0.1347,-0.4342,-0.071,-0.0472,-0.2361,-0.0271,-0.0345,-0.3523,-0.0531,-0.0233,-0.4213,-0.0682,-0.0111,-0.4765,-0.0739,-0.0068,-0.216,-0.0337,0.0132,-0.2532,-0.0688,0.0007,-0.1886,-0.0719,-0.0081,-0.1529,-0.0626,0.0259,-0.18,-0.0429,0.0344,-0.2107,-0.0664,0.0218,-0.1651,-0.0608,0.0125,-0.1377,-0.0501
2,Left Click (Peace Sign),0.0,0.0,0.0,-0.0466,-0.0453,-0.0335,-0.0609,-0.1252,-0.0508,-0.027,-0.1939,-0.0675,0.0086,-0.2434,-0.0819,-0.0916,-0.2236,-0.029,-0.1161,-0.3196,-0.0541,-0.1269,-0.3832,-0.0689,-0.1337,-0.4356,-0.0777,-0.0468,-0.236,-0.0309,-0.0327,-0.3537,-0.0573,-0.0211,-0.4232,-0.0724,-0.0091,-0.4785,-0.0783,-0.0058,-0.217,-0.0369,0.0167,-0.2549,-0.0721,0.003,-0.1901,-0.0751,-0.0072,-0.1522,-0.066,0.0268,-0.1808,-0.0456,0.0358,-0.2093,-0.0698,0.0233,-0.165,-0.0646,0.0133,-0.1368,-0.0541
2,Left Click (Peace Sign),0.0,0.0,0.0,-0.047,-0.0435,-0.0407,-0.0615,-0.1238,-0.0588,-0.026,-0.1957,-0.0745,0.0092,-0.2468,-0.0872,-0.0947,-0.2277,-0.0282,-0.1208,-0.3232,-0.0515,-0.1335,-0.3863,-0.0658,-0.1423,-0.4388,-0.0745,-0.051,-0.2399,-0.0258,-0.0368,-0.3551,-0.0516,-0.0239,-0.4266,-0.0666,-0.0116,-0.4842,-0.072,-0.0115,-0.2202,-0.0285,0.0137,-0.2554,-0.0649,0.0026,-0.1882,-0.0688,-0.0083,-0.1518,-0.0597,0.0203,-0.1848,-0.0348,0.0348,-0.2117,-0.0611,0.0234,-0.1616,-0.0575,0.0118,-0.1326,-0.0475
2,Left Click (Peace Sign),0.0,0.0,0.0,-0.0476,-0.0395,-0.0381,-0.0605,-0.1199,-0.0567,-0.0246,-0.19,-0.0733,0.008,-0.239,-0.0871,-0.0934,-0.2246,-0.0318,-0.1208,-0.3215,-0.0552,-0.1342,-0.385,-0.0687,-0.1435,-0.4371,-0.0768,-0.0499,-0.2372,-0.0306,-0.0342,-0.3532,-0.0572,-0.0201,-0.4248,-0.0721,-0.0074,-0.4812,-0.0778,-0.0111,-0.2192,-0.0339,0.0138,-0.2516,-0.0694,0.0018,-0.1872,-0.0739,-0.0101,-0.1518,-0.0661,0.0202,-0.1868,-0.0404,0.0347,-0.2124,-0.0655,0.023,-0.1656,-0.0627,0.0112,-0.1378,-0.0541
2,Left Click (Peace Sign),0.0,0.0,0.0,-0.0475,-0.0406,-0.0358,-0.0615,-0.1217,-0.0536,-0.0242,-0.1906,-0.0701,0.0114,-0.2369,-0.0844,-0.0924,-0.2229,-0.0306,-0.1209,-0.3187,-0.0552,-0.1339,-0.3823,-0.0696,-0.1427,-0.4344,-0.0782,-0.0484,-0.2352,-0.0312,-0.0331,-0.353,-0.0587,-0.019,-0.4244,-0.0745,-0.0058,-0.4808,-0.0807,-0.0093,-0.2166,-0.0361,0.0161,-0.2521,-0.0723,0.003,-0.1889,-0.0772,-0.0092,-0.1538,-0.0695,0.0221,-0.1823,-0.0438,0.036,-0.2083,-0.0693,0.0237,-0.1623,-0.0661,0.0117,-0.1344,-0.0571
2,Left Click (Peace Sign),0.0,0.0,0.0,-0.0468,-0.0397,-0.0407,-0.0614,-0.1165,-0.0606,-0.0246,-0.1871,-0.0777,0.0122,-0.2381,-0.092,-0.0941,-0.225,-0.0329,-0.1241,-0.3203,-0.0577,-0.1387,-0.384,-0.072,-0.1492,-0.4363,-0.0805,-0.0501,-0.2384,-0.0305,-0.0336,-0.3543,-0.0581,-0.0181,-0.4252,-0.0733,-0.0044,-0.4822,-0.0785,-0.0112,-0.2201,-0.0331,0.0174,-0.2462,-0.0699,0.0039,-0.1811,-0.0746,-0.0105,-0.1481,-0.0663,0.0198,-0.1864,-0.0391,0.0368,-0.2038,-0.0652,0.0244,-0.1549,-0.0627,0.0103,-0.1285,-0.0539
2,Left Click (Peace Sign),0.0,0.0,0.0,-0.0457,-0.0406,-0.0398,-0.0605,-0.117,-0.0599,-0.0242,-0.1865,-0.0778,0.0128,-0.2369,-0.0929,-0.0932,-0.2227,-0.0348,-0.1237,-0.3183,-0.0608,-0.1383,-0.382,-0.0755,-0.1487,-0.4344,-0.0842,-0.0493,-0.2363,-0.0332,-0.0327,-0.3529,-0.062,-0.0174,-0.4233,-0.0773,-0.004,-0.48,-0.0827,-0.0104,-0.2186,-0.0363,0.0181,-0.247,-0.0738,0.0044,-0.1814,-0.078,-0.0098,-0.1472,-0.0692,0.0208,-0.1851,-0.0426,0.0376,-0.2065,-0.069,0.0258,-0.1581,-0.0658,0.0122,-0.1303,-0.0564
2,Left Click (Peace Sign),0.0,0.0,0.0,-0.0483,-0.0398,-0.04,-0.0635,-0.1186,-0.0601,-0.0271,-0.1895,-0.0778,0.0099,-0.2412,-0.093,-0.0933,-0.2264,-0.0347,-0.1251,-0.3222,-0.0613,-0.141,-0.3867,-0.0765,-0.1521,-0.4398,-0.0855,-0.0484,-0.239,-0.0332,-0.0303,-0.3553,-0.0628,-0.0157,-0.4265,-0.0786,-0.0024,-0.4854,-0.0839,-0.0091,-0.22,-0.0366,0.0167,-0.2488,-0.0754,0.0014,-0.1817,-0.0797,-0.012,-0.1484,-0.0705,0.0217,-0.1847,-0.0431,0.0357,-0.2068,-0.0707,0.0225,-0.1573,-0.0673,0.0097,-0.1298,-0.0573
2,Left Click (Peace Sign),0.0,0.0,0.0,-0.0485,-0.0403,-0.0376,-0.0649,-0.1192,-0.0569,-0.0273,-0.1894,-0.0743,0.0104,-0.2403,-0.0893,-0.0941,-0.2251,-0.0334,-0.1258,-0.3222,-0.0588,-0.1413,-0.3866,-0.0732,-0.152,-0.4397,-0.0817,-0.0491,-0.2381,-0.033,-0.0313,-0.3551,-0.0614,-0.0163,-0.427,-0.077,-0.0028,-0.485,-0.0825,-0.0099,-0.2198,-0.0371,0.015,-0.2525,-0.0749,0.0004,-0.1856,-0.079,-0.0125,-0.1498,-0.07,0.0217,-0.1854,-0.0441,0.0348,-0.213,-0.0711,0.0229,-0.164,-0.0672,0.0112,-0.134,-0.0571
2,Left Click (Peace Sign),0.0,0.0,0.0,-0.0469,-0.0441,-0.0369,-0.0597,-0.1251,-0.0554,-0.0217,-0.1957,-0.0723,0.0154,-0.242,-0.0871,-0.0913,-0.2263,-0.0317,-0.1237,-0.3223,-0.0572,-0.1398,-0.3861,-0.0715,-0.1516,-0.4379,-0.0797,-0.0468,-0.2384,-0.0318,-0.0286,-0.3567,-0.0609,-0.0128,-0.4279,-0.0765,0.0015,-0.484,-0.0814,-0.0072,-0.2189,-0.0364,0.018,-0.2482,-0.0746,0.0036,-0.1828,-0.079,-0.0089,-0.1496,-0.0697,0.0243,-0.183,-0.0438,0.0388,-0.2073,-0.0701,0.026,-0.1592,-0.0659,0.014,-0.132,-0.0553
2,Left Click (Peace Sign),0.0,0.0,0.0,-0.0476,-0.0417,-0.0371,-0.0613,-0.1218,-0.0559,-0.0225,-0.1914,-0.0731,0.0144,-0.2389,-0.088,-0.0925,-0.2264,-0.0311,-0.1248,-0.3205,-0.0568,-0.1419,-0.3835,-0.0716,-0.1546,-0.4352,-0.0803,-0.0487,-0.2384,-0.0313,-0.0305,-0.356,-0.0605,-0.0149,-0.427,-0.0766,-0.0007,-0.4847,-0.0819,-0.0097,-0.2185,-0.036,0.0168,-0.2478,-0.0746,0.0016,-0.1818,-0.0793,-0.0115,-0.149,-0.0701,0.0214,-0.1816,-0.0436,0.0366,-0.2069,-0.0703,0.0235,-0.1582,-0.0663,0.0112,-0.1312,-0.0559
2,Left Click (Peace Sign),0.0,0.0,0.0,-0.0479,-0.0403,-0.0375,-0.0626,-0.1207,-0.0564,-0.0234,-0.1906,-0.0736,0.014,-0.2391,-0.0887,-0.0929,-0.2232,-0.0324,-0.1254,-0.3188,-0.058,-0.1422,-0.3826,-0.0726,-0.1543,-0.4346,-0.0811,-0.0493,-0.2364,-0.0323,-0.0308,-0.3537,-0.0617,-0.0151,-0.4251,-0.0776,-0.0011,-0.482,-0.0828,-0.0107,-0.2179,-0.0367,0.0159,-0.249,-0.0755,0.0015,-0.1822,-0.08,-0.0116,-0.1476,-0.0706,0.0205,-0.1821,-0.044,0.0363,-0.2105,-0.0714,0.0244,-0.1607,-0.0673,0.0124,-0.1312,-0.0567
2,Left Click (Peace Sign),0.0,0.0,0.0,-0.0463,-0.0396,-0.038,-0.0612,-0.1158,-0.0579,-0.0241,-0.1846,-0.076,0.0123,-0.2345,-0.0918,-0.0912,-0.2209,-0.0345,-0.124,-0.3164,-0.061,-0.1405,-0.3801,-0.0757,-0.152,-0.4321,-0.0845,-0.0474,-0.2351,-0.0346,-0.0305,-0.3532,-0.0651,-0.0145,-0.4244,-0.0815,-0.0,-0.4807,-0.0871,-0.0086,-0.2173,-0.0391,0.0166,-0.2491,-0.0784,0.0024,-0.1829,-0.0826,-0.0111,-0.1487,-0.0734,0.0231,-0.1823,-0.0465,0.0375,-0.2079,-0.0744,0.0255,-0.1581,-0.0705,0.0127,-0.129,-0.0602
2,Left Click (Peace Sign),0.0,0.0,0.0,-0.0475,-0.041,-0.0376,-0.0611,-0.121,-0.056,-0.0235,-0.1907,-0.0723,0.0123,-0.2364,-0.0864,-0.093,-0.2239,-0.0323,-0.1258,-0.3196,-0.0577,-0.1421,-0.384,-0.0719,-0.1537,-0.4367,-0.0801,-0.0496,-0.2372,-0.0317,-0.0319,-0.3536,-0.061,-0.0168,-0.4242,-0.0769,-0.0028,-0.481,-0.0818,-0.011,-0.219,-0.0354,0.0163,-0.2463,-0.0736,0.0026,-0.1805,-0.0784,-0.0102,-0.1474,-0.0692,0.0203,-0.1843,-0.0421,0.036,-0.2064,-0.0686,0.0242,-0.1576,-0.0649,0.012,-0.1305,-0.0545
2,Left Click (Peace Sign),0.0,0.0,0.0,-0.0476,-0.0418,-0.0377,-0.0616,-0.1223,-0.0563,-0.0236,-0.1929,-0.0731,0.0135,-0.2404,-0.0875,-0.0947,-0.2245,-0.0316,-0.1277,-0.3213,-0.0568,-0.1441,-0.3863,-0.0709,-0.1556,-0.4394,-0.079,-0.0516,-0.2381,-0.0309,-0.0338,-0.3557,-0.0597,-0.0182,-0.427,-0.0752,-0.0044,-0.484,-0.0798,-0.0129,-0.2205,-0.0347,0.0145,-0.2492,-0.0731,0.0013,-0.1831,-0.0781,-0.0116,-0.1489,-0.069,0.0188,-0.1866,-0.0414,0.035,-0.211,-0.0683,0.0233,-0.1616,-0.0648,0.0111,-0.1334,-0.0545
2,Left Click (Peace Sign),0.0,0.0,0.0,-0.0445,-0.0408,-0.0381,-0.0572,-0.1182,-0.0575,-0.0198,-0.1855,-0.075,0.0142,-0.234,-0.0902,-0.0867,-0.2202,-0.0344,-0.1192,-0.3145,-0.0611,-0.1364,-0.3789,-0.0764,-0.1486,-0.4324,-0.0855,-0.0436,-0.2331,-0.0337,-0.0262,-0.3474,-0.0646,-0.0116,-0.4176,-0.0817,0.0012,-0.4753,-0.0878,-0.0057,-0.2151,-0.0373,0.0203,-0.2453,-0.0774,0.0078,-0.1795,-0.0817,-0.0041,-0.1439,-0.072,0.0252,-0.1806,-0.0438,0.0402,-0.2108,-0.072,0.0309,-0.1614,-0.0677,0.0201,-0.1307,-0.0566
2,Left Click (Peace Sign),0.0,0.0,0.0,-0.0333,-0.0515,-0.0508,-0.0353,-0.1314,-0.0684,0.0099,-0.1997,-0.0798,0.0498,-0.2496,-0.0869,-0.0705,-0.232,-0.0349,-0.0956,-0.3309,-0.0563,-0.1074,-0.396,-0.0677,-0.1165,-0.4484,-0.0729,-0.0288,-0.2398,-0.0249,-0.0059,-0.3538,-0.048,0.0146,-0.4214,-0.0598,0.0313,-0.4732,-0.0613,0.0065,-0.2185,-0.0212,0.0361,-0.2467,-0.0596,0.0253,-0.1819,-0.067,0.0117,-0.1512,-0.0579,0.0356,-0.1828,-0.0211,0.0572,-0.2135,-0.0472,0.0481,-0.1684,-0.0441,0.0352,-0.1414,-0.0336
2,Left Click (Peace Sign),0.0,0.0,0.0,-0.0338,-0.0473,-0.0483,-0.0396,-0.1215,-0.0687,0.0017,-0.1873,-0.0841,0.0407,-0.2368,-0.096,-0.0702,-0.2239,-0.038,-0.0956,-0.3226,-0.0623,-0.1064,-0.3875,-0.0755,-0.1144,-0.4395,-0.0818,-0.0274,-0.2319,-0.0299,-0.0034,-0.3446,-0.056,0.0157,-0.4101,-0.0683,0.0302,-0.4612,-0.0703,0.009,-0.2116,-0.0277,0.0363,-0.2376,-0.0671,0.025,-0.1762,-0.074,0.0125,-0.1467,-0.0649,0.0383,-0.1782,-0.0288,0.057,-0.206,-0.0554,0.0458,-0.1614,-0.0523,0.033,-0.1352,-0.042
2,Left Click (Peace Sign),0.0,0.0,0.0,-0.0363,-0.047,-0.0449,-0.0432,-0.1252,-0.0623,-0.0034,-0.1931,-0.0755,0.035,-0.2407,-0.0852,-0.0743,-0.2264,-0.0316,-0.0978,-0.3256,-0.0541,-0.108,-0.3902,-0.0668,-0.1157,-0.4416,-0.0731,-0.0317,-0.2333,-0.0253,-0.0073,-0.3435,-0.0508,0.0121,-0.409,-0.064,0.0274,-0.4584,-0.0667,0.0043,-0.2125,-0.0248,0.0312,-0.2425,-0.0637,0.0203,-0.1825,-0.0713,0.0078,-0.1519,-0.0628,0.0332,-0.1784,-0.0274,0.0516,-0.2099,-0.054,0.0399,-0.1666,-0.0514,0.0266,-0.1388,-0.0414
2,Left Click (Peace Sign),0.0,0.0,0.0,-0.038,-0.0529,-0.0355,-0.0444,-0.1338,-0.0518,-0.0054,-0.2001,-0.0669,0.0326,-0.2438,-0.0797,-0.0727,-0.2302,-0.0239,-0.0952,-0.3287,-0.0456,-0.1064,-0.3919,-0.0582,-0.115,-0.4423,-0.065,-0.0295,-0.2347,-0.0233,-0.006,-0.346,-0.0487,0.0118,-0.4126,-0.0637,0.0266,-0.4646,-0.0686,0.0077,-0.2116,-0.0274,0.0316,-0.2446,-0.0642,0.0173,-0.1862,-0.0711,0.0056,-0.1536,-0.0635,0.0369,-0.1756,-0.034,0.0508,-0.2085,-0.0589,0.0374,-0.1665,-0.0554,0.0264,-0.1385,-0.0457
2,Left Click (Peace Sign),0.0,0.0,0.0,-0.0396,-0.0519,-0.0341,-0.0473,-0.1346,-0.0492,-0.0063,-0.2012,-0.0633,0.0334,-0.2442,-0.075,-0.0741,-0.2248,-0.023,-0.0971,-0.3241,-0.0444,-0.1083,-0.3874,-0.0563,-0.1171,-0.4383,-0.0625,-0.0321,-0.2315,-0.0225,-0.0093,-0.342,-0.0482,0.0082,-0.4084,-0.062,0.0229,-0.4611,-0.0656,0.0048,-0.2114,-0.0267,0.0283,-0.2451,-0.0641,0.0147,-0.1842,-0.0691,0.0037,-0.1499,-0.0596,0.0342,-0.1781,-0.0332,0.0477,-0.2135,-0.0585,0.0356,-0.1695,-0.0537,0.0259,-0.1407,-0.0426
2,Left Click (Peace Sign),0.0,0.0,0.0,-0.0411,-0.0488,-0.0328,-0.0501,-0.1287,-0.0473,-0.0099,-0.1943,-0.0612,0.028,-0.2374,-0.073,-0.0748,-0.2218,-0.0208,-0.0983,-0.3216,-0.0411,-0.1092,-0.3855,-0.0526,-0.1174,-0.4362,-0.0587,-0.0323,-0.2294,-0.0209,-0.01,-0.3405,-0.0458,0.0077,-0.4072,-0.0597,0.0225,-0.459,-0.0636,0.0047,-0.2102,-0.0255,0.027,-0.2478,-0.0622,0.0147,-0.1864,-0.0675,0.0045,-0.1512,-0.0583,0.0346,-0.1778,-0.0324,0.0465,-0.2185,-0.0572,0.0354,-0.174,-0.0521,0.0262,-0.1435,-0.0409
2,Left Click (Peace Sign),0.0,0.0,0.0,-0.0404,-0.0487,-0.037,-0.0499,-0.1282,-0.0536,-0.0103,-0.1952,-0.0685,0.0284,-0.2403,-0.0809,-0.0769,-0.2234,-0.0254,-0.1019,-0.3229,-0.0477,-0.1127,-0.3872,-0.0607,-0.1197,-0.4385,-0.0676,-0.0341,-0.2306,-0.0236,-0.0097,-0.3432,-0.0499,0.0078,-0.4099,-0.0642,0.0223,-0.4625,-0.0683,0.003,-0.211,-0.0267,0.0272,-0.2484,-0.0647,0.0137,-0.1865,-0.0701,0.0022,-0.1524,-0.0609,0.0329,-0.178,-0.0323,0.0464,-0.2185,-0.0581,0.0344,-0.1733,-0.0531,0.0239,-0.1435,-0.0419
2,Left Click (Peace Sign),0.0,0.0,0.0,-0.0383,-0.0505,-0.0376,-0.0507,-0.1234,-0.0566,-0.0129,-0.1894,-0.0741,0.0268,-0.2375,-0.0892,-0.0757,-0.2244,-0.0271,-0.0992,-0.3226,-0.0525,-0.1092,-0.3864,-0.0676,-0.1155,-0.4375,-0.076,-0.0321,-0.2302,-0.0263,-0.0086,-0.342,-0.056,0.0087,-0.4082,-0.0728,0.0233,-0.4627,-0.0785,0.006,-0.2078,-0.0302,0.0307,-0.2413,-0.0711,0.0144,-0.1795,-0.0776,0.0018,-0.146,-0.0691,0.0361,-0.1709,-0.0367,0.048,-0.2036,-0.0648,0.033,-0.158,-0.0609,0.0199,-0.1296,-0.0502
2,Left Click (Peace Sign),0.0,0.0,0.0,-0.0392,-0.0471,-0.037,-0.0487,-0.1249,-0.0538,-0.0131,-0.1924,-0.0687,0.0219,-0.2422,-0.0811,-0.0763,-0.2244,-0.0259,-0.0937,-0.3283,-0.0475,-0.1006,-0.3923,-0.0597,-0.1055,-0.4434,-0.0659,-0.0344,-0.2311,-0.0235,-0.017,-0.3417,-0.0476,-0.0016,-0.4069,-0.06,0.0112,-0.4589,-0.0633,0.0034,-0.2129,-0.0259,0.0223,-0.2479,-0.0619,0.0101,-0.1876,-0.0676,-0.0002,-0.1518,-0.0593,0.0348,-0.1828,-0.0311,0.0446,-0.2217,-0.0556,0.033,-0.1777,-0.0517,0.0237,-0.1466,-0.0417
2,Left Click (Peace Sign),0.0,0.0,0.0,-0.0389,-0.046,-0.037,-0.0497,-0.1227,-0.0549,-0.0163,-0.1901,-0.0709,0.019,-0.2396,-0.0844,-0.0758,-0.2243,-0.0287,-0.0924,-0.3291,-0.0507,-0.0989,-0.3929,-0.0628,-0.1029,-0.444,-0.0689,-0.0333,-0.2306,-0.0264,-0.0141,-0.3436,-0.0506,0.0005,-0.4094,-0.0629,0.0123,-0.4623,-0.0665,0.0049,-0.2124,-0.0288,0.0235,-0.2488,-0.0643,0.0099,-0.1889,-0.0696,-0.0012,-0.1526,-0.0615,0.0359,-0.1826,-0.0338,0.0441,-0.2223,-0.0579,0.0314,-0.1789,-0.0537,0.0213,-0.1479,-0.0438
2,Left Click (Peace Sign),0.0,0.0,0.0,-0.0398,-0.047,-0.0373,-0.0493,-0.1238,-0.0554,-0.0106,-0.1918,-0.0718,0.0273,-0.2431,-0.0854,-0.076,-0.2258,-0.026,-0.0878,-0.3291,-0.0489,-0.0917,-0.3917,-0.0619,-0.094,-0.4418,-0.0687,-0.0353,-0.2314,-0.0244,-0.0198,-0.345,-0.0516,-0.0076,-0.4132,-0.067,0.0032,-0.4678,-0.0724,0.0026,-0.2122,-0.0274,0.025,-0.2461,-0.0654,0.013,-0.1847,-0.0711,0.0021,-0.149,-0.0628,0.0346,-0.1806,-0.0332,0.0466,-0.2144,-0.0588,0.0346,-0.1678,-0.0549,0.0234,-0.1373,-0.045
2,Left Click (Peace Sign),0.0,0.0,0.0,-0.0392,-0.046,-0.0375,-0.0508,-0.1206,-0.0568,-0.0142,-0.1882,-0.0743,0.0243,-0.2401,-0.0892,-0.0761,-0.2256,-0.0296,-0.0881,-0.3292,-0.0541,-0.0918,-0.3921,-0.0684,-0.0931,-0.4422,-0.0763,-0.0334,-0.2307,-0.029,-0.0186,-0.3457,-0.0566,-0.0068,-0.413,-0.0732,0.0042,-0.4664,-0.08,0.006,-0.2088,-0.0328,0.0286,-0.2438,-0.0705,0.0145,-0.1851,-0.077,0.003,-0.1504,-0.0701,0.0374,-0.173,-0.0393,0.046,-0.2029,-0.0652,0.032,-0.1594,-0.062,0.0205,-0.1306,-0.0528
2,Left Click (Peace Sign),0.0,0.0,0.0,-0.0394,-0.0447,-0.0405,-0.0499,-0.1199,-0.0598,-0.0099,-0.1879,-0.0764,0.0289,-0.2408,-0.0902,-0.076,-0.2242,-0.0308,-0.0869,-0.3267,-0.0554,-0.0883,-0.3898,-0.0699,-0.0876,-0.4407,-0.0776,-0.0335,-0.2294,-0.0277,-0.0216,-0.3432,-0.0547,-0.0099,-0.4107,-0.0704,0.0012,-0.4659,-0.0765,0.0056,-0.2081,-0.0296,0.0255,-0.2387,-0.0676,0.0148,-0.1807,-0.0747,0.0054,-0.1485,-0.0676,0.0374,-0.1736,-0.0344,0.0462,-0.2044,-0.0606,0.034,-0.1606,-0.0581,0.0233,-0.1332,-0.0492
2,Left Click (Peace Sign),0.0,0.0,0.0,-0.0385,-0.0473,-0.0375,-0.0472,-0.1252,-0.0554,-0.0093,-0.1921,-0.0713,0.028,-0.2428,-0.0849,-0.075,-0.2263,-0.0282,-0.0841,-0.3305,-0.0525,-0.0851,-0.395,-0.0668,-0.0843,-0.4462,-0.0743,-0.0328,-0.2307,-0.027,-0.0191,-0.3456,-0.0534,-0.0077,-0.4143,-0.0688,0.0031,-0.4691,-0.0746,0.0065,-0.2095,-0.0305,0.0282,-0.2447,-0.0681,0.0168,-0.1869,-0.0748,0.0075,-0.1527,-0.0673,0.038,-0.1743,-0.0366,0.0466,-0.2088,-0.0626,0.0345,-0.1658,-0.0595,0.025,-0.1371,-0.05
2,Left Click (Peace Sign),0.0,0.0,0.0,-0.0394,-0.0467,-0.0388,-0.0499,-0.1219,-0.0578,-0.0133,-0.1891,-0.0745,0.0245,-0.2409,-0.0884,-0.0755,-0.2278,-0.0309,-0.086,-0.3314,-0.0559,-0.0878,-0.3959,-0.0704,-0.0872,-0.447,-0.078,-0.033,-0.2335,-0.0294,-0.0191,-0.3477,-0.057,-0.0086,-0.4163,-0.073,0.0017,-0.4706,-0.079,0.0064,-0.2117,-0.0326,0.0295,-0.2454,-0.0709,0.0169,-0.1863,-0.0773,0.0068,-0.1516,-0.0697,0.0374,-0.175,-0.0386,0.0463,-0.204,-0.0654,0.034,-0.1612,-0.0627,0.024,-0.1339,-0.0534
2,Left Click (Peace Sign),0.0,0.0,0.0,-0.0407,-0.045,-0.0378,-0.0513,-0.1216,-0.0567,-0.0138,-0.1904,-0.0737,0.0241,-0.2433,-0.0881,-0.0752,-0.2267,-0.0304,-0.0855,-0.3304,-0.0564,-0.087,-0.395,-0.0714,-0.0862,-0.4468,-0.0792,-0.0333,-0.2332,-0.0295,-0.0209,-0.3487,-0.0578,-0.0107,-0.4177,-0.0739,-0.0006,-0.4747,-0.0798,0.0061,-0.213,-0.0333,0.0268,-0.2466,-0.072,0.0142,-0.1868,-0.0782,0.0047,-0.1528,-0.0702,0.0382,-0.178,-0.0397,0.0467,-0.2117,-0.0661,0.0331,-0.1685,-0.0628,0.0221,-0.1406,-0.0532
2,Left Click (Peace Sign),0.0,0.0,0.0,-0.0402,-0.0443,-0.0388,-0.0503,-0.1213,-0.0577,-0.0123,-0.1899,-0.0743,0.025,-0.2435,-0.0884,-0.0746,-0.2251,-0.0314,-0.0844,-0.3298,-0.0566,-0.0859,-0.3945,-0.071,-0.0853,-0.4462,-0.0784,-0.0327,-0.232,-0.0298,-0.0205,-0.348,-0.0576,-0.0105,-0.4176,-0.0737,-0.0007,-0.4748,-0.0799,0.0068,-0.2121,-0.0328,0.0283,-0.2463,-0.071,0.0161,-0.1867,-0.0775,0.0062,-0.1523,-0.0699,0.0388,-0.1779,-0.0386,0.048,-0.211,-0.0648,0.0352,-0.1681,-0.0618,0.0242,-0.1401,-0.0524
2,Left Click (Peace Sign),0.0,0.0,0.0,-0.0429,-0.04,-0.0388,-0.0529,-0.1198,-0.0572,-0.0128,-0.1876,-0.0737,0.0254,-0.2401,-0.0876,-0.0732,-0.2251,-0.0286,-0.0749,-0.3312,-0.0531,-0.0708,-0.3963,-0.0669,-0.0652,-0.4476,-0.0737,-0.0325,-0.23,-0.0266,-0.0228,-0.3453,-0.0534,-0.0152,-0.4167,-0.0687,-0.007,-0.475,-0.0743,0.0059,-0.2107,-0.0294,0.0256,-0.25,-0.0666,0.0123,-0.1885,-0.0721,0.0008,-0.1517,-0.0638,0.0382,-0.1783,-0.0353,0.0487,-0.2157,-0.0604,0.0357,-0.1718,-0.0571,0.0236,-0.1429,-0.0476
2,Left Click (Peace Sign),0.0,0.0,0.0,-0.0413,-0.045,-0.0391,-0.0514,-0.1208,-0.0573,-0.011,-0.1869,-0.0731,0.0267,-0.2375,-0.0863,-0.0742,-0.2213,-0.0308,-0.0922,-0.3219,-0.0549,-0.1004,-0.3852,-0.0683,-0.1065,-0.436,-0.0752,-0.0326,-0.2292,-0.0286,-0.0208,-0.344,-0.0551,-0.0116,-0.414,-0.0696,-0.0031,-0.4716,-0.0745,0.0052,-0.2095,-0.0313,0.0272,-0.2408,-0.0688,0.0156,-0.1817,-0.0753,0.0059,-0.1491,-0.0673,0.036,-0.1755,-0.037,0.0478,-0.2068,-0.0625,0.035,-0.1634,-0.0595,0.0232,-0.1361,-0.0502
2,Left Click (Peace Sign),0.0,0.0,0.0,-0.0418,-0.045,-0.0401,-0.0523,-0.1199,-0.0589,-0.0126,-0.1875,-0.0753,0.0258,-0.2398,-0.0891,-0.0764,-0.2232,-0.0307,-0.0948,-0.3224,-0.0557,-0.1031,-0.3858,-0.0705,-0.1092,-0.4377,-0.0788,-0.0334,-0.2311,-0.0282,-0.0204,-0.3432,-0.055,-0.0104,-0.4134,-0.0707,-0.0017,-0.4725,-0.0768,0.005,-0.2104,-0.0308,0.0246,-0.241,-0.0685,0.013,-0.1822,-0.0754,0.0041,-0.1504,-0.068,0.0358,-0.1753,-0.0364,0.0449,-0.2057,-0.0623,0.0317,-0.1621,-0.0598,0.021,-0.1347,-0.0509
2,Left Click (Peace Sign),0.0,0.0,0.0,-0.0417,-0.0453,-0.0385,-0.0528,-0.1208,-0.058,-0.0145,-0.1873,-0.0755,0.0233,-0.239,-0.0904,-0.0758,-0.2223,-0.0335,-0.096,-0.3222,-0.0595,-0.1051,-0.3855,-0.0737,-0.1109,-0.4369,-0.0811,-0.0325,-0.2302,-0.0325,-0.0174,-0.345,-0.0609,-0.0062,-0.4141,-0.076,0.004,-0.4707,-0.0809,0.0064,-0.2101,-0.036,0.0275,-0.2433,-0.0751,0.0146,-0.1817,-0.0802,0.0044,-0.1479,-0.0711,0.038,-0.1752,-0.0424,0.0469,-0.2093,-0.0685,0.034,-0.1643,-0.064,0.0229,-0.1355,-0.0534
2,Left Click (Peace Sign),0.0,0.0,0.0,-0.0411,-0.0446,-0.0389,-0.0519,-0.1193,-0.0586,-0.0136,-0.1856,-0.0762,0.0233,-0.2372,-0.0911,-0.0759,-0.221,-0.0341,-0.0962,-0.3201,-0.0602,-0.1056,-0.3839,-0.0745,-0.1115,-0.4359,-0.0819,-0.0328,-0.2295,-0.0328,-0.0178,-0.3437,-0.0612,-0.0063,-0.4131,-0.0759,0.0042,-0.4699,-0.0806,0.0061,-0.21,-0.0363,0.028,-0.2432,-0.0755,0.0152,-0.1808,-0.0802,0.0049,-0.1461,-0.0707,0.0378,-0.1753,-0.0425,0.0473,-0.2101,-0.0689,0.0349,-0.1649,-0.0642,0.024,-0.1354,-0.0533
2,Left Click (Peace Sign),0.0,0.0,0.0,-0.0431,-0.0448,-0.0376,-0.0542,-0.1217,-0.056,-0.0138,-0.1895,-0.0724,0.0255,-0.2393,-0.0862,-0.0777,-0.2209,-0.0319,-0.0999,-0.3214,-0.0566,-0.1096,-0.385,-0.0702,-0.116,-0.4361,-0.0773,-0.0344,-0.2291,-0.0306,-0.0183,-0.3434,-0.0583,-0.0053,-0.4131,-0.0731,0.0062,-0.469,-0.0779,0.0041,-0.2095,-0.0339,0.0281,-0.2413,-0.0722,0.0143,-0.1814,-0.0777,0.0029,-0.1478,-0.0689,0.0348,-0.1751,-0.04,0.046,-0.2068,-0.066,0.0328,-0.1628,-0.0619,0.0209,-0.1336,-0.0516
2,Left Click (Peace Sign),0.0,0.0,0.0,-0.0438,-0.0457,-0.037,-0.0551,-0.1231,-0.0553,-0.0145,-0.191,-0.0718,0.0252,-0.2401,-0.0858,-0.0782,-0.2223,-0.0314,-0.1001,-0.3221,-0.0564,-0.1097,-0.3854,-0.0704,-0.1161,-0.4364,-0.078,-0.0347,-0.2306,-0.0307,-0.0179,-0.3453,-0.0583,-0.0052,-0.415,-0.0734,0.0061,-0.4712,-0.0784,0.0041,-0.2107,-0.0345,0.0287,-0.2434,-0.0724,0.014,-0.1831,-0.0777,0.0022,-0.1487,-0.069,0.0347,-0.1755,-0.041,0.0458,-0.2061,-0.067,0.032,-0.162,-0.0628,0.02,-0.1327,-0.0524
2,Left Click (Peace Sign),0.0,0.0,0.0,-0.0424,-0.0447,-0.0383,-0.0529,-0.1197,-0.0574,-0.013,-0.186,-0.0745,0.0256,-0.2358,-0.0892,-0.0757,-0.2195,-0.0331,-0.1001,-0.3186,-0.0578,-0.1107,-0.3821,-0.0717,-0.1174,-0.4337,-0.0791,-0.0321,-0.2294,-0.0314,-0.0157,-0.3449,-0.0578,-0.0022,-0.4134,-0.0725,0.0095,-0.468,-0.0776,0.0059,-0.21,-0.0344,0.0272,-0.2425,-0.0711,0.0132,-0.185,-0.0777,0.0021,-0.1516,-0.0704,0.0357,-0.1755,-0.0401,0.0462,-0.2079,-0.0648,0.0325,-0.1663,-0.0615,0.0208,-0.1375,-0.0522
2,Left Click (Peace Sign),0.0,0.0,0.0,-0.0426,-0.0449,-0.0378,-0.0529,-0.1208,-0.0565,-0.0121,-0.1871,-0.0733,0.0268,-0.2362,-0.0877,-0.0759,-0.2189,-0.0325,-0.0994,-0.3189,-0.0578,-0.1097,-0.3827,-0.0715,-0.1163,-0.4347,-0.0785,-0.0323,-0.229,-0.0311,-0.0152,-0.3447,-0.0584,-0.0015,-0.4133,-0.0727,0.0101,-0.4684,-0.077,0.0058,-0.2099,-0.0344,0.0263,-0.2431,-0.0725,0.0125,-0.1833,-0.0786,0.0016,-0.1504,-0.0702,0.0359,-0.1757,-0.0404,0.0455,-0.2083,-0.0661,0.0317,-0.1644,-0.0624,0.0198,-0.1358,-0.0524
2,Left Click (Peace Sign),0.0,0.0,0.0,-0.043,-0.0434,-0.0409,-0.055,-0.1186,-0.0612,-0.0158,-0.1863,-0.0789,0.0219,-0.2382,-0.094,-0.0781,-0.2213,-0.0347,-0.1024,-0.3196,-0.0617,-0.1135,-0.3841,-0.0769,-0.1207,-0.4372,-0.0853,-0.0345,-0.2308,-0.0325,-0.016,-0.3443,-0.0623,-0.0017,-0.4138,-0.0784,0.0102,-0.4703,-0.0838,0.0037,-0.2112,-0.0351,0.0285,-0.2441,-0.0756,0.0142,-0.181,-0.0807,0.0021,-0.1461,-0.0713,0.034,-0.1761,-0.0407,0.0461,-0.2084,-0.0687,0.0335,-0.1608,-0.0645,0.0218,-0.1302,-0.0536
2,Left Click (Peace Sign),0.0,0.0,0.0,-0.042,-0.0436,-0.041,-0.0542,-0.1188,-0.0615,-0.0156,-0.1852,-0.0794,0.0223,-0.2371,-0.0947,-0.0776,-0.2185,-0.0358,-0.1026,-0.3168,-0.0625,-0.1137,-0.3814,-0.0773,-0.1207,-0.4342,-0.0854,-0.0343,-0.2275,-0.0335,-0.0165,-0.3415,-0.0635,-0.0017,-0.4115,-0.0795,0.0106,-0.4686,-0.085,0.0036,-0.2077,-0.0361,0.0287,-0.2395,-0.0768,0.0143,-0.1771,-0.0826,0.0016,-0.1429,-0.0739,0.0337,-0.1726,-0.0415,0.0465,-0.2039,-0.0698,0.0333,-0.1575,-0.0663,0.0202,-0.1277,-0.0561
2,Left Click (Peace Sign),0.0,0.0,0.0,-0.0419,-0.0451,-0.0424,-0.0547,-0.1201,-0.0627,-0.0153,-0.187,-0.0801,0.0226,-0.2382,-0.0947,-0.0763,-0.2224,-0.0344,-0.1034,-0.3185,-0.0616,-0.1156,-0.3831,-0.0776,-0.123,-0.436,-0.0865,-0.034,-0.2313,-0.0311,-0.0156,-0.3439,-0.0615,-0.0011,-0.4125,-0.078,0.0121,-0.4706,-0.0836,0.0029,-0.2114,-0.033,0.03,-0.2427,-0.0739,0.0142,-0.1792,-0.0797,0.0009,-0.1461,-0.0707,0.0326,-0.1757,-0.0381,0.0466,-0.2068,-0.0666,0.0332,-0.16,-0.0632,0.02,-0.1319,-0.0528
2,Left Click (Peace Sign),0.0,0.0,0.0,-0.0427,-0.0478,-0.0383,-0.0536,-0.1233,-0.0573,-0.0102,-0.1883,-0.0743,0.0291,-0.2347,-0.0889,-0.0735,-0.219,-0.0324,-0.1022,-0.3141,-0.0595,-0.1156,-0.3777,-0.0749,-0.1248,-0.4304,-0.0832,-0.0304,-0.2293,-0.0313,-0.0128,-0.3436,-0.0609,0.0015,-0.4124,-0.0768,0.0142,-0.4698,-0.0818,0.0068,-0.2095,-0.0349,0.0295,-0.2379,-0.0747,0.0141,-0.1763,-0.08,0.0028,-0.1438,-0.0706,0.0366,-0.1729,-0.0413,0.0488,-0.2026,-0.0678,0.0355,-0.1579,-0.063,0.0241,-0.1296,-0.0519
2,Left Click (Peace Sign),0.0,0.0,0.0,-0.0434,-0.0457,-0.0374,-0.0551,-0.1208,-0.0567,-0.013,-0.1875,-0.0741,0.0254,-0.2364,-0.0891,-0.0743,-0.2197,-0.0321,-0.1018,-0.3141,-0.0596,-0.1148,-0.3774,-0.0751,-0.1237,-0.4297,-0.0835,-0.0306,-0.2291,-0.0318,-0.0128,-0.3433,-0.0625,0.0018,-0.4117,-0.0788,0.0149,-0.4688,-0.0841,0.0074,-0.2085,-0.0361,0.0294,-0.2386,-0.0767,0.0137,-0.1767,-0.081,0.0028,-0.1439,-0.0708,0.0379,-0.1709,-0.043,0.0481,-0.1997,-0.0702,0.0343,-0.1535,-0.0647,0.0231,-0.1255,-0.053
2,Left Click (Peace Sign),0.0,0.0,0.0,-0.0435,-0.041,-0.0359,-0.0574,-0.1155,-0.0547,-0.0177,-0.1822,-0.0717,0.0216,-0.2279,-0.0862,-0.0736,-0.2137,-0.0329,-0.1063,-0.3045,-0.0591,-0.1246,-0.3648,-0.0728,-0.1387,-0.4146,-0.0801,-0.0324,-0.2254,-0.0327,-0.0168,-0.3407,-0.0625,-0.0021,-0.4088,-0.0771,0.0107,-0.4662,-0.0809,0.0037,-0.2076,-0.0367,0.0275,-0.2331,-0.0759,0.0133,-0.1708,-0.0786,0.0025,-0.1394,-0.0674,0.0336,-0.173,-0.0433,0.0461,-0.1999,-0.0682,0.0333,-0.154,-0.0612,0.0225,-0.1273,-0.0486
2,Left Click (Peace Sign),0.0,0.0,0.0,-0.0447,-0.0416,-0.0355,-0.0573,-0.1159,-0.0542,-0.0162,-0.1819,-0.0713,0.023,-0.2279,-0.086,-0.0738,-0.2136,-0.032,-0.1064,-0.306,-0.0581,-0.1248,-0.3662,-0.0718,-0.1389,-0.4158,-0.079,-0.0325,-0.2248,-0.0322,-0.0171,-0.3419,-0.0615,-0.0032,-0.4104,-0.0762,0.0097,-0.468,-0.0799,0.0038,-0.2056,-0.0364,0.0231,-0.2319,-0.0752,0.0078,-0.1702,-0.0784,-0.0019,-0.1396,-0.0676,0.0334,-0.1698,-0.0433,0.0425,-0.1991,-0.0677,0.0283,-0.1539,-0.0607,0.0181,-0.1276,-0.0481
2,Left Click (Peace Sign),0.0,0.0,0.0,-0.0439,-0.0441,-0.0344,-0.0576,-0.1189,-0.0524,-0.0168,-0.1833,-0.0692,0.0205,-0.2283,-0.0838,-0.0747,-0.2171,-0.0293,-0.1066,-0.3054,-0.055,-0.125,-0.3642,-0.0696,-0.1387,-0.4132,-0.0778,-0.0332,-0.2268,-0.0301,-0.017,-0.3417,-0.0594,-0.0034,-0.4099,-0.075,0.0101,-0.4685,-0.0799,0.0039,-0.2063,-0.0351,0.0255,-0.2353,-0.0738,0.0091,-0.1732,-0.0771,-0.0016,-0.1423,-0.0668,0.0347,-0.1688,-0.0427,0.0435,-0.1985,-0.0678,0.0287,-0.1524,-0.061,0.018,-0.1267,-0.0487
2,Left Click (Peace Sign),0.0,0.0,0.0,-0.0452,-0.0423,-0.0342,-0.0604,-0.1172,-0.0532,-0.0202,-0.1818,-0.0711,0.0185,-0.2292,-0.0871,-0.073,-0.2158,-0.0325,-0.1053,-0.3075,-0.0599,-0.1238,-0.3669,-0.0745,-0.1375,-0.4159,-0.0821,-0.031,-0.2251,-0.0338,-0.016,-0.3424,-0.0643,-0.0031,-0.4111,-0.0797,0.0098,-0.4693,-0.084,0.0059,-0.2042,-0.0392,0.0206,-0.2339,-0.0794,0.0044,-0.1699,-0.0828,-0.0041,-0.1386,-0.0718,0.036,-0.1671,-0.047,0.0388,-0.1966,-0.0732,0.0233,-0.1499,-0.0665,0.0143,-0.1236,-0.0539
2,Left Click (Peace Sign),0.0,0.0,0.0,-0.0459,-0.0447,-0.0334,-0.0581,-0.1245,-0.0496,-0.0158,-0.1901,-0.065,0.0227,-0.2348,-0.0784,-0.0747,-0.2186,-0.0271,-0.1044,-0.3107,-0.0519,-0.1209,-0.3698,-0.0654,-0.1332,-0.4189,-0.0724,-0.0319,-0.2273,-0.0282,-0.018,-0.3441,-0.0565,-0.0065,-0.4133,-0.0716,0.0057,-0.4708,-0.0758,0.006,-0.2058,-0.0336,0.0223,-0.2385,-0.0724,0.0066,-0.1757,-0.076,-0.0023,-0.1436,-0.0653,0.0364,-0.1683,-0.0413,0.0415,-0.2009,-0.0666,0.0267,-0.1544,-0.0598,0.0174,-0.1276,-0.0473
2,Left Click (Peace Sign),0.0,0.0,0.0,-0.0456,-0.0455,-0.0325,-0.0588,-0.1251,-0.0485,-0.016,-0.1902,-0.0639,0.0234,-0.2338,-0.0775,-0.0743,-0.218,-0.0261,-0.1049,-0.3103,-0.0509,-0.1215,-0.3695,-0.0645,-0.134,-0.4187,-0.0717,-0.0321,-0.2266,-0.0278,-0.0186,-0.3436,-0.056,-0.0071,-0.4134,-0.0714,0.0053,-0.4711,-0.076,0.0051,-0.2052,-0.0336,0.0212,-0.238,-0.0725,0.0054,-0.1759,-0.077,-0.0033,-0.1442,-0.0669,0.0349,-0.1681,-0.0418,0.0399,-0.1995,-0.0674,0.025,-0.1532,-0.0615,0.0161,-0.1266,-0.0497
2,Left Click (Peace Sign),0.0,0.0,0.0,-0.0448,-0.0439,-0.034,-0.0588,-0.1215,-0.0519,-0.0169,-0.1848,-0.0692,0.0233,-0.2293,-0.0845,-0.0712,-0.2194,-0.0298,-0.1,-0.3125,-0.0558,-0.1154,-0.3721,-0.07,-0.1263,-0.4219,-0.0777,-0.0288,-0.2264,-0.0315,-0.0171,-0.3414,-0.0604,-0.0072,-0.4106,-0.0761,0.0044,-0.4694,-0.0813,0.0085,-0.2041,-0.0373,0.0239,-0.2369,-0.0765,0.0079,-0.1737,-0.0805,-0.0007,-0.1404,-0.0704,0.0386,-0.1661,-0.0457,0.0428,-0.198,-0.0717,0.0277,-0.1521,-0.0659,0.0185,-0.1242,-0.0543
2,Left Click (Peace Sign),0.0,0.0,0.0,-0.0448,-0.0428,-0.0335,-0.058,-0.1191,-0.0508,-0.0181,-0.1829,-0.0672,0.0196,-0.2285,-0.0816,-0.073,-0.2166,-0.0287,-0.1005,-0.3101,-0.054,-0.1157,-0.3704,-0.0678,-0.1267,-0.4209,-0.0753,-0.0314,-0.2249,-0.0302,-0.0193,-0.3395,-0.0585,-0.0085,-0.409,-0.0738,0.003,-0.4669,-0.0787,0.0055,-0.2043,-0.0358,0.0226,-0.2375,-0.0743,0.0074,-0.1761,-0.0781,-0.002,-0.1431,-0.0682,0.0355,-0.1683,-0.044,0.0412,-0.2009,-0.0693,0.0268,-0.1552,-0.0635,0.017,-0.1269,-0.0521
2,Left Click (Peace Sign),0.0,0.0,0.0,-0.0441,-0.0456,-0.0328,-0.0567,-0.1251,-0.0492,-0.0137,-0.1906,-0.0649,0.0256,-0.2378,-0.0787,-0.0734,-0.215,-0.0271,-0.0967,-0.3118,-0.0523,-0.1086,-0.3732,-0.066,-0.1167,-0.4237,-0.0731,-0.0312,-0.2234,-0.0287,-0.0213,-0.3392,-0.0568,-0.0131,-0.4095,-0.0723,-0.0029,-0.4676,-0.0772,0.0077,-0.2028,-0.0344,0.0228,-0.2363,-0.073,0.0088,-0.1746,-0.0771,0.002,-0.1412,-0.067,0.0392,-0.1663,-0.0424,0.0424,-0.1985,-0.0681,0.0285,-0.1538,-0.0622,0.0207,-0.1266,-0.0505
2,Left Click (Peace Sign),0.0,0.0,0.0,-0.0443,-0.0454,-0.0327,-0.0567,-0.1241,-0.049,-0.0144,-0.1891,-0.0645,0.0232,-0.236,-0.078,-0.0719,-0.2156,-0.0266,-0.0965,-0.3118,-0.0516,-0.1095,-0.373,-0.0654,-0.1183,-0.4233,-0.0727,-0.0308,-0.2243,-0.0281,-0.0215,-0.3403,-0.0559,-0.0132,-0.4102,-0.0716,-0.0027,-0.4679,-0.0768,0.0072,-0.2038,-0.0337,0.0246,-0.2355,-0.0714,0.0098,-0.1757,-0.0759,0.0018,-0.1427,-0.0665,0.0381,-0.1668,-0.0417,0.043,-0.1942,-0.0665,0.0284,-0.1505,-0.0609,0.0194,-0.1244,-0.0496
2,Left Click (Peace Sign),0.0,0.0,0.0,-0.0448,-0.0453,-0.0338,-0.0572,-0.1245,-0.0494,-0.0129,-0.1908,-0.0641,0.0287,-0.2349,-0.0772,-0.072,-0.2146,-0.0263,-0.0857,-0.315,-0.0515,-0.0915,-0.3779,-0.0661,-0.0954,-0.4298,-0.0738,-0.0317,-0.2233,-0.0265,-0.027,-0.3376,-0.0521,-0.0223,-0.407,-0.0659,-0.016,-0.4647,-0.0703,0.0061,-0.2047,-0.0313,0.0206,-0.2348,-0.0675,0.0084,-0.176,-0.0718,0.0006,-0.1433,-0.0624,0.0368,-0.1701,-0.0387,0.0422,-0.2012,-0.0632,0.0284,-0.1563,-0.0584,0.0184,-0.1285,-0.0478
2,Left Click (Peace Sign),0.0,0.0,0.0,-0.0432,-0.0458,-0.0335,-0.0556,-0.1224,-0.0505,-0.0136,-0.1885,-0.0667,0.0262,-0.2365,-0.0811,-0.0711,-0.2146,-0.0279,-0.0848,-0.3145,-0.0543,-0.0913,-0.3777,-0.0697,-0.0958,-0.4298,-0.0782,-0.0305,-0.2233,-0.0294,-0.0251,-0.3375,-0.0576,-0.021,-0.4067,-0.0732,-0.0144,-0.4653,-0.0789,0.0079,-0.2038,-0.0352,0.023,-0.2353,-0.0725,0.01,-0.1749,-0.0754,0.0025,-0.1427,-0.0655,0.0398,-0.1676,-0.0438,0.0449,-0.1987,-0.0685,0.0306,-0.1539,-0.0628,0.0205,-0.1275,-0.0517
2,Left Click (Peace Sign),0.0,0.0,0.0,-0.042,-0.0454,-0.0361,-0.0527,-0.1217,-0.0537,-0.0111,-0.1866,-0.07,0.0288,-0.2343,-0.084,-0.0715,-0.2164,-0.0278,-0.0825,-0.3174,-0.0533,-0.0868,-0.3809,-0.0678,-0.0894,-0.4324,-0.0754,-0.0313,-0.2239,-0.0278,-0.0263,-0.3378,-0.0555,-0.0222,-0.4065,-0.0705,-0.0161,-0.4641,-0.0755,0.0069,-0.2048,-0.0324,0.0247,-0.237,-0.0701,0.0122,-0.1761,-0.0735,0.0034,-0.1433,-0.0634,0.038,-0.1704,-0.04,0.0463,-0.2014,-0.0646,0.0331,-0.1569,-0.0591,0.0223,-0.1309,-0.0481
2,Left Click (Peace Sign),0.0,0.0,0.0,-0.0423,-0.0451,-0.0322,-0.0543,-0.1247,-0.0482,-0.0126,-0.192,-0.064,0.0291,-0.2392,-0.078,-0.0725,-0.2153,-0.0248,-0.0813,-0.318,-0.0504,-0.084,-0.3824,-0.0653,-0.0851,-0.4348,-0.0734,-0.0325,-0.2218,-0.0267,-0.0278,-0.338,-0.0542,-0.0248,-0.408,-0.0696,-0.0193,-0.467,-0.0754,0.0058,-0.2025,-0.033,0.0221,-0.2388,-0.0696,0.0085,-0.1783,-0.0723,-0.0003,-0.1446,-0.0622,0.0371,-0.1675,-0.042,0.0437,-0.2025,-0.0659,0.03,-0.1572,-0.0598,0.0199,-0.1298,-0.0486
2,Left Click (Peace Sign),0.0,0.0,0.0,-0.0419,-0.0444,-0.0323,-0.0539,-0.1238,-0.0484,-0.0124,-0.1911,-0.0642,0.0292,-0.2385,-0.0783,-0.072,-0.2146,-0.0253,-0.0812,-0.317,-0.0509,-0.084,-0.3813,-0.0658,-0.0851,-0.434,-0.0738,-0.0322,-0.2216,-0.0272,-0.0279,-0.3379,-0.0544,-0.0248,-0.4073,-0.0695,-0.0192,-0.4661,-0.0751,0.0061,-0.2028,-0.0334,0.0229,-0.2392,-0.0698,0.0092,-0.1784,-0.0725,0.0003,-0.1446,-0.0625,0.0374,-0.1684,-0.0422,0.044,-0.2024,-0.0661,0.0304,-0.1571,-0.06,0.0204,-0.1298,-0.0489
2,Left Click (Peace Sign),0.0,0.0,0.0,-0.0401,-0.0409,-0.0412,-0.0519,-0.1132,-0.0625,-0.0132,-0.1785,-0.0809,0.0256,-0.2295,-0.0964,-0.0741,-0.2118,-0.0384,-0.1017,-0.3076,-0.0662,-0.1148,-0.3708,-0.081,-0.1234,-0.4218,-0.0888,-0.0331,-0.2206,-0.0357,-0.017,-0.3338,-0.0674,-0.0033,-0.4013,-0.0835,0.0089,-0.4573,-0.0883,0.0033,-0.2015,-0.0376,0.027,-0.2289,-0.0788,0.0117,-0.1676,-0.0842,-0.0005,-0.1371,-0.0749,0.0331,-0.1672,-0.0423,0.0443,-0.1927,-0.0704,0.0305,-0.1459,-0.0667,0.018,-0.1192,-0.0562
2,Left Click (Peace Sign),0.0,0.0,0.0,-0.0424,-0.0419,-0.0387,-0.0554,-0.1141,-0.0599,-0.018,-0.1797,-0.0789,0.02,-0.2309,-0.0955,-0.0761,-0.2153,-0.0353,-0.1049,-0.3101,-0.0633,-0.1189,-0.3727,-0.0787,-0.128,-0.4239,-0.0871,-0.033,-0.2231,-0.0349,-0.0155,-0.3381,-0.0661,-0.0021,-0.4056,-0.0827,0.0104,-0.4625,-0.0883,0.005,-0.2016,-0.039,0.0263,-0.2333,-0.0798,0.0101,-0.1712,-0.0845,-0.0007,-0.14,-0.0751,0.0355,-0.1645,-0.0458,0.0446,-0.1935,-0.0735,0.0309,-0.147,-0.0686,0.0203,-0.1199,-0.0574
2,Left Click (Peace Sign),0.0,0.0,0.0,-0.0429,-0.043,-0.0371,-0.0544,-0.1177,-0.0557,-0.0159,-0.1835,-0.0724,0.0197,-0.2333,-0.0865,-0.0761,-0.2168,-0.0308,-0.1047,-0.3098,-0.0571,-0.1182,-0.3721,-0.0722,-0.1271,-0.4229,-0.0806,-0.0335,-0.2256,-0.0299,-0.0162,-0.3389,-0.0591,-0.0028,-0.4041,-0.0743,0.0092,-0.4591,-0.0788,0.0038,-0.2053,-0.0336,0.0261,-0.2376,-0.0728,0.0093,-0.1741,-0.076,-0.003,-0.1425,-0.0656,0.0336,-0.1686,-0.04,0.0427,-0.1981,-0.0672,0.0279,-0.1501,-0.0618,0.0157,-0.1235,-0.0501
2,Left Click (Peace Sign),0.0,0.0,0.0,-0.0424,-0.0441,-0.0338,-0.054,-0.1178,-0.0515,-0.0133,-0.1803,-0.0684,0.0238,-0.2281,-0.083,-0.0747,-0.2162,-0.0282,-0.1039,-0.3087,-0.0535,-0.1193,-0.3696,-0.0672,-0.1304,-0.4199,-0.0744,-0.0318,-0.2248,-0.0296,-0.0133,-0.3387,-0.0579,0.0013,-0.4042,-0.0728,0.0152,-0.4588,-0.077,0.0057,-0.203,-0.0352,0.0239,-0.2326,-0.0742,0.0075,-0.169,-0.0778,-0.0026,-0.1387,-0.0675,0.0355,-0.1646,-0.0431,0.043,-0.1958,-0.0692,0.0278,-0.149,-0.0629,0.0172,-0.1227,-0.0507
2,Left Click (Peace Sign),0.0,0.0,0.0,-0.044,-0.044,-0.0354,-0.053,-0.1219,-0.0527,-0.0071,-0.1846,-0.0684,0.0309,-0.2306,-0.0818,-0.0749,-0.2216,-0.0274,-0.1117,-0.3065,-0.0517,-0.1321,-0.364,-0.0658,-0.1474,-0.4115,-0.074,-0.0299,-0.2288,-0.0274,-0.01,-0.3388,-0.0551,0.007,-0.4061,-0.0707,0.0239,-0.4623,-0.0756,0.0086,-0.204,-0.0319,0.0301,-0.2278,-0.069,0.0106,-0.1659,-0.0726,-0.0025,-0.1374,-0.0629,0.0393,-0.1642,-0.0391,0.0494,-0.1869,-0.0647,0.0332,-0.1404,-0.0592,0.0211,-0.1161,-0.0476
2,Left Click (Peace Sign),0.0,0.0,0.0,-0.0423,-0.0432,-0.0366,-0.0519,-0.1191,-0.0557,-0.0085,-0.1818,-0.073,0.0311,-0.2268,-0.0881,-0.0722,-0.2169,-0.034,-0.1026,-0.3098,-0.06,-0.117,-0.3725,-0.074,-0.1271,-0.4232,-0.0815,-0.0284,-0.2229,-0.0338,-0.0097,-0.3343,-0.0627,0.0052,-0.4017,-0.0772,0.0189,-0.4566,-0.0812,0.0093,-0.1997,-0.0377,0.0294,-0.2275,-0.0765,0.0124,-0.1679,-0.0805,0.0005,-0.1386,-0.0706,0.0394,-0.1612,-0.0443,0.0487,-0.1897,-0.0705,0.0334,-0.1446,-0.0652,0.0216,-0.118,-0.0538
2,Left Click (Peace Sign),0.0,0.0,0.0,-0.047,-0.0439,-0.0386,-0.0579,-0.1216,-0.056,-0.0126,-0.1858,-0.0714,0.0265,-0.2345,-0.0844,-0.0769,-0.2223,-0.0298,-0.0981,-0.3221,-0.0533,-0.1063,-0.3858,-0.0665,-0.1116,-0.4376,-0.0735,-0.0339,-0.2293,-0.028,-0.019,-0.3412,-0.055,-0.0081,-0.4116,-0.0705,0.0018,-0.4677,-0.0758,0.0029,-0.207,-0.0311,0.0233,-0.2359,-0.0699,0.01,-0.1752,-0.0777,-0.0008,-0.1433,-0.0704,0.0326,-0.17,-0.037,0.0436,-0.2017,-0.0643,0.0301,-0.1561,-0.0625,0.0175,-0.1279,-0.0538
2,Left Click (Peace Sign),0.0,0.0,0.0,-0.0415,-0.0428,-0.0394,-0.0514,-0.1178,-0.058,-0.0089,-0.1813,-0.0743,0.0314,-0.2296,-0.0882,-0.0707,-0.2165,-0.0318,-0.0852,-0.316,-0.058,-0.0896,-0.3805,-0.073,-0.0922,-0.4319,-0.0813,-0.0296,-0.2228,-0.0308,-0.024,-0.335,-0.0597,-0.0195,-0.4027,-0.0751,-0.0142,-0.4595,-0.0804,0.0088,-0.2013,-0.0346,0.0303,-0.228,-0.074,0.0164,-0.1686,-0.0789,0.0046,-0.1392,-0.0701,0.0394,-0.1643,-0.0416,0.0504,-0.1888,-0.0694,0.0358,-0.1426,-0.0664,0.0221,-0.1181,-0.057
2,Left Click (Peace Sign),0.0,0.0,0.0,-0.0431,-0.0434,-0.0375,-0.0546,-0.1167,-0.0565,-0.013,-0.1787,-0.0737,0.0254,-0.2272,-0.0884,-0.075,-0.2191,-0.032,-0.0995,-0.3162,-0.0574,-0.1091,-0.3796,-0.0714,-0.1148,-0.4308,-0.0787,-0.0336,-0.2264,-0.0314,-0.0247,-0.3392,-0.0595,-0.0179,-0.4089,-0.0744,-0.0114,-0.4662,-0.0791,0.0041,-0.2058,-0.0356,0.027,-0.2308,-0.0741,0.0135,-0.1725,-0.0803,0.0014,-0.1426,-0.0721,0.0346,-0.1696,-0.0427,0.0478,-0.1954,-0.0689,0.034,-0.1513,-0.0663,0.0206,-0.126,-0.0571
2,Left Click (Peace Sign),0.0,0.0,0.0,-0.0433,-0.0405,-0.04,-0.0536,-0.1141,-0.0607,-0.0099,-0.1781,-0.0791,0.0289,-0.2261,-0.0949,-0.0769,-0.2193,-0.0365,-0.1076,-0.3126,-0.0633,-0.1238,-0.375,-0.0774,-0.1354,-0.4265,-0.0852,-0.0344,-0.229,-0.0353,-0.0195,-0.3425,-0.0655,-0.007,-0.4123,-0.0812,0.0043,-0.4698,-0.086,0.0025,-0.2077,-0.0386,0.0284,-0.2345,-0.0794,0.0117,-0.172,-0.0858,-0.0034,-0.1403,-0.0774,0.032,-0.1701,-0.0448,0.0473,-0.1949,-0.0733,0.032,-0.1478,-0.0711,0.0164,-0.1205,-0.0618
2,Left Click (Peace Sign),0.0,0.0,0.0,-0.0456,-0.0405,-0.0387,-0.0568,-0.1176,-0.0575,-0.0134,-0.1836,-0.0741,0.024,-0.2309,-0.0883,-0.0805,-0.2221,-0.0333,-0.1127,-0.3142,-0.0589,-0.1295,-0.3765,-0.0729,-0.1417,-0.4282,-0.0809,-0.0371,-0.2321,-0.0323,-0.0216,-0.3464,-0.0613,-0.0077,-0.4167,-0.0771,0.0047,-0.4741,-0.0823,0.0001,-0.211,-0.0359,0.0258,-0.2423,-0.0758,0.008,-0.1815,-0.0827,-0.0079,-0.1488,-0.0749,0.0296,-0.1731,-0.0423,0.0438,-0.2015,-0.0707,0.029,-0.155,-0.0685,0.014,-0.1263,-0.0593
2,Left Click (Peace Sign),0.0,0.0,0.0,-0.0402,-0.0423,-0.0456,-0.0494,-0.1167,-0.0645,-0.0068,-0.1838,-0.0799,0.0311,-0.2379,-0.0925,-0.0719,-0.2237,-0.0298,-0.0778,-0.3244,-0.0533,-0.0776,-0.3891,-0.0678,-0.0754,-0.4399,-0.0759,-0.0314,-0.2289,-0.0241,-0.0236,-0.3394,-0.0486,-0.0162,-0.4088,-0.0633,-0.0087,-0.4647,-0.069,0.0057,-0.2069,-0.0243,0.0282,-0.243,-0.0616,0.0176,-0.1845,-0.0698,0.0061,-0.15,-0.0635,0.0357,-0.1703,-0.028,0.0504,-0.2057,-0.0559,0.0378,-0.1614,-0.0558,0.0229,-0.1321,-0.0486
2,Left Click (Peace Sign),0.0,0.0,0.0,-0.0412,-0.0438,-0.0423,-0.0517,-0.1189,-0.0608,-0.0127,-0.1894,-0.0763,0.0236,-0.2453,-0.0893,-0.0773,-0.2188,-0.0296,-0.0895,-0.3206,-0.0542,-0.0929,-0.3845,-0.0689,-0.0943,-0.436,-0.0763,-0.0361,-0.2264,-0.0253,-0.0303,-0.34,-0.0511,-0.0249,-0.4103,-0.0665,-0.0196,-0.4677,-0.0719,0.002,-0.2071,-0.0264,0.0205,-0.2421,-0.0648,0.0116,-0.1852,-0.0733,0.0028,-0.1507,-0.0665,0.0329,-0.1735,-0.0306,0.0446,-0.2089,-0.0572,0.0328,-0.1657,-0.0558,0.0207,-0.1357,-0.0474
2,Left Click (Peace Sign),0.0,0.0,0.0,-0.0404,-0.0468,-0.0403,-0.0489,-0.1255,-0.0567,-0.0129,-0.1987,-0.0703,0.0211,-0.2526,-0.0812,-0.0786,-0.2219,-0.0226,-0.0858,-0.321,-0.0439,-0.0877,-0.3844,-0.0575,-0.0882,-0.4349,-0.0649,-0.0382,-0.2289,-0.0188,-0.0348,-0.3405,-0.0419,-0.0308,-0.4087,-0.0568,-0.0259,-0.4634,-0.0627,0.0011,-0.2095,-0.0205,0.0208,-0.2498,-0.0557,0.0113,-0.192,-0.0624,0.0017,-0.1549,-0.0555,0.0335,-0.1759,-0.0252,0.0444,-0.2131,-0.0502,0.0335,-0.1699,-0.0479,0.0226,-0.1393,-0.0394
2,Left Click (Peace Sign),0.0,0.0,0.0,-0.0396,-0.041,-0.0394,-0.0533,-0.1117,-0.0578,-0.0201,-0.1831,-0.0737,0.013,-0.2388,-0.0863,-0.0831,-0.2101,-0.0295,-0.1111,-0.3009,-0.053,-0.1269,-0.3612,-0.066,-0.1385,-0.41,-0.0732,-0.0421,-0.2229,-0.0268,-0.0314,-0.3325,-0.0539,-0.0221,-0.4002,-0.0691,-0.0137,-0.4544,-0.0743,-0.0046,-0.205,-0.0288,0.0189,-0.2345,-0.0672,0.0085,-0.1743,-0.0738,-0.0012,-0.141,-0.066,0.0268,-0.1716,-0.0337,0.0409,-0.1966,-0.0608,0.0283,-0.1515,-0.0592,0.0158,-0.1241,-0.0507
2,Left Click (Peace Sign),0.0,0.0,0.0,-0.0416,-0.0433,-0.0349,-0.0548,-0.1174,-0.0525,-0.0185,-0.1852,-0.0686,0.015,-0.237,-0.0823,-0.0823,-0.2102,-0.0286,-0.1115,-0.3005,-0.0538,-0.1268,-0.3604,-0.0681,-0.1378,-0.4086,-0.0761,-0.041,-0.2202,-0.029,-0.0302,-0.3314,-0.0571,-0.0218,-0.3987,-0.0725,-0.0132,-0.454,-0.0778,-0.0034,-0.2006,-0.0338,0.0177,-0.2364,-0.0721,0.0053,-0.1762,-0.0764,-0.0043,-0.1433,-0.0674,0.0277,-0.1647,-0.0411,0.0375,-0.1973,-0.0678,0.0255,-0.1522,-0.0632,0.015,-0.1241,-0.0525
2,Left Click (Peace Sign),0.0,0.0,0.0,-0.0429,-0.0414,-0.0364,-0.0552,-0.1166,-0.0545,-0.0168,-0.1847,-0.0706,0.0197,-0.2355,-0.0841,-0.0821,-0.2118,-0.0312,-0.1068,-0.3066,-0.0561,-0.1181,-0.3678,-0.0702,-0.1261,-0.4173,-0.0779,-0.0403,-0.222,-0.0307,-0.0345,-0.3332,-0.0581,-0.0292,-0.401,-0.0731,-0.0231,-0.4568,-0.0783,-0.0016,-0.2033,-0.0346,0.0191,-0.2344,-0.0714,0.0073,-0.1744,-0.0756,-0.0022,-0.1413,-0.0667,0.0298,-0.1691,-0.0412,0.0392,-0.1954,-0.067,0.0273,-0.1509,-0.063,0.0167,-0.1239,-0.0529
2,Left Click (Peace Sign),0.0,0.0,0.0,-0.0402,-0.0414,-0.0382,-0.0503,-0.1154,-0.0568,-0.0103,-0.1831,-0.0733,0.0268,-0.2333,-0.0875,-0.0693,-0.2111,-0.0322,-0.07,-0.3071,-0.0616,-0.0662,-0.3699,-0.0801,-0.0626,-0.4232,-0.0904,-0.0322,-0.2204,-0.0312,-0.0298,-0.3286,-0.0611,-0.0244,-0.396,-0.0774,-0.0196,-0.4551,-0.0835,0.0046,-0.2043,-0.0349,0.0281,-0.2334,-0.0742,0.0181,-0.1738,-0.0781,0.0059,-0.1378,-0.0684,0.0349,-0.1709,-0.042,0.0491,-0.1937,-0.0702,0.0368,-0.1492,-0.0673,0.022,-0.1194,-0.0575
2,Left Click (Peace Sign),0.0,0.0,0.0,-0.0358,-0.0426,-0.0418,-0.0438,-0.117,-0.061,-0.0025,-0.1816,-0.077,0.0378,-0.2286,-0.0907,-0.0687,-0.2169,-0.0335,-0.072,-0.316,-0.06,-0.0689,-0.3788,-0.0761,-0.0653,-0.4295,-0.0847,-0.029,-0.2227,-0.0295,-0.0181,-0.3297,-0.0559,-0.0059,-0.396,-0.0694,0.0045,-0.4512,-0.0737,0.0077,-0.2035,-0.0307,0.0376,-0.2341,-0.0686,0.0259,-0.174,-0.0733,0.0114,-0.1365,-0.0642,0.0362,-0.1688,-0.0352,0.0557,-0.1942,-0.0636,0.0431,-0.1484,-0.0616,0.0268,-0.1174,-0.0523
2,Left Click (Peace Sign),0.0,0.0,0.0,-0.0379,-0.0463,-0.0397,-0.0457,-0.1209,-0.0575,-0.0064,-0.1887,-0.0728,0.0305,-0.2389,-0.0856,-0.0743,-0.2255,-0.0271,-0.0867,-0.3253,-0.0507,-0.0902,-0.3897,-0.0661,-0.0922,-0.4416,-0.075,-0.0317,-0.2304,-0.0249,-0.0231,-0.3403,-0.05,-0.0133,-0.4082,-0.0648,-0.0043,-0.4654,-0.0704,0.0075,-0.2073,-0.0278,0.0319,-0.2426,-0.0658,0.0199,-0.1828,-0.0718,0.0084,-0.1446,-0.0636,0.0382,-0.1683,-0.0336,0.0516,-0.2022,-0.0623,0.039,-0.1565,-0.0597,0.0263,-0.1238,-0.0499
2,Left Click (Peace Sign),0.0,0.0,0.0,-0.0394,-0.0402,-0.0431,-0.049,-0.1119,-0.0621,-0.0102,-0.1806,-0.0778,0.0252,-0.2363,-0.0905,-0.0762,-0.2122,-0.0315,-0.0971,-0.3057,-0.0551,-0.1059,-0.3678,-0.0684,-0.1117,-0.4181,-0.0756,-0.0354,-0.2216,-0.0267,-0.0248,-0.3295,-0.0527,-0.0147,-0.3972,-0.0667,-0.0062,-0.4516,-0.0713,0.0014,-0.2025,-0.0273,0.0228,-0.2311,-0.0656,0.0133,-0.171,-0.072,0.0035,-0.1384,-0.0641,0.0318,-0.1684,-0.0311,0.0449,-0.1963,-0.0587,0.0331,-0.1491,-0.0574,0.0199,-0.1208,-0.0491
2,Left Click (Peace Sign),0.0,0.0,0.0,-0.0411,-0.0432,-0.0396,-0.0527,-0.1161,-0.0591,-0.0148,-0.1833,-0.0762,0.0219,-0.2349,-0.0903,-0.0793,-0.2187,-0.0318,-0.1023,-0.3126,-0.0577,-0.1128,-0.3758,-0.0724,-0.1197,-0.4259,-0.0804,-0.0375,-0.2261,-0.0302,-0.0256,-0.3357,-0.0602,-0.015,-0.4042,-0.0762,-0.0055,-0.4587,-0.0815,0.0002,-0.2047,-0.0335,0.0248,-0.2354,-0.0747,0.0123,-0.1737,-0.0804,0.0003,-0.1399,-0.0712,0.0302,-0.1676,-0.0397,0.0443,-0.1947,-0.0694,0.0314,-0.1475,-0.067,0.0174,-0.1183,-0.0571
2,Left Click (Peace Sign),0.0,0.0,0.0,-0.0409,-0.0429,-0.0374,-0.0544,-0.1141,-0.0569,-0.0195,-0.1804,-0.0745,0.0146,-0.2313,-0.0892,-0.0818,-0.215,-0.0317,-0.1055,-0.3086,-0.0573,-0.1169,-0.371,-0.0713,-0.1238,-0.421,-0.0789,-0.0414,-0.224,-0.0314,-0.0307,-0.3331,-0.0614,-0.0201,-0.402,-0.077,-0.0097,-0.4576,-0.082,-0.0037,-0.2049,-0.0355,0.0217,-0.2348,-0.0764,0.0093,-0.1705,-0.081,-0.0021,-0.1334,-0.0712,0.0276,-0.1696,-0.0424,0.0412,-0.1958,-0.072,0.0291,-0.1475,-0.0689,0.0162,-0.1165,-0.0586
2,Left Click (Peace Sign),0.0,0.0,0.0,-0.0412,-0.0405,-0.0434,-0.0519,-0.1129,-0.0619,-0.0146,-0.1805,-0.0768,0.0191,-0.23,-0.0887,-0.0807,-0.2196,-0.0311,-0.1052,-0.3134,-0.0532,-0.1177,-0.3747,-0.0658,-0.1272,-0.4243,-0.0724,-0.0408,-0.2281,-0.026,-0.0283,-0.3373,-0.0514,-0.0176,-0.4051,-0.0655,-0.0087,-0.4578,-0.0695,-0.0055,-0.2084,-0.0263,0.0189,-0.2367,-0.065,0.0084,-0.1752,-0.0733,-0.0036,-0.141,-0.0659,0.0233,-0.1752,-0.0297,0.0392,-0.2055,-0.0584,0.029,-0.1572,-0.0579,0.0161,-0.1252,-0.0494
2,Left Click (Peace Sign),0.0,0.0,0.0,-0.0438,-0.0416,-0.0379,-0.0562,-0.1159,-0.0562,-0.0179,-0.1813,-0.0722,0.0188,-0.2285,-0.0856,-0.0821,-0.216,-0.0307,-0.107,-0.3081,-0.0538,-0.1197,-0.3692,-0.0661,-0.1289,-0.4183,-0.0728,-0.0422,-0.2259,-0.029,-0.0296,-0.3355,-0.0558,-0.0189,-0.4024,-0.0699,-0.0094,-0.4558,-0.0739,-0.0061,-0.2074,-0.0319,0.0189,-0.235,-0.07,0.0065,-0.1728,-0.0757,-0.0056,-0.1387,-0.067,0.0232,-0.1731,-0.0375,0.0381,-0.2003,-0.0645,0.0267,-0.1539,-0.0618,0.014,-0.1243,-0.0522
2,Left Click (Peace Sign),0.0,0.0,0.0,-0.0404,-0.0393,-0.0402,-0.051,-0.1102,-0.0593,-0.0159,-0.176,-0.0756,0.0181,-0.2237,-0.0893,-0.0799,-0.2124,-0.0336,-0.1057,-0.3033,-0.0577,-0.1189,-0.3642,-0.0708,-0.1284,-0.414,-0.0778,-0.0403,-0.223,-0.0305,-0.0276,-0.3311,-0.0581,-0.0168,-0.3986,-0.0728,-0.0081,-0.4525,-0.0772,-0.005,-0.2054,-0.0322,0.0193,-0.2308,-0.0711,0.0077,-0.1716,-0.0783,-0.0048,-0.1388,-0.0706,0.0237,-0.173,-0.0367,0.0383,-0.1988,-0.0645,0.0271,-0.1521,-0.0632,0.014,-0.1216,-0.0544
2,Left Click (Peace Sign),0.0,0.0,0.0,-0.042,-0.0417,-0.0388,-0.0526,-0.115,-0.0567,-0.0144,-0.1798,-0.0722,0.0218,-0.226,-0.0852,-0.0795,-0.2145,-0.0303,-0.1066,-0.3062,-0.0536,-0.1194,-0.3675,-0.0663,-0.1287,-0.4169,-0.0728,-0.0397,-0.2244,-0.0276,-0.0271,-0.3326,-0.0543,-0.0165,-0.4001,-0.0684,-0.0075,-0.4534,-0.0721,-0.0044,-0.2059,-0.0298,0.0194,-0.2316,-0.0685,0.0078,-0.1715,-0.0755,-0.0044,-0.1392,-0.0674,0.0242,-0.1723,-0.0347,0.039,-0.1978,-0.0627,0.0274,-0.1502,-0.0614,0.0136,-0.1202,-0.0524
2,Left Click (Peace Sign),0.0,0.0,0.0,-0.0404,-0.0389,-0.0417,-0.0526,-0.1076,-0.062,-0.0186,-0.173,-0.0792,0.0148,-0.2245,-0.0934,-0.0795,-0.2134,-0.035,-0.1069,-0.3052,-0.0598,-0.1208,-0.3666,-0.073,-0.1308,-0.4161,-0.0799,-0.0397,-0.2238,-0.0314,-0.0273,-0.3322,-0.0606,-0.0169,-0.3992,-0.0758,-0.0081,-0.4517,-0.0803,-0.0044,-0.2056,-0.0325,0.0211,-0.2291,-0.073,0.0083,-0.1689,-0.0803,-0.0049,-0.1362,-0.0723,0.0238,-0.1728,-0.0366,0.0388,-0.1958,-0.0656,0.0269,-0.1485,-0.0647,0.0126,-0.1186,-0.056
2,Left Click (Peace Sign),0.0,0.0,0.0,-0.041,-0.0389,-0.0401,-0.0521,-0.1104,-0.0589,-0.0147,-0.1749,-0.0751,0.0203,-0.2223,-0.0889,-0.0788,-0.2121,-0.0332,-0.105,-0.3052,-0.0569,-0.1181,-0.3668,-0.0697,-0.1276,-0.4161,-0.0765,-0.0386,-0.2218,-0.0302,-0.0255,-0.3311,-0.0573,-0.0147,-0.399,-0.0717,-0.0058,-0.4525,-0.0759,-0.0031,-0.2032,-0.032,0.0189,-0.2305,-0.0709,0.0076,-0.1712,-0.078,-0.0035,-0.1384,-0.0701,0.0255,-0.1699,-0.0366,0.0386,-0.1995,-0.0649,0.0275,-0.1525,-0.0632,0.0153,-0.1212,-0.054
2,Left Click (Peace Sign),0.0,0.0,0.0,-0.0413,-0.0378,-0.0426,-0.0535,-0.1077,-0.0626,-0.018,-0.1736,-0.0794,0.0172,-0.224,-0.0934,-0.0793,-0.2141,-0.0351,-0.1065,-0.3062,-0.0589,-0.1204,-0.3676,-0.0714,-0.1304,-0.4171,-0.0779,-0.0396,-0.2247,-0.0308,-0.0264,-0.3336,-0.0584,-0.0157,-0.4009,-0.0727,-0.0069,-0.4537,-0.0767,-0.0048,-0.2065,-0.0316,0.0198,-0.2317,-0.0714,0.0071,-0.1711,-0.0793,-0.0062,-0.1383,-0.0719,0.0232,-0.1743,-0.0353,0.0378,-0.1997,-0.0645,0.0258,-0.1517,-0.0644,0.0118,-0.1207,-0.0563
2,Left Click (Peace Sign),0.0,0.0,0.0,-0.0415,-0.0383,-0.0445,-0.0535,-0.1089,-0.0647,-0.018,-0.174,-0.081,0.0165,-0.225,-0.0944,-0.08,-0.2144,-0.0369,-0.1067,-0.3056,-0.0616,-0.1204,-0.3676,-0.0752,-0.1301,-0.4188,-0.0828,-0.0397,-0.2242,-0.0315,-0.0265,-0.3307,-0.059,-0.0151,-0.3982,-0.0734,-0.0055,-0.4523,-0.0779,-0.005,-0.2057,-0.0314,0.0203,-0.2318,-0.0714,0.007,-0.1709,-0.0791,-0.0068,-0.137,-0.0717,0.023,-0.1733,-0.0345,0.0383,-0.1996,-0.0649,0.0267,-0.1511,-0.0652,0.0123,-0.1189,-0.0573
2,Left Click (Peace Sign),0.0,0.0,0.0,-0.0396,-0.0396,-0.0425,-0.0504,-0.1095,-0.0628,-0.0135,-0.1743,-0.08,0.0217,-0.223,-0.0946,-0.0783,-0.2134,-0.036,-0.1048,-0.3052,-0.0612,-0.1177,-0.3673,-0.0754,-0.1274,-0.4176,-0.0832,-0.0381,-0.2227,-0.0319,-0.0247,-0.3315,-0.0598,-0.0124,-0.3985,-0.0745,-0.0029,-0.4512,-0.0791,-0.0029,-0.2035,-0.0328,0.0217,-0.2297,-0.0721,0.0094,-0.1703,-0.0796,-0.004,-0.1372,-0.0721,0.0249,-0.1695,-0.0368,0.0396,-0.1954,-0.0654,0.0279,-0.1477,-0.0644,0.0137,-0.1163,-0.0559
3,Right Click (L-Shape),0.0,0.0,0.0,-0.0524,-0.0257,-0.0373,-0.1038,-0.0688,-0.0648,-0.1559,-0.1022,-0.0922,-0.2017,-0.115,-0.1177,-0.0832,-0.2006,-0.0333,-0.0859,-0.2923,-0.0694,-0.0793,-0.3512,-0.0888,-0.0694,-0.4003,-0.0997,-0.0441,-0.1932,-0.032,-0.0304,-0.2293,-0.0773,-0.0298,-0.1489,-0.0796,-0.0404,-0.1313,-0.0698,-0.0039,-0.1829,-0.0369,0.0067,-0.2064,-0.0825,0.0011,-0.1352,-0.0687,-0.0129,-0.1211,-0.0475,0.032,-0.1682,-0.0451,0.0423,-0.1978,-0.0707,0.0319,-0.1458,-0.057,0.0184,-0.1242,-0.0394
3,Right Click (L-Shape),0.0,0.0,0.0,-0.0502,-0.0265,-0.039,-0.0986,-0.0701,-0.0657,-0.1476,-0.1042,-0.0915,-0.1897,-0.1255,-0.1144,-0.0872,-0.1967,-0.0341,-0.0925,-0.2832,-0.0749,-0.0877,-0.3407,-0.0956,-0.0786,-0.392,-0.1054,-0.0478,-0.1901,-0.031,-0.035,-0.2258,-0.075,-0.0347,-0.1453,-0.0735,-0.046,-0.1354,-0.0606,-0.0069,-0.182,-0.0353,0.0045,-0.2046,-0.082,-0.0021,-0.1322,-0.0676,-0.0172,-0.1271,-0.0451,0.031,-0.1698,-0.043,0.04,-0.1964,-0.0681,0.0293,-0.144,-0.0539,0.0166,-0.1265,-0.0357
3,Right Click (L-Shape),0.0,0.0,0.0,-0.0531,-0.0299,-0.0377,-0.1024,-0.0741,-0.0648,-0.1533,-0.1089,-0.092,-0.1964,-0.1274,-0.1169,-0.0859,-0.2022,-0.0316,-0.0894,-0.2924,-0.0692,-0.0854,-0.3517,-0.0883,-0.078,-0.404,-0.0981,-0.0452,-0.1963,-0.0299,-0.0308,-0.2326,-0.074,-0.0326,-0.1529,-0.0739,-0.0453,-0.1415,-0.0623,-0.0034,-0.1867,-0.035,0.009,-0.2093,-0.0806,-0.0,-0.1382,-0.066,-0.0162,-0.1303,-0.044,0.0336,-0.1717,-0.0436,0.0441,-0.2003,-0.0685,0.0322,-0.1495,-0.0543,0.0192,-0.1308,-0.0364
3,Right Click (L-Shape),0.0,0.0,0.0,-0.0515,-0.0279,-0.0382,-0.1025,-0.0762,-0.0651,-0.1528,-0.1119,-0.092,-0.1969,-0.1308,-0.1169,-0.0851,-0.2045,-0.0317,-0.0872,-0.2946,-0.0674,-0.0823,-0.3542,-0.0847,-0.0743,-0.4054,-0.0937,-0.0441,-0.1977,-0.0303,-0.0285,-0.234,-0.0747,-0.0303,-0.1528,-0.0745,-0.0431,-0.1407,-0.0625,-0.0019,-0.187,-0.0356,0.0118,-0.2084,-0.0815,0.003,-0.1365,-0.0666,-0.0132,-0.1294,-0.0445,0.0349,-0.1711,-0.0444,0.0468,-0.1986,-0.0703,0.0357,-0.1458,-0.0563,0.0227,-0.1281,-0.0386
3,Right Click (L-Shape),0.0,0.0,0.0,-0.0515,-0.0323,-0.0398,-0.0998,-0.0779,-0.0677,-0.1523,-0.1132,-0.0952,-0.1978,-0.1346,-0.1199,-0.0838,-0.2036,-0.0319,-0.0866,-0.291,-0.0717,-0.0822,-0.3498,-0.091,-0.0739,-0.4022,-0.1001,-0.0439,-0.1957,-0.029,-0.0301,-0.2302,-0.0721,-0.0327,-0.1499,-0.0692,-0.0453,-0.1449,-0.0555,-0.0029,-0.1853,-0.0339,0.0093,-0.2073,-0.0799,-0.0001,-0.136,-0.0641,-0.0157,-0.1341,-0.041,0.0335,-0.1705,-0.0425,0.0442,-0.1966,-0.0676,0.0316,-0.1457,-0.053,0.0185,-0.1293,-0.0347
3,Right Click (L-Shape),0.0,0.0,0.0,-0.0506,-0.0277,-0.0408,-0.1011,-0.0742,-0.0683,-0.1499,-0.1104,-0.095,-0.1933,-0.1331,-0.1187,-0.0842,-0.2011,-0.0329,-0.087,-0.2893,-0.0708,-0.0819,-0.3467,-0.0883,-0.0732,-0.3982,-0.0966,-0.0436,-0.1935,-0.03,-0.0272,-0.2296,-0.0748,-0.0289,-0.1486,-0.0733,-0.0423,-0.1417,-0.06,-0.0021,-0.1841,-0.0346,0.0121,-0.2053,-0.0816,0.0033,-0.1335,-0.067,-0.0142,-0.1309,-0.0446,0.0349,-0.1706,-0.0429,0.0467,-0.1968,-0.0695,0.0348,-0.1446,-0.0564,0.0197,-0.1281,-0.0389
3,Right Click (L-Shape),0.0,0.0,0.0,-0.0514,-0.0309,-0.0395,-0.101,-0.0771,-0.0661,-0.152,-0.1138,-0.092,-0.1951,-0.1369,-0.1149,-0.0842,-0.2044,-0.0313,-0.0871,-0.2925,-0.0701,-0.0815,-0.3498,-0.0894,-0.0721,-0.4003,-0.0986,-0.0438,-0.1953,-0.0281,-0.028,-0.2317,-0.0709,-0.0309,-0.1509,-0.0684,-0.0457,-0.1432,-0.0551,-0.0027,-0.1839,-0.0325,0.0113,-0.2071,-0.0783,0.002,-0.1352,-0.0633,-0.0157,-0.1314,-0.0408,0.0336,-0.1682,-0.0405,0.0461,-0.1967,-0.0659,0.0341,-0.1455,-0.052,0.0201,-0.1283,-0.0342
3,Right Click (L-Shape),0.0,0.0,0.0,-0.0503,-0.0294,-0.036,-0.1008,-0.0771,-0.0618,-0.1498,-0.1134,-0.0879,-0.1921,-0.1346,-0.1119,-0.0816,-0.2027,-0.0291,-0.0838,-0.2916,-0.0644,-0.0786,-0.3494,-0.0814,-0.0701,-0.3991,-0.0901,-0.0416,-0.1947,-0.0281,-0.026,-0.2308,-0.0715,-0.0288,-0.1522,-0.0711,-0.0421,-0.1417,-0.0595,-0.0005,-0.1834,-0.0339,0.0129,-0.2054,-0.079,0.0038,-0.1352,-0.0646,-0.0124,-0.1289,-0.0431,0.0361,-0.1676,-0.0429,0.0479,-0.1955,-0.0689,0.0362,-0.1437,-0.0558,0.0223,-0.1263,-0.0388
3,Right Click (L-Shape),0.0,0.0,0.0,-0.0505,-0.0282,-0.0359,-0.1009,-0.0765,-0.0615,-0.1493,-0.1136,-0.0873,-0.1912,-0.1348,-0.1109,-0.0814,-0.2007,-0.0302,-0.0836,-0.2903,-0.0656,-0.0782,-0.3485,-0.0827,-0.0698,-0.3984,-0.0914,-0.0413,-0.1932,-0.0292,-0.0253,-0.2299,-0.0723,-0.0275,-0.1519,-0.0719,-0.0407,-0.1405,-0.0603,-0.0,-0.1826,-0.0347,0.0133,-0.2045,-0.0794,0.0049,-0.135,-0.0649,-0.0113,-0.1278,-0.0434,0.0368,-0.1669,-0.0434,0.0486,-0.1954,-0.0689,0.0371,-0.1444,-0.0554,0.0228,-0.126,-0.0382
3,Right Click (L-Shape),0.0,0.0,0.0,-0.0515,-0.0289,-0.0363,-0.1025,-0.0769,-0.0624,-0.1522,-0.1129,-0.0888,-0.1945,-0.1353,-0.1131,-0.0854,-0.2001,-0.0296,-0.087,-0.2884,-0.0659,-0.0816,-0.3473,-0.0832,-0.0737,-0.3979,-0.0919,-0.0455,-0.1933,-0.0286,-0.0294,-0.23,-0.0719,-0.0309,-0.1511,-0.0708,-0.0455,-0.1421,-0.0584,-0.0038,-0.1839,-0.0344,0.0102,-0.2044,-0.0794,0.0018,-0.1339,-0.0642,-0.0159,-0.1293,-0.042,0.0333,-0.1691,-0.0436,0.045,-0.1939,-0.069,0.034,-0.1418,-0.0552,0.0197,-0.126,-0.0376
3,Right Click (L-Shape),0.0,0.0,0.0,-0.0521,-0.0324,-0.0416,-0.1001,-0.0783,-0.0682,-0.1511,-0.1137,-0.0934,-0.1952,-0.1366,-0.1151,-0.0847,-0.2042,-0.0338,-0.0888,-0.2919,-0.0747,-0.0851,-0.35,-0.0947,-0.0769,-0.402,-0.1036,-0.0455,-0.1955,-0.029,-0.0311,-0.2315,-0.0704,-0.033,-0.1506,-0.0659,-0.0468,-0.1451,-0.0514,-0.0055,-0.1856,-0.0326,0.0077,-0.2097,-0.0783,-0.0002,-0.1373,-0.0631,-0.0171,-0.1353,-0.0402,0.0308,-0.1714,-0.0399,0.0422,-0.2002,-0.0646,0.0307,-0.1497,-0.0502,0.0166,-0.1317,-0.0319
3,Right Click (L-Shape),0.0,0.0,0.0,-0.0508,-0.0285,-0.0414,-0.1008,-0.075,-0.0696,-0.1506,-0.1118,-0.0969,-0.1946,-0.1352,-0.1215,-0.0857,-0.2005,-0.0325,-0.0896,-0.2892,-0.069,-0.0843,-0.3481,-0.0863,-0.0758,-0.399,-0.0947,-0.046,-0.1942,-0.0294,-0.0304,-0.2314,-0.0733,-0.0312,-0.1512,-0.0719,-0.0447,-0.141,-0.0589,-0.005,-0.1848,-0.0337,0.0086,-0.2068,-0.0796,0.0016,-0.1362,-0.0647,-0.0153,-0.131,-0.0423,0.0315,-0.17,-0.0418,0.0435,-0.1969,-0.0678,0.0332,-0.146,-0.0543,0.0188,-0.1287,-0.0368
3,Right Click (L-Shape),0.0,0.0,0.0,-0.0504,-0.0281,-0.0393,-0.1015,-0.0756,-0.0663,-0.151,-0.1118,-0.0929,-0.195,-0.1334,-0.1171,-0.0858,-0.1996,-0.0316,-0.0893,-0.2884,-0.0676,-0.0843,-0.3472,-0.0848,-0.0762,-0.398,-0.0935,-0.0461,-0.1935,-0.0295,-0.0307,-0.231,-0.0733,-0.0312,-0.1515,-0.0726,-0.0444,-0.1411,-0.0604,-0.0051,-0.1841,-0.0344,0.0083,-0.2063,-0.0802,0.0013,-0.136,-0.0658,-0.0153,-0.1307,-0.0439,0.0317,-0.1697,-0.0429,0.0433,-0.1969,-0.069,0.033,-0.1458,-0.0557,0.0187,-0.1287,-0.0384
3,Right Click (L-Shape),0.0,0.0,0.0,-0.0506,-0.0291,-0.0388,-0.1002,-0.0738,-0.0663,-0.1496,-0.1089,-0.0937,-0.1929,-0.1305,-0.1186,-0.0827,-0.2002,-0.0314,-0.0857,-0.2883,-0.0682,-0.0803,-0.3464,-0.086,-0.0715,-0.3963,-0.0949,-0.0433,-0.1919,-0.0291,-0.0273,-0.2278,-0.0729,-0.0294,-0.1481,-0.0718,-0.0428,-0.1383,-0.0594,-0.0028,-0.1811,-0.034,0.0118,-0.2029,-0.0802,0.0028,-0.1326,-0.066,-0.0144,-0.127,-0.0442,0.0337,-0.1663,-0.0425,0.0466,-0.1942,-0.0687,0.0344,-0.1438,-0.0559,0.0192,-0.1267,-0.0388
3,Right Click (L-Shape),0.0,0.0,0.0,-0.0507,-0.0288,-0.0401,-0.0999,-0.0735,-0.0678,-0.1493,-0.1097,-0.0948,-0.1919,-0.1328,-0.1191,-0.0847,-0.1999,-0.0328,-0.0875,-0.2888,-0.0706,-0.0817,-0.3474,-0.0889,-0.0728,-0.3978,-0.0978,-0.0454,-0.1924,-0.0295,-0.0284,-0.2294,-0.073,-0.0292,-0.1499,-0.0714,-0.0433,-0.1399,-0.0585,-0.0046,-0.1827,-0.0335,0.0111,-0.2051,-0.0798,0.0031,-0.1342,-0.0653,-0.0149,-0.1284,-0.0431,0.032,-0.1682,-0.041,0.0454,-0.1967,-0.0671,0.0343,-0.1457,-0.054,0.019,-0.1282,-0.0366
3,Right Click (L-Shape),0.0,0.0,0.0,-0.0509,-0.0309,-0.0396,-0.1005,-0.0771,-0.0656,-0.1516,-0.1132,-0.0907,-0.1947,-0.1352,-0.1128,-0.0874,-0.2011,-0.0325,-0.0909,-0.2901,-0.0721,-0.0857,-0.349,-0.0914,-0.0774,-0.4009,-0.1003,-0.0479,-0.1942,-0.0287,-0.0321,-0.2328,-0.071,-0.0317,-0.1526,-0.0677,-0.0458,-0.1456,-0.0538,-0.0068,-0.1853,-0.0327,0.0078,-0.2086,-0.0784,0.0009,-0.137,-0.0633,-0.0166,-0.1345,-0.0407,0.0302,-0.1715,-0.0402,0.0425,-0.1999,-0.0654,0.0315,-0.1491,-0.0516,0.0172,-0.132,-0.0337
3,Right Click (L-Shape),0.0,0.0,0.0,-0.0502,-0.0301,-0.0402,-0.0995,-0.0759,-0.0673,-0.1486,-0.1116,-0.0936,-0.1917,-0.1346,-0.1169,-0.0856,-0.2022,-0.0322,-0.0896,-0.2907,-0.0702,-0.0847,-0.3492,-0.0883,-0.0762,-0.4007,-0.0968,-0.046,-0.1943,-0.0291,-0.03,-0.2325,-0.0721,-0.0308,-0.1522,-0.0697,-0.0446,-0.1451,-0.0564,-0.0052,-0.1842,-0.0336,0.0095,-0.2074,-0.0792,0.0018,-0.1366,-0.0644,-0.0153,-0.1339,-0.0422,0.0316,-0.1699,-0.0419,0.044,-0.1983,-0.0672,0.0328,-0.1479,-0.0537,0.0185,-0.131,-0.0362
3,Right Click (L-Shape),0.0,0.0,0.0,-0.0493,-0.0331,-0.0375,-0.0924,-0.0791,-0.0578,-0.1378,-0.1131,-0.0756,-0.1781,-0.1333,-0.0888,-0.0921,-0.2044,-0.0315,-0.0982,-0.2924,-0.074,-0.0962,-0.349,-0.0955,-0.0886,-0.402,-0.1041,-0.0518,-0.1963,-0.0262,-0.0434,-0.2333,-0.0617,-0.0455,-0.1532,-0.0535,-0.0565,-0.1496,-0.0377,-0.0122,-0.1866,-0.0295,-0.0031,-0.2112,-0.0724,-0.0104,-0.1377,-0.0587,-0.0242,-0.1396,-0.0372,0.0256,-0.1724,-0.0361,0.0338,-0.1994,-0.0581,0.0214,-0.1503,-0.0441,0.0086,-0.1325,-0.0266
3,Right Click (L-Shape),0.0,0.0,0.0,-0.0537,-0.0296,-0.0292,-0.1059,-0.0865,-0.0485,-0.1554,-0.1255,-0.069,-0.1975,-0.1457,-0.0874,-0.089,-0.2073,-0.0213,-0.0927,-0.2963,-0.0562,-0.0907,-0.3556,-0.0723,-0.0845,-0.407,-0.0798,-0.0507,-0.2005,-0.0218,-0.0444,-0.2353,-0.0602,-0.0453,-0.1553,-0.0555,-0.0525,-0.1488,-0.0413,-0.0096,-0.1909,-0.0292,-0.0042,-0.2109,-0.0701,-0.0115,-0.1405,-0.0539,-0.0213,-0.1402,-0.0318,0.0288,-0.1762,-0.0395,0.0333,-0.1993,-0.0612,0.0201,-0.1486,-0.0471,0.0099,-0.1352,-0.03
3,Right Click (L-Shape),0.0,0.0,0.0,-0.0589,-0.0324,-0.0332,-0.117,-0.0938,-0.0578,-0.1747,-0.1384,-0.0837,-0.2221,-0.1639,-0.1079,-0.077,-0.226,-0.027,-0.0773,-0.3223,-0.0638,-0.0735,-0.3874,-0.0824,-0.0658,-0.4423,-0.0924,-0.035,-0.218,-0.0279,-0.0331,-0.2513,-0.072,-0.0368,-0.1611,-0.0695,-0.0401,-0.1434,-0.0559,0.0085,-0.2033,-0.0356,0.0123,-0.2244,-0.0809,0.0016,-0.1474,-0.0633,-0.0066,-0.1383,-0.0391,0.0487,-0.1837,-0.0465,0.0549,-0.2172,-0.0708,0.0386,-0.161,-0.0542,0.0277,-0.1411,-0.0345
3,Right Click (L-Shape),0.0,0.0,0.0,-0.0595,-0.0358,-0.0328,-0.1207,-0.112,-0.0566,-0.1762,-0.1659,-0.0811,-0.2223,-0.1937,-0.1053,-0.0593,-0.242,-0.0333,-0.0523,-0.3411,-0.0651,-0.0464,-0.4059,-0.0799,-0.0378,-0.4617,-0.0899,-0.0139,-0.2341,-0.036,-0.0213,-0.2556,-0.0807,-0.0316,-0.1673,-0.081,-0.0279,-0.1473,-0.0701,0.0308,-0.2106,-0.0438,0.0202,-0.2121,-0.0874,0.0052,-0.1372,-0.0693,0.006,-0.1302,-0.0461,0.0723,-0.1796,-0.0549,0.0626,-0.1965,-0.0768,0.0437,-0.1437,-0.059,0.0409,-0.1305,-0.0396
3,Right Click (L-Shape),0.0,0.0,0.0,-0.0549,-0.0417,-0.0277,-0.1144,-0.1275,-0.0474,-0.1684,-0.1767,-0.0688,-0.2144,-0.2014,-0.0905,-0.047,-0.2488,-0.0268,-0.035,-0.3505,-0.0553,-0.0252,-0.413,-0.0695,-0.0131,-0.4682,-0.0798,-0.0004,-0.2363,-0.0324,-0.0049,-0.2598,-0.0778,-0.0178,-0.1745,-0.0817,-0.0147,-0.1514,-0.0737,0.0445,-0.2098,-0.0426,0.0337,-0.2161,-0.0863,0.0175,-0.1426,-0.071,0.019,-0.1346,-0.0505,0.0864,-0.1764,-0.0554,0.0754,-0.1975,-0.0772,0.0555,-0.142,-0.0597,0.0534,-0.1276,-0.0414
3,Right Click (L-Shape),0.0,0.0,0.0,-0.0551,-0.0441,-0.0289,-0.113,-0.1253,-0.0503,-0.1696,-0.1732,-0.0733,-0.2154,-0.1988,-0.0962,-0.0437,-0.2433,-0.0286,-0.0292,-0.3439,-0.0585,-0.0184,-0.4054,-0.0726,-0.0057,-0.4602,-0.0823,0.001,-0.2281,-0.0322,-0.0033,-0.2554,-0.0767,-0.0179,-0.1749,-0.0786,-0.0154,-0.1572,-0.0693,0.0442,-0.2007,-0.0407,0.0342,-0.2053,-0.0833,0.0149,-0.1356,-0.0678,0.0143,-0.1298,-0.0469,0.0837,-0.1677,-0.052,0.0748,-0.1847,-0.073,0.0519,-0.1344,-0.0571,0.0467,-0.1221,-0.0398
3,Right Click (L-Shape),0.0,0.0,0.0,-0.0575,-0.048,-0.0257,-0.1132,-0.135,-0.0454,-0.1653,-0.1876,-0.0669,-0.2094,-0.2149,-0.0888,-0.0285,-0.2416,-0.0265,-0.0142,-0.3428,-0.0532,-0.0038,-0.4043,-0.0662,0.0076,-0.4599,-0.0761,0.0144,-0.2261,-0.032,0.0009,-0.2589,-0.0745,-0.0166,-0.1756,-0.0761,-0.0098,-0.1455,-0.0669,0.054,-0.1969,-0.0419,0.0361,-0.2108,-0.0811,0.015,-0.1388,-0.0647,0.0207,-0.1256,-0.0442,0.0914,-0.1611,-0.0544,0.0779,-0.1862,-0.0729,0.0535,-0.1357,-0.0556,0.0534,-0.1183,-0.0381
3,Right Click (L-Shape),0.0,0.0,0.0,-0.0566,-0.0575,-0.0229,-0.1091,-0.1574,-0.041,-0.1616,-0.2168,-0.0618,-0.2077,-0.2488,-0.0833,-0.0165,-0.2586,-0.0204,0.0023,-0.3609,-0.0461,0.0163,-0.4245,-0.0592,0.0302,-0.4797,-0.0696,0.0268,-0.2408,-0.028,0.0077,-0.274,-0.0705,-0.0111,-0.1915,-0.073,-0.0019,-0.1591,-0.0646,0.0667,-0.2072,-0.04,0.0405,-0.2203,-0.0785,0.0196,-0.15,-0.0625,0.0298,-0.135,-0.0426,0.1036,-0.1653,-0.0547,0.0843,-0.1912,-0.0725,0.0599,-0.1436,-0.0555,0.064,-0.1257,-0.0384
3,Right Click (L-Shape),0.0,0.0,0.0,-0.0601,-0.0497,-0.0258,-0.1175,-0.1429,-0.0457,-0.1725,-0.1994,-0.0674,-0.2164,-0.2309,-0.0897,-0.0286,-0.2528,-0.0298,-0.0133,-0.3591,-0.0575,-0.0012,-0.4227,-0.0739,0.0098,-0.4797,-0.087,0.0163,-0.2374,-0.0363,-0.0035,-0.2653,-0.0817,-0.0199,-0.1838,-0.0885,-0.0139,-0.1478,-0.0833,0.0576,-0.2054,-0.0465,0.0342,-0.2192,-0.0868,0.0155,-0.1477,-0.0725,0.0231,-0.1293,-0.0537,0.0972,-0.165,-0.0595,0.0808,-0.1942,-0.0798,0.0563,-0.1444,-0.0635,0.0566,-0.1239,-0.0464
3,Right Click (L-Shape),0.0,0.0,0.0,-0.0645,-0.0377,-0.0258,-0.1277,-0.1187,-0.0466,-0.1824,-0.1689,-0.069,-0.2281,-0.1955,-0.0919,-0.0591,-0.2477,-0.0305,-0.0595,-0.3528,-0.0607,-0.0575,-0.4205,-0.0783,-0.0561,-0.4806,-0.0918,-0.0105,-0.2476,-0.0368,-0.0381,-0.2555,-0.0828,-0.0427,-0.1669,-0.0877,-0.032,-0.1368,-0.0814,0.036,-0.2279,-0.0471,0.0047,-0.2197,-0.0874,-0.0026,-0.1436,-0.0707,0.0081,-0.1306,-0.0508,0.08,-0.1981,-0.0605,0.0513,-0.2053,-0.0801,0.0365,-0.1486,-0.0626,0.0436,-0.133,-0.0448
3,Right Click (L-Shape),0.0,0.0,0.0,-0.0662,-0.0339,-0.0241,-0.1326,-0.1037,-0.0436,-0.1876,-0.1393,-0.0652,-0.2314,-0.155,-0.0875,-0.0721,-0.2495,-0.0263,-0.0809,-0.3514,-0.0552,-0.0786,-0.4214,-0.0741,-0.0755,-0.4813,-0.0885,-0.0232,-0.256,-0.0336,-0.0522,-0.254,-0.0799,-0.0561,-0.1686,-0.0884,-0.0483,-0.1303,-0.084,0.0238,-0.239,-0.0447,-0.0087,-0.2169,-0.0839,-0.013,-0.1449,-0.0707,-0.0056,-0.1264,-0.053,0.0683,-0.2094,-0.0588,0.0362,-0.2009,-0.0777,0.0274,-0.1472,-0.0623,0.0344,-0.1341,-0.0457
3,Right Click (L-Shape),0.0,0.0,0.0,-0.0687,-0.0225,-0.0288,-0.1411,-0.0898,-0.0508,-0.2045,-0.1282,-0.0745,-0.2566,-0.1449,-0.0988,-0.0939,-0.2317,-0.03,-0.1058,-0.3333,-0.0608,-0.1097,-0.4032,-0.0793,-0.1111,-0.4646,-0.0935,-0.0472,-0.2419,-0.0354,-0.0677,-0.2469,-0.0796,-0.0644,-0.1598,-0.0843,-0.0541,-0.1317,-0.0783,0.0013,-0.2306,-0.0453,-0.0211,-0.2212,-0.088,-0.0217,-0.1438,-0.072,-0.0139,-0.1294,-0.052,0.0475,-0.2083,-0.0583,0.0247,-0.2136,-0.0813,0.0153,-0.1522,-0.0647,0.0194,-0.1342,-0.0472
3,Right Click (L-Shape),0.0,0.0,0.0,-0.0648,-0.0214,-0.0338,-0.1361,-0.0898,-0.0585,-0.2008,-0.1301,-0.0838,-0.252,-0.1501,-0.1094,-0.0876,-0.2312,-0.0376,-0.0962,-0.3389,-0.0722,-0.0977,-0.4123,-0.0932,-0.0956,-0.4759,-0.1087,-0.0405,-0.2385,-0.0413,-0.0542,-0.251,-0.0926,-0.0538,-0.1598,-0.099,-0.0455,-0.1252,-0.0921,0.0078,-0.2261,-0.0499,-0.0086,-0.22,-0.0957,-0.0139,-0.1424,-0.0794,-0.0096,-0.1268,-0.0579,0.0547,-0.2036,-0.0622,0.0391,-0.2107,-0.0861,0.0255,-0.1509,-0.0698,0.0248,-0.1335,-0.052
3,Right Click (L-Shape),0.0,0.0,0.0,-0.0616,-0.0216,-0.0348,-0.1274,-0.0877,-0.0583,-0.182,-0.1342,-0.0818,-0.2265,-0.1656,-0.1044,-0.0847,-0.2411,-0.0361,-0.0898,-0.3354,-0.0701,-0.092,-0.402,-0.0899,-0.0898,-0.4616,-0.1042,-0.0361,-0.2521,-0.0378,-0.0413,-0.239,-0.0835,-0.0448,-0.1538,-0.0877,-0.042,-0.1349,-0.0811,0.0125,-0.2369,-0.0449,0.0042,-0.2048,-0.0872,-0.0052,-0.1341,-0.0716,-0.0053,-0.131,-0.0522,0.0569,-0.2095,-0.0561,0.0469,-0.1889,-0.0798,0.0325,-0.1335,-0.0666,0.0306,-0.1259,-0.0511
3,Right Click (L-Shape),0.0,0.0,0.0,-0.0612,-0.0218,-0.0335,-0.127,-0.0927,-0.0564,-0.1838,-0.1414,-0.0799,-0.2305,-0.1696,-0.1028,-0.0876,-0.2329,-0.0352,-0.0906,-0.3351,-0.0704,-0.0896,-0.4017,-0.089,-0.0865,-0.4619,-0.1016,-0.041,-0.2382,-0.0376,-0.0444,-0.2511,-0.0848,-0.0467,-0.1611,-0.0868,-0.0458,-0.1407,-0.0776,0.0067,-0.2251,-0.0454,0.0008,-0.219,-0.0909,-0.0079,-0.139,-0.0726,-0.0103,-0.1304,-0.05,0.0516,-0.2018,-0.0567,0.0437,-0.2024,-0.0812,0.0295,-0.1407,-0.0648,0.0256,-0.127,-0.0465
3,Right Click (L-Shape),0.0,0.0,0.0,-0.0612,-0.0253,-0.0384,-0.1267,-0.098,-0.0642,-0.1816,-0.1516,-0.09,-0.2277,-0.186,-0.1145,-0.082,-0.2395,-0.0375,-0.0844,-0.3403,-0.0742,-0.0844,-0.4077,-0.0928,-0.0807,-0.4674,-0.1048,-0.0342,-0.2393,-0.0388,-0.0333,-0.2549,-0.0893,-0.0396,-0.1615,-0.0917,-0.0407,-0.1425,-0.0813,0.0141,-0.2222,-0.0462,0.0122,-0.2218,-0.0954,-0.0007,-0.1412,-0.0773,-0.0052,-0.1355,-0.053,0.0594,-0.1966,-0.0574,0.0559,-0.2069,-0.0842,0.0391,-0.1472,-0.0674,0.0333,-0.135,-0.0478
3,Right Click (L-Shape),0.0,0.0,0.0,-0.0586,-0.0274,-0.0408,-0.1175,-0.1074,-0.0659,-0.1651,-0.176,-0.0907,-0.2101,-0.2201,-0.1139,-0.0804,-0.241,-0.0363,-0.0844,-0.3439,-0.0729,-0.0836,-0.4115,-0.0888,-0.0779,-0.4713,-0.0984,-0.033,-0.2425,-0.0365,-0.0344,-0.2548,-0.0877,-0.0404,-0.1581,-0.0876,-0.0385,-0.1395,-0.0742,0.0147,-0.2262,-0.0436,0.0115,-0.2147,-0.0943,-0.002,-0.1342,-0.0755,-0.0033,-0.1336,-0.05,0.0605,-0.2014,-0.0548,0.0528,-0.1965,-0.0817,0.0378,-0.1374,-0.0655,0.0373,-0.1315,-0.0463
3,Right Click (L-Shape),0.0,0.0,0.0,-0.0598,-0.0283,-0.0367,-0.1195,-0.1073,-0.0592,-0.1715,-0.1658,-0.0818,-0.216,-0.2028,-0.1031,-0.0801,-0.2398,-0.0339,-0.0843,-0.3444,-0.0707,-0.0833,-0.4117,-0.0889,-0.0792,-0.4731,-0.1005,-0.0339,-0.2396,-0.0351,-0.0328,-0.2546,-0.0857,-0.0385,-0.1608,-0.0875,-0.0397,-0.1402,-0.0764,0.0132,-0.2221,-0.0426,0.0138,-0.217,-0.0918,0.0007,-0.1372,-0.0746,-0.0037,-0.1351,-0.0507,0.0584,-0.1968,-0.0536,0.0564,-0.2015,-0.0798,0.0407,-0.1418,-0.0637,0.0367,-0.1331,-0.0448
3,Right Click (L-Shape),0.0,0.0,0.0,-0.0617,-0.026,-0.0378,-0.1221,-0.1002,-0.0638,-0.1753,-0.1559,-0.0899,-0.2225,-0.1928,-0.1148,-0.0818,-0.2392,-0.0391,-0.0854,-0.3389,-0.0789,-0.0849,-0.4071,-0.1001,-0.0799,-0.4681,-0.1141,-0.0331,-0.2443,-0.0406,-0.0353,-0.2492,-0.0903,-0.0412,-0.1559,-0.0913,-0.0407,-0.1392,-0.0809,0.016,-0.2272,-0.0484,0.0119,-0.2106,-0.0952,-0.0014,-0.1341,-0.0754,-0.0042,-0.134,-0.0515,0.0612,-0.1995,-0.0604,0.0544,-0.1898,-0.0858,0.038,-0.1325,-0.0694,0.0355,-0.1269,-0.051
3,Right Click (L-Shape),0.0,0.0,0.0,-0.0623,-0.0273,-0.0354,-0.1265,-0.1033,-0.0587,-0.1814,-0.1556,-0.0821,-0.227,-0.1907,-0.1046,-0.0802,-0.2439,-0.0368,-0.0843,-0.3424,-0.074,-0.0847,-0.4097,-0.0952,-0.0813,-0.4705,-0.11,-0.0307,-0.2495,-0.039,-0.0384,-0.252,-0.0873,-0.044,-0.1596,-0.0904,-0.0405,-0.138,-0.0818,0.018,-0.2314,-0.047,0.009,-0.2121,-0.092,-0.0047,-0.1354,-0.0735,-0.0051,-0.1296,-0.0509,0.0623,-0.2014,-0.059,0.0521,-0.1918,-0.0835,0.0339,-0.1336,-0.0676,0.0311,-0.1231,-0.0496
3,Right Click (L-Shape),0.0,0.0,0.0,-0.0642,-0.0272,-0.0369,-0.1273,-0.1007,-0.061,-0.1817,-0.1554,-0.0847,-0.2271,-0.1919,-0.1073,-0.0805,-0.2418,-0.0384,-0.0833,-0.3413,-0.0756,-0.0828,-0.4079,-0.0962,-0.079,-0.4676,-0.1101,-0.032,-0.2481,-0.0392,-0.0326,-0.2492,-0.0883,-0.0399,-0.1573,-0.0912,-0.0402,-0.1335,-0.0819,0.0161,-0.2306,-0.0456,0.0134,-0.2089,-0.0917,-0.0012,-0.1329,-0.0746,-0.0049,-0.1273,-0.0523,0.0604,-0.2023,-0.056,0.0561,-0.1907,-0.0808,0.0378,-0.1339,-0.0656,0.0327,-0.1247,-0.0479
3,Right Click (L-Shape),0.0,0.0,0.0,-0.0623,-0.0278,-0.0352,-0.1253,-0.1033,-0.0577,-0.1774,-0.1571,-0.0802,-0.2216,-0.1928,-0.1019,-0.0766,-0.2409,-0.0366,-0.0795,-0.3412,-0.0716,-0.0785,-0.4072,-0.0928,-0.0746,-0.4676,-0.108,-0.027,-0.2447,-0.039,-0.032,-0.2529,-0.0896,-0.0382,-0.164,-0.0972,-0.0354,-0.1304,-0.0912,0.0208,-0.2254,-0.0466,0.0129,-0.2136,-0.0936,-0.0013,-0.1389,-0.0794,-0.0022,-0.1228,-0.0586,0.0652,-0.1944,-0.0577,0.0572,-0.1978,-0.0833,0.0381,-0.1419,-0.0687,0.033,-0.1232,-0.0512
3,Right Click (L-Shape),0.0,0.0,0.0,-0.062,-0.026,-0.0348,-0.1243,-0.103,-0.0573,-0.177,-0.1581,-0.0797,-0.2226,-0.1926,-0.1015,-0.0771,-0.2373,-0.0372,-0.0795,-0.3406,-0.0733,-0.0777,-0.4067,-0.0938,-0.0731,-0.4679,-0.1081,-0.0294,-0.2404,-0.0395,-0.0327,-0.2511,-0.0904,-0.0387,-0.161,-0.0962,-0.0369,-0.1328,-0.0889,0.0178,-0.2227,-0.047,0.012,-0.2126,-0.0946,-0.0012,-0.1362,-0.0791,-0.0026,-0.1257,-0.0574,0.0625,-0.1954,-0.058,0.0561,-0.1978,-0.0836,0.0376,-0.1398,-0.0684,0.0324,-0.1248,-0.0505
3,Right Click (L-Shape),0.0,0.0,0.0,-0.0622,-0.0228,-0.0323,-0.1302,-0.0919,-0.0547,-0.1894,-0.1312,-0.0775,-0.2366,-0.15,-0.0999,-0.0864,-0.2402,-0.0374,-0.0892,-0.342,-0.0729,-0.0881,-0.4094,-0.0927,-0.0846,-0.4705,-0.1065,-0.0383,-0.248,-0.0401,-0.0378,-0.2491,-0.087,-0.0426,-0.1621,-0.0903,-0.0424,-0.1438,-0.0825,0.0109,-0.232,-0.0478,0.0073,-0.2125,-0.0908,-0.0049,-0.1381,-0.0741,-0.0079,-0.1342,-0.0533,0.0559,-0.2047,-0.0591,0.05,-0.1954,-0.0813,0.0337,-0.139,-0.0654,0.0298,-0.1308,-0.0478
3,Right Click (L-Shape),0.0,0.0,0.0,-0.062,-0.0218,-0.0334,-0.1304,-0.0907,-0.056,-0.1893,-0.1321,-0.0788,-0.2373,-0.1512,-0.1012,-0.0853,-0.2411,-0.0372,-0.0871,-0.343,-0.0719,-0.0869,-0.4093,-0.0916,-0.0837,-0.4697,-0.1058,-0.0363,-0.2492,-0.0401,-0.0364,-0.2516,-0.0879,-0.0421,-0.1655,-0.093,-0.0418,-0.1454,-0.0864,0.013,-0.2331,-0.0479,0.0082,-0.2137,-0.0913,-0.0042,-0.1402,-0.0754,-0.007,-0.1347,-0.0552,0.0579,-0.2052,-0.0594,0.051,-0.1947,-0.0821,0.0347,-0.1396,-0.0669,0.031,-0.1311,-0.0498
3,Right Click (L-Shape),0.0,0.0,0.0,-0.0623,-0.0238,-0.0337,-0.131,-0.0913,-0.0566,-0.1902,-0.13,-0.0797,-0.2377,-0.1499,-0.1023,-0.086,-0.2387,-0.0367,-0.0878,-0.3409,-0.0694,-0.0855,-0.4085,-0.0871,-0.0809,-0.4681,-0.0996,-0.0378,-0.245,-0.039,-0.0359,-0.249,-0.0863,-0.0414,-0.1594,-0.0902,-0.0424,-0.1342,-0.0823,0.011,-0.2289,-0.0463,0.0094,-0.2145,-0.091,-0.003,-0.1382,-0.0759,-0.0078,-0.1298,-0.0555,0.0561,-0.2024,-0.0569,0.0534,-0.2001,-0.0799,0.0362,-0.1427,-0.0646,0.029,-0.1308,-0.0473
3,Right Click (L-Shape),0.0,0.0,0.0,-0.0623,-0.023,-0.0342,-0.1304,-0.09,-0.0581,-0.1893,-0.1302,-0.0823,-0.2373,-0.1502,-0.1061,-0.0861,-0.2385,-0.0371,-0.0877,-0.3404,-0.0714,-0.0859,-0.4082,-0.0899,-0.0815,-0.4681,-0.1027,-0.0382,-0.2438,-0.0397,-0.0354,-0.2503,-0.0879,-0.041,-0.1597,-0.0913,-0.0426,-0.1364,-0.0827,0.0108,-0.2275,-0.0475,0.0096,-0.2171,-0.0931,-0.0024,-0.1395,-0.0766,-0.0071,-0.1313,-0.055,0.0559,-0.2006,-0.0588,0.0536,-0.2016,-0.0825,0.0371,-0.1434,-0.0663,0.0309,-0.1311,-0.0481
3,Right Click (L-Shape),0.0,0.0,0.0,-0.0624,-0.0226,-0.0348,-0.1296,-0.0878,-0.0595,-0.1882,-0.1292,-0.0844,-0.2355,-0.1515,-0.1089,-0.0841,-0.2357,-0.0384,-0.0856,-0.3385,-0.0729,-0.0839,-0.4053,-0.091,-0.0793,-0.4648,-0.1034,-0.0362,-0.2384,-0.0404,-0.0314,-0.2487,-0.0885,-0.0371,-0.1599,-0.0919,-0.0399,-0.1385,-0.0836,0.0126,-0.2225,-0.0475,0.0131,-0.2149,-0.0937,0.0015,-0.1374,-0.0774,-0.0044,-0.1287,-0.0558,0.0579,-0.1974,-0.0579,0.0565,-0.2021,-0.0826,0.0407,-0.1439,-0.0667,0.0338,-0.131,-0.0485
3,Right Click (L-Shape),0.0,0.0,0.0,-0.0619,-0.022,-0.0341,-0.1276,-0.0872,-0.0584,-0.1851,-0.1279,-0.0831,-0.2316,-0.15,-0.1073,-0.0832,-0.2344,-0.0379,-0.0851,-0.3368,-0.0739,-0.0831,-0.4038,-0.0937,-0.0781,-0.4639,-0.107,-0.0347,-0.2365,-0.0405,-0.0328,-0.2512,-0.0892,-0.0375,-0.1608,-0.0929,-0.0381,-0.1375,-0.0846,0.0144,-0.2202,-0.0483,0.0122,-0.2176,-0.0947,0.0008,-0.1388,-0.0778,-0.0035,-0.129,-0.0556,0.0597,-0.1944,-0.0595,0.0559,-0.2022,-0.0841,0.0401,-0.1434,-0.0675,0.0348,-0.1301,-0.0488
3,Right Click (L-Shape),0.0,0.0,0.0,-0.0601,-0.0239,-0.0354,-0.1261,-0.0896,-0.0603,-0.1857,-0.1287,-0.0856,-0.2327,-0.1492,-0.1104,-0.0843,-0.2372,-0.0364,-0.0865,-0.3409,-0.0725,-0.0848,-0.4096,-0.0911,-0.0794,-0.4696,-0.1031,-0.037,-0.2405,-0.0385,-0.0338,-0.2546,-0.0896,-0.0383,-0.1621,-0.0932,-0.0388,-0.1381,-0.0832,0.0115,-0.2255,-0.0461,0.01,-0.2196,-0.0946,-0.0011,-0.1402,-0.0783,-0.0053,-0.131,-0.0553,0.057,-0.2007,-0.0571,0.0533,-0.2034,-0.0821,0.0375,-0.1445,-0.0659,0.0315,-0.1328,-0.047
3,Right Click (L-Shape),0.0,0.0,0.0,-0.0608,-0.0249,-0.0337,-0.1268,-0.0907,-0.0578,-0.1851,-0.1294,-0.0825,-0.2317,-0.1502,-0.1068,-0.0839,-0.2367,-0.0357,-0.0865,-0.3414,-0.0714,-0.0845,-0.4089,-0.0902,-0.079,-0.4687,-0.1026,-0.0365,-0.2393,-0.0389,-0.0354,-0.2569,-0.0905,-0.0398,-0.165,-0.0952,-0.0392,-0.1395,-0.0861,0.0119,-0.2237,-0.0475,0.0088,-0.2208,-0.0957,-0.0024,-0.1416,-0.0798,-0.0055,-0.1316,-0.0572,0.0576,-0.1983,-0.0593,0.0532,-0.2037,-0.0837,0.0365,-0.1453,-0.0674,0.0306,-0.1326,-0.0486
3,Right Click (L-Shape),0.0,0.0,0.0,-0.0617,-0.0238,-0.0355,-0.1268,-0.0894,-0.0605,-0.1851,-0.1305,-0.0857,-0.2318,-0.1553,-0.1106,-0.0831,-0.235,-0.0387,-0.0845,-0.3392,-0.0756,-0.0829,-0.4069,-0.0963,-0.0781,-0.4676,-0.1103,-0.0356,-0.2364,-0.0412,-0.0322,-0.2569,-0.0943,-0.0377,-0.1637,-0.1004,-0.0393,-0.134,-0.0924,0.0126,-0.22,-0.0488,0.0124,-0.2217,-0.0982,-0.0006,-0.1413,-0.0829,-0.0066,-0.1277,-0.0606,0.0581,-0.1939,-0.0599,0.0574,-0.2064,-0.0861,0.039,-0.1477,-0.0705,0.03,-0.1317,-0.052
3,Right Click (L-Shape),0.0,0.0,0.0,-0.0608,-0.0237,-0.0339,-0.1259,-0.0884,-0.0579,-0.1825,-0.1276,-0.0822,-0.227,-0.1506,-0.1058,-0.0832,-0.2358,-0.0367,-0.0842,-0.3378,-0.0723,-0.0818,-0.4052,-0.0907,-0.0761,-0.4642,-0.1027,-0.0351,-0.2382,-0.0392,-0.0334,-0.2509,-0.0878,-0.039,-0.1602,-0.0905,-0.0395,-0.14,-0.0808,0.0139,-0.2219,-0.047,0.0111,-0.2136,-0.0933,-0.0008,-0.1358,-0.0766,-0.0045,-0.1322,-0.0542,0.0595,-0.1969,-0.0582,0.0532,-0.1981,-0.0817,0.0384,-0.1409,-0.065,0.0354,-0.1337,-0.0462
3,Right Click (L-Shape),0.0,0.0,0.0,-0.0615,-0.0236,-0.0335,-0.128,-0.0905,-0.057,-0.1873,-0.1298,-0.0808,-0.2344,-0.1494,-0.1044,-0.0849,-0.2348,-0.0373,-0.0853,-0.3399,-0.0729,-0.0836,-0.4073,-0.0927,-0.0794,-0.4678,-0.1064,-0.0365,-0.2378,-0.0404,-0.0336,-0.2555,-0.0909,-0.0392,-0.1646,-0.0962,-0.0404,-0.1376,-0.0885,0.0124,-0.2216,-0.0484,0.0114,-0.2194,-0.0955,-0.0008,-0.1413,-0.0797,-0.0053,-0.1297,-0.0578,0.0578,-0.1953,-0.0597,0.056,-0.2026,-0.0844,0.0391,-0.1445,-0.0683,0.0326,-0.1305,-0.0498
3,Right Click (L-Shape),0.0,0.0,0.0,-0.0606,-0.0275,-0.0325,-0.1241,-0.0961,-0.0552,-0.1797,-0.1382,-0.0781,-0.2271,-0.162,-0.1008,-0.0702,-0.2326,-0.036,-0.0752,-0.3368,-0.0674,-0.0756,-0.4014,-0.0862,-0.0733,-0.461,-0.1001,-0.0225,-0.2312,-0.0395,-0.0302,-0.2522,-0.0897,-0.0332,-0.1662,-0.0984,-0.0287,-0.1289,-0.0929,0.0235,-0.2117,-0.0472,0.0129,-0.2131,-0.0936,0.004,-0.1381,-0.0812,0.0042,-0.1176,-0.0615,0.0676,-0.184,-0.0579,0.0571,-0.1976,-0.0826,0.0415,-0.1404,-0.0681,0.0375,-0.1203,-0.0511
3,Right Click (L-Shape),0.0,0.0,0.0,-0.0613,-0.0328,-0.0273,-0.1281,-0.1088,-0.047,-0.1873,-0.1537,-0.0684,-0.2351,-0.1765,-0.0894,-0.0709,-0.238,-0.0245,-0.0749,-0.3398,-0.054,-0.0755,-0.4065,-0.069,-0.0719,-0.4625,-0.0798,-0.0245,-0.2363,-0.0297,-0.0438,-0.2609,-0.0754,-0.0456,-0.1742,-0.0777,-0.0319,-0.1477,-0.0677,0.0215,-0.2178,-0.0401,-0.0012,-0.2174,-0.0818,-0.0078,-0.1443,-0.0647,0.0028,-0.1351,-0.0426,0.0653,-0.19,-0.0534,0.0417,-0.1966,-0.073,0.029,-0.1447,-0.0562,0.0363,-0.1351,-0.0385
3,Right Click (L-Shape),0.0,0.0,0.0,-0.0648,-0.0311,-0.0246,-0.1363,-0.1048,-0.0436,-0.1962,-0.1484,-0.0651,-0.2422,-0.1701,-0.0865,-0.0769,-0.233,-0.025,-0.0831,-0.3431,-0.0526,-0.0831,-0.4121,-0.0656,-0.0832,-0.469,-0.0755,-0.03,-0.2358,-0.0319,-0.0549,-0.2618,-0.0791,-0.0542,-0.1746,-0.0823,-0.0412,-0.1403,-0.0726,0.0159,-0.2221,-0.0431,-0.0125,-0.2162,-0.0853,-0.015,-0.1422,-0.0694,-0.0039,-0.1276,-0.0481,0.0606,-0.1994,-0.057,0.0341,-0.2043,-0.0763,0.0224,-0.1511,-0.0602,0.0279,-0.138,-0.043
3,Right Click (L-Shape),0.0,0.0,0.0,-0.0627,-0.0327,-0.0251,-0.1332,-0.1033,-0.045,-0.1928,-0.1462,-0.0679,-0.2402,-0.1702,-0.0903,-0.0715,-0.2315,-0.016,-0.0773,-0.3208,-0.0424,-0.0841,-0.3812,-0.0538,-0.0882,-0.4296,-0.0624,-0.0291,-0.2333,-0.0231,-0.061,-0.2601,-0.0668,-0.0611,-0.17,-0.0669,-0.0431,-0.1453,-0.055,0.0146,-0.2209,-0.0357,-0.0181,-0.2224,-0.0767,-0.0209,-0.1459,-0.058,-0.0057,-0.1386,-0.0348,0.0579,-0.1992,-0.0514,0.0275,-0.2051,-0.0697,0.0175,-0.1529,-0.0525,0.0287,-0.1458,-0.035
3,Right Click (L-Shape),0.0,0.0,0.0,-0.0648,-0.018,-0.03,-0.1347,-0.0731,-0.0559,-0.1924,-0.1048,-0.0829,-0.2425,-0.1195,-0.1105,-0.0816,-0.2236,-0.0402,-0.0837,-0.3304,-0.072,-0.0811,-0.4048,-0.0921,-0.078,-0.4658,-0.1071,-0.0348,-0.2299,-0.0453,-0.0532,-0.228,-0.0928,-0.0529,-0.1475,-0.0985,-0.0433,-0.1159,-0.0931,0.01,-0.2153,-0.0543,-0.0108,-0.2015,-0.0932,-0.014,-0.1317,-0.0756,-0.0095,-0.1125,-0.0563,0.0524,-0.1899,-0.067,0.0329,-0.1827,-0.0868,0.0215,-0.1287,-0.07,0.0214,-0.112,-0.053
3,Right Click (L-Shape),0.0,0.0,0.0,-0.0642,-0.0233,-0.0263,-0.1364,-0.0827,-0.0486,-0.199,-0.1125,-0.0722,-0.2499,-0.1229,-0.0965,-0.0833,-0.2186,-0.0356,-0.0976,-0.3236,-0.0701,-0.1004,-0.3938,-0.0937,-0.1003,-0.4569,-0.1115,-0.0356,-0.2278,-0.042,-0.0532,-0.2391,-0.0898,-0.0556,-0.1694,-0.0991,-0.0457,-0.1455,-0.0971,0.0096,-0.2143,-0.0521,-0.0093,-0.2018,-0.0906,-0.0168,-0.1382,-0.0764,-0.0097,-0.1271,-0.0597,0.051,-0.1901,-0.0657,0.0324,-0.1818,-0.0846,0.018,-0.1299,-0.0694,0.0202,-0.1177,-0.0543
3,Right Click (L-Shape),0.0,0.0,0.0,-0.0686,-0.0205,-0.0264,-0.1404,-0.0793,-0.0492,-0.2025,-0.1077,-0.0727,-0.2524,-0.1231,-0.0968,-0.0877,-0.2191,-0.0365,-0.1028,-0.3212,-0.0689,-0.1074,-0.3897,-0.0907,-0.1073,-0.4521,-0.1079,-0.0408,-0.231,-0.0424,-0.0629,-0.2328,-0.0845,-0.062,-0.159,-0.0896,-0.048,-0.1387,-0.0864,0.0044,-0.2182,-0.0521,-0.021,-0.1985,-0.0855,-0.025,-0.1319,-0.0675,-0.0146,-0.1247,-0.0508,0.0461,-0.1921,-0.0655,0.0193,-0.176,-0.0822,0.0107,-0.1221,-0.0659,0.0198,-0.1142,-0.051
3,Right Click (L-Shape),0.0,0.0,0.0,-0.0637,-0.0315,-0.024,-0.1314,-0.0986,-0.0429,-0.1927,-0.1346,-0.0641,-0.2447,-0.1409,-0.0862,-0.0816,-0.2165,-0.0266,-0.092,-0.3226,-0.0553,-0.0968,-0.3928,-0.0754,-0.1037,-0.4518,-0.0908,-0.0367,-0.221,-0.0342,-0.0517,-0.2579,-0.0786,-0.0698,-0.2171,-0.093,-0.0815,-0.195,-0.0946,0.008,-0.2094,-0.0448,-0.0128,-0.2199,-0.0842,-0.0197,-0.1596,-0.0757,-0.0185,-0.1318,-0.0611,0.0521,-0.1884,-0.0579,0.0322,-0.2016,-0.0777,0.0177,-0.1545,-0.0645,0.015,-0.1318,-0.05
3,Right Click (L-Shape),0.0,0.0,0.0,-0.065,-0.0309,-0.0256,-0.1316,-0.0951,-0.0456,-0.1922,-0.129,-0.0671,-0.2435,-0.142,-0.0892,-0.0815,-0.2131,-0.0283,-0.0912,-0.3133,-0.0565,-0.0942,-0.3789,-0.0763,-0.0967,-0.4348,-0.0913,-0.0379,-0.2175,-0.0336,-0.0531,-0.2479,-0.0756,-0.0683,-0.2018,-0.0877,-0.0765,-0.1806,-0.0884,0.0066,-0.2058,-0.0421,-0.0115,-0.2129,-0.0792,-0.0182,-0.1505,-0.0685,-0.0175,-0.1226,-0.0533,0.0506,-0.1843,-0.0536,0.0352,-0.1958,-0.0724,0.0184,-0.1477,-0.059,0.0123,-0.1229,-0.0447
3,Right Click (L-Shape),0.0,0.0,0.0,-0.0584,-0.0257,-0.0229,-0.1218,-0.0919,-0.0404,-0.1753,-0.1327,-0.0598,-0.2225,-0.1449,-0.0797,-0.0768,-0.2167,-0.0279,-0.0829,-0.3219,-0.0562,-0.0809,-0.3858,-0.0737,-0.0786,-0.4435,-0.0867,-0.0314,-0.2204,-0.0348,-0.0391,-0.2382,-0.0786,-0.0417,-0.1682,-0.0873,-0.0387,-0.1425,-0.0846,0.0136,-0.2081,-0.045,0.0044,-0.2117,-0.0836,-0.0035,-0.1487,-0.0717,-0.0034,-0.1337,-0.0558,0.0575,-0.1871,-0.0575,0.0463,-0.1992,-0.0769,0.0319,-0.1483,-0.062,0.0278,-0.1306,-0.0464
3,Right Click (L-Shape),0.0,0.0,0.0,-0.0583,-0.0257,-0.0248,-0.1186,-0.0903,-0.0447,-0.1739,-0.1297,-0.0664,-0.2201,-0.1441,-0.0886,-0.0764,-0.216,-0.0313,-0.0818,-0.3211,-0.0627,-0.0817,-0.3844,-0.0816,-0.0794,-0.4414,-0.0952,-0.0325,-0.2196,-0.0373,-0.0382,-0.2376,-0.0819,-0.0427,-0.1652,-0.0886,-0.0403,-0.1418,-0.0843,0.0121,-0.2076,-0.0469,0.0025,-0.21,-0.0856,-0.0061,-0.144,-0.0709,-0.0049,-0.1313,-0.0529,0.0556,-0.1868,-0.0593,0.0436,-0.1948,-0.0778,0.0289,-0.1435,-0.0617,0.0274,-0.128,-0.0451
3,Right Click (L-Shape),0.0,0.0,0.0,-0.0584,-0.0278,-0.0253,-0.1193,-0.0911,-0.0454,-0.1731,-0.1291,-0.0676,-0.2185,-0.1451,-0.0901,-0.0796,-0.2175,-0.0269,-0.0845,-0.3216,-0.058,-0.0827,-0.3844,-0.0757,-0.0787,-0.4414,-0.0881,-0.0347,-0.2168,-0.0334,-0.0415,-0.2473,-0.0792,-0.0425,-0.1684,-0.0853,-0.0384,-0.1416,-0.0795,0.0104,-0.2041,-0.044,-0.001,-0.217,-0.0868,-0.007,-0.1453,-0.0722,-0.0057,-0.1284,-0.0524,0.0541,-0.1826,-0.0572,0.0409,-0.2023,-0.0785,0.0274,-0.146,-0.0614,0.0243,-0.1254,-0.0434
3,Right Click (L-Shape),0.0,0.0,0.0,-0.0572,-0.0312,-0.0303,-0.1157,-0.0939,-0.0537,-0.1702,-0.1325,-0.0788,-0.2176,-0.1483,-0.1036,-0.0808,-0.2214,-0.0302,-0.0853,-0.3224,-0.0625,-0.0831,-0.3854,-0.079,-0.0776,-0.4408,-0.09,-0.0349,-0.2193,-0.0346,-0.0319,-0.2504,-0.0815,-0.0349,-0.1675,-0.0855,-0.0377,-0.1438,-0.0771,0.0115,-0.2055,-0.0438,0.0099,-0.2132,-0.0893,0.0013,-0.1416,-0.0748,-0.0048,-0.1277,-0.0539,0.0547,-0.183,-0.0557,0.0506,-0.2001,-0.0796,0.0351,-0.146,-0.064,0.0249,-0.1282,-0.0464
3,Right Click (L-Shape),0.0,0.0,0.0,-0.0573,-0.0295,-0.0355,-0.1168,-0.0927,-0.0616,-0.1724,-0.1367,-0.0887,-0.2215,-0.1545,-0.115,-0.0827,-0.2235,-0.0314,-0.0861,-0.3204,-0.0654,-0.0846,-0.384,-0.0819,-0.0804,-0.4382,-0.0923,-0.0387,-0.221,-0.0333,-0.0321,-0.2508,-0.0817,-0.0349,-0.1657,-0.0846,-0.0404,-0.1482,-0.0744,0.0069,-0.2086,-0.0409,0.0108,-0.2187,-0.088,0.0015,-0.1458,-0.0724,-0.0083,-0.1357,-0.05,0.0494,-0.1875,-0.0519,0.0511,-0.2036,-0.0773,0.0363,-0.1488,-0.0623,0.0244,-0.1324,-0.0444
3,Right Click (L-Shape),0.0,0.0,0.0,-0.0559,-0.0257,-0.0332,-0.1143,-0.09,-0.0581,-0.167,-0.1346,-0.084,-0.2159,-0.1543,-0.1091,-0.0824,-0.2213,-0.0327,-0.0851,-0.3195,-0.0673,-0.0821,-0.3829,-0.0845,-0.0755,-0.439,-0.0955,-0.0379,-0.2176,-0.0354,-0.0334,-0.2485,-0.0822,-0.035,-0.1646,-0.0842,-0.039,-0.1508,-0.0748,0.0083,-0.2051,-0.0436,0.008,-0.2181,-0.0887,-0.0004,-0.1444,-0.0713,-0.0088,-0.1373,-0.0491,0.0512,-0.1854,-0.0552,0.0492,-0.2023,-0.0797,0.0348,-0.1464,-0.0637,0.0249,-0.132,-0.0458
3,Right Click (L-Shape),0.0,0.0,0.0,-0.0548,-0.027,-0.0357,-0.1126,-0.0901,-0.0625,-0.1657,-0.1364,-0.0901,-0.2141,-0.1579,-0.1164,-0.0814,-0.2228,-0.0319,-0.0832,-0.3174,-0.0679,-0.081,-0.3808,-0.0847,-0.0753,-0.436,-0.0946,-0.0384,-0.2168,-0.034,-0.0356,-0.2504,-0.081,-0.0383,-0.165,-0.0809,-0.0421,-0.1552,-0.0689,0.0067,-0.2037,-0.0425,0.0058,-0.2217,-0.0889,-0.0026,-0.1463,-0.0702,-0.0094,-0.1428,-0.0462,0.0497,-0.1853,-0.0546,0.047,-0.2045,-0.0795,0.0347,-0.1476,-0.0627,0.0285,-0.1347,-0.0436
3,Right Click (L-Shape),0.0,0.0,0.0,-0.056,-0.0264,-0.0371,-0.1123,-0.087,-0.0636,-0.1628,-0.1321,-0.0905,-0.2087,-0.157,-0.1161,-0.0827,-0.2198,-0.0356,-0.0835,-0.3173,-0.0706,-0.0786,-0.3813,-0.0876,-0.0723,-0.4363,-0.0978,-0.0387,-0.2151,-0.0361,-0.0259,-0.2461,-0.0842,-0.0274,-0.1611,-0.0868,-0.0375,-0.1438,-0.0768,0.0069,-0.2023,-0.0422,0.0164,-0.2151,-0.0904,0.0082,-0.1413,-0.0755,-0.0061,-0.131,-0.0535,0.0486,-0.182,-0.0516,0.0578,-0.2031,-0.0792,0.044,-0.1479,-0.0652,0.028,-0.1307,-0.0477
3,Right Click (L-Shape),0.0,0.0,0.0,-0.0529,-0.0303,-0.0396,-0.1052,-0.0872,-0.068,-0.1538,-0.1339,-0.0961,-0.1982,-0.1644,-0.1213,-0.0795,-0.2281,-0.038,-0.0806,-0.3202,-0.0829,-0.0766,-0.3843,-0.1053,-0.0675,-0.442,-0.1165,-0.036,-0.2168,-0.0366,-0.0287,-0.2479,-0.0842,-0.0337,-0.16,-0.0814,-0.0417,-0.1572,-0.0675,0.0095,-0.2022,-0.0427,0.0129,-0.2205,-0.0913,0.0015,-0.1439,-0.0723,-0.0088,-0.1449,-0.0471,0.052,-0.184,-0.0528,0.0554,-0.2058,-0.0786,0.0392,-0.1506,-0.062,0.0284,-0.1384,-0.0421
3,Right Click (L-Shape),0.0,0.0,0.0,-0.0508,-0.0281,-0.0376,-0.1053,-0.0883,-0.0648,-0.154,-0.1353,-0.0925,-0.1982,-0.1634,-0.1185,-0.0772,-0.2238,-0.0341,-0.0786,-0.3194,-0.0714,-0.0746,-0.3826,-0.089,-0.0672,-0.4384,-0.0989,-0.0347,-0.2137,-0.0347,-0.0279,-0.2498,-0.083,-0.0309,-0.163,-0.0832,-0.0365,-0.1533,-0.0711,0.0097,-0.1987,-0.042,0.0139,-0.2196,-0.0906,0.0028,-0.1437,-0.0734,-0.0072,-0.1403,-0.0495,0.0511,-0.1795,-0.0528,0.0546,-0.2067,-0.0801,0.0397,-0.1502,-0.0649,0.0294,-0.1351,-0.0464
3,Right Click (L-Shape),0.0,0.0,0.0,-0.0531,-0.0306,-0.0398,-0.1039,-0.0882,-0.0676,-0.1531,-0.1336,-0.0951,-0.1987,-0.1628,-0.1198,-0.0814,-0.2257,-0.0358,-0.0818,-0.3194,-0.079,-0.0771,-0.3816,-0.0995,-0.068,-0.44,-0.1094,-0.0391,-0.2143,-0.0338,-0.0313,-0.2507,-0.0811,-0.0362,-0.1616,-0.0774,-0.0439,-0.1594,-0.0622,0.0054,-0.2011,-0.0395,0.0102,-0.2233,-0.0888,-0.0014,-0.1439,-0.0698,-0.0125,-0.1461,-0.0439,0.0467,-0.1856,-0.049,0.051,-0.2079,-0.0756,0.0357,-0.1496,-0.0593,0.0254,-0.1378,-0.0395
3,Right Click (L-Shape),0.0,0.0,0.0,-0.0517,-0.0305,-0.0373,-0.1035,-0.0899,-0.0638,-0.1532,-0.1332,-0.0908,-0.1986,-0.1606,-0.1156,-0.0803,-0.2243,-0.0331,-0.0808,-0.3191,-0.073,-0.0758,-0.3818,-0.0921,-0.0663,-0.4394,-0.1021,-0.0384,-0.2144,-0.033,-0.0304,-0.2495,-0.0801,-0.0338,-0.162,-0.0788,-0.0401,-0.157,-0.0658,0.0062,-0.2005,-0.04,0.0119,-0.2212,-0.0883,0.0005,-0.144,-0.0707,-0.0102,-0.1442,-0.0465,0.0479,-0.1828,-0.0507,0.0525,-0.2081,-0.0769,0.0374,-0.1512,-0.0613,0.0273,-0.1379,-0.0423
3,Right Click (L-Shape),0.0,0.0,0.0,-0.0532,-0.033,-0.037,-0.1042,-0.0906,-0.064,-0.1555,-0.1337,-0.0917,-0.201,-0.1606,-0.1172,-0.0798,-0.2257,-0.0325,-0.0791,-0.318,-0.0735,-0.0743,-0.3794,-0.0924,-0.0644,-0.4355,-0.1015,-0.0369,-0.2138,-0.0319,-0.03,-0.2475,-0.0762,-0.0349,-0.1592,-0.071,-0.0417,-0.158,-0.0554,0.0079,-0.1991,-0.0391,0.0124,-0.2199,-0.086,-0.0,-0.1417,-0.0663,-0.0104,-0.143,-0.0407,0.049,-0.1811,-0.0498,0.0533,-0.2064,-0.0753,0.037,-0.1495,-0.0587,0.0274,-0.1354,-0.039
3,Right Click (L-Shape),0.0,0.0,0.0,-0.0525,-0.03,-0.0392,-0.1048,-0.0879,-0.0667,-0.154,-0.1338,-0.0942,-0.1982,-0.1636,-0.119,-0.0808,-0.2243,-0.0337,-0.0793,-0.317,-0.0747,-0.0741,-0.3783,-0.0932,-0.0647,-0.4347,-0.102,-0.0383,-0.2122,-0.0322,-0.0298,-0.2479,-0.0783,-0.034,-0.1601,-0.0746,-0.0416,-0.1592,-0.0595,0.0061,-0.1983,-0.0384,0.0125,-0.2201,-0.0873,0.0007,-0.1417,-0.0689,-0.0108,-0.1443,-0.0435,0.0475,-0.1815,-0.0483,0.0527,-0.2063,-0.0752,0.0375,-0.1484,-0.0595,0.0269,-0.1352,-0.0401
3,Right Click (L-Shape),0.0,0.0,0.0,-0.0545,-0.0362,-0.0389,-0.1042,-0.0959,-0.0654,-0.156,-0.141,-0.0918,-0.2038,-0.1677,-0.1152,-0.0803,-0.2294,-0.0317,-0.0788,-0.3223,-0.0735,-0.0734,-0.3833,-0.0926,-0.0642,-0.4397,-0.101,-0.0369,-0.217,-0.0295,-0.0257,-0.2506,-0.0737,-0.0305,-0.1607,-0.0678,-0.0407,-0.1595,-0.0512,0.008,-0.2027,-0.0356,0.0162,-0.2222,-0.0841,0.0038,-0.1427,-0.0657,-0.0104,-0.1453,-0.0401,0.0485,-0.1855,-0.0452,0.0565,-0.2072,-0.0715,0.0402,-0.1502,-0.0555,0.0267,-0.1371,-0.0358
3,Right Click (L-Shape),0.0,0.0,0.0,-0.0544,-0.0364,-0.0403,-0.107,-0.0982,-0.0673,-0.1595,-0.144,-0.0942,-0.2068,-0.1749,-0.1182,-0.0781,-0.229,-0.0313,-0.0776,-0.3218,-0.0702,-0.0729,-0.3823,-0.0873,-0.0642,-0.4381,-0.0956,-0.0351,-0.2171,-0.0296,-0.0247,-0.2509,-0.0752,-0.0301,-0.1633,-0.072,-0.0388,-0.1595,-0.0573,0.009,-0.2021,-0.0357,0.0172,-0.221,-0.0847,0.0044,-0.1433,-0.0679,-0.0085,-0.1452,-0.0435,0.0494,-0.1839,-0.0454,0.0573,-0.207,-0.0726,0.041,-0.1503,-0.0579,0.028,-0.1371,-0.0393
3,Right Click (L-Shape),0.0,0.0,0.0,-0.0556,-0.0432,-0.0414,-0.1036,-0.1038,-0.0677,-0.1551,-0.1472,-0.0931,-0.2036,-0.1782,-0.1148,-0.0797,-0.2358,-0.0305,-0.0784,-0.3267,-0.0729,-0.0742,-0.3866,-0.0924,-0.0652,-0.444,-0.1008,-0.0361,-0.2218,-0.0268,-0.0267,-0.254,-0.0701,-0.0339,-0.165,-0.0642,-0.0421,-0.1665,-0.0478,0.0086,-0.205,-0.0321,0.016,-0.2233,-0.0803,0.0014,-0.1463,-0.0634,-0.011,-0.152,-0.0385,0.0493,-0.1851,-0.0412,0.0571,-0.2092,-0.0664,0.0384,-0.1551,-0.0509,0.0249,-0.1416,-0.0316
3,Right Click (L-Shape),0.0,0.0,0.0,-0.0535,-0.037,-0.0391,-0.1048,-0.101,-0.0658,-0.1548,-0.1452,-0.0928,-0.201,-0.175,-0.1176,-0.0761,-0.2266,-0.0318,-0.0758,-0.3204,-0.0698,-0.0711,-0.3816,-0.0867,-0.0631,-0.4372,-0.0953,-0.0323,-0.2162,-0.0311,-0.0233,-0.2506,-0.0787,-0.0289,-0.1641,-0.078,-0.0367,-0.1589,-0.0648,0.0126,-0.2005,-0.0377,0.0197,-0.217,-0.0871,0.006,-0.1428,-0.0712,-0.007,-0.1446,-0.0477,0.0534,-0.1803,-0.0478,0.0604,-0.2044,-0.0749,0.0439,-0.1502,-0.0604,0.0304,-0.1369,-0.0421
3,Right Click (L-Shape),0.0,0.0,0.0,-0.0565,-0.042,-0.0384,-0.1038,-0.1027,-0.0639,-0.1545,-0.1465,-0.0886,-0.2005,-0.1773,-0.1099,-0.0773,-0.2361,-0.0315,-0.0779,-0.3282,-0.0734,-0.0744,-0.3891,-0.0933,-0.066,-0.4454,-0.102,-0.0338,-0.2222,-0.0293,-0.025,-0.2549,-0.0708,-0.0311,-0.1633,-0.0635,-0.0396,-0.158,-0.0466,0.0109,-0.2048,-0.0355,0.0178,-0.2237,-0.0815,0.005,-0.1449,-0.0632,-0.0079,-0.1469,-0.0382,0.0509,-0.1839,-0.0453,0.0587,-0.2096,-0.0689,0.0422,-0.154,-0.0518,0.0297,-0.1397,-0.0318
3,Right Click (L-Shape),0.0,0.0,0.0,-0.054,-0.0386,-0.0402,-0.1029,-0.1012,-0.0678,-0.1535,-0.1485,-0.0953,-0.1986,-0.1818,-0.1201,-0.0744,-0.2313,-0.0337,-0.0754,-0.3251,-0.0745,-0.0712,-0.3868,-0.093,-0.0623,-0.4426,-0.1018,-0.0314,-0.2208,-0.0316,-0.0225,-0.2539,-0.0784,-0.0278,-0.1646,-0.0749,-0.0349,-0.1574,-0.0593,0.0129,-0.2049,-0.0373,0.0211,-0.2202,-0.0869,0.0075,-0.1441,-0.0698,-0.0048,-0.1448,-0.0447,0.0531,-0.1846,-0.0466,0.0613,-0.2077,-0.0735,0.0445,-0.1527,-0.0581,0.0317,-0.1382,-0.0387
3,Right Click (L-Shape),0.0,0.0,0.0,-0.0552,-0.0399,-0.0357,-0.1049,-0.1023,-0.0612,-0.157,-0.1466,-0.0872,-0.2016,-0.1774,-0.1105,-0.0766,-0.2354,-0.0294,-0.077,-0.3308,-0.0715,-0.0723,-0.393,-0.0922,-0.0626,-0.4494,-0.1022,-0.0338,-0.2215,-0.0289,-0.0241,-0.2557,-0.0762,-0.0294,-0.1655,-0.0736,-0.0376,-0.1584,-0.0588,0.011,-0.2046,-0.036,0.0182,-0.2236,-0.0845,0.0052,-0.1457,-0.0666,-0.007,-0.145,-0.0413,0.0506,-0.1841,-0.0464,0.0586,-0.2101,-0.0726,0.0415,-0.1534,-0.0565,0.0295,-0.1388,-0.0366
3,Right Click (L-Shape),0.0,0.0,0.0,-0.0532,-0.0375,-0.0384,-0.1038,-0.1014,-0.0646,-0.1553,-0.1472,-0.091,-0.1996,-0.1786,-0.1149,-0.0752,-0.2325,-0.0324,-0.0758,-0.3277,-0.074,-0.071,-0.3901,-0.0947,-0.0615,-0.4468,-0.1052,-0.0327,-0.2205,-0.0309,-0.0216,-0.2562,-0.0792,-0.0275,-0.1688,-0.0785,-0.0364,-0.161,-0.0653,0.0114,-0.2041,-0.037,0.0197,-0.2236,-0.0866,0.0066,-0.1476,-0.0703,-0.0061,-0.1467,-0.046,0.0512,-0.1836,-0.0465,0.0591,-0.2105,-0.0737,0.0427,-0.1548,-0.0586,0.0303,-0.1398,-0.0394
3,Right Click (L-Shape),0.0,0.0,0.0,-0.054,-0.0387,-0.0395,-0.1031,-0.1021,-0.0668,-0.1544,-0.149,-0.0944,-0.1997,-0.1796,-0.1196,-0.0745,-0.2338,-0.0328,-0.0749,-0.3276,-0.0744,-0.0701,-0.3906,-0.0942,-0.0605,-0.4468,-0.1038,-0.0318,-0.2223,-0.0311,-0.0242,-0.2578,-0.0779,-0.0307,-0.1693,-0.0748,-0.0378,-0.1631,-0.0598,0.0122,-0.2061,-0.0372,0.0181,-0.2253,-0.0861,0.0041,-0.1486,-0.0683,-0.007,-0.1477,-0.043,0.0521,-0.1856,-0.047,0.0581,-0.2107,-0.0735,0.0405,-0.1559,-0.0578,0.0291,-0.1411,-0.0382
3,Right Click (L-Shape),0.0,0.0,0.0,-0.0538,-0.0382,-0.0376,-0.1044,-0.1041,-0.0636,-0.1553,-0.1495,-0.0901,-0.2003,-0.1786,-0.1146,-0.0746,-0.2338,-0.031,-0.0745,-0.3291,-0.0704,-0.0696,-0.3917,-0.0897,-0.0603,-0.448,-0.1,-0.0319,-0.2226,-0.0305,-0.024,-0.2598,-0.0789,-0.0299,-0.1721,-0.079,-0.0359,-0.1623,-0.0661,0.0124,-0.2058,-0.0373,0.0177,-0.2251,-0.086,0.0039,-0.1491,-0.0695,-0.0063,-0.1466,-0.0454,0.0526,-0.1846,-0.0477,0.0581,-0.2096,-0.0747,0.0405,-0.1549,-0.0601,0.0293,-0.1413,-0.0415
3,Right Click (L-Shape),0.0,0.0,0.0,-0.0512,-0.0324,-0.0383,-0.1028,-0.0923,-0.0656,-0.1529,-0.1323,-0.0933,-0.1994,-0.154,-0.1191,-0.0743,-0.2262,-0.0345,-0.0748,-0.322,-0.0732,-0.0707,-0.3841,-0.0898,-0.0628,-0.4413,-0.0981,-0.0301,-0.218,-0.034,-0.0183,-0.2502,-0.0814,-0.0243,-0.1622,-0.0789,-0.0327,-0.159,-0.0645,0.0147,-0.2035,-0.0406,0.0244,-0.2167,-0.0901,0.01,-0.1417,-0.0732,-0.0037,-0.1445,-0.049,0.0551,-0.1845,-0.0507,0.0637,-0.2047,-0.0781,0.0473,-0.1486,-0.0632,0.0336,-0.1363,-0.0446
3,Right Click (L-Shape),0.0,0.0,0.0,-0.0514,-0.034,-0.0379,-0.1032,-0.0944,-0.0641,-0.1555,-0.1333,-0.0903,-0.2022,-0.1531,-0.1143,-0.0782,-0.2312,-0.0335,-0.0793,-0.328,-0.0744,-0.0755,-0.3918,-0.0932,-0.0676,-0.45,-0.1024,-0.0354,-0.2214,-0.0323,-0.0231,-0.256,-0.0793,-0.0284,-0.1669,-0.0767,-0.0383,-0.1635,-0.0622,0.0097,-0.207,-0.0383,0.0195,-0.2254,-0.0873,0.0064,-0.1485,-0.07,-0.0074,-0.1501,-0.0455,0.0504,-0.1882,-0.0478,0.0595,-0.2121,-0.0747,0.0434,-0.1558,-0.0594,0.0297,-0.1418,-0.0402
3,Right Click (L-Shape),0.0,0.0,0.0,-0.0517,-0.03,-0.0359,-0.1071,-0.0889,-0.0607,-0.1594,-0.123,-0.0862,-0.2058,-0.1412,-0.1099,-0.0799,-0.2287,-0.0311,-0.0823,-0.3259,-0.0676,-0.0798,-0.389,-0.0841,-0.0738,-0.4459,-0.0931,-0.0357,-0.2192,-0.032,-0.025,-0.2543,-0.0792,-0.0288,-0.1651,-0.0789,-0.0374,-0.1579,-0.0665,0.0103,-0.2042,-0.0396,0.0191,-0.2238,-0.0877,0.0068,-0.1464,-0.0715,-0.0071,-0.1458,-0.0485,0.0522,-0.1843,-0.0506,0.0614,-0.2112,-0.0776,0.0457,-0.1534,-0.0628,0.0317,-0.1384,-0.0446
3,Right Click (L-Shape),0.0,0.0,0.0,-0.0525,-0.0317,-0.0391,-0.1059,-0.0884,-0.0648,-0.159,-0.1244,-0.0902,-0.2051,-0.1446,-0.1132,-0.0827,-0.2296,-0.034,-0.0842,-0.3252,-0.0745,-0.0814,-0.3892,-0.0941,-0.0755,-0.4476,-0.1044,-0.039,-0.2205,-0.0322,-0.0259,-0.2566,-0.0787,-0.0298,-0.1673,-0.0772,-0.0422,-0.1601,-0.0639,0.0071,-0.207,-0.0377,0.0178,-0.228,-0.0862,0.0062,-0.1492,-0.0699,-0.0103,-0.1477,-0.0461,0.0484,-0.1884,-0.0468,0.0596,-0.2151,-0.0737,0.0447,-0.1569,-0.0586,0.0292,-0.1404,-0.0398
3,Right Click (L-Shape),0.0,0.0,0.0,-0.0516,-0.029,-0.0393,-0.1068,-0.0865,-0.0657,-0.1598,-0.1212,-0.0919,-0.2066,-0.1403,-0.116,-0.0821,-0.2288,-0.0349,-0.0835,-0.325,-0.074,-0.0804,-0.3895,-0.0916,-0.0738,-0.4476,-0.1005,-0.0381,-0.2194,-0.0337,-0.024,-0.2537,-0.0813,-0.0291,-0.1637,-0.0795,-0.0412,-0.1573,-0.0654,0.008,-0.2054,-0.0396,0.0192,-0.2238,-0.089,0.0066,-0.1451,-0.0726,-0.0099,-0.1453,-0.0486,0.0496,-0.1868,-0.049,0.0604,-0.211,-0.0769,0.0453,-0.1525,-0.0621,0.03,-0.1379,-0.0434
3,Right Click (L-Shape),0.0,0.0,0.0,-0.0515,-0.03,-0.0361,-0.1064,-0.0889,-0.0611,-0.1604,-0.1215,-0.0865,-0.2068,-0.1392,-0.1101,-0.0803,-0.2271,-0.0324,-0.0824,-0.3238,-0.0715,-0.0799,-0.3867,-0.0903,-0.073,-0.4454,-0.1007,-0.036,-0.2186,-0.0327,-0.0267,-0.2536,-0.0807,-0.0308,-0.1656,-0.0809,-0.0384,-0.1593,-0.0687,0.0101,-0.2044,-0.0398,0.0165,-0.222,-0.0881,0.0038,-0.1455,-0.0721,-0.0089,-0.147,-0.0491,0.0519,-0.1854,-0.0503,0.058,-0.2093,-0.0766,0.0422,-0.1521,-0.0617,0.0298,-0.1391,-0.0435
3,Right Click (L-Shape),0.0,0.0,0.0,-0.0521,-0.0294,-0.0386,-0.107,-0.0866,-0.065,-0.1608,-0.1201,-0.0914,-0.2083,-0.1395,-0.1155,-0.0819,-0.2261,-0.0346,-0.0835,-0.322,-0.0755,-0.0811,-0.385,-0.0951,-0.0743,-0.4441,-0.1055,-0.0375,-0.2169,-0.0337,-0.026,-0.2513,-0.0826,-0.0307,-0.1624,-0.0824,-0.0399,-0.1571,-0.0696,0.009,-0.2028,-0.0401,0.0174,-0.2212,-0.0895,0.0045,-0.1437,-0.0731,-0.0092,-0.1453,-0.0493,0.0509,-0.1846,-0.05,0.0591,-0.2081,-0.0771,0.0429,-0.1501,-0.0622,0.0294,-0.1366,-0.0435
3,Right Click (L-Shape),0.0,0.0,0.0,-0.0525,-0.0321,-0.0376,-0.106,-0.0871,-0.0649,-0.1604,-0.1209,-0.0926,-0.207,-0.1405,-0.1186,-0.0807,-0.2279,-0.0341,-0.0841,-0.3258,-0.0736,-0.0821,-0.3911,-0.0935,-0.0756,-0.4483,-0.1044,-0.0369,-0.2185,-0.0339,-0.0249,-0.2541,-0.0827,-0.0292,-0.1643,-0.0832,-0.0385,-0.1505,-0.0708,0.0089,-0.2033,-0.0404,0.0188,-0.2254,-0.0894,0.0061,-0.1478,-0.0731,-0.008,-0.1405,-0.0492,0.0497,-0.1823,-0.0504,0.0607,-0.2127,-0.078,0.0442,-0.1548,-0.0628,0.0298,-0.1357,-0.0436
3,Right Click (L-Shape),0.0,0.0,0.0,-0.0522,-0.0303,-0.0364,-0.1068,-0.0871,-0.062,-0.1606,-0.1215,-0.088,-0.2058,-0.1402,-0.1128,-0.0806,-0.2258,-0.0337,-0.084,-0.3251,-0.0707,-0.0815,-0.3893,-0.0898,-0.0758,-0.447,-0.1012,-0.0373,-0.2185,-0.0342,-0.0264,-0.2555,-0.0833,-0.0303,-0.1691,-0.0868,-0.0396,-0.1527,-0.0772,0.008,-0.2036,-0.0409,0.0167,-0.2252,-0.09,0.0046,-0.1484,-0.076,-0.0095,-0.1393,-0.0541,0.0492,-0.1824,-0.0507,0.0588,-0.2127,-0.0788,0.0432,-0.1552,-0.0647,0.0285,-0.1359,-0.0467
3,Right Click (L-Shape),0.0,0.0,0.0,-0.0532,-0.0324,-0.0374,-0.1074,-0.0902,-0.0638,-0.1611,-0.1251,-0.0906,-0.208,-0.1449,-0.1153,-0.0803,-0.2306,-0.0324,-0.0822,-0.3284,-0.0707,-0.0794,-0.3931,-0.088,-0.0723,-0.4503,-0.0969,-0.036,-0.2211,-0.0321,-0.022,-0.2563,-0.0789,-0.027,-0.1665,-0.0766,-0.0382,-0.1587,-0.0626,0.0102,-0.2063,-0.0389,0.0215,-0.226,-0.0866,0.0088,-0.1489,-0.0692,-0.0069,-0.1482,-0.0452,0.0509,-0.186,-0.0493,0.0619,-0.213,-0.0759,0.0462,-0.1557,-0.0604,0.0316,-0.14,-0.0416
3,Right Click (L-Shape),0.0,0.0,0.0,-0.053,-0.0332,-0.0395,-0.1067,-0.0905,-0.0661,-0.1612,-0.1265,-0.0924,-0.2078,-0.148,-0.1162,-0.081,-0.2318,-0.0343,-0.0834,-0.3284,-0.0757,-0.0813,-0.3927,-0.0952,-0.0742,-0.4505,-0.1048,-0.0371,-0.2218,-0.0324,-0.0264,-0.2571,-0.0793,-0.0317,-0.1663,-0.0764,-0.0413,-0.161,-0.0616,0.0086,-0.2078,-0.0381,0.0172,-0.2276,-0.087,0.004,-0.149,-0.0698,-0.01,-0.1497,-0.0452,0.0497,-0.1887,-0.0476,0.0586,-0.2158,-0.0741,0.0421,-0.1585,-0.0585,0.0282,-0.1425,-0.0392
3,Right Click (L-Shape),0.0,0.0,0.0,-0.053,-0.0329,-0.0384,-0.107,-0.0905,-0.0644,-0.1613,-0.1257,-0.0904,-0.2077,-0.1466,-0.1142,-0.0805,-0.2314,-0.0333,-0.083,-0.3276,-0.0737,-0.0809,-0.3913,-0.0926,-0.0734,-0.449,-0.102,-0.0366,-0.2215,-0.032,-0.0275,-0.2558,-0.0788,-0.0327,-0.1659,-0.0766,-0.041,-0.1608,-0.0625,0.0091,-0.2073,-0.0381,0.0159,-0.2257,-0.0864,0.0026,-0.1477,-0.0697,-0.0103,-0.1487,-0.0455,0.0503,-0.1883,-0.0479,0.0573,-0.2136,-0.0741,0.0407,-0.1568,-0.0588,0.028,-0.1418,-0.04
3,Right Click (L-Shape),0.0,0.0,0.0,-0.0536,-0.0313,-0.0364,-0.1076,-0.0888,-0.0621,-0.1612,-0.1235,-0.0882,-0.2077,-0.1434,-0.1121,-0.0803,-0.2273,-0.0327,-0.0825,-0.3244,-0.0726,-0.0806,-0.3877,-0.0909,-0.0741,-0.446,-0.1001,-0.0357,-0.2178,-0.0324,-0.0257,-0.2523,-0.079,-0.0303,-0.164,-0.0765,-0.0392,-0.1597,-0.0624,0.0103,-0.2042,-0.0392,0.0176,-0.2226,-0.0866,0.0051,-0.1461,-0.0692,-0.0082,-0.1485,-0.0452,0.0517,-0.1864,-0.0494,0.059,-0.2103,-0.0749,0.0431,-0.1529,-0.0592,0.0301,-0.1389,-0.0404
3,Right Click (L-Shape),0.0,0.0,0.0,-0.0536,-0.0337,-0.0398,-0.1054,-0.0887,-0.0676,-0.1602,-0.1244,-0.0952,-0.2078,-0.1459,-0.1201,-0.0812,-0.23,-0.0343,-0.0836,-0.3252,-0.0772,-0.0818,-0.3896,-0.0977,-0.0751,-0.448,-0.1076,-0.0368,-0.2199,-0.032,-0.0255,-0.2541,-0.0789,-0.0304,-0.1647,-0.0757,-0.0406,-0.16,-0.0608,0.0092,-0.2059,-0.0375,0.018,-0.2256,-0.0864,0.0054,-0.1484,-0.0691,-0.009,-0.1494,-0.0443,0.0504,-0.1874,-0.0467,0.0597,-0.2124,-0.0725,0.0433,-0.1554,-0.0563,0.0292,-0.1399,-0.0365
3,Right Click (L-Shape),0.0,0.0,0.0,-0.054,-0.0329,-0.0367,-0.1084,-0.0907,-0.0627,-0.1624,-0.1255,-0.0891,-0.2088,-0.1457,-0.1136,-0.0793,-0.2292,-0.0332,-0.083,-0.3257,-0.0724,-0.0814,-0.3894,-0.0913,-0.0744,-0.447,-0.1014,-0.0348,-0.2207,-0.0328,-0.0263,-0.2531,-0.0795,-0.0308,-0.1653,-0.0781,-0.038,-0.1575,-0.065,0.0112,-0.2054,-0.0394,0.0172,-0.222,-0.0869,0.0042,-0.1465,-0.0703,-0.0078,-0.1454,-0.0469,0.0521,-0.1849,-0.0495,0.0587,-0.209,-0.0758,0.0421,-0.1528,-0.061,0.0297,-0.1376,-0.0427
3,Right Click (L-Shape),0.0,0.0,0.0,-0.0536,-0.0321,-0.0381,-0.109,-0.0907,-0.0645,-0.1628,-0.1277,-0.0909,-0.2103,-0.1491,-0.1153,-0.0816,-0.2301,-0.0325,-0.0839,-0.3275,-0.0718,-0.0812,-0.3915,-0.0899,-0.0737,-0.4482,-0.099,-0.0367,-0.2197,-0.0314,-0.0243,-0.2548,-0.0792,-0.029,-0.164,-0.0775,-0.0394,-0.1571,-0.0636,0.0097,-0.2051,-0.0375,0.0199,-0.2249,-0.0864,0.0072,-0.1469,-0.0693,-0.008,-0.1462,-0.045,0.0503,-0.1861,-0.0471,0.0609,-0.2129,-0.0742,0.0456,-0.1544,-0.0587,0.0313,-0.1388,-0.0395
3,Right Click (L-Shape),0.0,0.0,0.0,-0.0541,-0.0335,-0.0363,-0.1094,-0.0938,-0.0613,-0.1633,-0.1293,-0.0869,-0.2105,-0.1496,-0.1109,-0.0816,-0.2296,-0.0303,-0.0841,-0.3262,-0.0674,-0.0819,-0.3899,-0.0845,-0.0755,-0.4472,-0.0936,-0.0371,-0.2216,-0.0305,-0.0279,-0.2569,-0.078,-0.0331,-0.1681,-0.0777,-0.0415,-0.1589,-0.0647,0.0089,-0.2075,-0.0376,0.0159,-0.2241,-0.086,0.0027,-0.148,-0.0706,-0.0106,-0.147,-0.0474,0.0506,-0.1884,-0.048,0.0573,-0.2129,-0.0744,0.0416,-0.1572,-0.0598,0.0289,-0.1431,-0.0415
3,Right Click (L-Shape),0.0,0.0,0.0,-0.0547,-0.0322,-0.0364,-0.1105,-0.0921,-0.0626,-0.1642,-0.1288,-0.0897,-0.2109,-0.151,-0.1152,-0.0794,-0.2288,-0.0314,-0.083,-0.3261,-0.0688,-0.0816,-0.3898,-0.0865,-0.0749,-0.4462,-0.0964,-0.0349,-0.2199,-0.0321,-0.0274,-0.2527,-0.081,-0.0315,-0.1634,-0.0816,-0.0375,-0.1537,-0.0694,0.0109,-0.2054,-0.0396,0.0156,-0.2221,-0.0884,0.0031,-0.1449,-0.0721,-0.0084,-0.1419,-0.0485,0.052,-0.186,-0.0506,0.0569,-0.209,-0.0776,0.0405,-0.1512,-0.0627,0.0282,-0.1362,-0.0442
3,Right Click (L-Shape),0.0,0.0,0.0,-0.0534,-0.0317,-0.0363,-0.1085,-0.0918,-0.0619,-0.1627,-0.1276,-0.0883,-0.2098,-0.1491,-0.1128,-0.0808,-0.2297,-0.0303,-0.0838,-0.3257,-0.0695,-0.0821,-0.3891,-0.088,-0.0746,-0.4463,-0.0977,-0.0366,-0.22,-0.0305,-0.0287,-0.2555,-0.0784,-0.0331,-0.165,-0.0775,-0.04,-0.1584,-0.0641,0.0093,-0.2054,-0.0377,0.015,-0.2251,-0.0862,0.0024,-0.1475,-0.0689,-0.0094,-0.1469,-0.0444,0.0505,-0.1856,-0.0485,0.0566,-0.2116,-0.0748,0.041,-0.1539,-0.059,0.0294,-0.1391,-0.0397
3,Right Click (L-Shape),0.0,0.0,0.0,-0.0539,-0.0314,-0.0371,-0.109,-0.0913,-0.0629,-0.1631,-0.1275,-0.0893,-0.2103,-0.1487,-0.1137,-0.0818,-0.2299,-0.0313,-0.0846,-0.3259,-0.0714,-0.0829,-0.3895,-0.09,-0.0755,-0.4465,-0.0995,-0.0377,-0.2205,-0.0308,-0.0294,-0.2554,-0.0785,-0.0341,-0.1644,-0.0765,-0.0416,-0.1589,-0.0622,0.0083,-0.2063,-0.0375,0.0144,-0.2251,-0.086,0.0017,-0.1473,-0.0683,-0.0107,-0.1473,-0.0435,0.0494,-0.187,-0.0479,0.0559,-0.2108,-0.0743,0.04,-0.1531,-0.0587,0.0277,-0.1386,-0.0395
3,Right Click (L-Shape),0.0,0.0,0.0,-0.0542,-0.033,-0.0378,-0.1078,-0.0908,-0.0645,-0.1622,-0.1281,-0.0915,-0.2099,-0.1509,-0.116,-0.0827,-0.23,-0.0328,-0.085,-0.3261,-0.0751,-0.0829,-0.3905,-0.0956,-0.076,-0.4485,-0.106,-0.0384,-0.2192,-0.032,-0.0277,-0.2566,-0.0791,-0.0321,-0.1665,-0.0763,-0.0418,-0.1612,-0.0618,0.0077,-0.205,-0.0388,0.0164,-0.2267,-0.0872,0.0042,-0.1486,-0.0689,-0.01,-0.1484,-0.0438,0.0487,-0.1859,-0.0493,0.0579,-0.2128,-0.0754,0.0421,-0.1552,-0.0589,0.0286,-0.139,-0.0391
3,Right Click (L-Shape),0.0,0.0,0.0,-0.0533,-0.0303,-0.0395,-0.1069,-0.0874,-0.066,-0.1605,-0.1247,-0.0919,-0.2078,-0.1474,-0.1151,-0.0821,-0.2285,-0.0353,-0.0855,-0.324,-0.0778,-0.0831,-0.3877,-0.0986,-0.076,-0.4457,-0.109,-0.0386,-0.2189,-0.0334,-0.0259,-0.2537,-0.0812,-0.0304,-0.1631,-0.0795,-0.0408,-0.1558,-0.0656,0.0071,-0.205,-0.0389,0.0174,-0.2244,-0.0884,0.0051,-0.146,-0.072,-0.0098,-0.1457,-0.0479,0.0488,-0.1865,-0.0481,0.0594,-0.2111,-0.0749,0.0432,-0.1537,-0.0595,0.0278,-0.1383,-0.0403
3,Right Click (L-Shape),0.0,0.0,0.0,-0.0534,-0.0325,-0.0384,-0.108,-0.0912,-0.0646,-0.1618,-0.1279,-0.091,-0.2101,-0.15,-0.115,-0.0803,-0.2299,-0.0329,-0.0844,-0.3259,-0.0724,-0.0818,-0.3893,-0.0905,-0.0742,-0.4462,-0.0995,-0.0364,-0.2198,-0.0319,-0.0253,-0.2537,-0.0792,-0.0303,-0.1635,-0.0776,-0.0397,-0.1573,-0.0637,0.0094,-0.2051,-0.0382,0.0185,-0.2225,-0.087,0.0054,-0.145,-0.071,-0.0092,-0.1461,-0.0474,0.051,-0.1863,-0.048,0.0596,-0.2099,-0.0745,0.0431,-0.1531,-0.0595,0.0286,-0.1389,-0.0408
3,Right Click (L-Shape),0.0,0.0,0.0,-0.0533,-0.0328,-0.0389,-0.1061,-0.0894,-0.0657,-0.1596,-0.1269,-0.0925,-0.2061,-0.1498,-0.1168,-0.0814,-0.2303,-0.0334,-0.0832,-0.326,-0.0755,-0.0812,-0.3894,-0.0961,-0.0738,-0.4478,-0.1064,-0.0368,-0.2202,-0.0318,-0.0267,-0.2555,-0.0793,-0.0322,-0.1657,-0.0772,-0.0411,-0.1594,-0.063,0.0091,-0.2055,-0.0378,0.0169,-0.2256,-0.0865,0.0039,-0.1476,-0.069,-0.0087,-0.1467,-0.0441,0.0501,-0.186,-0.0475,0.0585,-0.2131,-0.0736,0.0423,-0.1558,-0.0576,0.03,-0.1396,-0.0379
3,Right Click (L-Shape),0.0,0.0,0.0,-0.0535,-0.034,-0.0383,-0.1068,-0.0919,-0.0649,-0.1604,-0.1287,-0.0917,-0.2077,-0.1514,-0.1163,-0.0811,-0.2306,-0.0327,-0.0831,-0.3268,-0.0733,-0.0808,-0.3906,-0.0924,-0.0731,-0.4485,-0.1019,-0.0365,-0.221,-0.0315,-0.0268,-0.2544,-0.0787,-0.0324,-0.1647,-0.0766,-0.0411,-0.1596,-0.0624,0.0096,-0.2064,-0.0378,0.0172,-0.2238,-0.0862,0.0038,-0.1465,-0.069,-0.0091,-0.1471,-0.0445,0.0506,-0.187,-0.0478,0.0581,-0.2117,-0.0739,0.0417,-0.1548,-0.0582,0.0293,-0.1397,-0.0388
3,Right Click (L-Shape),0.0,0.0,0.0,-0.0546,-0.0331,-0.0379,-0.1079,-0.0912,-0.0632,-0.1622,-0.1281,-0.0884,-0.2092,-0.1494,-0.1108,-0.0845,-0.2324,-0.032,-0.087,-0.3291,-0.0738,-0.0843,-0.3922,-0.0936,-0.0764,-0.4502,-0.1031,-0.0397,-0.2218,-0.0301,-0.0283,-0.255,-0.0751,-0.0324,-0.165,-0.0709,-0.0427,-0.1623,-0.0558,0.0066,-0.208,-0.0359,0.0153,-0.2278,-0.0829,0.0034,-0.1489,-0.0646,-0.0108,-0.1504,-0.0399,0.0471,-0.1896,-0.0453,0.0562,-0.2143,-0.0708,0.0407,-0.1561,-0.0546,0.0274,-0.1402,-0.0351
3,Right Click (L-Shape),0.0,0.0,0.0,-0.0534,-0.0319,-0.0368,-0.108,-0.0913,-0.0621,-0.1613,-0.1281,-0.0879,-0.2082,-0.1492,-0.1115,-0.0823,-0.2309,-0.0308,-0.0854,-0.3274,-0.0699,-0.0827,-0.3902,-0.0876,-0.075,-0.4472,-0.0964,-0.038,-0.2211,-0.0302,-0.0276,-0.2537,-0.0764,-0.0316,-0.1651,-0.0742,-0.0411,-0.1622,-0.0604,0.0082,-0.2072,-0.0369,0.0154,-0.2251,-0.0845,0.0034,-0.1477,-0.0676,-0.0101,-0.1494,-0.0438,0.0493,-0.189,-0.0471,0.0564,-0.2118,-0.0734,0.0411,-0.1544,-0.0584,0.0283,-0.1401,-0.0398
3,Right Click (L-Shape),0.0,0.0,0.0,-0.0536,-0.0328,-0.0397,-0.1081,-0.091,-0.0662,-0.1611,-0.1285,-0.0926,-0.207,-0.1524,-0.1165,-0.0815,-0.2314,-0.0336,-0.0842,-0.3276,-0.0733,-0.0821,-0.3909,-0.0914,-0.0747,-0.4478,-0.1005,-0.0373,-0.2224,-0.0321,-0.0277,-0.2556,-0.08,-0.0333,-0.1657,-0.0786,-0.0416,-0.1589,-0.0645,0.0084,-0.2084,-0.038,0.0156,-0.2251,-0.0873,0.0025,-0.1475,-0.0712,-0.0104,-0.148,-0.0472,0.0496,-0.1894,-0.0477,0.0566,-0.2124,-0.0744,0.0402,-0.1556,-0.0596,0.0275,-0.1408,-0.0408
3,Right Click (L-Shape),0.0,0.0,0.0,-0.0532,-0.0324,-0.0388,-0.1078,-0.091,-0.065,-0.1611,-0.1288,-0.0912,-0.2074,-0.1517,-0.1152,-0.0814,-0.2309,-0.0329,-0.0839,-0.3271,-0.0722,-0.0818,-0.3902,-0.0902,-0.0744,-0.4469,-0.0991,-0.0375,-0.2219,-0.0318,-0.0281,-0.2557,-0.0796,-0.0338,-0.1659,-0.0783,-0.0421,-0.1589,-0.0643,0.0081,-0.2076,-0.038,0.0152,-0.2246,-0.0872,0.002,-0.147,-0.0712,-0.0107,-0.1473,-0.0472,0.0496,-0.1883,-0.0477,0.0566,-0.2114,-0.0744,0.0401,-0.1547,-0.0595,0.0272,-0.1401,-0.0407
3,Right Click (L-Shape),0.0,0.0,0.0,-0.052,-0.0318,-0.0385,-0.1059,-0.0905,-0.0651,-0.1592,-0.1278,-0.092,-0.2062,-0.1508,-0.1168,-0.0808,-0.2281,-0.033,-0.0833,-0.3241,-0.0731,-0.0806,-0.3868,-0.0913,-0.0724,-0.4443,-0.1003,-0.0357,-0.2178,-0.032,-0.0255,-0.2524,-0.0797,-0.0312,-0.1632,-0.0776,-0.0403,-0.1594,-0.0634,0.0106,-0.2035,-0.0384,0.0185,-0.2208,-0.0875,0.0048,-0.1438,-0.0705,-0.0094,-0.1463,-0.0463,0.0518,-0.1853,-0.0484,0.0591,-0.2082,-0.0752,0.043,-0.1509,-0.06,0.0297,-0.1374,-0.0412
3,Right Click (L-Shape),0.0,0.0,0.0,-0.0533,-0.0332,-0.038,-0.1067,-0.0907,-0.0657,-0.161,-0.1295,-0.0938,-0.2085,-0.1532,-0.1201,-0.08,-0.2286,-0.0335,-0.0834,-0.3239,-0.074,-0.0814,-0.3876,-0.0935,-0.0739,-0.4444,-0.1037,-0.0352,-0.2201,-0.0328,-0.0263,-0.2538,-0.0812,-0.0319,-0.1643,-0.0799,-0.0398,-0.1556,-0.0662,0.0108,-0.205,-0.0392,0.018,-0.2212,-0.0884,0.0041,-0.145,-0.0714,-0.0085,-0.1424,-0.0468,0.0513,-0.1846,-0.0493,0.0587,-0.208,-0.0761,0.0419,-0.1521,-0.0605,0.0294,-0.1365,-0.0411
3,Right Click (L-Shape),0.0,0.0,0.0,-0.0538,-0.03,-0.0375,-0.1095,-0.0884,-0.0641,-0.1619,-0.1261,-0.0912,-0.2081,-0.1477,-0.1167,-0.0784,-0.2265,-0.0325,-0.081,-0.3234,-0.0685,-0.0788,-0.3865,-0.0851,-0.0725,-0.4422,-0.0946,-0.0336,-0.2182,-0.033,-0.0232,-0.2525,-0.082,-0.0278,-0.1645,-0.0833,-0.0353,-0.1519,-0.0714,0.0119,-0.2026,-0.04,0.0205,-0.2194,-0.0894,0.0075,-0.1444,-0.0742,-0.0057,-0.1401,-0.0512,0.0527,-0.1815,-0.0504,0.0618,-0.2085,-0.0783,0.0462,-0.1522,-0.0639,0.0325,-0.1359,-0.0456
3,Right Click (L-Shape),0.0,0.0,0.0,-0.0561,-0.03,-0.0316,-0.1119,-0.0904,-0.0574,-0.1672,-0.126,-0.0851,-0.2149,-0.1436,-0.112,-0.0773,-0.2256,-0.0308,-0.0793,-0.3254,-0.0664,-0.0795,-0.3909,-0.0843,-0.0772,-0.4463,-0.0952,-0.0338,-0.2195,-0.034,-0.0294,-0.2483,-0.0816,-0.0311,-0.1638,-0.083,-0.0342,-0.151,-0.0723,0.0106,-0.2051,-0.043,0.0121,-0.2148,-0.0885,0.0021,-0.1434,-0.0715,-0.0063,-0.1385,-0.0488,0.0518,-0.1838,-0.0551,0.052,-0.201,-0.079,0.0363,-0.1465,-0.0627,0.0256,-0.1321,-0.044
3,Right Click (L-Shape),0.0,0.0,0.0,-0.0575,-0.0285,-0.0355,-0.1151,-0.0887,-0.064,-0.1718,-0.1258,-0.0935,-0.2218,-0.1458,-0.122,-0.0803,-0.227,-0.0341,-0.0856,-0.3249,-0.0716,-0.0867,-0.3921,-0.0894,-0.0819,-0.4481,-0.0995,-0.0355,-0.22,-0.0355,-0.03,-0.2485,-0.0827,-0.034,-0.1598,-0.0809,-0.0371,-0.1504,-0.0674,0.0106,-0.2052,-0.0435,0.0126,-0.2143,-0.089,0.0007,-0.1415,-0.0699,-0.0072,-0.1403,-0.0453,0.0532,-0.1846,-0.055,0.053,-0.2024,-0.0787,0.0373,-0.1476,-0.0613,0.0289,-0.1357,-0.0415
3,Right Click (L-Shape),0.0,0.0,0.0,-0.0584,-0.0275,-0.0302,-0.1235,-0.0914,-0.0521,-0.1827,-0.127,-0.075,-0.2302,-0.1435,-0.097,-0.0842,-0.2221,-0.0307,-0.0917,-0.3268,-0.0649,-0.0916,-0.3924,-0.0821,-0.0894,-0.4502,-0.0933,-0.039,-0.2203,-0.0341,-0.0417,-0.2529,-0.0825,-0.0403,-0.1672,-0.0849,-0.0372,-0.1463,-0.0751,0.0069,-0.207,-0.0429,0.0026,-0.2167,-0.0891,-0.0047,-0.1423,-0.0736,-0.0069,-0.1352,-0.0517,0.0517,-0.1871,-0.0545,0.0469,-0.2053,-0.0776,0.0324,-0.1497,-0.0616,0.0254,-0.1351,-0.0438
3,Right Click (L-Shape),0.0,0.0,0.0,-0.0599,-0.0213,-0.0369,-0.13,-0.0825,-0.061,-0.191,-0.1171,-0.0849,-0.2411,-0.1267,-0.1081,-0.0948,-0.2306,-0.0384,-0.104,-0.3326,-0.0716,-0.1056,-0.3991,-0.0879,-0.1044,-0.4588,-0.0988,-0.0491,-0.2395,-0.0393,-0.0424,-0.2572,-0.0888,-0.0428,-0.1677,-0.0923,-0.0453,-0.142,-0.0824,-0.0015,-0.229,-0.0454,0.0044,-0.2183,-0.0913,-0.0032,-0.1429,-0.0774,-0.01,-0.1348,-0.0564,0.0442,-0.2089,-0.0551,0.0476,-0.2046,-0.0775,0.0347,-0.1474,-0.0632,0.026,-0.1372,-0.0464
3,Right Click (L-Shape),0.0,0.0,0.0,-0.062,-0.0227,-0.0371,-0.1303,-0.0832,-0.063,-0.1913,-0.1188,-0.0889,-0.2427,-0.1294,-0.1141,-0.0925,-0.23,-0.0398,-0.1021,-0.3341,-0.0738,-0.105,-0.4011,-0.0922,-0.1039,-0.4605,-0.105,-0.0459,-0.2377,-0.0418,-0.0394,-0.2555,-0.0946,-0.0423,-0.1674,-0.1017,-0.0436,-0.1366,-0.094,0.0016,-0.2265,-0.0487,0.0058,-0.2179,-0.0973,-0.004,-0.1439,-0.085,-0.0098,-0.13,-0.0645,0.047,-0.2058,-0.0591,0.0497,-0.2068,-0.0843,0.0338,-0.1508,-0.0708,0.0233,-0.1353,-0.054
3,Right Click (L-Shape),0.0,0.0,0.0,-0.0594,-0.0204,-0.0395,-0.128,-0.0788,-0.0676,-0.1886,-0.1175,-0.0955,-0.2395,-0.1297,-0.1222,-0.095,-0.2301,-0.042,-0.1029,-0.3279,-0.0783,-0.1042,-0.3941,-0.0944,-0.1018,-0.4531,-0.1042,-0.0483,-0.2389,-0.0419,-0.042,-0.2494,-0.0895,-0.0444,-0.1577,-0.0881,-0.0492,-0.1447,-0.0753,0.0007,-0.2285,-0.0478,0.0051,-0.2148,-0.0947,-0.0046,-0.1386,-0.0775,-0.0133,-0.1381,-0.0544,0.0465,-0.2096,-0.0574,0.0482,-0.2039,-0.0813,0.034,-0.1463,-0.0657,0.0244,-0.1377,-0.0476
3,Right Click (L-Shape),0.0,0.0,0.0,-0.0586,-0.0236,-0.0373,-0.1255,-0.0859,-0.0635,-0.1873,-0.1222,-0.0898,-0.2389,-0.1338,-0.1154,-0.0923,-0.2299,-0.0376,-0.0998,-0.3308,-0.0721,-0.1015,-0.3985,-0.0893,-0.0987,-0.458,-0.1006,-0.0468,-0.2367,-0.039,-0.0406,-0.2558,-0.0897,-0.0442,-0.1669,-0.0933,-0.0473,-0.1453,-0.0833,0.001,-0.2268,-0.0458,0.0053,-0.2197,-0.0933,-0.0051,-0.1452,-0.0786,-0.0124,-0.1385,-0.057,0.0465,-0.2079,-0.0564,0.0484,-0.209,-0.081,0.033,-0.153,-0.067,0.0232,-0.1419,-0.05
3,Right Click (L-Shape),0.0,0.0,0.0,-0.0634,-0.0279,-0.0368,-0.131,-0.0895,-0.064,-0.1946,-0.1271,-0.0922,-0.2495,-0.1396,-0.1194,-0.0974,-0.2255,-0.0328,-0.1065,-0.3248,-0.0684,-0.1099,-0.391,-0.0853,-0.1083,-0.4496,-0.096,-0.0509,-0.2255,-0.0346,-0.0529,-0.2575,-0.084,-0.0511,-0.1671,-0.0849,-0.0506,-0.1503,-0.0728,-0.0024,-0.2147,-0.0427,-0.0059,-0.2247,-0.0914,-0.0122,-0.1464,-0.074,-0.0171,-0.1381,-0.0496,0.043,-0.1969,-0.0543,0.0389,-0.2151,-0.0801,0.0256,-0.1566,-0.0641,0.0178,-0.1396,-0.0453
3,Right Click (L-Shape),0.0,0.0,0.0,-0.0681,-0.0353,-0.0356,-0.131,-0.0911,-0.0629,-0.1988,-0.1259,-0.0908,-0.2546,-0.1416,-0.1165,-0.1,-0.2353,-0.0311,-0.1101,-0.3336,-0.071,-0.1171,-0.399,-0.0906,-0.1189,-0.4599,-0.1013,-0.0542,-0.2317,-0.031,-0.0611,-0.2636,-0.0727,-0.0578,-0.1701,-0.0645,-0.0555,-0.161,-0.0479,-0.0067,-0.219,-0.0386,-0.0122,-0.2332,-0.0803,-0.0172,-0.1529,-0.0572,-0.0196,-0.1508,-0.0308,0.0359,-0.1989,-0.0501,0.0333,-0.2245,-0.0694,0.0185,-0.1654,-0.0491,0.0145,-0.1467,-0.0282
3,Right Click (L-Shape),0.0,0.0,0.0,-0.069,-0.0349,-0.0393,-0.1304,-0.0877,-0.0684,-0.1981,-0.1249,-0.0972,-0.2538,-0.1444,-0.1234,-0.1016,-0.2335,-0.0351,-0.111,-0.3322,-0.0781,-0.1179,-0.3986,-0.1006,-0.1199,-0.4598,-0.1128,-0.0566,-0.2279,-0.033,-0.0611,-0.2623,-0.0746,-0.0575,-0.1704,-0.0668,-0.059,-0.1622,-0.051,-0.0092,-0.2155,-0.0391,-0.0123,-0.2364,-0.0815,-0.0166,-0.1559,-0.0587,-0.0228,-0.1518,-0.0325,0.0333,-0.195,-0.0496,0.0346,-0.2263,-0.0703,0.0192,-0.1675,-0.0505,0.0111,-0.145,-0.0297
3,Right Click (L-Shape),0.0,0.0,0.0,-0.0681,-0.0336,-0.0402,-0.1286,-0.0869,-0.0699,-0.1948,-0.1268,-0.0995,-0.2499,-0.1487,-0.1262,-0.0998,-0.2341,-0.0345,-0.1091,-0.331,-0.0782,-0.1158,-0.3964,-0.0995,-0.1174,-0.4569,-0.1102,-0.0554,-0.2287,-0.0322,-0.0609,-0.2624,-0.0748,-0.0581,-0.1695,-0.0653,-0.0589,-0.1635,-0.0473,-0.0085,-0.2167,-0.0385,-0.0126,-0.2354,-0.0824,-0.0176,-0.1536,-0.0584,-0.0224,-0.1517,-0.0305,0.0337,-0.198,-0.0491,0.0328,-0.2256,-0.0699,0.0179,-0.166,-0.0494,0.0121,-0.1459,-0.0278
3,Right Click (L-Shape),0.0,0.0,0.0,-0.069,-0.0353,-0.0409,-0.1299,-0.0871,-0.0705,-0.1974,-0.1247,-0.0997,-0.2527,-0.1469,-0.1261,-0.1008,-0.2335,-0.0348,-0.1106,-0.3304,-0.08,-0.1181,-0.3965,-0.1031,-0.1199,-0.4579,-0.1149,-0.0556,-0.2274,-0.0317,-0.0614,-0.2632,-0.0738,-0.0586,-0.1696,-0.0638,-0.0593,-0.1629,-0.0457,-0.0082,-0.215,-0.0375,-0.0134,-0.2374,-0.0811,-0.018,-0.1558,-0.0567,-0.0226,-0.1539,-0.0285,0.0334,-0.1949,-0.0478,0.0329,-0.2286,-0.0684,0.0183,-0.1697,-0.0472,0.0135,-0.1486,-0.0251
3,Right Click (L-Shape),0.0,0.0,0.0,-0.0646,-0.0309,-0.0416,-0.1258,-0.0846,-0.0697,-0.19,-0.1266,-0.097,-0.2434,-0.1502,-0.1212,-0.1014,-0.2288,-0.0354,-0.1102,-0.3249,-0.0805,-0.116,-0.3903,-0.1028,-0.1157,-0.4517,-0.1138,-0.0562,-0.2242,-0.0323,-0.0579,-0.2601,-0.0757,-0.0559,-0.1673,-0.0683,-0.0588,-0.1597,-0.0517,-0.0094,-0.2138,-0.0379,-0.0111,-0.2363,-0.0844,-0.016,-0.1539,-0.0628,-0.0224,-0.1498,-0.0355,0.034,-0.1965,-0.0476,0.0344,-0.228,-0.0703,0.0219,-0.1702,-0.0506,0.0153,-0.1495,-0.0289
3,Right Click (L-Shape),0.0,0.0,0.0,-0.0599,-0.0238,-0.0367,-0.1255,-0.0832,-0.0628,-0.1852,-0.1199,-0.0891,-0.235,-0.1387,-0.1142,-0.0959,-0.2183,-0.0351,-0.1062,-0.3189,-0.0729,-0.1086,-0.3842,-0.0915,-0.1071,-0.4436,-0.1028,-0.0508,-0.2173,-0.0362,-0.0524,-0.2522,-0.0857,-0.0487,-0.1659,-0.0874,-0.0496,-0.1535,-0.0767,-0.0036,-0.2064,-0.0437,-0.0057,-0.2211,-0.0924,-0.0099,-0.1452,-0.0752,-0.0155,-0.1411,-0.0515,0.0411,-0.1893,-0.0545,0.0385,-0.2133,-0.0804,0.0271,-0.156,-0.064,0.0196,-0.1403,-0.045
3,Right Click (L-Shape),0.0,0.0,0.0,-0.0588,-0.0268,-0.0394,-0.1213,-0.086,-0.0697,-0.1797,-0.1263,-0.1006,-0.2323,-0.1464,-0.1303,-0.0858,-0.2246,-0.0357,-0.0919,-0.3209,-0.073,-0.0922,-0.3868,-0.0905,-0.0868,-0.4447,-0.1006,-0.0405,-0.2193,-0.0366,-0.0374,-0.2521,-0.0854,-0.0395,-0.1632,-0.0854,-0.0415,-0.1512,-0.0727,0.0063,-0.2057,-0.0441,0.007,-0.2184,-0.0923,-0.0024,-0.1421,-0.0738,-0.0092,-0.1374,-0.0489,0.0495,-0.1856,-0.0553,0.0485,-0.2071,-0.0802,0.0339,-0.1501,-0.0626,0.0256,-0.1357,-0.0426
3,Right Click (L-Shape),0.0,0.0,0.0,-0.0572,-0.0257,-0.0362,-0.1199,-0.0887,-0.0629,-0.1787,-0.1288,-0.0901,-0.2301,-0.1468,-0.1161,-0.0854,-0.2221,-0.0344,-0.0919,-0.3212,-0.0708,-0.0928,-0.3875,-0.0876,-0.0899,-0.4451,-0.0975,-0.0413,-0.2174,-0.0354,-0.0399,-0.2526,-0.0832,-0.0403,-0.1632,-0.0818,-0.042,-0.1497,-0.0686,0.0048,-0.2051,-0.0429,0.0051,-0.2214,-0.0904,-0.0026,-0.1441,-0.0713,-0.009,-0.1388,-0.0464,0.0482,-0.1871,-0.0539,0.0485,-0.2098,-0.0791,0.0343,-0.1518,-0.0623,0.0255,-0.1368,-0.0431
3,Right Click (L-Shape),0.0,0.0,0.0,-0.0574,-0.0279,-0.0369,-0.1221,-0.0891,-0.063,-0.1819,-0.1276,-0.0893,-0.2316,-0.1494,-0.114,-0.0881,-0.2225,-0.0334,-0.0935,-0.3193,-0.0698,-0.0956,-0.385,-0.0857,-0.0932,-0.4423,-0.0947,-0.0432,-0.2175,-0.0338,-0.0455,-0.2546,-0.0805,-0.0452,-0.1631,-0.0771,-0.0456,-0.1514,-0.0622,0.0035,-0.2054,-0.041,0.0025,-0.2212,-0.0885,-0.006,-0.1431,-0.0692,-0.0129,-0.1408,-0.0437,0.0471,-0.1878,-0.0517,0.0458,-0.2154,-0.0768,0.0315,-0.1569,-0.06,0.023,-0.1408,-0.0406
3,Right Click (L-Shape),0.0,0.0,0.0,-0.0578,-0.0317,-0.0333,-0.1142,-0.0908,-0.0571,-0.1705,-0.1263,-0.0817,-0.2168,-0.1486,-0.1045,-0.0846,-0.2205,-0.0298,-0.0896,-0.3142,-0.0679,-0.0906,-0.3766,-0.0866,-0.0853,-0.434,-0.0969,-0.0407,-0.2136,-0.031,-0.0368,-0.2448,-0.0761,-0.0407,-0.1576,-0.0741,-0.0444,-0.1475,-0.0612,0.0045,-0.2007,-0.0389,0.008,-0.2154,-0.0842,-0.0033,-0.1397,-0.0661,-0.0116,-0.1373,-0.0424,0.0457,-0.1818,-0.0502,0.0496,-0.2057,-0.0737,0.0338,-0.1491,-0.0572,0.0248,-0.1334,-0.0384
3,Right Click (L-Shape),0.0,0.0,0.0,-0.0562,-0.0306,-0.0358,-0.1146,-0.0894,-0.0619,-0.1704,-0.1269,-0.0887,-0.2172,-0.1493,-0.1139,-0.0845,-0.2195,-0.0311,-0.0897,-0.3132,-0.0676,-0.0909,-0.3759,-0.0848,-0.0872,-0.4303,-0.0943,-0.0414,-0.214,-0.0318,-0.0373,-0.246,-0.0785,-0.0399,-0.1602,-0.0777,-0.0437,-0.1489,-0.0648,0.0033,-0.2017,-0.0392,0.0063,-0.2149,-0.0859,-0.0036,-0.1406,-0.0688,-0.0119,-0.1368,-0.0449,0.0448,-0.1833,-0.05,0.0466,-0.2055,-0.0748,0.0324,-0.1497,-0.059,0.0237,-0.1343,-0.0402
3,Right Click (L-Shape),0.0,0.0,0.0,-0.0595,-0.0346,-0.0328,-0.1127,-0.0927,-0.0561,-0.1694,-0.1297,-0.0797,-0.2143,-0.1544,-0.1009,-0.086,-0.2243,-0.0305,-0.0917,-0.3155,-0.0727,-0.0935,-0.3774,-0.0952,-0.0884,-0.4357,-0.1073,-0.0417,-0.2192,-0.0302,-0.0388,-0.248,-0.0713,-0.0417,-0.1637,-0.0663,-0.0452,-0.1589,-0.0527,0.0037,-0.2065,-0.0372,0.0053,-0.2191,-0.079,-0.0049,-0.1464,-0.0597,-0.0119,-0.148,-0.0361,0.0445,-0.1864,-0.0479,0.0473,-0.2058,-0.0689,0.0311,-0.1523,-0.0518,0.023,-0.1392,-0.0331
3,Right Click (L-Shape),0.0,0.0,0.0,-0.06,-0.0348,-0.034,-0.1122,-0.0906,-0.0572,-0.1664,-0.1274,-0.0801,-0.2109,-0.1527,-0.1001,-0.0872,-0.2232,-0.0303,-0.0919,-0.3123,-0.0721,-0.0936,-0.3733,-0.0939,-0.088,-0.4294,-0.1046,-0.0428,-0.2154,-0.0291,-0.0397,-0.2482,-0.0685,-0.0428,-0.1591,-0.0608,-0.0448,-0.1519,-0.0445,0.0025,-0.2011,-0.0357,0.0049,-0.2197,-0.0774,-0.0054,-0.1434,-0.057,-0.0115,-0.1433,-0.0318,0.0431,-0.1807,-0.0459,0.0456,-0.2044,-0.0662,0.0307,-0.1503,-0.0479,0.0246,-0.1374,-0.0279
3,Right Click (L-Shape),0.0,0.0,0.0,-0.0581,-0.0347,-0.0343,-0.1102,-0.0917,-0.0578,-0.1651,-0.1294,-0.0812,-0.2102,-0.1546,-0.1024,-0.0841,-0.2206,-0.0293,-0.0881,-0.3106,-0.0682,-0.0898,-0.3698,-0.0885,-0.0846,-0.4246,-0.0992,-0.0404,-0.2119,-0.0284,-0.0362,-0.2499,-0.0697,-0.0395,-0.1628,-0.0654,-0.042,-0.1507,-0.0512,0.0045,-0.1969,-0.0349,0.0081,-0.2193,-0.0784,-0.0029,-0.1438,-0.0607,-0.0103,-0.1399,-0.0366,0.0444,-0.1764,-0.0446,0.0495,-0.2084,-0.0672,0.0335,-0.1553,-0.051,0.0253,-0.1393,-0.0321
3,Right Click (L-Shape),0.0,0.0,0.0,-0.0615,-0.0427,-0.0404,-0.1118,-0.0923,-0.0649,-0.1693,-0.1321,-0.0874,-0.2158,-0.1624,-0.1053,-0.0889,-0.2265,-0.0309,-0.0924,-0.3147,-0.0766,-0.0945,-0.3733,-0.1007,-0.0902,-0.4296,-0.1113,-0.0451,-0.2169,-0.0248,-0.0416,-0.2537,-0.0613,-0.0465,-0.1655,-0.0504,-0.0529,-0.1602,-0.0321,-0.0019,-0.2028,-0.0284,0.0022,-0.2286,-0.0723,-0.0086,-0.1503,-0.0542,-0.0192,-0.1494,-0.029,0.0372,-0.184,-0.0358,0.0444,-0.2184,-0.0578,0.0288,-0.167,-0.041,0.0189,-0.1477,-0.0212
3,Right Click (L-Shape),0.0,0.0,0.0,-0.061,-0.0424,-0.0424,-0.1106,-0.0922,-0.0677,-0.1681,-0.1321,-0.0904,-0.2147,-0.1652,-0.1085,-0.0877,-0.2255,-0.0328,-0.0904,-0.3127,-0.0799,-0.0924,-0.3711,-0.1047,-0.0888,-0.4278,-0.1155,-0.0444,-0.2141,-0.0262,-0.0408,-0.2522,-0.0621,-0.0448,-0.1651,-0.0508,-0.053,-0.1619,-0.0324,-0.0019,-0.1994,-0.0298,0.0025,-0.2275,-0.0745,-0.0072,-0.1485,-0.0565,-0.0191,-0.1497,-0.0312,0.0372,-0.1804,-0.0371,0.044,-0.2193,-0.0594,0.0295,-0.1665,-0.0417,0.0193,-0.1452,-0.0213
3,Right Click (L-Shape),0.0,0.0,0.0,-0.0611,-0.0434,-0.0408,-0.1107,-0.0941,-0.0636,-0.1678,-0.1348,-0.0837,-0.2137,-0.1636,-0.0995,-0.0895,-0.2239,-0.0311,-0.0936,-0.3109,-0.0767,-0.0959,-0.3697,-0.1025,-0.092,-0.4264,-0.1147,-0.0468,-0.2149,-0.024,-0.0432,-0.2528,-0.0599,-0.0469,-0.1676,-0.0507,-0.0539,-0.1585,-0.0343,-0.0046,-0.2011,-0.0267,-0.0002,-0.2295,-0.07,-0.0096,-0.1518,-0.0534,-0.0203,-0.1473,-0.0294,0.0344,-0.1818,-0.033,0.0426,-0.222,-0.0547,0.028,-0.1711,-0.0382,0.0177,-0.1478,-0.0189
3,Right Click (L-Shape),0.0,0.0,0.0,-0.06,-0.0442,-0.0408,-0.1093,-0.0939,-0.0637,-0.1659,-0.1331,-0.084,-0.2116,-0.164,-0.0998,-0.0873,-0.2242,-0.0324,-0.0914,-0.3122,-0.0785,-0.094,-0.3707,-0.1039,-0.0903,-0.4268,-0.1154,-0.0448,-0.2146,-0.0255,-0.0415,-0.2531,-0.0599,-0.0466,-0.1679,-0.0488,-0.0539,-0.1618,-0.0315,-0.0028,-0.2001,-0.0285,0.001,-0.229,-0.0711,-0.0091,-0.1513,-0.0538,-0.0195,-0.1499,-0.0298,0.0356,-0.1801,-0.0352,0.0432,-0.2199,-0.0564,0.0271,-0.169,-0.0396,0.0164,-0.1465,-0.0203
3,Right Click (L-Shape),0.0,0.0,0.0,-0.0594,-0.0332,-0.0358,-0.1102,-0.0863,-0.0569,-0.1628,-0.1253,-0.0768,-0.206,-0.1524,-0.0934,-0.0866,-0.2117,-0.0302,-0.0912,-0.2977,-0.0743,-0.0927,-0.3552,-0.0993,-0.0885,-0.4128,-0.1123,-0.0445,-0.203,-0.0266,-0.0419,-0.2398,-0.0649,-0.0429,-0.1557,-0.059,-0.048,-0.1518,-0.0455,-0.0023,-0.1925,-0.0313,0.0007,-0.2189,-0.0733,-0.007,-0.1426,-0.055,-0.016,-0.1423,-0.0315,0.0368,-0.1778,-0.0396,0.0418,-0.2147,-0.061,0.0284,-0.1606,-0.044,0.0198,-0.1409,-0.025
3,Right Click (L-Shape),0.0,0.0,0.0,-0.0569,-0.0356,-0.0373,-0.1069,-0.09,-0.0594,-0.1601,-0.1294,-0.08,-0.2047,-0.1562,-0.0972,-0.0845,-0.2142,-0.0305,-0.0878,-0.3005,-0.0747,-0.09,-0.3584,-0.0986,-0.0861,-0.4152,-0.1101,-0.042,-0.2044,-0.0265,-0.0379,-0.2428,-0.065,-0.0405,-0.1573,-0.0578,-0.046,-0.1524,-0.0423,0.0002,-0.1925,-0.0312,0.0055,-0.2198,-0.0755,-0.0045,-0.1425,-0.0579,-0.0147,-0.1412,-0.0336,0.0395,-0.1762,-0.0395,0.0455,-0.2151,-0.0624,0.0313,-0.1615,-0.0458,0.0217,-0.1402,-0.0263
3,Right Click (L-Shape),0.0,0.0,0.0,-0.0591,-0.0386,-0.0373,-0.1072,-0.0895,-0.0595,-0.1586,-0.1268,-0.0801,-0.2023,-0.1546,-0.097,-0.0858,-0.217,-0.0289,-0.0913,-0.3026,-0.0703,-0.0926,-0.3606,-0.0923,-0.0871,-0.4158,-0.1025,-0.0442,-0.2081,-0.0246,-0.0393,-0.2413,-0.0605,-0.0427,-0.1587,-0.0531,-0.0479,-0.1534,-0.0379,-0.0021,-0.1968,-0.0291,0.0014,-0.2209,-0.0691,-0.0077,-0.1476,-0.0517,-0.0158,-0.1476,-0.0286,0.0364,-0.18,-0.0373,0.0413,-0.2143,-0.0561,0.027,-0.1634,-0.0389,0.0195,-0.1453,-0.0197
3,Right Click (L-Shape),0.0,0.0,0.0,-0.0572,-0.0342,-0.0345,-0.1074,-0.0873,-0.0587,-0.159,-0.124,-0.0828,-0.2015,-0.151,-0.1047,-0.0838,-0.2152,-0.0285,-0.0865,-0.3001,-0.0658,-0.0869,-0.3565,-0.0849,-0.081,-0.4066,-0.0947,-0.0408,-0.2076,-0.0276,-0.0372,-0.243,-0.0686,-0.0422,-0.1586,-0.0655,-0.0462,-0.1458,-0.0518,0.0029,-0.1941,-0.0338,0.0046,-0.2128,-0.0766,-0.0066,-0.139,-0.0604,-0.014,-0.1347,-0.0373,0.042,-0.1755,-0.0433,0.043,-0.2012,-0.0651,0.0278,-0.1497,-0.0497,0.0207,-0.1358,-0.0313
3,Right Click (L-Shape),0.0,0.0,0.0,-0.0569,-0.0324,-0.0338,-0.1102,-0.0886,-0.0519,-0.1626,-0.1258,-0.0688,-0.2033,-0.1522,-0.0832,-0.0879,-0.2113,-0.027,-0.0942,-0.302,-0.0663,-0.0944,-0.3619,-0.0883,-0.0902,-0.4191,-0.0997,-0.0474,-0.2058,-0.0244,-0.0454,-0.2454,-0.0617,-0.0438,-0.1641,-0.0579,-0.0472,-0.1484,-0.0453,-0.0052,-0.1955,-0.0295,-0.0018,-0.2238,-0.0714,-0.0075,-0.1482,-0.0568,-0.0155,-0.1419,-0.0352,0.036,-0.1793,-0.0376,0.0388,-0.2186,-0.0588,0.0266,-0.1643,-0.043,0.0177,-0.142,-0.0251
3,Right Click (L-Shape),0.0,0.0,0.0,-0.0534,-0.0291,-0.0257,-0.1092,-0.0911,-0.0451,-0.1577,-0.1321,-0.0664,-0.2016,-0.1484,-0.0872,-0.084,-0.2139,-0.026,-0.0875,-0.3113,-0.0598,-0.0837,-0.3737,-0.0769,-0.0779,-0.4287,-0.0872,-0.0412,-0.2102,-0.0305,-0.0378,-0.2424,-0.0751,-0.0369,-0.1621,-0.0776,-0.0401,-0.1496,-0.0688,0.0031,-0.1988,-0.0398,0.0036,-0.2135,-0.0835,-0.003,-0.1434,-0.0681,-0.0101,-0.1389,-0.0472,0.0443,-0.1813,-0.0515,0.042,-0.2014,-0.074,0.0297,-0.1478,-0.058,0.0214,-0.1349,-0.0401
3,Right Click (L-Shape),0.0,0.0,0.0,-0.05,-0.032,-0.0371,-0.0998,-0.0918,-0.0635,-0.146,-0.1333,-0.0899,-0.1895,-0.153,-0.1148,-0.0757,-0.227,-0.0368,-0.0737,-0.3207,-0.0753,-0.0641,-0.3812,-0.0943,-0.0528,-0.4371,-0.1049,-0.0321,-0.2213,-0.0365,-0.0188,-0.2507,-0.0839,-0.0232,-0.1672,-0.0858,-0.0345,-0.1573,-0.0755,0.0128,-0.206,-0.0422,0.0225,-0.2171,-0.0892,0.011,-0.1451,-0.0743,-0.0039,-0.1415,-0.0527,0.0538,-0.1851,-0.0513,0.0633,-0.2006,-0.0772,0.0486,-0.1464,-0.0631,0.0334,-0.1344,-0.0456
3,Right Click (L-Shape),0.0,0.0,0.0,-0.0527,-0.0242,-0.03,-0.1075,-0.0796,-0.0517,-0.1551,-0.1084,-0.074,-0.1964,-0.1173,-0.0967,-0.0805,-0.2103,-0.0342,-0.08,-0.3117,-0.0665,-0.0717,-0.3746,-0.0866,-0.0619,-0.4314,-0.1003,-0.0364,-0.2123,-0.0378,-0.0294,-0.2429,-0.085,-0.0319,-0.1678,-0.0935,-0.0356,-0.1361,-0.0894,0.0077,-0.2003,-0.0457,0.008,-0.2173,-0.0882,0.0006,-0.149,-0.0766,-0.0048,-0.1278,-0.059,0.0505,-0.179,-0.0564,0.0488,-0.2012,-0.0794,0.0359,-0.1505,-0.0657,0.0269,-0.1303,-0.0498
3,Right Click (L-Shape),0.0,0.0,0.0,-0.0594,-0.02,-0.0253,-0.1231,-0.0777,-0.0453,-0.1762,-0.1107,-0.0667,-0.2202,-0.1273,-0.088,-0.0875,-0.2037,-0.029,-0.1049,-0.3007,-0.0609,-0.1094,-0.3604,-0.0798,-0.1101,-0.4156,-0.0929,-0.0452,-0.2082,-0.0354,-0.0554,-0.2388,-0.0824,-0.0512,-0.1612,-0.0899,-0.0443,-0.1366,-0.085,-0.0012,-0.2001,-0.0458,-0.0138,-0.2149,-0.0876,-0.0155,-0.1455,-0.073,-0.012,-0.1333,-0.0539,0.0434,-0.1843,-0.0588,0.0297,-0.2064,-0.0791,0.0206,-0.1524,-0.0621,0.0208,-0.1353,-0.0448
3,Right Click (L-Shape),0.0,0.0,0.0,-0.0552,-0.0264,-0.0369,-0.1107,-0.085,-0.0608,-0.1616,-0.1287,-0.0842,-0.2075,-0.1585,-0.1054,-0.0942,-0.2031,-0.0327,-0.1073,-0.2931,-0.0697,-0.1127,-0.3527,-0.0865,-0.1133,-0.4094,-0.0955,-0.05,-0.2018,-0.0316,-0.0497,-0.2387,-0.0763,-0.0463,-0.1533,-0.0733,-0.0485,-0.1425,-0.0593,-0.0045,-0.1931,-0.0375,-0.0021,-0.2123,-0.0849,-0.0087,-0.136,-0.0679,-0.0172,-0.1337,-0.044,0.0386,-0.1797,-0.0465,0.0402,-0.205,-0.0722,0.0286,-0.1482,-0.0573,0.0206,-0.133,-0.0393
3,Right Click (L-Shape),0.0,0.0,0.0,-0.0556,-0.026,-0.0369,-0.1119,-0.0832,-0.0611,-0.1648,-0.1221,-0.0852,-0.2107,-0.1491,-0.1069,-0.0964,-0.2057,-0.0303,-0.1071,-0.2943,-0.0676,-0.1095,-0.353,-0.0843,-0.1063,-0.4091,-0.093,-0.0526,-0.203,-0.0293,-0.0522,-0.2403,-0.0732,-0.0481,-0.1528,-0.0694,-0.05,-0.1447,-0.0547,-0.0069,-0.1947,-0.0356,-0.0053,-0.2129,-0.0814,-0.0113,-0.1365,-0.0632,-0.0194,-0.136,-0.0386,0.0359,-0.1814,-0.0455,0.0366,-0.2063,-0.0697,0.0245,-0.1503,-0.0542,0.0161,-0.136,-0.0359
3,Right Click (L-Shape),0.0,0.0,0.0,-0.0572,-0.0283,-0.0391,-0.1124,-0.0843,-0.0637,-0.166,-0.1247,-0.0875,-0.2123,-0.154,-0.1083,-0.0959,-0.209,-0.0318,-0.1064,-0.2962,-0.0719,-0.1093,-0.3546,-0.0898,-0.1064,-0.4106,-0.0982,-0.0521,-0.2053,-0.0291,-0.0524,-0.2426,-0.0713,-0.0488,-0.154,-0.0646,-0.0513,-0.1482,-0.048,-0.0071,-0.1964,-0.0345,-0.0059,-0.2167,-0.0812,-0.0119,-0.1388,-0.0628,-0.0204,-0.1397,-0.0374,0.0354,-0.1826,-0.0436,0.0364,-0.2074,-0.0678,0.0245,-0.152,-0.0519,0.0165,-0.1377,-0.033
3,Right Click (L-Shape),0.0,0.0,0.0,-0.0569,-0.0285,-0.0374,-0.1126,-0.0844,-0.062,-0.1665,-0.124,-0.0866,-0.2132,-0.1487,-0.1089,-0.0932,-0.2094,-0.0275,-0.101,-0.2938,-0.0637,-0.102,-0.3507,-0.0803,-0.0971,-0.4032,-0.0889,-0.05,-0.2049,-0.0262,-0.0499,-0.2429,-0.0683,-0.0457,-0.1569,-0.0645,-0.0469,-0.1475,-0.0501,-0.0052,-0.1959,-0.0324,-0.0036,-0.2169,-0.0771,-0.0088,-0.1416,-0.0594,-0.0163,-0.1384,-0.0353,0.0361,-0.1816,-0.0424,0.0386,-0.2112,-0.0664,0.0272,-0.1558,-0.0514,0.0191,-0.139,-0.0333
3,Right Click (L-Shape),0.0,0.0,0.0,-0.0587,-0.0298,-0.0338,-0.116,-0.0852,-0.0572,-0.1705,-0.1238,-0.0814,-0.2168,-0.1477,-0.1038,-0.0947,-0.2101,-0.0233,-0.1014,-0.2895,-0.0577,-0.1003,-0.3423,-0.0742,-0.0941,-0.3909,-0.0833,-0.0506,-0.2081,-0.024,-0.0499,-0.2453,-0.0656,-0.0477,-0.1593,-0.0638,-0.0504,-0.1469,-0.0513,-0.0048,-0.199,-0.0318,-0.0032,-0.2171,-0.0757,-0.0103,-0.142,-0.0594,-0.0186,-0.135,-0.0367,0.0366,-0.1827,-0.0428,0.0396,-0.2108,-0.0668,0.0257,-0.1558,-0.0526,0.0155,-0.1377,-0.0355
3,Right Click (L-Shape),0.0,0.0,0.0,-0.0579,-0.0284,-0.0339,-0.1165,-0.0853,-0.0564,-0.1711,-0.1226,-0.0795,-0.2173,-0.1467,-0.1007,-0.0934,-0.211,-0.0218,-0.0989,-0.2908,-0.0531,-0.0982,-0.3429,-0.0668,-0.0926,-0.3901,-0.0743,-0.0489,-0.2083,-0.0225,-0.0482,-0.2447,-0.0628,-0.0469,-0.158,-0.0604,-0.0492,-0.1469,-0.0473,-0.0031,-0.1985,-0.0302,-0.0015,-0.2143,-0.0731,-0.0092,-0.1393,-0.0571,-0.0173,-0.1361,-0.0347,0.0387,-0.1824,-0.0412,0.0398,-0.2069,-0.064,0.0269,-0.1522,-0.0498,0.0184,-0.1379,-0.0329
3,Right Click (L-Shape),0.0,0.0,0.0,-0.0594,-0.0296,-0.0338,-0.1191,-0.0846,-0.0552,-0.1736,-0.1214,-0.0769,-0.218,-0.1478,-0.0965,-0.0916,-0.2111,-0.0212,-0.0959,-0.285,-0.0526,-0.0949,-0.3305,-0.067,-0.0887,-0.3735,-0.0751,-0.047,-0.2086,-0.0212,-0.0468,-0.242,-0.0597,-0.046,-0.1578,-0.0576,-0.0478,-0.1487,-0.0455,-0.0019,-0.1998,-0.0283,-0.0013,-0.2138,-0.0693,-0.0078,-0.1394,-0.0538,-0.0144,-0.1377,-0.0324,0.0392,-0.1853,-0.0388,0.0389,-0.2077,-0.0602,0.0272,-0.153,-0.0463,0.0207,-0.1404,-0.0301
3,Right Click (L-Shape),0.0,0.0,0.0,-0.0581,-0.028,-0.0334,-0.1189,-0.0834,-0.0552,-0.1733,-0.1196,-0.0774,-0.2178,-0.1441,-0.0976,-0.0914,-0.2086,-0.021,-0.0947,-0.2816,-0.0518,-0.0931,-0.3273,-0.0656,-0.0868,-0.3699,-0.0735,-0.0468,-0.2062,-0.0214,-0.0454,-0.2394,-0.0608,-0.0446,-0.1553,-0.0592,-0.0467,-0.1458,-0.047,-0.0016,-0.1977,-0.0288,-0.0002,-0.211,-0.0702,-0.0068,-0.1374,-0.0547,-0.0137,-0.1354,-0.033,0.0395,-0.1836,-0.0395,0.0395,-0.205,-0.0612,0.028,-0.1508,-0.0474,0.0213,-0.1391,-0.0311
3,Right Click (L-Shape),0.0,0.0,0.0,-0.0611,-0.0318,-0.0358,-0.12,-0.0858,-0.0589,-0.1763,-0.1233,-0.0816,-0.2221,-0.1518,-0.1014,-0.0924,-0.213,-0.0225,-0.0942,-0.2857,-0.0555,-0.0917,-0.3308,-0.0702,-0.085,-0.3753,-0.0779,-0.0475,-0.2106,-0.0213,-0.0443,-0.2431,-0.0587,-0.0431,-0.1568,-0.0538,-0.0461,-0.1495,-0.04,-0.0026,-0.2015,-0.028,0.0016,-0.2148,-0.0683,-0.0058,-0.1392,-0.0513,-0.0144,-0.1387,-0.0293,0.0376,-0.1866,-0.0383,0.0416,-0.2076,-0.0593,0.0283,-0.1522,-0.0451,0.0192,-0.1392,-0.0289
3,Right Click (L-Shape),0.0,0.0,0.0,-0.0606,-0.0325,-0.0375,-0.1195,-0.0865,-0.0611,-0.1763,-0.1246,-0.084,-0.2224,-0.1541,-0.1038,-0.0926,-0.2145,-0.023,-0.0946,-0.2874,-0.0567,-0.0924,-0.3333,-0.0714,-0.0859,-0.3777,-0.0787,-0.0478,-0.2103,-0.0208,-0.0455,-0.2442,-0.0585,-0.0443,-0.1574,-0.053,-0.0483,-0.1519,-0.0382,-0.0031,-0.2011,-0.0268,0.0003,-0.2172,-0.0682,-0.0065,-0.141,-0.051,-0.0158,-0.1415,-0.0282,0.0371,-0.1873,-0.0365,0.0401,-0.2111,-0.0579,0.0282,-0.1555,-0.0432,0.02,-0.1425,-0.0263
3,Right Click (L-Shape),0.0,0.0,0.0,-0.0602,-0.0309,-0.0355,-0.1201,-0.0867,-0.0594,-0.1773,-0.1233,-0.0837,-0.2242,-0.1496,-0.1057,-0.0915,-0.2129,-0.0229,-0.0932,-0.2873,-0.0564,-0.091,-0.3352,-0.0722,-0.0841,-0.3805,-0.0811,-0.0467,-0.2095,-0.0227,-0.0435,-0.2403,-0.0631,-0.0435,-0.1534,-0.0608,-0.0473,-0.1445,-0.0484,-0.0012,-0.1996,-0.03,0.002,-0.2133,-0.0726,-0.0061,-0.1373,-0.056,-0.0149,-0.134,-0.0336,0.0395,-0.1832,-0.0408,0.042,-0.2066,-0.0635,0.0286,-0.1507,-0.0491,0.0194,-0.1361,-0.0323
3,Right Click (L-Shape),0.0,0.0,0.0,-0.0584,-0.0294,-0.0356,-0.12,-0.0851,-0.0596,-0.1763,-0.1214,-0.0838,-0.222,-0.1487,-0.106,-0.0917,-0.2122,-0.0239,-0.093,-0.2876,-0.0568,-0.0902,-0.3356,-0.0717,-0.0829,-0.3803,-0.08,-0.0466,-0.2087,-0.0239,-0.0432,-0.2419,-0.0649,-0.0432,-0.1547,-0.0627,-0.0471,-0.145,-0.05,-0.0007,-0.199,-0.0312,0.003,-0.2135,-0.0743,-0.005,-0.1373,-0.0578,-0.0143,-0.1335,-0.0353,0.0405,-0.1829,-0.042,0.0434,-0.2063,-0.0659,0.0299,-0.1496,-0.0522,0.0197,-0.1347,-0.0356
3,Right Click (L-Shape),0.0,0.0,0.0,-0.0598,-0.0281,-0.0387,-0.1222,-0.0832,-0.064,-0.179,-0.1211,-0.0892,-0.2256,-0.15,-0.1119,-0.0935,-0.214,-0.0245,-0.0947,-0.2915,-0.0572,-0.0903,-0.3415,-0.0716,-0.0819,-0.387,-0.0796,-0.0492,-0.2102,-0.0234,-0.044,-0.2432,-0.0641,-0.0434,-0.1555,-0.0614,-0.0488,-0.1459,-0.0482,-0.0037,-0.2006,-0.03,0.0009,-0.2151,-0.0732,-0.0055,-0.1389,-0.0566,-0.0154,-0.1358,-0.034,0.0372,-0.1847,-0.0405,0.0411,-0.2086,-0.0647,0.0292,-0.1521,-0.051,0.0191,-0.1377,-0.0344
3,Right Click (L-Shape),0.0,0.0,0.0,-0.0599,-0.031,-0.0391,-0.121,-0.0858,-0.0638,-0.1787,-0.1234,-0.0883,-0.2262,-0.1524,-0.1099,-0.0933,-0.2148,-0.0242,-0.0944,-0.2924,-0.0583,-0.0903,-0.3415,-0.0738,-0.0815,-0.3886,-0.0821,-0.0488,-0.2093,-0.0222,-0.0438,-0.2437,-0.0615,-0.0439,-0.1567,-0.0578,-0.0498,-0.1506,-0.0444,-0.0035,-0.1994,-0.0285,0.0011,-0.219,-0.0709,-0.0057,-0.1423,-0.0539,-0.016,-0.1404,-0.0312,0.0376,-0.1837,-0.0388,0.0424,-0.2118,-0.0621,0.0299,-0.1558,-0.0481,0.0195,-0.1398,-0.0313
3,Right Click (L-Shape),0.0,0.0,0.0,-0.0598,-0.0316,-0.0367,-0.1209,-0.0876,-0.062,-0.1791,-0.1251,-0.0876,-0.2261,-0.1536,-0.111,-0.0907,-0.2179,-0.0244,-0.0906,-0.296,-0.0601,-0.086,-0.3471,-0.0781,-0.076,-0.3945,-0.0883,-0.046,-0.213,-0.0243,-0.0389,-0.2483,-0.0665,-0.0401,-0.1599,-0.0651,-0.0458,-0.1506,-0.053,-0.0004,-0.202,-0.0319,0.0053,-0.2185,-0.0752,-0.0036,-0.1426,-0.0586,-0.0142,-0.1391,-0.0361,0.0402,-0.1842,-0.0432,0.0449,-0.2083,-0.0667,0.03,-0.1529,-0.0525,0.0182,-0.138,-0.0354
3,Right Click (L-Shape),0.0,0.0,0.0,-0.0619,-0.0301,-0.0417,-0.1225,-0.0827,-0.0687,-0.1818,-0.1216,-0.0948,-0.2303,-0.1521,-0.1176,-0.0938,-0.2197,-0.0274,-0.0917,-0.2991,-0.066,-0.0851,-0.3512,-0.0851,-0.0743,-0.4011,-0.095,-0.0483,-0.2127,-0.0246,-0.0398,-0.2474,-0.0658,-0.0412,-0.1585,-0.062,-0.0497,-0.1536,-0.0481,-0.0026,-0.2026,-0.0305,0.0041,-0.2231,-0.0749,-0.0037,-0.1443,-0.057,-0.0165,-0.143,-0.0332,0.0377,-0.1868,-0.0406,0.0448,-0.2149,-0.0649,0.0316,-0.1571,-0.0494,0.0196,-0.1403,-0.0311
3,Right Click (L-Shape),0.0,0.0,0.0,-0.0619,-0.0335,-0.0425,-0.1211,-0.085,-0.0695,-0.1809,-0.1227,-0.0955,-0.2294,-0.1541,-0.118,-0.0924,-0.2201,-0.0277,-0.0903,-0.2994,-0.0671,-0.0844,-0.3505,-0.0866,-0.074,-0.4013,-0.0964,-0.0469,-0.2124,-0.0242,-0.0392,-0.248,-0.0643,-0.0411,-0.1589,-0.0594,-0.0496,-0.1565,-0.0452,-0.0015,-0.2017,-0.0297,0.0055,-0.2236,-0.0735,-0.0032,-0.144,-0.0553,-0.0161,-0.1448,-0.0314,0.0384,-0.1855,-0.0396,0.046,-0.2157,-0.0632,0.032,-0.1578,-0.0474,0.0202,-0.1405,-0.029
3,Right Click (L-Shape),0.0,0.0,0.0,-0.0608,-0.0302,-0.0388,-0.122,-0.0839,-0.0653,-0.1802,-0.1214,-0.0919,-0.2296,-0.1486,-0.1158,-0.0915,-0.2189,-0.0261,-0.0889,-0.2996,-0.0624,-0.0815,-0.3519,-0.0803,-0.0702,-0.4013,-0.09,-0.0461,-0.2125,-0.0253,-0.0358,-0.2456,-0.0669,-0.0371,-0.1569,-0.0648,-0.0464,-0.1518,-0.0524,-0.0003,-0.2018,-0.0323,0.0086,-0.2196,-0.0759,0.0001,-0.1425,-0.0587,-0.014,-0.1406,-0.0361,0.0402,-0.1849,-0.0435,0.0484,-0.2103,-0.0677,0.0353,-0.154,-0.0531,0.0221,-0.1381,-0.0355
3,Right Click (L-Shape),0.0,0.0,0.0,-0.0612,-0.0246,-0.0399,-0.1242,-0.0774,-0.0672,-0.1803,-0.1177,-0.0943,-0.2288,-0.1445,-0.1192,-0.0894,-0.2124,-0.0276,-0.0867,-0.2956,-0.063,-0.0795,-0.3498,-0.0794,-0.0694,-0.3995,-0.0886,-0.0436,-0.2066,-0.0266,-0.0339,-0.2421,-0.0719,-0.0345,-0.1534,-0.0716,-0.0438,-0.1458,-0.0593,0.0018,-0.1969,-0.0332,0.0111,-0.2139,-0.08,0.0031,-0.1375,-0.0639,-0.0121,-0.1349,-0.0409,0.042,-0.1815,-0.0437,0.0506,-0.207,-0.0701,0.0385,-0.1506,-0.0561,0.0238,-0.1351,-0.0386
3,Right Click (L-Shape),0.0,0.0,0.0,-0.0604,-0.0236,-0.0374,-0.1245,-0.0792,-0.0627,-0.1799,-0.1177,-0.0881,-0.2285,-0.1426,-0.1115,-0.0901,-0.2126,-0.0267,-0.0868,-0.2953,-0.0617,-0.0796,-0.3495,-0.0775,-0.0704,-0.3995,-0.0862,-0.045,-0.2072,-0.0266,-0.0346,-0.2417,-0.0717,-0.0348,-0.1536,-0.0716,-0.0452,-0.1471,-0.0595,0.0007,-0.1983,-0.0337,0.01,-0.213,-0.0807,0.0031,-0.136,-0.065,-0.0125,-0.1345,-0.0424,0.0417,-0.1839,-0.0443,0.0501,-0.2058,-0.0706,0.0388,-0.1479,-0.0567,0.0235,-0.1336,-0.0393
3,Right Click (L-Shape),0.0,0.0,0.0,-0.0597,-0.0266,-0.0362,-0.1222,-0.0822,-0.0614,-0.1786,-0.1207,-0.0872,-0.2266,-0.1462,-0.1111,-0.0877,-0.2156,-0.0248,-0.0855,-0.2983,-0.0594,-0.0794,-0.3538,-0.076,-0.0695,-0.4037,-0.0856,-0.0426,-0.2104,-0.0254,-0.0338,-0.2452,-0.0694,-0.0352,-0.1566,-0.0689,-0.0435,-0.1469,-0.0569,0.003,-0.1999,-0.0331,0.0102,-0.2171,-0.0778,0.0017,-0.1412,-0.0613,-0.0122,-0.1371,-0.0387,0.043,-0.1826,-0.0446,0.0503,-0.208,-0.0693,0.037,-0.1523,-0.055,0.0228,-0.1368,-0.0377
3,Right Click (L-Shape),0.0,0.0,0.0,-0.0597,-0.0286,-0.0377,-0.1236,-0.0864,-0.0622,-0.181,-0.1236,-0.0865,-0.2292,-0.1491,-0.1086,-0.089,-0.22,-0.0265,-0.0869,-0.3044,-0.062,-0.0812,-0.3601,-0.0792,-0.0727,-0.4116,-0.0888,-0.0444,-0.2124,-0.0259,-0.0347,-0.2479,-0.0709,-0.0361,-0.1593,-0.0712,-0.0449,-0.1496,-0.0594,0.0007,-0.201,-0.0326,0.0092,-0.2202,-0.0789,0.0008,-0.1424,-0.0636,-0.0133,-0.1382,-0.0412,0.0412,-0.184,-0.0428,0.0493,-0.2117,-0.0683,0.0363,-0.1541,-0.0543,0.0219,-0.1378,-0.0367
3,Right Click (L-Shape),0.0,0.0,0.0,-0.0592,-0.0275,-0.0372,-0.1199,-0.0841,-0.0652,-0.1781,-0.1186,-0.0939,-0.2273,-0.1376,-0.1216,-0.0805,-0.2163,-0.0301,-0.0754,-0.3012,-0.0648,-0.0689,-0.3599,-0.0824,-0.0589,-0.4109,-0.0929,-0.0363,-0.2097,-0.0306,-0.0245,-0.2431,-0.0761,-0.0276,-0.1603,-0.0783,-0.0352,-0.1473,-0.0681,0.0086,-0.1964,-0.0374,0.0158,-0.2124,-0.0829,0.0071,-0.1417,-0.0681,-0.0043,-0.1332,-0.0464,0.0484,-0.1759,-0.0478,0.0544,-0.2036,-0.0727,0.0405,-0.1508,-0.0583,0.0272,-0.133,-0.0407
3,Right Click (L-Shape),0.0,0.0,0.0,-0.0559,-0.0272,-0.0364,-0.1128,-0.0784,-0.0666,-0.1717,-0.0978,-0.0984,-0.2224,-0.0988,-0.1295,-0.0768,-0.2251,-0.0324,-0.069,-0.3135,-0.0698,-0.061,-0.3751,-0.0873,-0.0498,-0.429,-0.0968,-0.0335,-0.2163,-0.0339,-0.022,-0.2433,-0.0793,-0.0301,-0.157,-0.078,-0.0397,-0.1541,-0.0651,0.0113,-0.2008,-0.0422,0.0175,-0.2125,-0.087,0.0043,-0.1395,-0.0699,-0.0086,-0.1399,-0.0468,0.0514,-0.1795,-0.0541,0.0565,-0.2004,-0.0765,0.0399,-0.1462,-0.0596,0.0258,-0.1331,-0.0405
3,Right Click (L-Shape),0.0,0.0,0.0,-0.0564,-0.0275,-0.0355,-0.1114,-0.0785,-0.0643,-0.1707,-0.1045,-0.0945,-0.2204,-0.112,-0.1233,-0.0847,-0.222,-0.0331,-0.087,-0.3162,-0.0752,-0.085,-0.3814,-0.0964,-0.0771,-0.4388,-0.1074,-0.042,-0.2145,-0.0338,-0.0298,-0.2459,-0.081,-0.0358,-0.1569,-0.0786,-0.0463,-0.1516,-0.0649,0.0028,-0.2016,-0.0417,0.011,-0.2177,-0.0882,-0.0018,-0.1429,-0.0699,-0.0154,-0.1419,-0.0455,0.0427,-0.1828,-0.0533,0.0501,-0.2043,-0.077,0.0332,-0.1493,-0.06,0.0192,-0.1349,-0.0403
3,Right Click (L-Shape),0.0,0.0,0.0,-0.0556,-0.028,-0.0355,-0.1132,-0.0789,-0.0634,-0.1725,-0.1066,-0.0924,-0.2223,-0.1159,-0.1196,-0.0874,-0.2204,-0.0331,-0.0965,-0.3153,-0.0734,-0.1007,-0.3803,-0.0926,-0.0988,-0.4378,-0.1026,-0.0445,-0.2142,-0.0337,-0.0361,-0.2467,-0.0796,-0.0395,-0.1571,-0.0756,-0.0476,-0.1508,-0.0608,0.0003,-0.203,-0.0414,0.0054,-0.2202,-0.0876,-0.0052,-0.144,-0.0689,-0.0172,-0.1434,-0.0444,0.0413,-0.1867,-0.0528,0.0454,-0.2076,-0.0761,0.0295,-0.1514,-0.0591,0.017,-0.1372,-0.0397
3,Right Click (L-Shape),0.0,0.0,0.0,-0.0551,-0.019,-0.0358,-0.1141,-0.0574,-0.0653,-0.1747,-0.0632,-0.0959,-0.225,-0.0511,-0.1259,-0.0874,-0.2136,-0.0367,-0.0883,-0.312,-0.0743,-0.0851,-0.3785,-0.0926,-0.0775,-0.4382,-0.1029,-0.0437,-0.2092,-0.0376,-0.0347,-0.2395,-0.0828,-0.0379,-0.1528,-0.0811,-0.0457,-0.1457,-0.0689,0.0011,-0.1978,-0.0448,0.007,-0.215,-0.0886,-0.0029,-0.1391,-0.0713,-0.0153,-0.1363,-0.0489,0.0414,-0.1814,-0.0555,0.0466,-0.2054,-0.0771,0.0326,-0.1483,-0.06,0.0202,-0.133,-0.0414
3,Right Click (L-Shape),0.0,0.0,0.0,-0.0524,-0.0209,-0.039,-0.1051,-0.0542,-0.0694,-0.1636,-0.0546,-0.0999,-0.2117,-0.0368,-0.1292,-0.0903,-0.2064,-0.0391,-0.0955,-0.3025,-0.0785,-0.0964,-0.368,-0.0974,-0.0929,-0.4283,-0.1074,-0.0479,-0.2035,-0.0374,-0.0399,-0.2316,-0.0811,-0.0404,-0.1458,-0.0769,-0.0483,-0.14,-0.0631,-0.0043,-0.1946,-0.0428,0.0019,-0.2104,-0.086,-0.0058,-0.1353,-0.0686,-0.0191,-0.1338,-0.0461,0.0355,-0.1811,-0.0521,0.0415,-0.202,-0.0725,0.0298,-0.1463,-0.0557,0.0179,-0.1312,-0.0374
3,Right Click (L-Shape),0.0,0.0,0.0,-0.0532,-0.0197,-0.0372,-0.1078,-0.0539,-0.0672,-0.1649,-0.0576,-0.0979,-0.2134,-0.0425,-0.1274,-0.0928,-0.205,-0.0372,-0.0984,-0.3,-0.0758,-0.0998,-0.3654,-0.0942,-0.0969,-0.4249,-0.104,-0.0503,-0.2031,-0.0369,-0.0387,-0.2321,-0.0826,-0.0395,-0.146,-0.0802,-0.0494,-0.1386,-0.0669,-0.0061,-0.1942,-0.0433,0.0037,-0.2098,-0.0885,-0.0048,-0.1348,-0.0721,-0.0202,-0.1317,-0.0496,0.0339,-0.1806,-0.0532,0.0429,-0.2034,-0.0756,0.031,-0.1477,-0.0594,0.0168,-0.1326,-0.041
3,Right Click (L-Shape),0.0,0.0,0.0,-0.0534,-0.0222,-0.038,-0.1062,-0.0583,-0.0672,-0.1641,-0.061,-0.0966,-0.2113,-0.0461,-0.1245,-0.0942,-0.209,-0.0361,-0.0998,-0.303,-0.0765,-0.1009,-0.3676,-0.0967,-0.0966,-0.4276,-0.1073,-0.0506,-0.2063,-0.0352,-0.0426,-0.2358,-0.0792,-0.0427,-0.1489,-0.0757,-0.0509,-0.1451,-0.0622,-0.006,-0.1985,-0.0417,-0.0,-0.2151,-0.0847,-0.0077,-0.1402,-0.0673,-0.0209,-0.1406,-0.0446,0.0345,-0.1852,-0.0522,0.0402,-0.2099,-0.0728,0.0277,-0.1542,-0.056,0.0153,-0.1384,-0.0373
3,Right Click (L-Shape),0.0,0.0,0.0,-0.058,-0.0167,-0.0351,-0.1212,-0.0724,-0.0585,-0.175,-0.1145,-0.0818,-0.2205,-0.1374,-0.1037,-0.0883,-0.2049,-0.0336,-0.0936,-0.3014,-0.0683,-0.093,-0.3638,-0.0853,-0.0896,-0.4215,-0.0961,-0.0451,-0.2025,-0.034,-0.0408,-0.2384,-0.0814,-0.0379,-0.152,-0.0823,-0.0419,-0.1349,-0.0716,-0.0005,-0.1929,-0.0403,0.0044,-0.2096,-0.0876,-0.0001,-0.1339,-0.0714,-0.0108,-0.1264,-0.0491,0.0411,-0.178,-0.0498,0.0466,-0.2053,-0.0764,0.0355,-0.1473,-0.062,0.0232,-0.1302,-0.0449
3,Right Click (L-Shape),0.0,0.0,0.0,-0.0598,-0.016,-0.0367,-0.1245,-0.0686,-0.0615,-0.182,-0.1088,-0.0861,-0.228,-0.1335,-0.1092,-0.089,-0.2058,-0.0344,-0.0957,-0.3015,-0.0709,-0.0962,-0.3648,-0.0889,-0.0924,-0.4217,-0.0998,-0.0463,-0.2027,-0.0338,-0.0427,-0.2382,-0.0804,-0.0402,-0.1509,-0.0799,-0.0447,-0.1355,-0.0681,-0.0023,-0.1934,-0.0396,0.0013,-0.2113,-0.0861,-0.0031,-0.1347,-0.069,-0.0134,-0.1284,-0.0461,0.0385,-0.1791,-0.0487,0.0422,-0.2052,-0.0748,0.0316,-0.1463,-0.0599,0.0209,-0.1298,-0.0422
3,Right Click (L-Shape),0.0,0.0,0.0,-0.0609,-0.015,-0.0328,-0.1269,-0.0668,-0.0568,-0.1833,-0.1026,-0.0815,-0.2287,-0.1246,-0.105,-0.0921,-0.2034,-0.0322,-0.0993,-0.3004,-0.0682,-0.1003,-0.3634,-0.0866,-0.0963,-0.4209,-0.098,-0.0494,-0.2017,-0.0337,-0.0427,-0.2364,-0.0797,-0.0401,-0.1513,-0.08,-0.0452,-0.138,-0.0695,-0.0053,-0.194,-0.0411,-0.0007,-0.2136,-0.0853,-0.0048,-0.1385,-0.0671,-0.0144,-0.1315,-0.0446,0.0358,-0.1801,-0.0519,0.0405,-0.2077,-0.0768,0.0294,-0.1496,-0.0614,0.0186,-0.1323,-0.0438
3,Right Click (L-Shape),0.0,0.0,0.0,-0.061,-0.0152,-0.033,-0.1272,-0.0649,-0.0578,-0.1842,-0.0989,-0.0834,-0.23,-0.12,-0.1081,-0.0922,-0.2013,-0.0336,-0.1003,-0.2984,-0.0701,-0.1012,-0.3619,-0.0896,-0.0975,-0.4192,-0.102,-0.0494,-0.201,-0.0359,-0.0444,-0.2357,-0.0837,-0.0416,-0.1505,-0.0862,-0.0458,-0.1341,-0.0772,-0.0052,-0.1938,-0.0439,-0.0025,-0.2134,-0.0898,-0.006,-0.1377,-0.0728,-0.0148,-0.1277,-0.0506,0.0364,-0.18,-0.0552,0.0394,-0.2077,-0.0813,0.029,-0.1503,-0.066,0.0186,-0.1327,-0.0483
3,Right Click (L-Shape),0.0,0.0,0.0,-0.0602,-0.0154,-0.0362,-0.1249,-0.0641,-0.0635,-0.1829,-0.0989,-0.0913,-0.2314,-0.1201,-0.1179,-0.0911,-0.2044,-0.0355,-0.0981,-0.3009,-0.0717,-0.0985,-0.3648,-0.09,-0.0946,-0.421,-0.1013,-0.0489,-0.2027,-0.0361,-0.0422,-0.2364,-0.0829,-0.0401,-0.1502,-0.0837,-0.0464,-0.1366,-0.0734,-0.0048,-0.1949,-0.0428,-0.0013,-0.2148,-0.0886,-0.0053,-0.1392,-0.0712,-0.0157,-0.1304,-0.0486,0.0366,-0.1809,-0.053,0.0408,-0.209,-0.0796,0.0294,-0.1512,-0.0647,0.0167,-0.1319,-0.0469
3,Right Click (L-Shape),0.0,0.0,0.0,-0.0586,-0.0181,-0.0411,-0.1205,-0.0598,-0.0724,-0.1795,-0.0866,-0.1039,-0.2294,-0.1028,-0.1337,-0.0939,-0.2059,-0.0373,-0.0993,-0.3004,-0.0756,-0.0986,-0.3658,-0.094,-0.0919,-0.4217,-0.1041,-0.051,-0.2027,-0.036,-0.0404,-0.2362,-0.0844,-0.0411,-0.1478,-0.0838,-0.0503,-0.1355,-0.0709,-0.0073,-0.1955,-0.0417,0.0005,-0.2146,-0.09,-0.0065,-0.1371,-0.0726,-0.0201,-0.1281,-0.0485,0.0327,-0.1828,-0.0513,0.0404,-0.2091,-0.0789,0.0291,-0.1509,-0.064,0.0157,-0.1322,-0.0452
3,Right Click (L-Shape),0.0,0.0,0.0,-0.0596,-0.02,-0.0433,-0.1192,-0.0613,-0.0748,-0.18,-0.0892,-0.1057,-0.2304,-0.1078,-0.1342,-0.0958,-0.2106,-0.0391,-0.1007,-0.3038,-0.0821,-0.101,-0.3686,-0.1031,-0.0942,-0.4272,-0.1137,-0.0523,-0.2072,-0.0358,-0.0442,-0.2395,-0.0819,-0.0446,-0.1497,-0.0771,-0.0529,-0.1448,-0.062,-0.0081,-0.2002,-0.0406,-0.002,-0.2198,-0.0872,-0.0091,-0.1415,-0.067,-0.0215,-0.1386,-0.0414,0.0316,-0.1873,-0.0499,0.0386,-0.2137,-0.0756,0.0258,-0.1557,-0.0593,0.0138,-0.1372,-0.0397
3,Right Click (L-Shape),0.0,0.0,0.0,-0.0593,-0.021,-0.0394,-0.117,-0.0616,-0.0702,-0.1759,-0.0918,-0.1013,-0.2238,-0.1139,-0.1301,-0.0946,-0.2121,-0.0372,-0.0998,-0.3048,-0.0815,-0.0998,-0.3699,-0.1044,-0.0928,-0.4268,-0.116,-0.0519,-0.208,-0.0353,-0.0464,-0.2389,-0.0809,-0.0462,-0.1501,-0.0766,-0.0542,-0.1444,-0.0621,-0.0077,-0.201,-0.0412,-0.0056,-0.2213,-0.0865,-0.0118,-0.1439,-0.0657,-0.0228,-0.1396,-0.0401,0.0323,-0.1887,-0.0513,0.0355,-0.2125,-0.0756,0.0227,-0.1553,-0.0584,0.0122,-0.138,-0.0384
3,Right Click (L-Shape),0.0,0.0,0.0,-0.06,-0.0181,-0.037,-0.1263,-0.0695,-0.0642,-0.1833,-0.1103,-0.0919,-0.2326,-0.1325,-0.1181,-0.0924,-0.2099,-0.0327,-0.0948,-0.3042,-0.0683,-0.0926,-0.3677,-0.0854,-0.087,-0.4227,-0.0954,-0.05,-0.2057,-0.0332,-0.043,-0.24,-0.0793,-0.0423,-0.1544,-0.0793,-0.0502,-0.1439,-0.068,-0.006,-0.1973,-0.0402,-0.0021,-0.2181,-0.0868,-0.0067,-0.1423,-0.0695,-0.0182,-0.1353,-0.0464,0.0354,-0.1834,-0.0509,0.0385,-0.2115,-0.0773,0.0273,-0.1542,-0.062,0.0149,-0.1354,-0.0438
3,Right Click (L-Shape),0.0,0.0,0.0,-0.0601,-0.0187,-0.0389,-0.1262,-0.0691,-0.0672,-0.1851,-0.1083,-0.0957,-0.2363,-0.1306,-0.1228,-0.0912,-0.2079,-0.0342,-0.0949,-0.3006,-0.0697,-0.0935,-0.3641,-0.0872,-0.0889,-0.4185,-0.0978,-0.0484,-0.204,-0.0342,-0.0407,-0.2391,-0.0801,-0.0392,-0.1544,-0.0806,-0.0475,-0.1429,-0.0698,-0.0044,-0.1951,-0.0407,0.0005,-0.2156,-0.0873,-0.0036,-0.1416,-0.0705,-0.0158,-0.1344,-0.0478,0.0361,-0.18,-0.0509,0.0401,-0.2095,-0.0776,0.0295,-0.1531,-0.0624,0.0165,-0.1338,-0.0442
3,Right Click (L-Shape),0.0,0.0,0.0,-0.0591,-0.0187,-0.0381,-0.1237,-0.0718,-0.0646,-0.1802,-0.113,-0.0912,-0.2285,-0.1361,-0.1163,-0.0911,-0.2079,-0.0326,-0.0958,-0.3006,-0.0684,-0.0944,-0.3638,-0.0857,-0.0893,-0.419,-0.0959,-0.0483,-0.2047,-0.0324,-0.0417,-0.2392,-0.0788,-0.0399,-0.1524,-0.0787,-0.0468,-0.1412,-0.067,-0.0044,-0.1965,-0.039,0.0002,-0.2166,-0.0861,-0.0044,-0.1406,-0.0688,-0.0158,-0.1345,-0.0454,0.0364,-0.1826,-0.0492,0.04,-0.2106,-0.076,0.0294,-0.1532,-0.0609,0.0177,-0.1358,-0.0426
3,Right Click (L-Shape),0.0,0.0,0.0,-0.0567,-0.0198,-0.0343,-0.1184,-0.0786,-0.0549,-0.1704,-0.1193,-0.0751,-0.2152,-0.1408,-0.0937,-0.0888,-0.2083,-0.028,-0.0924,-0.2983,-0.061,-0.0907,-0.3574,-0.0777,-0.086,-0.412,-0.088,-0.046,-0.2052,-0.028,-0.0346,-0.2407,-0.0718,-0.0327,-0.1565,-0.0727,-0.041,-0.1418,-0.0625,-0.0022,-0.1959,-0.0344,0.008,-0.2167,-0.0791,0.0018,-0.142,-0.0645,-0.0124,-0.1352,-0.0438,0.0378,-0.1807,-0.044,0.0477,-0.2099,-0.0706,0.0358,-0.153,-0.058,0.0209,-0.1345,-0.0421
3,Right Click (L-Shape),0.0,0.0,0.0,-0.0597,-0.021,-0.0403,-0.1231,-0.0703,-0.0688,-0.1818,-0.1057,-0.0972,-0.2336,-0.1248,-0.1239,-0.0913,-0.2066,-0.0342,-0.0935,-0.297,-0.0708,-0.0912,-0.3597,-0.0882,-0.0849,-0.4139,-0.0979,-0.0477,-0.2036,-0.033,-0.0393,-0.2363,-0.0791,-0.0381,-0.1507,-0.078,-0.0465,-0.1414,-0.0657,-0.0036,-0.1957,-0.0389,0.0031,-0.2133,-0.0861,-0.0022,-0.1392,-0.0691,-0.0158,-0.1334,-0.0459,0.0359,-0.1815,-0.0487,0.0426,-0.2087,-0.0754,0.0319,-0.1532,-0.0606,0.0183,-0.1346,-0.0425
3,Right Click (L-Shape),0.0,0.0,0.0,-0.0575,-0.0197,-0.0367,-0.1198,-0.0656,-0.0658,-0.1777,-0.0937,-0.0958,-0.2276,-0.1086,-0.1248,-0.0889,-0.2038,-0.0338,-0.0911,-0.2952,-0.0696,-0.0883,-0.3587,-0.0868,-0.0816,-0.4124,-0.0965,-0.047,-0.2012,-0.0344,-0.038,-0.2314,-0.0803,-0.0383,-0.1463,-0.0802,-0.0463,-0.1354,-0.0686,-0.0032,-0.1932,-0.0412,0.0027,-0.2098,-0.0867,-0.0035,-0.1361,-0.0696,-0.0157,-0.1274,-0.0467,0.0372,-0.1785,-0.0517,0.0431,-0.2055,-0.0773,0.0311,-0.1498,-0.0622,0.0172,-0.1304,-0.0439
3,Right Click (L-Shape),0.0,0.0,0.0,-0.0594,-0.0224,-0.0378,-0.1188,-0.0683,-0.0667,-0.1783,-0.0986,-0.0963,-0.2291,-0.1139,-0.1242,-0.0911,-0.2088,-0.0319,-0.0926,-0.2993,-0.0703,-0.0901,-0.3629,-0.0888,-0.0823,-0.4177,-0.0984,-0.0484,-0.2045,-0.031,-0.0402,-0.2336,-0.0738,-0.0411,-0.1491,-0.0697,-0.0504,-0.1451,-0.0559,-0.0048,-0.197,-0.0376,0.0003,-0.2143,-0.0813,-0.0059,-0.1405,-0.062,-0.0185,-0.1366,-0.038,0.0347,-0.1836,-0.0482,0.04,-0.2089,-0.0726,0.028,-0.1542,-0.0565,0.0156,-0.1357,-0.0378
3,Right Click (L-Shape),0.0,0.0,0.0,-0.059,-0.028,-0.042,-0.1122,-0.0707,-0.0706,-0.1702,-0.1023,-0.0979,-0.2202,-0.1232,-0.1215,-0.0932,-0.216,-0.0354,-0.0926,-0.3064,-0.0805,-0.0885,-0.3658,-0.1031,-0.079,-0.4227,-0.1132,-0.05,-0.208,-0.0304,-0.0421,-0.2405,-0.0708,-0.0448,-0.1532,-0.0628,-0.0562,-0.155,-0.0468,-0.0079,-0.1992,-0.0344,-0.0024,-0.2229,-0.0788,-0.0101,-0.1447,-0.0587,-0.0241,-0.1457,-0.0337,0.0294,-0.1863,-0.0426,0.0356,-0.215,-0.0657,0.0231,-0.1586,-0.0482,0.0114,-0.1401,-0.0281
3,Right Click (L-Shape),0.0,0.0,0.0,-0.0572,-0.0206,-0.0383,-0.1128,-0.0575,-0.0668,-0.1719,-0.0673,-0.0955,-0.2203,-0.0614,-0.1219,-0.0938,-0.2125,-0.0336,-0.0955,-0.3035,-0.0746,-0.0927,-0.3646,-0.0941,-0.0837,-0.4216,-0.1033,-0.0509,-0.2067,-0.0315,-0.0444,-0.2339,-0.0726,-0.0474,-0.1465,-0.066,-0.0558,-0.1473,-0.0507,-0.0081,-0.198,-0.0376,-0.0036,-0.2149,-0.0791,-0.0129,-0.1382,-0.0599,-0.0253,-0.1396,-0.0363,0.0309,-0.1848,-0.0478,0.0359,-0.2095,-0.0678,0.022,-0.1528,-0.0503,0.0101,-0.1356,-0.0311
3,Right Click (L-Shape),0.0,0.0,0.0,-0.0548,-0.0171,-0.0328,-0.114,-0.0566,-0.0608,-0.1718,-0.0676,-0.0909,-0.2201,-0.0622,-0.1202,-0.0887,-0.2071,-0.0312,-0.0897,-0.2982,-0.0671,-0.0866,-0.3605,-0.0837,-0.0784,-0.4147,-0.0927,-0.0468,-0.2044,-0.0332,-0.0418,-0.2265,-0.0769,-0.0439,-0.1426,-0.0746,-0.0499,-0.14,-0.062,-0.003,-0.1956,-0.0416,-0.0021,-0.2058,-0.0832,-0.01,-0.1332,-0.065,-0.0193,-0.1317,-0.0422,0.0376,-0.1817,-0.0535,0.038,-0.1994,-0.0745,0.0247,-0.1451,-0.058,0.0144,-0.1319,-0.0394
3,Right Click (L-Shape),0.0,0.0,0.0,-0.0551,-0.0171,-0.0351,-0.1148,-0.0565,-0.0646,-0.1737,-0.071,-0.0957,-0.2229,-0.0669,-0.126,-0.0921,-0.2061,-0.0332,-0.0925,-0.2979,-0.0705,-0.0893,-0.3611,-0.0878,-0.081,-0.4163,-0.097,-0.05,-0.2035,-0.0341,-0.0395,-0.2312,-0.0793,-0.0422,-0.1449,-0.077,-0.0515,-0.1384,-0.0636,-0.0063,-0.195,-0.0416,0.001,-0.2096,-0.0857,-0.0077,-0.1349,-0.068,-0.0208,-0.1299,-0.0446,0.0337,-0.181,-0.0526,0.0397,-0.2036,-0.0757,0.027,-0.148,-0.0597,0.0141,-0.1323,-0.041
3,Right Click (L-Shape),0.0,0.0,0.0,-0.02,-0.1141,-0.0077,-0.0515,-0.2026,-0.0208,-0.0871,-0.2753,-0.0327,-0.1085,-0.3304,-0.0429,-0.1453,-0.1533,-0.0228,-0.2017,-0.172,-0.0286,-0.1776,-0.1644,-0.0323,-0.1484,-0.1533,-0.0336,-0.1619,-0.0827,-0.0227,-0.2047,-0.1104,-0.0174,-0.1813,-0.1103,-0.015,-0.1556,-0.1005,-0.0176,-0.1648,-0.0163,-0.0212,-0.2042,-0.05,-0.0133,-0.1832,-0.0516,-0.0036,-0.1571,-0.0418,-0.0019,-0.162,0.0391,-0.0201,-0.1975,0.0075,-0.0123,-0.1781,0.0037,0.0017,-0.1567,0.0103,0.0109
3,Right Click (L-Shape),0.0,0.0,0.0,-0.0207,-0.1175,-0.008,-0.0491,-0.2058,-0.023,-0.0812,-0.2792,-0.037,-0.1036,-0.3347,-0.0496,-0.1409,-0.1536,-0.0278,-0.2015,-0.1701,-0.0349,-0.1771,-0.1649,-0.038,-0.1466,-0.1568,-0.0385,-0.1571,-0.0821,-0.0282,-0.2031,-0.1093,-0.0245,-0.1777,-0.1098,-0.0207,-0.1515,-0.1014,-0.022,-0.1602,-0.0148,-0.0272,-0.2005,-0.0486,-0.0206,-0.1782,-0.0507,-0.0094,-0.1516,-0.0421,-0.0066,-0.1576,0.0414,-0.0265,-0.194,0.0079,-0.0197,-0.1727,0.0037,-0.0049,-0.15,0.0103,0.0051
3,Right Click (L-Shape),0.0,0.0,0.0,-0.0183,-0.1182,-0.0119,-0.0519,-0.2121,-0.0263,-0.0894,-0.2862,-0.0392,-0.1116,-0.3507,-0.0509,-0.1465,-0.1585,-0.025,-0.1991,-0.1718,-0.0341,-0.1703,-0.1667,-0.0411,-0.1401,-0.1584,-0.0449,-0.1628,-0.086,-0.0245,-0.2067,-0.1108,-0.0247,-0.1786,-0.1113,-0.0249,-0.1501,-0.1011,-0.0281,-0.165,-0.0191,-0.0233,-0.2054,-0.0489,-0.0209,-0.182,-0.0522,-0.0121,-0.1549,-0.0444,-0.0095,-0.1613,0.0373,-0.023,-0.1982,0.0094,-0.0197,-0.1779,0.0037,-0.0069,-0.1562,0.0079,0.0024
4,Double Click (Thumb Only),0.0,0.0,0.0,-0.0056,-0.1055,-0.0038,-0.0311,-0.1962,-0.0127,-0.0604,-0.2638,-0.0213,-0.0884,-0.3067,-0.0295,-0.0984,-0.1708,-0.0276,-0.1604,-0.1833,-0.0397,-0.1354,-0.1731,-0.0456,-0.1073,-0.1672,-0.0476,-0.1164,-0.1091,-0.0317,-0.1668,-0.1291,-0.0345,-0.1441,-0.1206,-0.0318,-0.1204,-0.1107,-0.0324,-0.1265,-0.0477,-0.0347,-0.1688,-0.0748,-0.0353,-0.1482,-0.0678,-0.0232,-0.1253,-0.0586,-0.0177,-0.1308,0.0082,-0.0376,-0.1719,-0.0214,-0.0362,-0.1529,-0.0157,-0.0215,-0.1324,-0.0059,-0.0108
4,Double Click (Thumb Only),0.0,0.0,0.0,-0.0101,-0.1068,-0.0045,-0.0365,-0.1979,-0.0152,-0.0677,-0.2645,-0.0255,-0.0968,-0.3076,-0.0354,-0.1047,-0.1672,-0.0298,-0.166,-0.1776,-0.0442,-0.1371,-0.1705,-0.052,-0.1074,-0.1638,-0.0549,-0.1218,-0.1041,-0.0344,-0.174,-0.1251,-0.0389,-0.1494,-0.1187,-0.0376,-0.1242,-0.1068,-0.0391,-0.1302,-0.0424,-0.0378,-0.1732,-0.0682,-0.0388,-0.1516,-0.0638,-0.0267,-0.1285,-0.055,-0.0214,-0.1331,0.0128,-0.0414,-0.1748,-0.0159,-0.0396,-0.1549,-0.0129,-0.0244,-0.1344,-0.0045,-0.0135
4,Double Click (Thumb Only),0.0,0.0,0.0,-0.0105,-0.105,-0.006,-0.038,-0.196,-0.0169,-0.068,-0.2622,-0.0274,-0.0971,-0.3044,-0.0375,-0.1052,-0.1647,-0.0305,-0.1675,-0.1726,-0.0445,-0.1396,-0.1669,-0.0518,-0.1103,-0.1618,-0.0546,-0.1211,-0.1009,-0.0347,-0.1752,-0.1203,-0.0404,-0.1499,-0.1155,-0.04,-0.124,-0.1042,-0.0418,-0.129,-0.0391,-0.0378,-0.1758,-0.0643,-0.0403,-0.1536,-0.062,-0.0293,-0.1291,-0.0534,-0.0241,-0.1316,0.0161,-0.0412,-0.1761,-0.0111,-0.0412,-0.157,-0.0098,-0.0275,-0.1361,-0.0015,-0.0174
4,Double Click (Thumb Only),0.0,0.0,0.0,-0.011,-0.1062,-0.0055,-0.037,-0.1969,-0.0172,-0.0675,-0.2618,-0.0284,-0.0956,-0.3056,-0.039,-0.1045,-0.1616,-0.03,-0.1641,-0.1749,-0.0445,-0.1362,-0.1683,-0.0526,-0.107,-0.1601,-0.0558,-0.1217,-0.0989,-0.0342,-0.1716,-0.1224,-0.0383,-0.1479,-0.1161,-0.0374,-0.1232,-0.1037,-0.0393,-0.1301,-0.0378,-0.0374,-0.1726,-0.0654,-0.0382,-0.1516,-0.0611,-0.0266,-0.1283,-0.0514,-0.0218,-0.133,0.0166,-0.0409,-0.1741,-0.0113,-0.0392,-0.1548,-0.009,-0.0245,-0.1344,-0.0007,-0.0141
4,Double Click (Thumb Only),0.0,0.0,0.0,-0.0118,-0.1053,-0.0045,-0.0395,-0.1958,-0.0158,-0.0692,-0.2614,-0.0267,-0.0969,-0.3045,-0.0374,-0.1068,-0.1631,-0.0308,-0.1685,-0.1719,-0.0443,-0.1408,-0.1663,-0.0514,-0.1127,-0.1614,-0.0543,-0.1226,-0.0994,-0.0357,-0.175,-0.1195,-0.04,-0.1509,-0.1141,-0.0387,-0.1261,-0.103,-0.0403,-0.1302,-0.0375,-0.0393,-0.1752,-0.0633,-0.0404,-0.1541,-0.06,-0.0286,-0.1304,-0.051,-0.0235,-0.1324,0.0179,-0.043,-0.1759,-0.0086,-0.0419,-0.157,-0.0066,-0.0273,-0.1362,0.0015,-0.0168
4,Double Click (Thumb Only),0.0,0.0,0.0,-0.0102,-0.1067,-0.0049,-0.0363,-0.1989,-0.0164,-0.0672,-0.2652,-0.0278,-0.0949,-0.3135,-0.039,-0.1049,-0.1651,-0.0278,-0.1614,-0.1771,-0.0429,-0.1333,-0.1697,-0.0522,-0.1043,-0.1619,-0.0562,-0.1224,-0.1025,-0.0324,-0.1704,-0.1252,-0.0364,-0.1458,-0.1177,-0.036,-0.121,-0.1047,-0.0382,-0.1305,-0.0411,-0.0362,-0.1721,-0.068,-0.0373,-0.15,-0.0629,-0.0258,-0.1263,-0.0528,-0.0209,-0.1325,0.0143,-0.0401,-0.173,-0.0114,-0.0388,-0.153,-0.0093,-0.024,-0.1324,-0.0015,-0.0133
4,Double Click (Thumb Only),0.0,0.0,0.0,-0.0116,-0.107,-0.0038,-0.0402,-0.1987,-0.0145,-0.0702,-0.268,-0.0253,-0.0941,-0.3211,-0.0362,-0.1081,-0.1653,-0.0266,-0.1643,-0.1765,-0.0398,-0.1358,-0.1691,-0.0473,-0.1073,-0.1621,-0.0504,-0.1242,-0.1032,-0.0315,-0.1733,-0.1248,-0.0347,-0.1486,-0.1184,-0.0334,-0.1238,-0.1061,-0.0352,-0.1307,-0.0424,-0.0354,-0.1748,-0.0674,-0.0363,-0.1527,-0.0637,-0.0247,-0.1291,-0.0545,-0.0197,-0.1315,0.0119,-0.0392,-0.1745,-0.0131,-0.0377,-0.1552,-0.0115,-0.0227,-0.1348,-0.0041,-0.012
4,Double Click (Thumb Only),0.0,0.0,0.0,-0.0165,-0.1072,-0.0027,-0.048,-0.1981,-0.013,-0.0769,-0.2679,-0.0233,-0.0981,-0.3217,-0.0338,-0.1134,-0.1646,-0.0294,-0.174,-0.1665,-0.0399,-0.1479,-0.1592,-0.0445,-0.1191,-0.1562,-0.0463,-0.1276,-0.1006,-0.0345,-0.1775,-0.1122,-0.0366,-0.1531,-0.1058,-0.0337,-0.1278,-0.0976,-0.0348,-0.133,-0.0379,-0.0379,-0.1763,-0.0566,-0.0377,-0.1553,-0.0525,-0.0254,-0.1314,-0.0454,-0.0203,-0.1332,0.0187,-0.0411,-0.1763,-0.0032,-0.0394,-0.1572,-0.0013,-0.0244,-0.136,0.0057,-0.0137
4,Double Click (Thumb Only),0.0,0.0,0.0,-0.0162,-0.1063,-0.0034,-0.0485,-0.1971,-0.0141,-0.0772,-0.2679,-0.0247,-0.0987,-0.3217,-0.0356,-0.1132,-0.1646,-0.0297,-0.1733,-0.1661,-0.0407,-0.1472,-0.159,-0.0457,-0.1184,-0.156,-0.0476,-0.1274,-0.1007,-0.0347,-0.1784,-0.1127,-0.0374,-0.1541,-0.1062,-0.035,-0.1284,-0.0974,-0.0363,-0.133,-0.0379,-0.0382,-0.1777,-0.0568,-0.0387,-0.1564,-0.0526,-0.0267,-0.1321,-0.0452,-0.0217,-0.1334,0.0188,-0.0415,-0.1777,-0.0034,-0.0405,-0.1583,-0.0013,-0.0258,-0.1367,0.0056,-0.0153
4,Double Click (Thumb Only),0.0,0.0,0.0,-0.0188,-0.1049,-0.0021,-0.0533,-0.1944,-0.0125,-0.0824,-0.2631,-0.0234,-0.103,-0.3175,-0.0348,-0.1176,-0.157,-0.0293,-0.1784,-0.158,-0.0414,-0.1523,-0.1521,-0.0479,-0.1227,-0.1497,-0.0505,-0.1294,-0.0916,-0.035,-0.1796,-0.1013,-0.0376,-0.1553,-0.0979,-0.0354,-0.1291,-0.0915,-0.0369,-0.1325,-0.028,-0.0391,-0.1769,-0.0457,-0.0392,-0.1563,-0.0439,-0.0276,-0.1315,-0.0383,-0.023,-0.1312,0.0292,-0.043,-0.1759,0.0094,-0.0414,-0.1578,0.009,-0.0268,-0.1358,0.0146,-0.0164
4,Double Click (Thumb Only),0.0,0.0,0.0,-0.0191,-0.1052,-0.0033,-0.0546,-0.1939,-0.0145,-0.0843,-0.2645,-0.0258,-0.1061,-0.3197,-0.0375,-0.1208,-0.1575,-0.0292,-0.1829,-0.1564,-0.0415,-0.1558,-0.1511,-0.0479,-0.1258,-0.1492,-0.0507,-0.1329,-0.0931,-0.0345,-0.1839,-0.1025,-0.0373,-0.1586,-0.0986,-0.0357,-0.1321,-0.0916,-0.0375,-0.1357,-0.03,-0.0382,-0.1806,-0.0471,-0.0387,-0.1589,-0.0445,-0.0272,-0.134,-0.0386,-0.0224,-0.1337,0.0268,-0.0419,-0.1787,0.0072,-0.0408,-0.159,0.0075,-0.0262,-0.1365,0.0129,-0.0156
4,Double Click (Thumb Only),0.0,0.0,0.0,-0.0186,-0.1054,-0.004,-0.052,-0.194,-0.016,-0.0796,-0.2631,-0.0283,-0.1002,-0.3187,-0.041,-0.1182,-0.155,-0.0306,-0.1796,-0.1546,-0.0449,-0.1521,-0.149,-0.0532,-0.122,-0.1474,-0.0571,-0.13,-0.0906,-0.036,-0.1808,-0.0993,-0.0399,-0.1557,-0.0956,-0.0386,-0.1296,-0.0888,-0.0408,-0.1322,-0.0275,-0.0401,-0.1781,-0.0427,-0.0417,-0.156,-0.0405,-0.03,-0.1311,-0.035,-0.0252,-0.1294,0.0291,-0.0442,-0.1745,0.014,-0.0438,-0.1553,0.0135,-0.0291,-0.1335,0.0182,-0.0185
4,Double Click (Thumb Only),0.0,0.0,0.0,-0.0193,-0.1053,-0.0037,-0.0534,-0.1941,-0.0156,-0.0822,-0.2637,-0.0281,-0.1027,-0.3204,-0.0409,-0.1198,-0.156,-0.0301,-0.1821,-0.1571,-0.0442,-0.1554,-0.1512,-0.0523,-0.1256,-0.1491,-0.0561,-0.1313,-0.0915,-0.0358,-0.1835,-0.1013,-0.0398,-0.1586,-0.0979,-0.0384,-0.1321,-0.0913,-0.0404,-0.1332,-0.0282,-0.0402,-0.1802,-0.0446,-0.0419,-0.1583,-0.0428,-0.0301,-0.1331,-0.0374,-0.0251,-0.1301,0.0288,-0.0446,-0.1766,0.0124,-0.0442,-0.1576,0.0116,-0.0295,-0.1353,0.0163,-0.0189
4,Double Click (Thumb Only),0.0,0.0,0.0,-0.0171,-0.1067,-0.0055,-0.0473,-0.1972,-0.0179,-0.0752,-0.2632,-0.0303,-0.0951,-0.3187,-0.0428,-0.1175,-0.1512,-0.0293,-0.1751,-0.1513,-0.0438,-0.1472,-0.1478,-0.0524,-0.1165,-0.1446,-0.056,-0.1294,-0.0859,-0.0337,-0.1784,-0.0964,-0.0377,-0.1536,-0.0948,-0.037,-0.1273,-0.0879,-0.0393,-0.1319,-0.0233,-0.0371,-0.1759,-0.0419,-0.0389,-0.1541,-0.0411,-0.0279,-0.1292,-0.0351,-0.0233,-0.1292,0.0322,-0.0406,-0.1726,0.016,-0.0405,-0.1541,0.0141,-0.0266,-0.1327,0.0183,-0.0163
4,Double Click (Thumb Only),0.0,0.0,0.0,-0.0181,-0.1088,-0.0057,-0.0501,-0.2009,-0.0181,-0.0793,-0.2686,-0.0302,-0.0983,-0.3241,-0.0424,-0.1199,-0.1551,-0.032,-0.1777,-0.1557,-0.0445,-0.1488,-0.151,-0.0507,-0.119,-0.1474,-0.0531,-0.1309,-0.0886,-0.0364,-0.1815,-0.0999,-0.0396,-0.1563,-0.098,-0.0377,-0.1299,-0.0909,-0.0391,-0.1329,-0.0255,-0.0392,-0.1789,-0.0447,-0.0406,-0.1567,-0.0442,-0.0291,-0.1317,-0.0382,-0.0242,-0.1298,0.0303,-0.0421,-0.1755,0.0119,-0.042,-0.1563,0.0103,-0.0277,-0.1342,0.0148,-0.0172
4,Double Click (Thumb Only),0.0,0.0,0.0,-0.0143,-0.1066,-0.009,-0.0437,-0.1984,-0.0221,-0.0738,-0.2672,-0.0339,-0.091,-0.3237,-0.0451,-0.1198,-0.1527,-0.0321,-0.1774,-0.1616,-0.0429,-0.1498,-0.1575,-0.0479,-0.12,-0.1528,-0.0497,-0.1332,-0.0861,-0.0337,-0.1808,-0.1035,-0.0365,-0.1557,-0.1017,-0.0348,-0.1296,-0.0936,-0.0363,-0.1371,-0.0243,-0.0341,-0.1784,-0.0491,-0.0343,-0.1567,-0.0481,-0.0234,-0.1324,-0.0406,-0.0189,-0.136,0.0292,-0.0349,-0.1739,0.0037,-0.0337,-0.1543,0.0042,-0.0201,-0.134,0.0109,-0.0103
4,Double Click (Thumb Only),0.0,0.0,0.0,-0.0138,-0.1073,-0.0082,-0.0429,-0.1999,-0.0207,-0.073,-0.2676,-0.0321,-0.0907,-0.3234,-0.0429,-0.1185,-0.1526,-0.0303,-0.1711,-0.1626,-0.0418,-0.1424,-0.1593,-0.048,-0.1132,-0.1527,-0.0506,-0.1318,-0.0862,-0.0324,-0.1778,-0.1044,-0.0353,-0.1529,-0.1036,-0.0339,-0.127,-0.0951,-0.0356,-0.1358,-0.0245,-0.0335,-0.1767,-0.0488,-0.0342,-0.1556,-0.0491,-0.0239,-0.1315,-0.042,-0.0197,-0.1344,0.029,-0.0348,-0.1726,0.0057,-0.034,-0.1533,0.0048,-0.0208,-0.1328,0.0104,-0.0111
4,Double Click (Thumb Only),0.0,0.0,0.0,-0.0115,-0.1117,-0.0114,-0.0407,-0.2043,-0.0253,-0.0728,-0.2711,-0.037,-0.0905,-0.3273,-0.0475,-0.1252,-0.1544,-0.036,-0.1816,-0.1619,-0.045,-0.1503,-0.16,-0.0476,-0.1201,-0.1529,-0.0479,-0.1387,-0.087,-0.0359,-0.183,-0.108,-0.0368,-0.1566,-0.1089,-0.0337,-0.131,-0.0984,-0.0347,-0.1417,-0.0255,-0.0345,-0.1797,-0.0531,-0.0338,-0.1576,-0.0545,-0.0232,-0.1336,-0.0454,-0.0194,-0.1397,0.0274,-0.0335,-0.1768,-0.0018,-0.0327,-0.1567,-0.0027,-0.0199,-0.1361,0.0056,-0.0104
4,Double Click (Thumb Only),0.0,0.0,0.0,-0.0139,-0.11,-0.0094,-0.0426,-0.2033,-0.023,-0.0738,-0.271,-0.0349,-0.0906,-0.3267,-0.0457,-0.1273,-0.1572,-0.0351,-0.1829,-0.1626,-0.046,-0.152,-0.1601,-0.0504,-0.122,-0.1545,-0.0518,-0.1409,-0.0881,-0.0365,-0.1843,-0.107,-0.0393,-0.1579,-0.1058,-0.0372,-0.132,-0.0958,-0.0386,-0.1445,-0.0261,-0.0365,-0.1788,-0.0508,-0.0359,-0.1577,-0.0508,-0.0251,-0.1341,-0.0425,-0.021,-0.1433,0.0268,-0.0369,-0.1777,-0.0007,-0.0343,-0.158,-0.0006,-0.0204,-0.1381,0.0064,-0.0103
4,Double Click (Thumb Only),0.0,0.0,0.0,-0.0141,-0.1094,-0.0103,-0.0425,-0.1991,-0.0247,-0.0715,-0.2687,-0.0381,-0.0882,-0.3268,-0.0509,-0.1222,-0.1477,-0.0309,-0.1747,-0.1532,-0.0429,-0.1452,-0.1497,-0.0501,-0.1159,-0.143,-0.0535,-0.1362,-0.0805,-0.0321,-0.18,-0.0987,-0.0354,-0.1532,-0.0984,-0.0354,-0.1262,-0.0887,-0.038,-0.14,-0.019,-0.0323,-0.177,-0.0408,-0.0325,-0.1556,-0.0421,-0.0236,-0.1315,-0.0353,-0.0205,-0.1392,0.0334,-0.0332,-0.1754,0.0122,-0.0315,-0.1559,0.009,-0.019,-0.135,0.0133,-0.01
4,Double Click (Thumb Only),0.0,0.0,0.0,-0.0156,-0.1108,-0.0099,-0.0464,-0.2021,-0.0236,-0.0765,-0.273,-0.0363,-0.0929,-0.3322,-0.0484,-0.1289,-0.1499,-0.0294,-0.1849,-0.153,-0.0409,-0.1568,-0.1481,-0.0482,-0.127,-0.1422,-0.0517,-0.142,-0.0811,-0.0304,-0.1861,-0.0969,-0.0324,-0.16,-0.0974,-0.0322,-0.1331,-0.0899,-0.0352,-0.1443,-0.0195,-0.0304,-0.1789,-0.0409,-0.0289,-0.158,-0.0417,-0.0196,-0.1341,-0.0357,-0.0167,-0.142,0.0327,-0.0312,-0.1764,0.0085,-0.0276,-0.1568,0.0068,-0.0144,-0.1359,0.0117,-0.0052
4,Double Click (Thumb Only),0.0,0.0,0.0,-0.0163,-0.1097,-0.0086,-0.0468,-0.2007,-0.0225,-0.0766,-0.273,-0.0355,-0.0915,-0.3354,-0.0478,-0.1291,-0.1515,-0.0313,-0.1857,-0.1546,-0.0426,-0.1573,-0.1535,-0.0493,-0.1286,-0.1508,-0.0525,-0.1432,-0.0839,-0.0329,-0.1874,-0.098,-0.0348,-0.1609,-0.0981,-0.0332,-0.1346,-0.0909,-0.0352,-0.1465,-0.0221,-0.0332,-0.1814,-0.0417,-0.0316,-0.1602,-0.0422,-0.0211,-0.1365,-0.0366,-0.0175,-0.1451,0.0306,-0.0341,-0.1804,0.0067,-0.0301,-0.1602,0.0056,-0.016,-0.1395,0.0107,-0.0062
4,Double Click (Thumb Only),0.0,0.0,0.0,-0.0199,-0.1098,-0.0094,-0.0539,-0.1995,-0.0229,-0.0844,-0.2708,-0.0356,-0.1002,-0.3308,-0.0477,-0.1342,-0.1465,-0.0287,-0.1905,-0.1474,-0.0396,-0.1646,-0.1429,-0.0466,-0.1352,-0.1387,-0.05,-0.1459,-0.0771,-0.0299,-0.1915,-0.0892,-0.0312,-0.166,-0.0904,-0.0305,-0.139,-0.0847,-0.0333,-0.1466,-0.0147,-0.0301,-0.1843,-0.0325,-0.0281,-0.1644,-0.0347,-0.0194,-0.1402,-0.0303,-0.0168,-0.1428,0.0384,-0.031,-0.1808,0.0186,-0.0271,-0.1628,0.0147,-0.0144,-0.1419,0.0176,-0.0057
4,Double Click (Thumb Only),0.0,0.0,0.0,-0.0219,-0.1086,-0.0106,-0.0602,-0.1986,-0.0229,-0.0987,-0.2624,-0.034,-0.1164,-0.3222,-0.0443,-0.1434,-0.1355,-0.0251,-0.1988,-0.1363,-0.0326,-0.1737,-0.1356,-0.037,-0.1437,-0.1345,-0.0389,-0.1508,-0.0658,-0.0245,-0.1955,-0.0789,-0.0238,-0.1712,-0.0832,-0.0225,-0.144,-0.0795,-0.0247,-0.1477,-0.0047,-0.0232,-0.1847,-0.023,-0.0197,-0.1649,-0.0267,-0.0114,-0.1405,-0.0235,-0.0094,-0.1407,0.047,-0.0226,-0.1746,0.026,-0.0174,-0.156,0.0216,-0.0055,-0.1356,0.0235,0.0025
4,Double Click (Thumb Only),0.0,0.0,0.0,-0.023,-0.1071,-0.0103,-0.0627,-0.1939,-0.0228,-0.1012,-0.2593,-0.0343,-0.1205,-0.3179,-0.045,-0.1436,-0.1324,-0.0235,-0.1974,-0.1325,-0.0312,-0.1761,-0.1289,-0.0362,-0.1467,-0.1273,-0.0385,-0.1505,-0.0632,-0.0232,-0.194,-0.0717,-0.0224,-0.1719,-0.0747,-0.0213,-0.1453,-0.0731,-0.0239,-0.147,-0.0009,-0.0221,-0.1838,-0.0144,-0.0189,-0.1646,-0.0171,-0.0108,-0.1398,-0.015,-0.0091,-0.1397,0.0524,-0.0219,-0.1727,0.0358,-0.0173,-0.1535,0.0312,-0.0059,-0.132,0.0317,0.0018
4,Double Click (Thumb Only),0.0,0.0,0.0,-0.0245,-0.1097,-0.0122,-0.0638,-0.1948,-0.0262,-0.1038,-0.2616,-0.0388,-0.1254,-0.3198,-0.0506,-0.1501,-0.1245,-0.0243,-0.2002,-0.1226,-0.0323,-0.1747,-0.1223,-0.0388,-0.1439,-0.1212,-0.042,-0.1562,-0.0517,-0.0225,-0.1939,-0.0655,-0.0204,-0.1695,-0.071,-0.0201,-0.1422,-0.0687,-0.0237,-0.1504,0.0105,-0.0202,-0.1789,-0.0108,-0.0147,-0.1599,-0.0141,-0.0073,-0.135,-0.0115,-0.0067,-0.141,0.0615,-0.019,-0.166,0.0378,-0.0123,-0.1458,0.0334,-0.0006,-0.1239,0.0347,0.007
4,Double Click (Thumb Only),0.0,0.0,0.0,-0.0326,-0.1018,-0.0089,-0.0752,-0.1793,-0.0225,-0.1135,-0.2446,-0.0355,-0.1355,-0.3011,-0.0481,-0.1542,-0.115,-0.0235,-0.2045,-0.1054,-0.0318,-0.1815,-0.1065,-0.038,-0.1525,-0.1107,-0.0413,-0.1561,-0.0435,-0.0244,-0.1969,-0.0478,-0.0238,-0.1735,-0.0529,-0.023,-0.146,-0.054,-0.0258,-0.1469,0.0195,-0.0245,-0.1812,0.0074,-0.0201,-0.162,0.0029,-0.0112,-0.1369,0.002,-0.0093,-0.1341,0.0717,-0.0255,-0.1613,0.0563,-0.0194,-0.1419,0.0509,-0.0069,-0.1216,0.0502,0.0014
4,Double Click (Thumb Only),0.0,0.0,0.0,-0.0267,-0.1083,-0.0093,-0.0677,-0.1928,-0.0225,-0.1049,-0.2594,-0.035,-0.1249,-0.3188,-0.0475,-0.1509,-0.1208,-0.0262,-0.2006,-0.1099,-0.0328,-0.1786,-0.109,-0.037,-0.1494,-0.1122,-0.0395,-0.1536,-0.049,-0.0268,-0.1898,-0.055,-0.0244,-0.1663,-0.0592,-0.0229,-0.14,-0.0595,-0.0261,-0.1442,0.0138,-0.0261,-0.1749,0.0013,-0.0214,-0.1555,-0.0019,-0.0129,-0.1306,-0.0014,-0.0117,-0.1313,0.067,-0.0263,-0.1575,0.0534,-0.0209,-0.1386,0.0474,-0.009,-0.1178,0.0462,-0.0014
4,Double Click (Thumb Only),0.0,0.0,0.0,-0.0297,-0.1095,-0.0086,-0.0701,-0.1917,-0.0225,-0.1049,-0.2633,-0.0364,-0.1221,-0.3256,-0.0503,-0.161,-0.1189,-0.0229,-0.2059,-0.11,-0.0294,-0.1799,-0.1081,-0.0354,-0.1494,-0.1088,-0.0392,-0.1643,-0.0452,-0.0239,-0.1963,-0.0529,-0.0205,-0.1699,-0.0561,-0.0204,-0.1418,-0.0547,-0.0247,-0.1537,0.0181,-0.0238,-0.1799,0.002,-0.0173,-0.1586,-0.0007,-0.0097,-0.1324,0.0003,-0.0094,-0.1389,0.0701,-0.0246,-0.159,0.0534,-0.0179,-0.138,0.0478,-0.006,-0.1166,0.0465,0.0017
4,Double Click (Thumb Only),0.0,0.0,0.0,-0.0306,-0.1074,-0.0139,-0.0761,-0.195,-0.0275,-0.1164,-0.2597,-0.0399,-0.1471,-0.3072,-0.0518,-0.1624,-0.1238,-0.0242,-0.2109,-0.0999,-0.0381,-0.1889,-0.0982,-0.0501,-0.1578,-0.1051,-0.0565,-0.1637,-0.0536,-0.0233,-0.2012,-0.0397,-0.0287,-0.1778,-0.0442,-0.0336,-0.1489,-0.051,-0.0391,-0.1527,0.008,-0.0224,-0.18,0.0168,-0.024,-0.1599,0.012,-0.0191,-0.1347,0.0038,-0.0183,-0.1373,0.0602,-0.023,-0.1594,0.0644,-0.0223,-0.1392,0.0578,-0.0131,-0.1185,0.0478,-0.0058
4,Double Click (Thumb Only),0.0,0.0,0.0,-0.0299,-0.1047,-0.0119,-0.0757,-0.1898,-0.0253,-0.1132,-0.2564,-0.0379,-0.1373,-0.3118,-0.0509,-0.1577,-0.1193,-0.0275,-0.2026,-0.0942,-0.0389,-0.1807,-0.0928,-0.049,-0.1523,-0.0993,-0.0551,-0.1575,-0.0476,-0.028,-0.1949,-0.0365,-0.0289,-0.1739,-0.0424,-0.0307,-0.1469,-0.0475,-0.0361,-0.146,0.015,-0.0279,-0.1772,0.0199,-0.0257,-0.1598,0.0137,-0.0183,-0.1361,0.0076,-0.0173,-0.1312,0.0693,-0.029,-0.1619,0.0713,-0.0248,-0.1459,0.0628,-0.0126,-0.1268,0.0552,-0.0046
4,Double Click (Thumb Only),0.0,0.0,0.0,-0.0347,-0.1013,-0.0102,-0.0784,-0.1825,-0.0258,-0.1133,-0.2524,-0.0409,-0.1357,-0.3124,-0.0564,-0.1589,-0.1205,-0.0311,-0.2109,-0.0917,-0.0446,-0.1879,-0.0875,-0.0552,-0.1591,-0.094,-0.0616,-0.1585,-0.0492,-0.0336,-0.2012,-0.0329,-0.0369,-0.1784,-0.0343,-0.0379,-0.1508,-0.0397,-0.0424,-0.1469,0.0144,-0.0353,-0.1795,0.0253,-0.0346,-0.1608,0.0227,-0.0258,-0.1366,0.0158,-0.0239,-0.1317,0.0687,-0.0381,-0.1622,0.075,-0.0348,-0.1445,0.0687,-0.0221,-0.1243,0.0602,-0.0136
4,Double Click (Thumb Only),0.0,0.0,0.0,-0.0323,-0.1053,-0.0102,-0.0798,-0.1917,-0.0233,-0.1167,-0.2638,-0.036,-0.1384,-0.3245,-0.0493,-0.1567,-0.1301,-0.0267,-0.2094,-0.1013,-0.0399,-0.1855,-0.0971,-0.0508,-0.1566,-0.1031,-0.0571,-0.157,-0.0579,-0.028,-0.201,-0.039,-0.0313,-0.1784,-0.0409,-0.033,-0.1509,-0.0464,-0.0373,-0.1476,0.0062,-0.0289,-0.1821,0.0175,-0.0284,-0.1639,0.0145,-0.0206,-0.14,0.0086,-0.0186,-0.1351,0.0609,-0.0309,-0.1676,0.0652,-0.027,-0.1496,0.06,-0.0145,-0.1294,0.0528,-0.0058
4,Double Click (Thumb Only),0.0,0.0,0.0,-0.0326,-0.1054,-0.0105,-0.0789,-0.1918,-0.0254,-0.1139,-0.2629,-0.0396,-0.1354,-0.3237,-0.0543,-0.1574,-0.1253,-0.0338,-0.2107,-0.0952,-0.0484,-0.1843,-0.095,-0.0589,-0.1548,-0.1025,-0.0647,-0.157,-0.0523,-0.0358,-0.2032,-0.0377,-0.0396,-0.1789,-0.0422,-0.04,-0.1501,-0.0461,-0.0438,-0.1466,0.0111,-0.0369,-0.1846,0.0183,-0.037,-0.1649,0.0135,-0.0276,-0.1399,0.0083,-0.0248,-0.1328,0.0654,-0.0389,-0.171,0.0668,-0.0361,-0.1526,0.0597,-0.0224,-0.1316,0.0538,-0.013
4,Double Click (Thumb Only),0.0,0.0,0.0,-0.0344,-0.1039,-0.0088,-0.0809,-0.1911,-0.0237,-0.1144,-0.2637,-0.0384,-0.1354,-0.3245,-0.0537,-0.1606,-0.1268,-0.0313,-0.2122,-0.0979,-0.0456,-0.1862,-0.0962,-0.057,-0.1571,-0.1038,-0.0638,-0.1612,-0.0527,-0.0345,-0.2075,-0.0383,-0.0375,-0.1844,-0.0413,-0.0384,-0.156,-0.0455,-0.0429,-0.1506,0.0128,-0.0367,-0.189,0.0204,-0.0358,-0.1709,0.0162,-0.0269,-0.1455,0.0105,-0.0247,-0.1363,0.0689,-0.0398,-0.1736,0.0712,-0.0359,-0.1568,0.0647,-0.0223,-0.136,0.0582,-0.0132
4,Double Click (Thumb Only),0.0,0.0,0.0,-0.0336,-0.1101,-0.0064,-0.0776,-0.2008,-0.0201,-0.1125,-0.2729,-0.0333,-0.1335,-0.3364,-0.0465,-0.1513,-0.1373,-0.0318,-0.2117,-0.1163,-0.0424,-0.185,-0.1181,-0.0494,-0.1555,-0.1253,-0.0531,-0.1532,-0.0633,-0.0346,-0.2052,-0.0577,-0.0347,-0.1815,-0.0621,-0.0326,-0.153,-0.064,-0.0352,-0.1462,0.0015,-0.0358,-0.1875,-0.0004,-0.0316,-0.1691,-0.0041,-0.0202,-0.1443,-0.0064,-0.0171,-0.1356,0.0559,-0.0376,-0.1735,0.0497,-0.0308,-0.1555,0.0451,-0.0155,-0.1347,0.0422,-0.0057
4,Double Click (Thumb Only),0.0,0.0,0.0,-0.0274,-0.1081,-0.0078,-0.0694,-0.2014,-0.024,-0.0963,-0.2792,-0.04,-0.1061,-0.3455,-0.0566,-0.1413,-0.1441,-0.0382,-0.2025,-0.1265,-0.056,-0.1738,-0.125,-0.0672,-0.1413,-0.128,-0.0725,-0.1451,-0.0704,-0.0433,-0.2096,-0.07,-0.0515,-0.1847,-0.0729,-0.0519,-0.1533,-0.0723,-0.0543,-0.1413,-0.0048,-0.0471,-0.1981,-0.0139,-0.0509,-0.1751,-0.0178,-0.0396,-0.1466,-0.0176,-0.0341,-0.1328,0.0512,-0.0514,-0.1809,0.0369,-0.051,-0.1596,0.0315,-0.036,-0.1357,0.0319,-0.0252
4,Double Click (Thumb Only),0.0,0.0,0.0,-0.0263,-0.1092,-0.0072,-0.0758,-0.2064,-0.0264,-0.1072,-0.2873,-0.0452,-0.122,-0.3573,-0.0651,-0.1098,-0.1593,-0.0621,-0.2113,-0.1483,-0.0875,-0.1861,-0.1482,-0.0981,-0.1514,-0.1509,-0.1019,-0.1117,-0.0834,-0.0694,-0.2059,-0.0843,-0.0856,-0.1776,-0.0878,-0.083,-0.1431,-0.0854,-0.0833,-0.1121,-0.015,-0.0746,-0.1962,-0.0254,-0.0847,-0.1706,-0.0293,-0.0686,-0.1379,-0.0268,-0.0598,-0.1125,0.0452,-0.08,-0.1842,0.029,-0.0853,-0.1619,0.0251,-0.0694,-0.1321,0.0301,-0.0583
4,Double Click (Thumb Only),0.0,0.0,0.0,-0.0299,-0.1058,-0.0021,-0.0831,-0.1997,-0.0215,-0.1113,-0.2809,-0.0415,-0.1233,-0.3544,-0.0639,-0.1115,-0.1566,-0.0657,-0.2147,-0.132,-0.089,-0.1932,-0.1288,-0.0976,-0.1579,-0.1345,-0.101,-0.1078,-0.0791,-0.0769,-0.2093,-0.0679,-0.0925,-0.1823,-0.0734,-0.0885,-0.1458,-0.0751,-0.0888,-0.1026,-0.008,-0.0848,-0.195,-0.0093,-0.0953,-0.1689,-0.0157,-0.0779,-0.1334,-0.0161,-0.0685,-0.0977,0.0564,-0.0921,-0.1788,0.0469,-0.0985,-0.1573,0.0395,-0.0817,-0.1244,0.0417,-0.0701
4,Double Click (Thumb Only),0.0,0.0,0.0,-0.0321,-0.1068,-0.0041,-0.0872,-0.2019,-0.0254,-0.1187,-0.2839,-0.0466,-0.1341,-0.3572,-0.0698,-0.1129,-0.1609,-0.0729,-0.2194,-0.1331,-0.0976,-0.1943,-0.133,-0.1051,-0.1592,-0.1417,-0.1075,-0.1069,-0.0801,-0.0835,-0.2084,-0.07,-0.1011,-0.1806,-0.0761,-0.096,-0.1454,-0.0772,-0.0957,-0.1024,-0.0073,-0.0907,-0.1969,-0.0122,-0.1026,-0.1713,-0.018,-0.0842,-0.1361,-0.0171,-0.0741,-0.1009,0.058,-0.0974,-0.1833,0.045,-0.1049,-0.1615,0.0384,-0.0883,-0.1288,0.0425,-0.0767
4,Double Click (Thumb Only),0.0,0.0,0.0,-0.0312,-0.1024,-0.008,-0.0888,-0.2015,-0.0293,-0.1211,-0.2816,-0.049,-0.138,-0.3532,-0.0699,-0.0968,-0.1613,-0.0807,-0.214,-0.134,-0.1073,-0.1899,-0.1322,-0.114,-0.1542,-0.1394,-0.1151,-0.0921,-0.0795,-0.0894,-0.2079,-0.0648,-0.1106,-0.1781,-0.0742,-0.1051,-0.1402,-0.0774,-0.1034,-0.0883,-0.007,-0.0949,-0.195,-0.0054,-0.1102,-0.1671,-0.0145,-0.0915,-0.1295,-0.0167,-0.0801,-0.0877,0.0576,-0.1001,-0.1732,0.0482,-0.112,-0.1518,0.0397,-0.0978,-0.1191,0.0421,-0.0873
4,Double Click (Thumb Only),0.0,0.0,0.0,-0.0319,-0.0954,-0.0144,-0.0843,-0.1978,-0.0386,-0.1153,-0.2773,-0.0594,-0.1301,-0.3498,-0.0809,-0.0797,-0.1606,-0.0889,-0.1983,-0.1232,-0.1211,-0.1706,-0.1191,-0.128,-0.1352,-0.1301,-0.1288,-0.0712,-0.0812,-0.0965,-0.1898,-0.0515,-0.1259,-0.1565,-0.0603,-0.1202,-0.1191,-0.0675,-0.1175,-0.0645,-0.008,-0.1019,-0.1737,0.0071,-0.1278,-0.1439,-0.0025,-0.11,-0.1077,-0.0109,-0.0974,-0.0625,0.0569,-0.1068,-0.149,0.0585,-0.1284,-0.1261,0.0467,-0.1177,-0.0934,0.0408,-0.108
4,Double Click (Thumb Only),0.0,0.0,0.0,-0.0316,-0.1012,-0.0117,-0.0819,-0.2064,-0.0359,-0.11,-0.2858,-0.057,-0.1213,-0.3595,-0.0783,-0.0692,-0.1683,-0.0903,-0.1936,-0.144,-0.1224,-0.1636,-0.1427,-0.129,-0.1272,-0.1511,-0.1295,-0.0643,-0.0878,-0.0999,-0.1889,-0.072,-0.128,-0.1566,-0.0793,-0.1208,-0.1194,-0.0797,-0.118,-0.0626,-0.0144,-0.107,-0.1726,-0.0123,-0.1303,-0.143,-0.0218,-0.1105,-0.107,-0.0256,-0.0977,-0.0661,0.0496,-0.1138,-0.1544,0.0409,-0.1327,-0.1291,0.0298,-0.1198,-0.0956,0.0286,-0.1096
4,Double Click (Thumb Only),0.0,0.0,0.0,-0.0322,-0.0981,-0.0129,-0.0811,-0.1991,-0.0392,-0.1089,-0.2746,-0.062,-0.1189,-0.3463,-0.0851,-0.0678,-0.1568,-0.0993,-0.1904,-0.1306,-0.1314,-0.163,-0.1299,-0.1357,-0.1278,-0.1377,-0.1345,-0.0616,-0.0746,-0.1087,-0.1887,-0.0595,-0.1375,-0.1586,-0.0701,-0.1286,-0.1213,-0.0715,-0.1247,-0.0603,-0.0012,-0.115,-0.1736,-0.0003,-0.1392,-0.1445,-0.0127,-0.1184,-0.1077,-0.017,-0.1049,-0.0659,0.0615,-0.1209,-0.1543,0.0495,-0.1407,-0.13,0.0355,-0.1277,-0.0975,0.034,-0.1175
4,Double Click (Thumb Only),0.0,0.0,0.0,-0.0335,-0.0977,-0.0136,-0.0817,-0.2025,-0.0396,-0.1059,-0.2825,-0.0624,-0.1128,-0.3559,-0.0855,-0.0605,-0.1689,-0.0946,-0.1837,-0.1416,-0.1291,-0.1524,-0.1383,-0.1365,-0.1159,-0.1488,-0.1375,-0.0515,-0.0879,-0.1042,-0.1816,-0.0696,-0.1353,-0.1474,-0.0765,-0.1282,-0.1084,-0.0778,-0.125,-0.0489,-0.0142,-0.1114,-0.166,-0.0077,-0.1374,-0.1339,-0.0173,-0.1168,-0.0963,-0.0217,-0.1028,-0.0534,0.0493,-0.1184,-0.1435,0.043,-0.1392,-0.1171,0.0317,-0.1262,-0.0834,0.03,-0.1158
4,Double Click (Thumb Only),0.0,0.0,0.0,-0.0436,-0.1051,-0.0175,-0.0758,-0.2114,-0.0397,-0.0847,-0.293,-0.0587,-0.0825,-0.3659,-0.0787,-0.032,-0.1691,-0.0811,-0.1468,-0.1368,-0.1172,-0.1251,-0.1224,-0.1307,-0.0897,-0.1325,-0.1357,-0.0175,-0.0882,-0.0883,-0.1425,-0.0644,-0.1169,-0.1179,-0.0681,-0.1128,-0.0813,-0.0751,-0.113,-0.0129,-0.0165,-0.0947,-0.1272,-0.0044,-0.1232,-0.1056,-0.0113,-0.1082,-0.0706,-0.0183,-0.0974,-0.0165,0.0446,-0.1014,-0.1055,0.0441,-0.1223,-0.0868,0.0344,-0.1123,-0.052,0.0287,-0.1034
4,Double Click (Thumb Only),0.0,0.0,0.0,-0.0442,-0.1078,-0.0203,-0.0799,-0.22,-0.0395,-0.0868,-0.3068,-0.0553,-0.0824,-0.3776,-0.0709,-0.0368,-0.1817,-0.0678,-0.1514,-0.1433,-0.103,-0.1316,-0.125,-0.1177,-0.0985,-0.1369,-0.1239,-0.0209,-0.1039,-0.0728,-0.1489,-0.0725,-0.1014,-0.1219,-0.0724,-0.0991,-0.085,-0.0821,-0.1001,-0.0145,-0.0353,-0.0788,-0.1323,-0.012,-0.1088,-0.1088,-0.0154,-0.0967,-0.0724,-0.0267,-0.0874,-0.0148,0.024,-0.0857,-0.107,0.0353,-0.1074,-0.086,0.0314,-0.1004,-0.0484,0.0261,-0.0937
4,Double Click (Thumb Only),0.0,0.0,0.0,-0.0402,-0.1024,-0.0118,-0.078,-0.2053,-0.0345,-0.0957,-0.285,-0.0546,-0.1005,-0.3583,-0.0748,-0.0498,-0.153,-0.0835,-0.1747,-0.1306,-0.1171,-0.1465,-0.1338,-0.1287,-0.1103,-0.1433,-0.1329,-0.0402,-0.0729,-0.0943,-0.1727,-0.0597,-0.1214,-0.1411,-0.0782,-0.1159,-0.1021,-0.0831,-0.1162,-0.0364,-0.0035,-0.1031,-0.1545,-0.0009,-0.1289,-0.1249,-0.0162,-0.1114,-0.0877,-0.0202,-0.1005,-0.0391,0.056,-0.1119,-0.1292,0.0498,-0.1319,-0.1037,0.0386,-0.1195,-0.0683,0.0389,-0.1099
4,Double Click (Thumb Only),0.0,0.0,0.0,-0.0293,-0.1043,-0.0142,-0.0765,-0.2122,-0.039,-0.1028,-0.2921,-0.0605,-0.1119,-0.3665,-0.082,-0.0681,-0.1683,-0.0903,-0.1918,-0.1458,-0.1232,-0.1623,-0.1437,-0.1304,-0.1251,-0.1525,-0.1312,-0.0648,-0.0859,-0.0987,-0.189,-0.0726,-0.1282,-0.157,-0.0809,-0.1221,-0.1193,-0.0823,-0.1197,-0.064,-0.0125,-0.1049,-0.1756,-0.0123,-0.1301,-0.1452,-0.023,-0.1118,-0.1079,-0.0271,-0.0993,-0.0676,0.0491,-0.111,-0.1545,0.0383,-0.1314,-0.13,0.0268,-0.1201,-0.097,0.0255,-0.1106
4,Double Click (Thumb Only),0.0,0.0,0.0,-0.0307,-0.098,-0.0126,-0.0804,-0.205,-0.0371,-0.1072,-0.2863,-0.0586,-0.1192,-0.3608,-0.0804,-0.0723,-0.166,-0.0891,-0.1946,-0.1407,-0.1218,-0.1639,-0.1392,-0.129,-0.1265,-0.1478,-0.1299,-0.0672,-0.0844,-0.0984,-0.1897,-0.0691,-0.1284,-0.1539,-0.0767,-0.1225,-0.1147,-0.0777,-0.1196,-0.0651,-0.0103,-0.1053,-0.1764,-0.0081,-0.1303,-0.1436,-0.0182,-0.1111,-0.1059,-0.0234,-0.0979,-0.0678,0.0547,-0.1119,-0.1536,0.0468,-0.1324,-0.1266,0.0355,-0.1203,-0.0928,0.0334,-0.1102
4,Double Click (Thumb Only),0.0,0.0,0.0,-0.0273,-0.0992,-0.0095,-0.0766,-0.2032,-0.0325,-0.1045,-0.2812,-0.0536,-0.1195,-0.3555,-0.0757,-0.0804,-0.1692,-0.0795,-0.1979,-0.1439,-0.1112,-0.1701,-0.1374,-0.1203,-0.1334,-0.1441,-0.1226,-0.0766,-0.0898,-0.0898,-0.1945,-0.0726,-0.1173,-0.1593,-0.0774,-0.1126,-0.1196,-0.0794,-0.1104,-0.0732,-0.0163,-0.0979,-0.1798,-0.0095,-0.1207,-0.1471,-0.0178,-0.1025,-0.1094,-0.0236,-0.0903,-0.0729,0.0484,-0.1055,-0.1569,0.0431,-0.1242,-0.1296,0.034,-0.1115,-0.0955,0.0327,-0.1009
4,Double Click (Thumb Only),0.0,0.0,0.0,-0.0281,-0.1009,-0.0063,-0.0758,-0.2049,-0.0285,-0.103,-0.2819,-0.0491,-0.1154,-0.354,-0.0707,-0.0842,-0.1663,-0.0815,-0.1994,-0.1403,-0.1098,-0.1732,-0.1366,-0.1142,-0.1367,-0.1425,-0.1132,-0.0813,-0.0867,-0.0928,-0.1987,-0.07,-0.1176,-0.1662,-0.0755,-0.1099,-0.1274,-0.0778,-0.1058,-0.0782,-0.013,-0.1009,-0.1867,-0.0074,-0.1201,-0.1562,-0.0153,-0.0997,-0.1186,-0.0203,-0.0864,-0.0777,0.0531,-0.1083,-0.1632,0.0461,-0.1236,-0.1403,0.0364,-0.1095,-0.1078,0.0354,-0.0982
4,Double Click (Thumb Only),0.0,0.0,0.0,-0.0262,-0.1045,-0.0043,-0.0728,-0.2036,-0.0246,-0.0993,-0.2846,-0.0441,-0.111,-0.3562,-0.0648,-0.1007,-0.1536,-0.0702,-0.2074,-0.1434,-0.0935,-0.1828,-0.1451,-0.1005,-0.1461,-0.149,-0.1023,-0.1019,-0.0757,-0.0798,-0.2086,-0.0782,-0.0957,-0.1855,-0.0898,-0.091,-0.1505,-0.0878,-0.0907,-0.1017,-0.0064,-0.086,-0.1978,-0.0177,-0.0961,-0.1739,-0.0312,-0.0794,-0.1387,-0.0313,-0.0705,-0.1012,0.0542,-0.0918,-0.1796,0.0368,-0.0985,-0.1593,0.0248,-0.0835,-0.1284,0.0282,-0.0731
4,Double Click (Thumb Only),0.0,0.0,0.0,-0.0285,-0.1107,-0.0074,-0.0732,-0.2012,-0.0268,-0.0995,-0.2802,-0.0451,-0.1103,-0.3495,-0.064,-0.123,-0.1483,-0.0606,-0.2128,-0.1407,-0.0813,-0.1845,-0.1473,-0.0882,-0.1499,-0.1516,-0.0901,-0.1288,-0.0725,-0.0664,-0.2152,-0.0798,-0.077,-0.1871,-0.0899,-0.0721,-0.1532,-0.0873,-0.0716,-0.1291,-0.004,-0.0695,-0.2063,-0.0221,-0.0748,-0.1804,-0.0313,-0.0578,-0.1485,-0.0286,-0.0492,-0.1259,0.0549,-0.0727,-0.1885,0.0335,-0.0751,-0.1672,0.0237,-0.0588,-0.141,0.0274,-0.0475
4,Double Click (Thumb Only),0.0,0.0,0.0,-0.028,-0.1105,-0.0095,-0.0689,-0.2061,-0.0303,-0.0958,-0.286,-0.0498,-0.1071,-0.3563,-0.0697,-0.1292,-0.1523,-0.0574,-0.21,-0.1449,-0.0791,-0.1798,-0.1459,-0.088,-0.145,-0.1472,-0.091,-0.1341,-0.0752,-0.0632,-0.2154,-0.0842,-0.0749,-0.1865,-0.088,-0.072,-0.1519,-0.0826,-0.0722,-0.1335,-0.0058,-0.0668,-0.206,-0.0236,-0.0728,-0.1801,-0.0282,-0.0569,-0.1488,-0.0237,-0.0486,-0.1291,0.0543,-0.0707,-0.1907,0.0316,-0.0726,-0.167,0.0268,-0.0555,-0.1406,0.0329,-0.0435
4,Double Click (Thumb Only),0.0,0.0,0.0,-0.0295,-0.114,-0.0073,-0.0681,-0.2073,-0.0262,-0.0962,-0.283,-0.0443,-0.1099,-0.3511,-0.0622,-0.1399,-0.1504,-0.0498,-0.2175,-0.1489,-0.0678,-0.1872,-0.153,-0.0753,-0.152,-0.1519,-0.0775,-0.1467,-0.0759,-0.0542,-0.2108,-0.0915,-0.0596,-0.1838,-0.0979,-0.0553,-0.153,-0.0911,-0.0562,-0.1447,-0.0081,-0.0566,-0.2005,-0.03,-0.0563,-0.1784,-0.0352,-0.0412,-0.1505,-0.0304,-0.0352,-0.1392,0.0504,-0.0592,-0.1921,0.0294,-0.0559,-0.1721,0.023,-0.0386,-0.1481,0.0274,-0.0271
4,Double Click (Thumb Only),0.0,0.0,0.0,-0.0273,-0.1157,-0.0064,-0.0644,-0.2094,-0.0235,-0.0925,-0.2861,-0.0394,-0.1076,-0.3535,-0.0548,-0.142,-0.1503,-0.0456,-0.2137,-0.1514,-0.0582,-0.1832,-0.1547,-0.0617,-0.1496,-0.1516,-0.0619,-0.1498,-0.0778,-0.0491,-0.209,-0.0955,-0.0501,-0.1819,-0.1011,-0.044,-0.1516,-0.0934,-0.0442,-0.1478,-0.0125,-0.0502,-0.1986,-0.0354,-0.0465,-0.1765,-0.0395,-0.0314,-0.1493,-0.0339,-0.0262,-0.1411,0.0436,-0.0515,-0.189,0.0213,-0.0467,-0.1685,0.0175,-0.0297,-0.145,0.0232,-0.0187
4,Double Click (Thumb Only),0.0,0.0,0.0,-0.0312,-0.1096,-0.0053,-0.0706,-0.1993,-0.0231,-0.0975,-0.2734,-0.0408,-0.117,-0.338,-0.0589,-0.1382,-0.1416,-0.0456,-0.2162,-0.1321,-0.0641,-0.1927,-0.1343,-0.0729,-0.1586,-0.1345,-0.0757,-0.1426,-0.0706,-0.0512,-0.208,-0.0739,-0.057,-0.1847,-0.0787,-0.0542,-0.154,-0.075,-0.0558,-0.1383,-0.0044,-0.0548,-0.1945,-0.0121,-0.0552,-0.1749,-0.0158,-0.0413,-0.1475,-0.014,-0.0358,-0.13,0.0545,-0.0584,-0.1841,0.0448,-0.0559,-0.1657,0.0403,-0.0392,-0.1419,0.0421,-0.028
4,Double Click (Thumb Only),0.0,0.0,0.0,-0.0301,-0.1064,-0.0016,-0.076,-0.1999,-0.0175,-0.102,-0.2798,-0.0342,-0.1202,-0.3438,-0.0532,-0.1232,-0.1615,-0.0514,-0.2139,-0.1373,-0.0719,-0.1941,-0.1244,-0.0807,-0.1608,-0.1267,-0.0841,-0.1253,-0.0902,-0.0601,-0.2046,-0.0721,-0.0713,-0.1812,-0.0658,-0.068,-0.1499,-0.069,-0.0686,-0.1223,-0.0216,-0.0664,-0.1925,-0.0124,-0.0732,-0.1714,-0.0093,-0.0586,-0.1414,-0.0119,-0.0514,-0.117,0.041,-0.0721,-0.1815,0.0392,-0.0754,-0.1611,0.0402,-0.0595,-0.1323,0.04,-0.048
4,Double Click (Thumb Only),0.0,0.0,0.0,-0.0306,-0.1013,-0.0029,-0.0808,-0.1911,-0.0193,-0.1084,-0.2679,-0.0363,-0.1258,-0.3324,-0.0555,-0.125,-0.1528,-0.0561,-0.2177,-0.1247,-0.0787,-0.1994,-0.1106,-0.0873,-0.1664,-0.1141,-0.0904,-0.1225,-0.0812,-0.0654,-0.2064,-0.0566,-0.0794,-0.1831,-0.0511,-0.0753,-0.1513,-0.0583,-0.0754,-0.1159,-0.0131,-0.0723,-0.1925,0.001,-0.083,-0.1713,0.0041,-0.0678,-0.1403,-0.0008,-0.0596,-0.108,0.0496,-0.0785,-0.1779,0.0527,-0.085,-0.1584,0.0544,-0.0694,-0.1283,0.053,-0.058
4,Double Click (Thumb Only),0.0,0.0,0.0,-0.0314,-0.1035,-0.0038,-0.0808,-0.1978,-0.0212,-0.1076,-0.2784,-0.0385,-0.1257,-0.344,-0.0579,-0.1238,-0.1569,-0.0598,-0.2175,-0.1277,-0.0818,-0.1979,-0.1153,-0.0893,-0.1645,-0.119,-0.0916,-0.1218,-0.0846,-0.0684,-0.2086,-0.0606,-0.0816,-0.1854,-0.0575,-0.0767,-0.1535,-0.0643,-0.0765,-0.1159,-0.0158,-0.0744,-0.1943,-0.0027,-0.0842,-0.1731,-0.0026,-0.0689,-0.142,-0.0076,-0.0609,-0.1085,0.0474,-0.0796,-0.1791,0.0485,-0.0859,-0.1587,0.047,-0.0704,-0.1282,0.0451,-0.0592
4,Double Click (Thumb Only),0.0,0.0,0.0,-0.0323,-0.106,-0.0029,-0.081,-0.1995,-0.0203,-0.1059,-0.2809,-0.038,-0.1227,-0.3477,-0.058,-0.1256,-0.1583,-0.0589,-0.2198,-0.1319,-0.0794,-0.1987,-0.1187,-0.0866,-0.1638,-0.121,-0.0891,-0.1254,-0.085,-0.0676,-0.209,-0.0641,-0.0791,-0.1853,-0.0597,-0.0744,-0.1529,-0.0648,-0.0747,-0.1208,-0.015,-0.0736,-0.1951,-0.0053,-0.0809,-0.1741,-0.0038,-0.0654,-0.1427,-0.007,-0.058,-0.1145,0.0487,-0.0789,-0.1823,0.0484,-0.083,-0.1627,0.0475,-0.067,-0.1327,0.0469,-0.0556
4,Double Click (Thumb Only),0.0,0.0,0.0,-0.0342,-0.1078,-0.0037,-0.0876,-0.2076,-0.0238,-0.1158,-0.2894,-0.0439,-0.1342,-0.3577,-0.0656,-0.113,-0.1738,-0.0694,-0.2218,-0.1394,-0.0979,-0.1945,-0.1307,-0.1085,-0.1555,-0.1379,-0.1122,-0.1065,-0.0956,-0.0803,-0.2096,-0.0697,-0.1007,-0.1806,-0.069,-0.0966,-0.1434,-0.0757,-0.096,-0.0993,-0.0239,-0.0887,-0.1913,-0.0087,-0.1032,-0.1657,-0.0089,-0.0853,-0.1303,-0.015,-0.0748,-0.0928,0.0409,-0.0965,-0.1712,0.0447,-0.1059,-0.1492,0.0434,-0.0898,-0.1163,0.0413,-0.078
4,Double Click (Thumb Only),0.0,0.0,0.0,-0.0357,-0.1051,-0.0041,-0.0916,-0.2032,-0.0246,-0.1214,-0.2848,-0.0451,-0.1408,-0.355,-0.067,-0.113,-0.1612,-0.0698,-0.2212,-0.1251,-0.0974,-0.1907,-0.123,-0.1067,-0.1523,-0.1348,-0.1096,-0.1062,-0.0818,-0.0812,-0.2109,-0.0571,-0.1028,-0.1784,-0.0628,-0.0984,-0.1408,-0.0702,-0.0972,-0.0986,-0.0094,-0.0901,-0.1938,0.0044,-0.1061,-0.1659,-0.001,-0.0879,-0.1296,-0.0079,-0.0767,-0.0918,0.0556,-0.0984,-0.173,0.0578,-0.1099,-0.1504,0.0515,-0.0948,-0.1162,0.0498,-0.083
4,Double Click (Thumb Only),0.0,0.0,0.0,-0.0337,-0.1173,-0.0055,-0.0822,-0.2111,-0.0254,-0.112,-0.2891,-0.0449,-0.132,-0.3572,-0.0656,-0.133,-0.1524,-0.0622,-0.2287,-0.1316,-0.0853,-0.2012,-0.1366,-0.0945,-0.1656,-0.1419,-0.0973,-0.1331,-0.0716,-0.0697,-0.2211,-0.071,-0.0806,-0.1962,-0.0804,-0.0765,-0.1625,-0.0785,-0.0776,-0.1293,0.0005,-0.0745,-0.2054,-0.0099,-0.0792,-0.1847,-0.0175,-0.0626,-0.1543,-0.0161,-0.055,-0.1249,0.0631,-0.0792,-0.1972,0.0451,-0.0792,-0.1777,0.0381,-0.0607,-0.1489,0.0421,-0.0485
4,Double Click (Thumb Only),0.0,0.0,0.0,-0.028,-0.1198,-0.0103,-0.0683,-0.2192,-0.0266,-0.1032,-0.2973,-0.0411,-0.1222,-0.3658,-0.0547,-0.1517,-0.1513,-0.039,-0.2167,-0.1507,-0.0504,-0.1846,-0.154,-0.0557,-0.152,-0.1532,-0.0576,-0.1618,-0.0748,-0.04,-0.2166,-0.0905,-0.0409,-0.1882,-0.0967,-0.038,-0.158,-0.091,-0.0397,-0.1608,-0.0084,-0.0393,-0.2044,-0.029,-0.0352,-0.1819,-0.035,-0.0231,-0.1552,-0.0318,-0.0193,-0.155,0.0471,-0.0393,-0.1963,0.0227,-0.0332,-0.1755,0.0167,-0.0175,-0.1527,0.0191,-0.0071
4,Double Click (Thumb Only),0.0,0.0,0.0,-0.0254,-0.1215,-0.0159,-0.0615,-0.2151,-0.0349,-0.0974,-0.2901,-0.0507,-0.1201,-0.3577,-0.0647,-0.1636,-0.1453,-0.0426,-0.2159,-0.1586,-0.051,-0.1837,-0.1641,-0.0541,-0.1512,-0.1591,-0.0552,-0.1749,-0.0692,-0.04,-0.2108,-0.0999,-0.0371,-0.1828,-0.1061,-0.0338,-0.155,-0.0955,-0.0363,-0.17,-0.0034,-0.0357,-0.1967,-0.0363,-0.028,-0.1753,-0.0403,-0.0168,-0.1502,-0.0329,-0.015,-0.16,0.0502,-0.0326,-0.1866,0.021,-0.0243,-0.1668,0.0167,-0.0097,-0.1456,0.0218,-0.0006
4,Double Click (Thumb Only),0.0,0.0,0.0,-0.0088,-0.1211,-0.0281,-0.044,-0.2189,-0.0493,-0.08,-0.2981,-0.0646,-0.1061,-0.3687,-0.0765,-0.1608,-0.1515,-0.0505,-0.2146,-0.2308,-0.0636,-0.187,-0.2688,-0.0668,-0.155,-0.2728,-0.0656,-0.1797,-0.0802,-0.0407,-0.216,-0.1728,-0.042,-0.1871,-0.2088,-0.0396,-0.156,-0.2053,-0.0405,-0.176,-0.0223,-0.0307,-0.2041,-0.1064,-0.0268,-0.1803,-0.1378,-0.0175,-0.1526,-0.1378,-0.0154,-0.1623,0.0216,-0.0227,-0.1924,-0.0473,-0.0182,-0.173,-0.0726,-0.0062,-0.1488,-0.0719,0.0021
4,Double Click (Thumb Only),0.0,0.0,0.0,-0.0193,-0.1184,-0.0181,-0.059,-0.2105,-0.0367,-0.0954,-0.2857,-0.0519,-0.1207,-0.3519,-0.0644,-0.1698,-0.142,-0.0363,-0.2233,-0.1832,-0.045,-0.1964,-0.2099,-0.0486,-0.1664,-0.2133,-0.049,-0.1801,-0.0718,-0.0317,-0.2208,-0.127,-0.0298,-0.1965,-0.1497,-0.0275,-0.1679,-0.143,-0.0292,-0.1748,-0.0111,-0.0264,-0.2053,-0.0644,-0.0191,-0.1838,-0.0795,-0.0088,-0.1582,-0.0725,-0.0065,-0.1631,0.0368,-0.0227,-0.1908,-0.0116,-0.0147,-0.1708,-0.0237,-0.001,-0.1487,-0.0179,0.0081
4,Double Click (Thumb Only),0.0,0.0,0.0,-0.0195,-0.1174,-0.0199,-0.0596,-0.2122,-0.0376,-0.097,-0.2874,-0.0509,-0.1213,-0.3528,-0.0612,-0.1675,-0.1419,-0.0403,-0.2224,-0.1799,-0.0479,-0.1959,-0.2085,-0.0493,-0.1661,-0.2145,-0.0484,-0.1788,-0.0712,-0.0342,-0.2229,-0.1234,-0.0322,-0.2002,-0.1496,-0.0292,-0.1715,-0.147,-0.0304,-0.1743,-0.0111,-0.0271,-0.2094,-0.0603,-0.0201,-0.1896,-0.0795,-0.0104,-0.1638,-0.0766,-0.0085,-0.1626,0.0362,-0.0218,-0.1924,-0.0081,-0.0142,-0.1751,-0.022,-0.0016,-0.154,-0.0187,0.0066
4,Double Click (Thumb Only),0.0,0.0,0.0,-0.0203,-0.1176,-0.0168,-0.0592,-0.2095,-0.0335,-0.0978,-0.2828,-0.0463,-0.1222,-0.3478,-0.0568,-0.1634,-0.1433,-0.0366,-0.2159,-0.1694,-0.0396,-0.1938,-0.1912,-0.0384,-0.1663,-0.1953,-0.0365,-0.1736,-0.0722,-0.0314,-0.2171,-0.1098,-0.0251,-0.1972,-0.1292,-0.0206,-0.1704,-0.1266,-0.0218,-0.1693,-0.0109,-0.0248,-0.2056,-0.0494,-0.015,-0.1892,-0.0647,-0.0058,-0.1642,-0.0622,-0.0051,-0.1589,0.0379,-0.0194,-0.1899,0.0029,-0.0108,-0.1741,-0.0091,0.0013,-0.1532,-0.0068,0.0087
4,Double Click (Thumb Only),0.0,0.0,0.0,-0.021,-0.1178,-0.0145,-0.0581,-0.2079,-0.0309,-0.0945,-0.2824,-0.0447,-0.1188,-0.3455,-0.0563,-0.1584,-0.1396,-0.0322,-0.2093,-0.16,-0.0371,-0.1839,-0.1783,-0.0384,-0.155,-0.1803,-0.0382,-0.1685,-0.0687,-0.0295,-0.2102,-0.105,-0.0254,-0.1883,-0.1214,-0.0231,-0.1623,-0.1161,-0.0254,-0.1644,-0.0071,-0.0256,-0.1999,-0.0461,-0.0179,-0.1818,-0.0593,-0.0089,-0.1577,-0.0556,-0.0079,-0.1546,0.0422,-0.0229,-0.1844,0.0033,-0.0155,-0.1665,-0.0073,-0.0029,-0.1454,-0.0033,0.0052
4,Double Click (Thumb Only),0.0,0.0,0.0,-0.022,-0.1155,-0.0161,-0.0603,-0.2063,-0.0319,-0.0978,-0.2791,-0.0447,-0.1218,-0.3414,-0.0557,-0.1615,-0.1376,-0.0311,-0.2123,-0.157,-0.0352,-0.1921,-0.1784,-0.0365,-0.1643,-0.186,-0.0366,-0.1709,-0.0677,-0.0271,-0.2128,-0.0985,-0.0219,-0.1933,-0.1169,-0.0197,-0.1675,-0.1162,-0.0223,-0.1654,-0.0067,-0.0223,-0.203,-0.0379,-0.0144,-0.187,-0.0527,-0.0069,-0.1629,-0.0523,-0.0068,-0.154,0.0429,-0.0187,-0.1868,0.0127,-0.0113,-0.1715,0.001,0.0003,-0.1511,0.002,0.0074
4,Double Click (Thumb Only),0.0,0.0,0.0,-0.0217,-0.1141,-0.0155,-0.0609,-0.204,-0.0319,-0.0977,-0.277,-0.0453,-0.1212,-0.3401,-0.0574,-0.1546,-0.142,-0.0352,-0.2082,-0.1557,-0.041,-0.1888,-0.1763,-0.0427,-0.1609,-0.1844,-0.0427,-0.164,-0.0728,-0.0319,-0.2091,-0.0972,-0.0288,-0.1894,-0.1146,-0.0263,-0.1624,-0.1139,-0.0282,-0.1605,-0.0108,-0.0274,-0.1986,-0.0353,-0.0202,-0.183,-0.0495,-0.0119,-0.1586,-0.0492,-0.0112,-0.1513,0.0412,-0.0241,-0.1838,0.0163,-0.0172,-0.1679,0.004,-0.0055,-0.147,0.0045,0.0019
4,Double Click (Thumb Only),0.0,0.0,0.0,-0.0216,-0.1144,-0.0153,-0.0605,-0.2046,-0.0306,-0.0972,-0.2776,-0.0437,-0.1203,-0.3388,-0.0555,-0.1544,-0.1389,-0.0296,-0.2056,-0.1486,-0.0366,-0.1831,-0.1631,-0.04,-0.1536,-0.1658,-0.0413,-0.1623,-0.0698,-0.0274,-0.2068,-0.0889,-0.0258,-0.1864,-0.1025,-0.0253,-0.1595,-0.1003,-0.0284,-0.1578,-0.0074,-0.0247,-0.1964,-0.0279,-0.0203,-0.1796,-0.0387,-0.0129,-0.1547,-0.0372,-0.012,-0.1477,0.0457,-0.0232,-0.1817,0.0265,-0.0186,-0.1654,0.017,-0.0075,-0.1441,0.0178,-0.0001
4,Double Click (Thumb Only),0.0,0.0,0.0,-0.0224,-0.1154,-0.0135,-0.0606,-0.2028,-0.0286,-0.0967,-0.2769,-0.0416,-0.1196,-0.3381,-0.0534,-0.1561,-0.1368,-0.0303,-0.2042,-0.1486,-0.0352,-0.1825,-0.1649,-0.0372,-0.1548,-0.1681,-0.0379,-0.1629,-0.0667,-0.0289,-0.2056,-0.0881,-0.0249,-0.1854,-0.1032,-0.0231,-0.1591,-0.101,-0.0262,-0.1568,-0.0036,-0.0263,-0.1954,-0.0251,-0.0199,-0.1798,-0.0377,-0.012,-0.1553,-0.0366,-0.0117,-0.1457,0.0492,-0.0247,-0.1818,0.0314,-0.0184,-0.1675,0.021,-0.0064,-0.1468,0.0217,0.001
4,Double Click (Thumb Only),0.0,0.0,0.0,-0.0266,-0.1131,-0.0133,-0.064,-0.1993,-0.03,-0.0985,-0.2709,-0.0442,-0.1226,-0.3299,-0.0573,-0.1592,-0.1328,-0.0374,-0.2095,-0.1412,-0.0443,-0.1858,-0.1559,-0.047,-0.1577,-0.1582,-0.0479,-0.1656,-0.0613,-0.0362,-0.2078,-0.0838,-0.0332,-0.1861,-0.0975,-0.0304,-0.1581,-0.0925,-0.033,-0.1587,0.0024,-0.0334,-0.1945,-0.0202,-0.0269,-0.1766,-0.0305,-0.0172,-0.1511,-0.028,-0.0159,-0.1469,0.0557,-0.0316,-0.1813,0.0373,-0.0254,-0.1644,0.0291,-0.0125,-0.1429,0.0311,-0.0043
4,Double Click (Thumb Only),0.0,0.0,0.0,-0.0263,-0.1126,-0.0135,-0.0651,-0.2013,-0.0296,-0.1015,-0.2742,-0.0431,-0.1256,-0.3346,-0.0554,-0.1638,-0.135,-0.0349,-0.2094,-0.1465,-0.0419,-0.1842,-0.1607,-0.0452,-0.1567,-0.161,-0.0468,-0.1695,-0.0631,-0.0341,-0.2101,-0.0855,-0.0324,-0.1873,-0.099,-0.0315,-0.159,-0.0925,-0.035,-0.1622,0.0019,-0.0318,-0.1976,-0.0192,-0.0269,-0.1792,-0.0298,-0.0187,-0.1537,-0.0263,-0.0178,-0.1501,0.0572,-0.0305,-0.1846,0.0409,-0.0253,-0.1673,0.0326,-0.0129,-0.1458,0.0346,-0.0048
4,Double Click (Thumb Only),0.0,0.0,0.0,-0.0254,-0.1123,-0.0139,-0.0617,-0.2004,-0.03,-0.097,-0.2725,-0.0436,-0.1231,-0.3318,-0.0555,-0.1559,-0.1345,-0.0352,-0.2073,-0.1428,-0.0432,-0.1831,-0.1566,-0.0466,-0.1551,-0.1581,-0.0477,-0.1625,-0.0633,-0.0338,-0.2071,-0.0858,-0.033,-0.1849,-0.0981,-0.0316,-0.1567,-0.0923,-0.0343,-0.1565,0.0001,-0.0312,-0.1935,-0.0217,-0.0265,-0.1751,-0.0314,-0.0168,-0.15,-0.0283,-0.0147,-0.1464,0.0532,-0.0297,-0.1801,0.0319,-0.024,-0.1621,0.0236,-0.0105,-0.1408,0.0254,-0.0017
4,Double Click (Thumb Only),0.0,0.0,0.0,-0.0262,-0.1162,-0.0114,-0.0642,-0.2065,-0.0277,-0.1006,-0.2793,-0.0416,-0.1272,-0.34,-0.0533,-0.1568,-0.1381,-0.0364,-0.2149,-0.1546,-0.0435,-0.1867,-0.1729,-0.0449,-0.1561,-0.1728,-0.0444,-0.1658,-0.0663,-0.0359,-0.2135,-0.0994,-0.0333,-0.1888,-0.1151,-0.0297,-0.1603,-0.1064,-0.0312,-0.1617,-0.003,-0.0337,-0.2024,-0.036,-0.0263,-0.1828,-0.0482,-0.0146,-0.1576,-0.0428,-0.012,-0.1532,0.0486,-0.0324,-0.1913,0.0172,-0.0246,-0.1735,0.0076,-0.0097,-0.1519,0.0125,-0.0003
4,Double Click (Thumb Only),0.0,0.0,0.0,-0.0198,-0.1176,-0.0138,-0.0505,-0.2079,-0.0323,-0.0805,-0.2837,-0.0482,-0.1001,-0.3505,-0.0616,-0.1539,-0.1398,-0.0405,-0.2194,-0.1603,-0.0499,-0.1938,-0.1822,-0.0527,-0.1633,-0.185,-0.0526,-0.1661,-0.0674,-0.0385,-0.2153,-0.1055,-0.0358,-0.1922,-0.1223,-0.0309,-0.1647,-0.1142,-0.0316,-0.1633,-0.0044,-0.0351,-0.2006,-0.0439,-0.0267,-0.1816,-0.0552,-0.0138,-0.1572,-0.0485,-0.0107,-0.1542,0.0464,-0.033,-0.1858,0.0096,-0.0241,-0.1672,0.0005,-0.0088,-0.1458,0.0064,0.0008
4,Double Click (Thumb Only),0.0,0.0,0.0,-0.0323,-0.1149,-0.0036,-0.072,-0.2065,-0.0188,-0.0988,-0.281,-0.0348,-0.1156,-0.3471,-0.0513,-0.1569,-0.1476,-0.0343,-0.2258,-0.131,-0.0496,-0.2022,-0.1269,-0.0583,-0.1703,-0.1292,-0.0619,-0.1591,-0.0733,-0.0401,-0.2167,-0.0691,-0.0447,-0.1924,-0.0705,-0.0431,-0.1624,-0.0715,-0.0453,-0.1511,-0.0051,-0.0442,-0.2005,-0.0066,-0.0438,-0.18,-0.0088,-0.0316,-0.1526,-0.0102,-0.0268,-0.1389,0.0542,-0.0483,-0.1861,0.0501,-0.0441,-0.1668,0.0455,-0.0274,-0.1428,0.0429,-0.0159
4,Double Click (Thumb Only),0.0,0.0,0.0,-0.0339,-0.1099,-0.0041,-0.0758,-0.1996,-0.0211,-0.1012,-0.2795,-0.0404,-0.1188,-0.3471,-0.0609,-0.1485,-0.1527,-0.0314,-0.2231,-0.127,-0.0523,-0.2104,-0.1134,-0.0668,-0.1845,-0.1092,-0.0741,-0.1511,-0.079,-0.0402,-0.2175,-0.0611,-0.0522,-0.1981,-0.0567,-0.0564,-0.168,-0.0564,-0.0611,-0.1459,-0.0081,-0.0479,-0.2,0.0016,-0.0532,-0.1809,0.0021,-0.0429,-0.1518,-0.0001,-0.038,-0.136,0.0543,-0.0564,-0.1858,0.0597,-0.0559,-0.1684,0.0559,-0.0414,-0.1434,0.0518,-0.0308
4,Double Click (Thumb Only),0.0,0.0,0.0,-0.0326,-0.1092,0.0038,-0.0753,-0.1947,-0.005,-0.0988,-0.2652,-0.0166,-0.11,-0.3149,-0.0294,-0.1545,-0.1603,-0.0221,-0.2222,-0.1246,-0.0319,-0.2022,-0.1089,-0.0383,-0.1746,-0.1127,-0.0422,-0.1585,-0.0897,-0.0316,-0.2152,-0.0669,-0.0351,-0.1933,-0.0593,-0.035,-0.1651,-0.0621,-0.0375,-0.1539,-0.0214,-0.0387,-0.2015,-0.0103,-0.038,-0.1829,-0.0066,-0.0279,-0.1567,-0.0076,-0.024,-0.1442,0.0405,-0.0455,-0.1869,0.042,-0.0418,-0.1689,0.0428,-0.0273,-0.1456,0.0413,-0.0169
4,Double Click (Thumb Only),0.0,0.0,0.0,-0.029,-0.1151,0.0005,-0.0649,-0.205,-0.0119,-0.0862,-0.2808,-0.0266,-0.1008,-0.3341,-0.0424,-0.1473,-0.1604,-0.0296,-0.2189,-0.1283,-0.0425,-0.1949,-0.1143,-0.0499,-0.1612,-0.1174,-0.0537,-0.1526,-0.0849,-0.0383,-0.2127,-0.0642,-0.0435,-0.1883,-0.0571,-0.0426,-0.1581,-0.0605,-0.0451,-0.1483,-0.0132,-0.0449,-0.1992,-0.0049,-0.046,-0.1774,-0.001,-0.0343,-0.149,-0.0029,-0.0294,-0.1376,0.0505,-0.0515,-0.1817,0.0488,-0.0493,-0.1598,0.0484,-0.0335,-0.1334,0.046,-0.0222
4,Double Click (Thumb Only),0.0,0.0,0.0,-0.0295,-0.1145,-0.0075,-0.0668,-0.2067,-0.0245,-0.0877,-0.2917,-0.0421,-0.0992,-0.3582,-0.0605,-0.1545,-0.1586,-0.0336,-0.2181,-0.121,-0.0482,-0.1967,-0.1114,-0.0591,-0.1662,-0.1152,-0.0649,-0.1604,-0.0803,-0.0375,-0.2145,-0.0623,-0.0426,-0.1929,-0.0621,-0.0452,-0.1631,-0.0649,-0.0503,-0.1557,-0.0081,-0.0398,-0.2023,-0.0034,-0.0392,-0.1835,-0.0047,-0.0311,-0.1552,-0.0068,-0.029,-0.1464,0.0528,-0.0428,-0.1865,0.0504,-0.0392,-0.1688,0.0469,-0.0261,-0.1447,0.0431,-0.0169
4,Double Click (Thumb Only),0.0,0.0,0.0,-0.0293,-0.1161,-0.0094,-0.0637,-0.2078,-0.0248,-0.0869,-0.2902,-0.0401,-0.0981,-0.3584,-0.0554,-0.1589,-0.1464,-0.0249,-0.2108,-0.1346,-0.0328,-0.1903,-0.1335,-0.0398,-0.1631,-0.136,-0.0442,-0.1658,-0.072,-0.0267,-0.2083,-0.0753,-0.0261,-0.1862,-0.0783,-0.0278,-0.1578,-0.076,-0.0329,-0.1588,-0.0054,-0.0272,-0.1941,-0.0124,-0.0227,-0.1744,-0.0167,-0.0153,-0.1469,-0.0169,-0.0146,-0.1467,0.0498,-0.0287,-0.1785,0.0413,-0.0231,-0.1591,0.0363,-0.01,-0.1354,0.0338,-0.0012
4,Double Click (Thumb Only),0.0,0.0,0.0,-0.0246,-0.1204,-0.0068,-0.0602,-0.2159,-0.0219,-0.0848,-0.3003,-0.0371,-0.0931,-0.3701,-0.0521,-0.154,-0.158,-0.0257,-0.2135,-0.15,-0.037,-0.1894,-0.1452,-0.0464,-0.1584,-0.1447,-0.0515,-0.1646,-0.0806,-0.0279,-0.2126,-0.0897,-0.0275,-0.1896,-0.0905,-0.0282,-0.1608,-0.0863,-0.0327,-0.1637,-0.0108,-0.0287,-0.2027,-0.0294,-0.0232,-0.1836,-0.0294,-0.0139,-0.1576,-0.0242,-0.0119,-0.1583,0.0476,-0.0305,-0.1919,0.0258,-0.0215,-0.1721,0.0241,-0.0061,-0.1499,0.0269,0.0039
4,Double Click (Thumb Only),0.0,0.0,0.0,-0.0197,-0.1249,-0.0128,-0.05,-0.2245,-0.0305,-0.0719,-0.3138,-0.0469,-0.0805,-0.3853,-0.0619,-0.1601,-0.1621,-0.0304,-0.2107,-0.1793,-0.0417,-0.1797,-0.1741,-0.0512,-0.1475,-0.1645,-0.0561,-0.1769,-0.0833,-0.029,-0.2059,-0.1173,-0.0257,-0.1768,-0.1185,-0.0261,-0.1496,-0.1069,-0.0308,-0.1765,-0.0163,-0.0263,-0.1948,-0.058,-0.017,-0.1702,-0.0585,-0.0073,-0.145,-0.0477,-0.0061,-0.1696,0.0384,-0.0255,-0.1817,-0.0018,-0.0141,-0.1569,-0.003,0.0014,-0.135,0.0046,0.0115
4,Double Click (Thumb Only),0.0,0.0,0.0,-0.0202,-0.1276,-0.0198,-0.0528,-0.2301,-0.0389,-0.0779,-0.3186,-0.0552,-0.0892,-0.3889,-0.0692,-0.1702,-0.1646,-0.0325,-0.2088,-0.1948,-0.0436,-0.1745,-0.1902,-0.0536,-0.1424,-0.1778,-0.0593,-0.188,-0.0882,-0.0274,-0.2016,-0.1332,-0.0248,-0.1697,-0.1349,-0.0273,-0.1439,-0.1203,-0.0334,-0.1865,-0.024,-0.0217,-0.1915,-0.0784,-0.0141,-0.1648,-0.0782,-0.0068,-0.1409,-0.064,-0.0068,-0.1773,0.028,-0.0184,-0.1786,-0.0211,-0.009,-0.1529,-0.0217,0.0041,-0.1325,-0.0121,0.0128
4,Double Click (Thumb Only),0.0,0.0,0.0,-0.0148,-0.1256,-0.0316,-0.0431,-0.2279,-0.0549,-0.0742,-0.3087,-0.0724,-0.0852,-0.3857,-0.0873,-0.1762,-0.1619,-0.0388,-0.1779,-0.2304,-0.0455,-0.1349,-0.2262,-0.053,-0.1089,-0.2059,-0.0596,-0.1914,-0.0896,-0.0282,-0.1839,-0.1675,-0.0258,-0.1476,-0.1675,-0.029,-0.1244,-0.1421,-0.0362,-0.1844,-0.0309,-0.0176,-0.1816,-0.1058,-0.0118,-0.151,-0.1041,-0.0066,-0.129,-0.0821,-0.0084,-0.1701,0.0158,-0.0096,-0.1702,-0.0445,-0.0028,-0.1437,-0.0462,0.0078,-0.1257,-0.0314,0.0143
4,Double Click (Thumb Only),0.0,0.0,0.0,-0.017,-0.1254,-0.033,-0.0474,-0.2301,-0.0575,-0.0786,-0.3069,-0.076,-0.0904,-0.3807,-0.0923,-0.1839,-0.1581,-0.0409,-0.1783,-0.2264,-0.0494,-0.1341,-0.2213,-0.0596,-0.1077,-0.2001,-0.0682,-0.1954,-0.0829,-0.0311,-0.1855,-0.1584,-0.0312,-0.1504,-0.1592,-0.037,-0.1274,-0.1329,-0.0461,-0.1861,-0.0219,-0.0214,-0.1803,-0.0939,-0.0183,-0.1504,-0.0931,-0.0147,-0.1293,-0.0711,-0.0173,-0.1705,0.0279,-0.0143,-0.1706,-0.0314,-0.0103,-0.1452,-0.0357,-0.0006,-0.1289,-0.0217,0.0053
4,Double Click (Thumb Only),0.0,0.0,0.0,-0.0176,-0.1266,-0.0303,-0.0464,-0.2323,-0.0531,-0.0785,-0.3098,-0.0705,-0.0911,-0.3847,-0.0853,-0.1831,-0.1609,-0.0344,-0.1842,-0.2256,-0.0385,-0.141,-0.2217,-0.046,-0.115,-0.2029,-0.053,-0.1955,-0.0857,-0.0243,-0.1908,-0.1595,-0.0193,-0.1567,-0.1621,-0.0232,-0.1329,-0.1388,-0.0311,-0.187,-0.0247,-0.014,-0.1847,-0.096,-0.006,-0.1554,-0.0973,-0.0023,-0.1327,-0.0777,-0.0053,-0.1724,0.0246,-0.0063,-0.1728,-0.0342,0.0024,-0.1472,-0.0384,0.0128,-0.1291,-0.026,0.0188
4,Double Click (Thumb Only),0.0,0.0,0.0,-0.02,-0.1269,-0.0294,-0.0514,-0.2291,-0.052,-0.084,-0.3092,-0.0691,-0.0963,-0.3854,-0.0836,-0.1824,-0.1587,-0.0375,-0.1933,-0.2195,-0.0417,-0.1546,-0.2205,-0.047,-0.1281,-0.2069,-0.0521,-0.1947,-0.0837,-0.0279,-0.2001,-0.1539,-0.0242,-0.1684,-0.1623,-0.0268,-0.1424,-0.1447,-0.0335,-0.1866,-0.0226,-0.0178,-0.1893,-0.092,-0.0108,-0.1616,-0.0987,-0.0068,-0.1372,-0.0829,-0.0094,-0.1718,0.0256,-0.0102,-0.1744,-0.0317,-0.003,-0.1508,-0.0392,0.0064,-0.132,-0.0293,0.012
4,Double Click (Thumb Only),0.0,0.0,0.0,-0.0196,-0.1283,-0.0281,-0.0522,-0.2302,-0.0497,-0.0849,-0.3095,-0.0666,-0.0975,-0.3856,-0.0813,-0.1853,-0.1592,-0.0328,-0.1908,-0.2157,-0.038,-0.151,-0.211,-0.0461,-0.1259,-0.193,-0.0535,-0.1961,-0.0835,-0.0243,-0.1975,-0.1495,-0.0213,-0.1647,-0.1533,-0.0258,-0.1392,-0.1321,-0.0336,-0.1867,-0.0221,-0.0155,-0.1868,-0.089,-0.0094,-0.1589,-0.0916,-0.0065,-0.1357,-0.0727,-0.0095,-0.1708,0.0264,-0.0094,-0.1715,-0.0295,-0.0026,-0.1473,-0.0334,0.0065,-0.1293,-0.0203,0.012
4,Double Click (Thumb Only),0.0,0.0,0.0,-0.0214,-0.1247,-0.0292,-0.0543,-0.2243,-0.0511,-0.0865,-0.3025,-0.0682,-0.0997,-0.3752,-0.0834,-0.1897,-0.1521,-0.032,-0.1894,-0.2077,-0.0374,-0.1492,-0.2047,-0.0466,-0.124,-0.189,-0.0551,-0.1985,-0.0765,-0.0235,-0.1924,-0.1401,-0.0204,-0.1586,-0.1429,-0.0257,-0.134,-0.122,-0.0344,-0.1863,-0.0149,-0.0152,-0.1816,-0.078,-0.0098,-0.1536,-0.0794,-0.0082,-0.131,-0.0617,-0.0121,-0.1678,0.034,-0.0094,-0.1646,-0.0154,-0.0042,-0.1401,-0.0183,0.0036,-0.1227,-0.0067,0.0083
4,Double Click (Thumb Only),0.0,0.0,0.0,-0.0183,-0.1211,-0.0266,-0.0504,-0.2156,-0.049,-0.0815,-0.2909,-0.0674,-0.0947,-0.3619,-0.0841,-0.1836,-0.1436,-0.0367,-0.1906,-0.1832,-0.0435,-0.1542,-0.1795,-0.0522,-0.1309,-0.1659,-0.06,-0.1928,-0.0675,-0.0305,-0.193,-0.118,-0.0281,-0.1615,-0.1201,-0.0317,-0.1382,-0.1016,-0.0395,-0.1825,-0.0044,-0.0238,-0.1814,-0.0557,-0.0187,-0.1535,-0.0576,-0.0143,-0.131,-0.0435,-0.0167,-0.1663,0.0471,-0.0197,-0.1643,0.0021,-0.0138,-0.1389,-0.0019,-0.0038,-0.1211,0.0071,0.0022
4,Double Click (Thumb Only),0.0,0.0,0.0,-0.0219,-0.1234,-0.0257,-0.0557,-0.2175,-0.048,-0.0877,-0.2952,-0.0662,-0.1025,-0.3664,-0.0825,-0.1858,-0.1401,-0.0388,-0.2033,-0.1766,-0.0456,-0.1705,-0.1736,-0.0528,-0.1469,-0.1589,-0.0591,-0.1936,-0.0639,-0.0326,-0.2014,-0.114,-0.0308,-0.172,-0.117,-0.0345,-0.1472,-0.0982,-0.0418,-0.1831,-0.0011,-0.0255,-0.1876,-0.0529,-0.0199,-0.1624,-0.0547,-0.0161,-0.1397,-0.0391,-0.0186,-0.1665,0.0499,-0.0209,-0.1672,0.003,-0.0154,-0.1421,-0.0008,-0.0065,-0.1232,0.0097,-0.001
4,Double Click (Thumb Only),0.0,0.0,0.0,-0.0231,-0.1203,-0.022,-0.0574,-0.2113,-0.0422,-0.09,-0.2884,-0.0593,-0.1048,-0.359,-0.075,-0.1834,-0.1382,-0.0353,-0.2039,-0.164,-0.0403,-0.1728,-0.1598,-0.0462,-0.1484,-0.1488,-0.0518,-0.1913,-0.0605,-0.0303,-0.1974,-0.1007,-0.0261,-0.1675,-0.1035,-0.0286,-0.1419,-0.0889,-0.0355,-0.1804,0.004,-0.0241,-0.182,-0.0403,-0.0168,-0.1568,-0.0424,-0.0133,-0.1333,-0.0297,-0.0166,-0.1642,0.0569,-0.0202,-0.1623,0.0169,-0.0136,-0.1377,0.0127,-0.0054,-0.1188,0.0202,-0.0007
4,Double Click (Thumb Only),0.0,0.0,0.0,-0.0266,-0.1235,-0.0121,-0.0642,-0.2197,-0.0286,-0.0996,-0.2984,-0.0431,-0.1162,-0.3678,-0.0559,-0.1705,-0.1443,-0.03,-0.2135,-0.1637,-0.0356,-0.1831,-0.1679,-0.0392,-0.1546,-0.1628,-0.041,-0.181,-0.065,-0.0283,-0.2107,-0.1043,-0.0221,-0.182,-0.1111,-0.0191,-0.1555,-0.1004,-0.0219,-0.1761,0.0025,-0.0249,-0.1967,-0.0428,-0.0143,-0.172,-0.0475,-0.0038,-0.1464,-0.0378,-0.0028,-0.1656,0.0564,-0.0229,-0.1809,0.0131,-0.0117,-0.1574,0.0085,0.003,-0.1367,0.0155,0.0119
4,Double Click (Thumb Only),0.0,0.0,0.0,-0.0353,-0.1117,-0.0093,-0.0826,-0.2017,-0.0276,-0.1118,-0.281,-0.0448,-0.1285,-0.3443,-0.0619,-0.1417,-0.1356,-0.0505,-0.2235,-0.1277,-0.0678,-0.2,-0.1287,-0.0746,-0.1679,-0.132,-0.0766,-0.1444,-0.0589,-0.0541,-0.2207,-0.0654,-0.0614,-0.1972,-0.0733,-0.0579,-0.1646,-0.074,-0.0581,-0.1407,0.0102,-0.0557,-0.205,-0.0053,-0.0566,-0.1855,-0.0148,-0.0437,-0.1557,-0.0157,-0.0382,-0.1333,0.0685,-0.0578,-0.1899,0.0545,-0.0552,-0.1727,0.0423,-0.0402,-0.1466,0.0395,-0.0301
4,Double Click (Thumb Only),0.0,0.0,0.0,-0.0317,-0.103,-0.0019,-0.08,-0.199,-0.0243,-0.0953,-0.2798,-0.0466,-0.0898,-0.3513,-0.0709,-0.0921,-0.1644,-0.0779,-0.2022,-0.1468,-0.1029,-0.1777,-0.1379,-0.1086,-0.144,-0.1437,-0.1103,-0.087,-0.0879,-0.0902,-0.1994,-0.08,-0.1086,-0.171,-0.0805,-0.1001,-0.1343,-0.0848,-0.0972,-0.0848,-0.0177,-0.0987,-0.1829,-0.0207,-0.1102,-0.1552,-0.0234,-0.089,-0.1204,-0.0248,-0.0769,-0.0853,0.0449,-0.1067,-0.1684,0.035,-0.112,-0.1455,0.0299,-0.093,-0.1137,0.0308,-0.0807
4,Double Click (Thumb Only),0.0,0.0,0.0,-0.0345,-0.0964,-0.0057,-0.084,-0.1978,-0.0299,-0.0989,-0.2792,-0.0528,-0.0978,-0.3523,-0.0769,-0.0859,-0.1614,-0.0835,-0.1971,-0.1343,-0.1131,-0.1673,-0.1306,-0.1196,-0.1308,-0.1394,-0.1205,-0.0793,-0.0828,-0.0952,-0.1949,-0.0669,-0.12,-0.162,-0.0718,-0.1122,-0.1233,-0.077,-0.1085,-0.0749,-0.0105,-0.1037,-0.1816,-0.0047,-0.1222,-0.1519,-0.0123,-0.1021,-0.1148,-0.0192,-0.0892,-0.0735,0.0536,-0.1114,-0.157,0.0487,-0.1246,-0.1341,0.0388,-0.1099,-0.1018,0.0361,-0.0987
4,Double Click (Thumb Only),0.0,0.0,0.0,-0.0351,-0.0983,-0.0052,-0.0839,-0.1996,-0.0286,-0.0988,-0.2811,-0.0512,-0.097,-0.355,-0.075,-0.0855,-0.1601,-0.0806,-0.1986,-0.1348,-0.1098,-0.1693,-0.1328,-0.1164,-0.1319,-0.1396,-0.1171,-0.0789,-0.0806,-0.0924,-0.1958,-0.0664,-0.1165,-0.1629,-0.0736,-0.1093,-0.1235,-0.0766,-0.1061,-0.075,-0.0085,-0.101,-0.1816,-0.0024,-0.1186,-0.1517,-0.0122,-0.0989,-0.1144,-0.0182,-0.0865,-0.0741,0.0551,-0.1091,-0.1588,0.0513,-0.1219,-0.1349,0.0403,-0.1072,-0.1013,0.0383,-0.0962
4,Double Click (Thumb Only),0.0,0.0,0.0,-0.0321,-0.1062,-0.0054,-0.0778,-0.2068,-0.0291,-0.0982,-0.2911,-0.0505,-0.1053,-0.3606,-0.0735,-0.1116,-0.1547,-0.0872,-0.2169,-0.1361,-0.1067,-0.1922,-0.1318,-0.106,-0.1572,-0.1342,-0.1034,-0.1085,-0.0723,-0.0964,-0.2184,-0.0712,-0.1103,-0.1894,-0.0769,-0.0991,-0.1508,-0.0752,-0.0955,-0.1055,0.0002,-0.1006,-0.205,-0.0071,-0.1085,-0.177,-0.0161,-0.0864,-0.1399,-0.0157,-0.0754,-0.1032,0.0648,-0.1041,-0.186,0.0521,-0.1094,-0.1641,0.0412,-0.0912,-0.1324,0.0426,-0.0795
4,Double Click (Thumb Only),0.0,0.0,0.0,-0.0323,-0.1084,-0.0063,-0.0802,-0.209,-0.0304,-0.1009,-0.2935,-0.0532,-0.1077,-0.3634,-0.0775,-0.1154,-0.1562,-0.083,-0.2255,-0.1386,-0.1071,-0.1986,-0.1354,-0.1122,-0.1617,-0.1389,-0.1128,-0.111,-0.0732,-0.0924,-0.2205,-0.0719,-0.1087,-0.1907,-0.078,-0.1005,-0.1521,-0.0792,-0.0983,-0.1073,0.0001,-0.0976,-0.206,-0.0092,-0.107,-0.1787,-0.0161,-0.086,-0.1415,-0.016,-0.0747,-0.105,0.0644,-0.1026,-0.1899,0.0495,-0.1074,-0.1675,0.0423,-0.0883,-0.1338,0.0457,-0.0756
4,Double Click (Thumb Only),0.0,0.0,0.0,-0.032,-0.1112,-0.0049,-0.0783,-0.2139,-0.0275,-0.0981,-0.3006,-0.0497,-0.1041,-0.3718,-0.0739,-0.1209,-0.1617,-0.0748,-0.2264,-0.1461,-0.0987,-0.1999,-0.1412,-0.1061,-0.1637,-0.1453,-0.1089,-0.1181,-0.0791,-0.0853,-0.2207,-0.0807,-0.1013,-0.1909,-0.0833,-0.0954,-0.1524,-0.0832,-0.0948,-0.1145,-0.0059,-0.0921,-0.2075,-0.0192,-0.1021,-0.18,-0.0223,-0.0827,-0.1426,-0.0202,-0.0725,-0.1113,0.0587,-0.0986,-0.1924,0.0413,-0.1041,-0.1692,0.0374,-0.0857,-0.1356,0.0419,-0.0732
4,Double Click (Thumb Only),0.0,0.0,0.0,-0.0279,-0.1114,-0.0045,-0.0691,-0.2117,-0.0256,-0.0832,-0.2969,-0.046,-0.0857,-0.3669,-0.0685,-0.1135,-0.1686,-0.0719,-0.2145,-0.1561,-0.0905,-0.1966,-0.1442,-0.0933,-0.1656,-0.1437,-0.0931,-0.1149,-0.0891,-0.0804,-0.2109,-0.0958,-0.0917,-0.1864,-0.0926,-0.0843,-0.1513,-0.0879,-0.0827,-0.1155,-0.0156,-0.0849,-0.2025,-0.0348,-0.0896,-0.179,-0.0335,-0.0707,-0.1452,-0.0271,-0.0616,-0.1161,0.0503,-0.0889,-0.1921,0.0272,-0.0902,-0.1714,0.0256,-0.0717,-0.1411,0.0331,-0.0597
4,Double Click (Thumb Only),0.0,0.0,0.0,-0.0189,-0.1195,-0.0076,-0.0448,-0.2194,-0.0258,-0.0617,-0.3007,-0.0435,-0.0691,-0.3625,-0.0609,-0.1277,-0.1661,-0.0433,-0.2019,-0.1745,-0.0583,-0.1747,-0.1661,-0.0655,-0.1441,-0.1595,-0.0687,-0.142,-0.0897,-0.0481,-0.2084,-0.1123,-0.054,-0.1811,-0.1097,-0.0517,-0.1502,-0.1,-0.0532,-0.1484,-0.0197,-0.0507,-0.2041,-0.0488,-0.0512,-0.1803,-0.0481,-0.0384,-0.1518,-0.0388,-0.0332,-0.1505,0.0406,-0.0539,-0.2027,0.0076,-0.0508,-0.1795,0.0058,-0.0341,-0.1529,0.0139,-0.0227
4,Double Click (Thumb Only),0.0,0.0,0.0,-0.0201,-0.1044,-0.0019,-0.0644,-0.2059,-0.0202,-0.0839,-0.2831,-0.0397,-0.0795,-0.3514,-0.0597,-0.0942,-0.1907,-0.0576,-0.2033,-0.1963,-0.0858,-0.1765,-0.1777,-0.0959,-0.1383,-0.1741,-0.0992,-0.1015,-0.114,-0.07,-0.2118,-0.1281,-0.094,-0.1786,-0.1147,-0.0901,-0.1386,-0.1079,-0.0867,-0.1088,-0.041,-0.0804,-0.2065,-0.0575,-0.0982,-0.1744,-0.0501,-0.0796,-0.1356,-0.0445,-0.0661,-0.1161,0.027,-0.0903,-0.1955,0.0033,-0.1009,-0.1688,0.0054,-0.0842,-0.1339,0.0131,-0.0708
4,Double Click (Thumb Only),0.0,0.0,0.0,-0.017,-0.1009,-0.0021,-0.0546,-0.2071,-0.0197,-0.0753,-0.2844,-0.0377,-0.0735,-0.3507,-0.0564,-0.0917,-0.184,-0.0567,-0.1989,-0.1891,-0.0828,-0.1757,-0.1753,-0.0922,-0.1393,-0.1701,-0.0952,-0.0969,-0.1105,-0.0684,-0.2069,-0.1216,-0.09,-0.1764,-0.1149,-0.0867,-0.1369,-0.1107,-0.0846,-0.1024,-0.041,-0.0778,-0.2004,-0.0552,-0.0943,-0.1713,-0.0527,-0.0768,-0.1347,-0.0489,-0.0644,-0.1092,0.0246,-0.0866,-0.1887,0.0031,-0.0974,-0.1635,0.0014,-0.0815,-0.131,0.0072,-0.0686
4,Double Click (Thumb Only),0.0,0.0,0.0,-0.0174,-0.1043,-0.0002,-0.0588,-0.2072,-0.0169,-0.0786,-0.289,-0.0339,-0.071,-0.3576,-0.0522,-0.0928,-0.1943,-0.0597,-0.1956,-0.1979,-0.0819,-0.1729,-0.1753,-0.087,-0.1382,-0.1728,-0.0883,-0.1017,-0.1224,-0.0709,-0.2033,-0.1304,-0.0874,-0.1749,-0.1145,-0.0787,-0.1395,-0.1113,-0.0745,-0.1101,-0.0508,-0.0793,-0.2017,-0.064,-0.0918,-0.1717,-0.0539,-0.0716,-0.1357,-0.0497,-0.0593,-0.118,0.0184,-0.0868,-0.1903,-0.0025,-0.0953,-0.1642,0.0008,-0.0791,-0.1329,0.0056,-0.067
4,Double Click (Thumb Only),0.0,0.0,0.0,-0.0144,-0.1055,0.0004,-0.0534,-0.2092,-0.0157,-0.0738,-0.2927,-0.0322,-0.0665,-0.362,-0.0501,-0.0916,-0.2035,-0.0575,-0.1956,-0.2048,-0.0793,-0.1729,-0.1791,-0.0841,-0.1379,-0.1766,-0.0853,-0.1015,-0.1327,-0.0692,-0.2038,-0.1374,-0.0853,-0.175,-0.1195,-0.0763,-0.1403,-0.117,-0.0722,-0.1105,-0.0614,-0.0782,-0.201,-0.0721,-0.091,-0.1701,-0.0598,-0.0708,-0.1348,-0.056,-0.0584,-0.1182,0.0081,-0.0862,-0.1901,-0.0131,-0.0951,-0.163,-0.008,-0.0789,-0.1322,-0.0035,-0.0666
4,Double Click (Thumb Only),0.0,0.0,0.0,-0.0149,-0.1079,-0.0008,-0.0529,-0.2108,-0.018,-0.0705,-0.2951,-0.0356,-0.0622,-0.3655,-0.0545,-0.0901,-0.2024,-0.0588,-0.1944,-0.206,-0.0819,-0.1711,-0.1837,-0.0882,-0.1356,-0.1804,-0.0903,-0.1006,-0.131,-0.0702,-0.2027,-0.1397,-0.0866,-0.1744,-0.1242,-0.0788,-0.1392,-0.1199,-0.0755,-0.1102,-0.0595,-0.079,-0.2003,-0.0737,-0.0914,-0.1713,-0.0631,-0.0719,-0.1364,-0.0581,-0.0602,-0.1189,0.0098,-0.087,-0.1921,-0.0139,-0.0951,-0.1664,-0.0091,-0.0784,-0.1351,-0.0025,-0.066
4,Double Click (Thumb Only),0.0,0.0,0.0,-0.0159,-0.1088,-0.0024,-0.0533,-0.2161,-0.0204,-0.0626,-0.3055,-0.0385,-0.0376,-0.3754,-0.0583,-0.0937,-0.2035,-0.061,-0.1988,-0.2066,-0.0825,-0.1762,-0.1794,-0.0877,-0.1413,-0.1761,-0.0897,-0.1045,-0.1321,-0.0716,-0.2076,-0.139,-0.087,-0.1796,-0.1204,-0.0787,-0.1438,-0.116,-0.0753,-0.1132,-0.0607,-0.0795,-0.2035,-0.0711,-0.0909,-0.1745,-0.0604,-0.0724,-0.1388,-0.0553,-0.0615,-0.1203,0.0088,-0.0867,-0.1937,-0.0111,-0.0934,-0.169,-0.0065,-0.0771,-0.1376,-0.0009,-0.0653
4,Double Click (Thumb Only),0.0,0.0,0.0,-0.0141,-0.1117,-0.0026,-0.0465,-0.2169,-0.0204,-0.0584,-0.3005,-0.0384,-0.056,-0.3675,-0.0588,-0.103,-0.2006,-0.061,-0.2148,-0.2078,-0.0825,-0.2086,-0.1924,-0.0885,-0.1863,-0.1909,-0.0911,-0.1124,-0.1285,-0.0724,-0.2186,-0.1346,-0.0893,-0.1905,-0.1201,-0.084,-0.1524,-0.1159,-0.0823,-0.1178,-0.0554,-0.0807,-0.2142,-0.0676,-0.0948,-0.1844,-0.0597,-0.0771,-0.1465,-0.0541,-0.0662,-0.1218,0.0165,-0.0883,-0.203,-0.0074,-0.0994,-0.1776,-0.0049,-0.0832,-0.1444,0.0023,-0.0705
4,Double Click (Thumb Only),0.0,0.0,0.0,-0.0135,-0.1151,-0.0032,-0.0435,-0.2198,-0.0232,-0.0464,-0.3051,-0.045,-0.026,-0.3735,-0.0686,-0.1094,-0.1967,-0.0563,-0.2162,-0.2071,-0.0836,-0.1891,-0.1915,-0.0956,-0.1495,-0.1854,-0.1004,-0.1194,-0.121,-0.0679,-0.2205,-0.1355,-0.0871,-0.1874,-0.1252,-0.085,-0.1479,-0.1173,-0.0847,-0.1235,-0.0476,-0.0774,-0.2128,-0.0669,-0.0917,-0.1809,-0.0619,-0.0754,-0.1429,-0.0532,-0.0646,-0.1246,0.0212,-0.0865,-0.2017,-0.0076,-0.0945,-0.1752,-0.0053,-0.0769,-0.1414,0.0049,-0.0631
4,Double Click (Thumb Only),0.0,0.0,0.0,-0.0101,-0.12,-0.0036,-0.0365,-0.2226,-0.0213,-0.0346,-0.3059,-0.0407,-0.0036,-0.3667,-0.0617,-0.1185,-0.2009,-0.0436,-0.2159,-0.2085,-0.0612,-0.1962,-0.1898,-0.0678,-0.1605,-0.1822,-0.0702,-0.1328,-0.1289,-0.052,-0.2188,-0.1404,-0.0623,-0.1941,-0.1268,-0.0582,-0.1593,-0.1177,-0.0571,-0.139,-0.0582,-0.0582,-0.2114,-0.0757,-0.0635,-0.1874,-0.0665,-0.0492,-0.1555,-0.0588,-0.0412,-0.1399,0.0073,-0.0645,-0.2031,-0.0167,-0.0653,-0.1821,-0.012,-0.0486,-0.1545,-0.0047,-0.0362
4,Double Click (Thumb Only),0.0,0.0,0.0,-0.0138,-0.1195,-0.0075,-0.0392,-0.2158,-0.0273,-0.0411,-0.2999,-0.0479,-0.0115,-0.3588,-0.0689,-0.131,-0.1829,-0.0402,-0.2101,-0.1966,-0.0542,-0.1888,-0.1909,-0.059,-0.1555,-0.1832,-0.0602,-0.1495,-0.1123,-0.0444,-0.214,-0.1357,-0.0486,-0.1897,-0.1309,-0.0445,-0.1588,-0.1186,-0.0442,-0.1581,-0.0435,-0.0467,-0.2094,-0.0684,-0.0438,-0.1884,-0.0666,-0.0321,-0.16,-0.0557,-0.0278,-0.1609,0.0189,-0.0498,-0.2053,-0.0108,-0.0431,-0.1853,-0.01,-0.0278,-0.1611,-0.0004,-0.0179
4,Double Click (Thumb Only),0.0,0.0,0.0,-0.0211,-0.1183,-0.0085,-0.0533,-0.2123,-0.0266,-0.058,-0.2997,-0.0459,-0.0339,-0.3632,-0.0656,-0.1434,-0.1743,-0.0278,-0.2175,-0.1789,-0.0407,-0.1977,-0.1699,-0.0493,-0.1661,-0.1641,-0.0536,-0.1612,-0.1014,-0.0307,-0.2187,-0.1207,-0.0344,-0.1935,-0.1142,-0.0342,-0.1623,-0.1048,-0.0358,-0.1674,-0.0308,-0.0327,-0.213,-0.0566,-0.0291,-0.1921,-0.0523,-0.0196,-0.164,-0.0424,-0.0162,-0.1677,0.0303,-0.036,-0.2038,0.0024,-0.0278,-0.1843,0.0021,-0.013,-0.1623,0.0075,-0.0029
4,Double Click (Thumb Only),0.0,0.0,0.0,-0.0266,-0.1078,-0.0091,-0.0569,-0.1848,-0.0289,-0.064,-0.2711,-0.0493,-0.0473,-0.3461,-0.0702,-0.1495,-0.1483,-0.0331,-0.2188,-0.1469,-0.0436,-0.1951,-0.1378,-0.0492,-0.1624,-0.1349,-0.052,-0.162,-0.0736,-0.035,-0.2154,-0.0827,-0.034,-0.1886,-0.0795,-0.0307,-0.1583,-0.0762,-0.032,-0.1599,-0.0035,-0.0355,-0.1995,-0.0183,-0.0279,-0.1782,-0.0192,-0.0182,-0.1505,-0.0153,-0.0163,-0.1509,0.0575,-0.0372,-0.1809,0.0404,-0.027,-0.1611,0.0354,-0.0127,-0.1388,0.0361,-0.0039
4,Double Click (Thumb Only),0.0,0.0,0.0,-0.0321,-0.1092,-0.0086,-0.0659,-0.1898,-0.0289,-0.0752,-0.2699,-0.0505,-0.0599,-0.3425,-0.0731,-0.1524,-0.1449,-0.0349,-0.2196,-0.1271,-0.05,-0.1935,-0.1202,-0.06,-0.1603,-0.1227,-0.0656,-0.1587,-0.0682,-0.0391,-0.214,-0.0636,-0.0436,-0.1879,-0.061,-0.0431,-0.1571,-0.0614,-0.0459,-0.1535,0.0034,-0.0423,-0.2001,-0.0037,-0.0404,-0.1783,-0.0034,-0.0303,-0.1503,-0.0026,-0.0272,-0.1432,0.0644,-0.0464,-0.1843,0.0544,-0.0397,-0.1637,0.051,-0.0239,-0.1402,0.0495,-0.0136
4,Double Click (Thumb Only),0.0,0.0,0.0,-0.0326,-0.1093,-0.0073,-0.0665,-0.1898,-0.0272,-0.0755,-0.2663,-0.0486,-0.0617,-0.3359,-0.0712,-0.1505,-0.1413,-0.0389,-0.2212,-0.1172,-0.056,-0.1947,-0.1086,-0.0669,-0.1623,-0.1122,-0.073,-0.1561,-0.0643,-0.0449,-0.2179,-0.0502,-0.0516,-0.1924,-0.047,-0.0505,-0.1609,-0.0509,-0.0529,-0.1506,0.0078,-0.0493,-0.202,0.0095,-0.0498,-0.1792,0.0093,-0.0381,-0.1501,0.0065,-0.0336,-0.1393,0.0701,-0.0546,-0.1832,0.0672,-0.0503,-0.1618,0.0616,-0.0337,-0.1368,0.0562,-0.0225
4,Double Click (Thumb Only),0.0,0.0,0.0,-0.0354,-0.1084,-0.0066,-0.0739,-0.19,-0.0268,-0.085,-0.2705,-0.0485,-0.0716,-0.3448,-0.0717,-0.1569,-0.1446,-0.0396,-0.2296,-0.1183,-0.0567,-0.2033,-0.1113,-0.0677,-0.1709,-0.1174,-0.0741,-0.1619,-0.0652,-0.0463,-0.2269,-0.0535,-0.0533,-0.201,-0.0518,-0.0525,-0.1682,-0.055,-0.0552,-0.1556,0.0088,-0.0513,-0.2115,0.0062,-0.0522,-0.1892,0.0052,-0.0406,-0.1589,0.0037,-0.036,-0.1437,0.0728,-0.0569,-0.1935,0.0672,-0.053,-0.1725,0.0615,-0.0363,-0.1465,0.0579,-0.0249
4,Double Click (Thumb Only),0.0,0.0,0.0,-0.0372,-0.1124,-0.0047,-0.0765,-0.1945,-0.0243,-0.0877,-0.276,-0.0455,-0.0766,-0.3506,-0.0683,-0.1572,-0.1464,-0.0406,-0.2343,-0.1221,-0.0579,-0.2086,-0.1161,-0.0683,-0.1754,-0.1231,-0.0739,-0.1616,-0.066,-0.0478,-0.2308,-0.057,-0.0547,-0.2044,-0.0561,-0.053,-0.1709,-0.0597,-0.0549,-0.1551,0.0083,-0.053,-0.214,0.0046,-0.053,-0.1916,0.0027,-0.0405,-0.1611,0.0004,-0.0355,-0.1434,0.0716,-0.0586,-0.1965,0.0643,-0.0539,-0.1759,0.0574,-0.0364,-0.1495,0.0533,-0.0247
4,Double Click (Thumb Only),0.0,0.0,0.0,-0.0357,-0.112,-0.0062,-0.0765,-0.1969,-0.0247,-0.089,-0.2786,-0.0445,-0.0771,-0.3544,-0.0654,-0.1575,-0.1459,-0.039,-0.2348,-0.123,-0.0551,-0.21,-0.1154,-0.0642,-0.1765,-0.1208,-0.0689,-0.1626,-0.0683,-0.0447,-0.2311,-0.0592,-0.0509,-0.2055,-0.0578,-0.0491,-0.173,-0.0616,-0.0507,-0.1575,0.0036,-0.0487,-0.2164,0.0012,-0.0488,-0.1932,-0.0003,-0.037,-0.1628,-0.0022,-0.0321,-0.1472,0.0659,-0.0533,-0.1983,0.06,-0.0493,-0.1772,0.0526,-0.033,-0.1507,0.0478,-0.0219
4,Double Click (Thumb Only),0.0,0.0,0.0,-0.034,-0.1147,-0.0034,-0.0763,-0.2046,-0.0212,-0.0859,-0.2876,-0.0418,-0.0661,-0.3561,-0.0638,-0.1534,-0.16,-0.0323,-0.2358,-0.14,-0.0518,-0.2102,-0.1297,-0.0651,-0.1753,-0.1353,-0.0724,-0.1602,-0.0812,-0.0407,-0.236,-0.0702,-0.05,-0.2114,-0.0659,-0.0507,-0.1782,-0.0693,-0.0532,-0.1573,-0.0068,-0.048,-0.2235,-0.0079,-0.0504,-0.202,-0.0076,-0.0398,-0.1711,-0.009,-0.0346,-0.1487,0.0578,-0.0559,-0.2037,0.0505,-0.0517,-0.1842,0.0452,-0.0351,-0.1575,0.0428,-0.0235
4,Double Click (Thumb Only),0.0,0.0,0.0,-0.0269,-0.1198,-0.0043,-0.066,-0.2153,-0.0245,-0.0738,-0.3002,-0.0468,-0.0433,-0.364,-0.0709,-0.1421,-0.178,-0.0446,-0.2284,-0.1626,-0.0655,-0.1988,-0.1497,-0.077,-0.162,-0.1508,-0.083,-0.1513,-0.1007,-0.0538,-0.2278,-0.0971,-0.0653,-0.1985,-0.0897,-0.0636,-0.164,-0.0872,-0.0644,-0.1519,-0.0258,-0.0611,-0.2182,-0.0327,-0.0658,-0.1922,-0.0291,-0.0529,-0.1604,-0.0262,-0.0464,-0.1473,0.0413,-0.0687,-0.2073,0.0268,-0.0668,-0.184,0.0264,-0.0494,-0.1557,0.0285,-0.0373
4,Double Click (Thumb Only),0.0,0.0,0.0,-0.0242,-0.1188,-0.0048,-0.0618,-0.2169,-0.0239,-0.0697,-0.3005,-0.0451,-0.0416,-0.366,-0.0683,-0.1376,-0.1779,-0.0429,-0.2258,-0.1642,-0.0631,-0.1994,-0.1487,-0.0738,-0.1622,-0.1476,-0.0791,-0.1472,-0.1012,-0.0514,-0.2239,-0.0963,-0.0622,-0.1971,-0.0872,-0.0607,-0.1628,-0.0844,-0.0616,-0.1476,-0.0268,-0.0582,-0.2155,-0.0318,-0.0634,-0.1907,-0.0263,-0.0506,-0.1584,-0.0235,-0.0438,-0.143,0.0411,-0.0653,-0.2041,0.0296,-0.0648,-0.1825,0.03,-0.0479,-0.1547,0.0316,-0.0358
4,Double Click (Thumb Only),0.0,0.0,0.0,-0.0244,-0.1214,-0.0058,-0.0607,-0.2147,-0.0263,-0.0688,-0.2986,-0.0484,-0.0421,-0.3619,-0.0721,-0.1459,-0.1752,-0.0438,-0.2305,-0.1614,-0.0621,-0.2044,-0.1495,-0.0705,-0.1682,-0.1477,-0.0741,-0.1546,-0.0981,-0.0514,-0.2274,-0.0964,-0.0603,-0.2004,-0.0906,-0.0571,-0.1669,-0.088,-0.057,-0.1532,-0.0242,-0.0572,-0.2168,-0.0312,-0.0599,-0.1931,-0.029,-0.0471,-0.1615,-0.0265,-0.041,-0.147,0.042,-0.0633,-0.2033,0.0318,-0.0612,-0.181,0.0298,-0.0446,-0.1527,0.03,-0.033
4,Double Click (Thumb Only),0.0,0.0,0.0,-0.0338,-0.1123,-0.0075,-0.0781,-0.1975,-0.0262,-0.0999,-0.2728,-0.0459,-0.1016,-0.343,-0.0664,-0.1511,-0.1418,-0.041,-0.2336,-0.1235,-0.0609,-0.2097,-0.115,-0.072,-0.1728,-0.1176,-0.0767,-0.1546,-0.0634,-0.0467,-0.2233,-0.0595,-0.0556,-0.1978,-0.0562,-0.0548,-0.1646,-0.0569,-0.0566,-0.1499,0.0104,-0.0512,-0.2102,0.002,-0.0544,-0.1868,0.0023,-0.042,-0.1558,0.0028,-0.0363,-0.1416,0.0749,-0.0564,-0.1974,0.0604,-0.0549,-0.1754,0.0553,-0.0382,-0.1474,0.0551,-0.0265
4,Double Click (Thumb Only),0.0,0.0,0.0,-0.0371,-0.1083,-0.0051,-0.0844,-0.1902,-0.0253,-0.0979,-0.2679,-0.0478,-0.0782,-0.3392,-0.0719,-0.1546,-0.1417,-0.0435,-0.237,-0.1141,-0.068,-0.2083,-0.1105,-0.0822,-0.1721,-0.1194,-0.0891,-0.1545,-0.0633,-0.0524,-0.2264,-0.0516,-0.0653,-0.1987,-0.0515,-0.0648,-0.166,-0.0558,-0.0663,-0.1465,0.01,-0.06,-0.2104,0.0093,-0.0661,-0.1861,0.0077,-0.0529,-0.155,0.0043,-0.0456,-0.1346,0.0738,-0.0682,-0.1928,0.0679,-0.0668,-0.1725,0.0628,-0.0492,-0.1458,0.06,-0.0368
4,Double Click (Thumb Only),0.0,0.0,0.0,-0.0375,-0.1101,-0.0008,-0.0843,-0.194,-0.018,-0.0939,-0.2749,-0.0384,-0.0697,-0.3425,-0.0609,-0.1534,-0.1517,-0.0328,-0.2379,-0.1275,-0.0514,-0.2172,-0.1157,-0.0629,-0.1839,-0.1203,-0.069,-0.1568,-0.0761,-0.042,-0.2334,-0.0582,-0.0512,-0.2115,-0.0536,-0.0511,-0.1796,-0.0593,-0.0529,-0.1515,-0.0039,-0.0496,-0.2189,0.004,-0.0522,-0.1989,0.0019,-0.0417,-0.1684,-0.003,-0.0366,-0.1409,0.0604,-0.0575,-0.1945,0.0615,-0.0538,-0.1757,0.0532,-0.0382,-0.1498,0.046,-0.0274
4,Double Click (Thumb Only),0.0,0.0,0.0,-0.0351,-0.1119,0.0026,-0.0764,-0.1944,-0.0143,-0.0831,-0.2713,-0.0351,-0.0618,-0.3359,-0.0584,-0.1465,-0.1531,-0.0311,-0.2315,-0.1299,-0.0503,-0.2103,-0.1215,-0.0631,-0.1762,-0.1277,-0.0698,-0.1501,-0.0777,-0.042,-0.2227,-0.0668,-0.0516,-0.2009,-0.0639,-0.0529,-0.1682,-0.068,-0.0554,-0.1437,-0.0055,-0.051,-0.208,0.0021,-0.0524,-0.191,0.0004,-0.0422,-0.1612,-0.0041,-0.0376,-0.1319,0.0577,-0.06,-0.183,0.063,-0.055,-0.1683,0.055,-0.0393,-0.1441,0.0467,-0.0285
4,Double Click (Thumb Only),0.0,0.0,0.0,-0.0296,-0.1138,-0.0014,-0.0699,-0.2015,-0.0194,-0.078,-0.2833,-0.0407,-0.0534,-0.349,-0.0644,-0.1461,-0.1636,-0.0326,-0.2324,-0.148,-0.0501,-0.2157,-0.1321,-0.0596,-0.1823,-0.1309,-0.0638,-0.1517,-0.0914,-0.0414,-0.2217,-0.0805,-0.0489,-0.1985,-0.0723,-0.0463,-0.1672,-0.0736,-0.0464,-0.1478,-0.02,-0.0487,-0.2085,-0.0155,-0.0497,-0.1861,-0.0129,-0.0374,-0.1557,-0.014,-0.0317,-0.1384,0.0449,-0.0564,-0.1896,0.0421,-0.0524,-0.1676,0.0382,-0.0359,-0.1401,0.0353,-0.0245
4,Double Click (Thumb Only),0.0,0.0,0.0,-0.0293,-0.1138,-0.0028,-0.0704,-0.2046,-0.0187,-0.0782,-0.2867,-0.0378,-0.0557,-0.356,-0.0586,-0.1433,-0.1672,-0.0278,-0.2244,-0.1524,-0.046,-0.2046,-0.1335,-0.0586,-0.1711,-0.1332,-0.0656,-0.1518,-0.0936,-0.036,-0.2245,-0.0812,-0.0453,-0.2033,-0.0702,-0.0467,-0.1716,-0.0716,-0.0494,-0.1505,-0.0227,-0.0433,-0.2134,-0.0136,-0.0469,-0.1927,-0.0083,-0.038,-0.1622,-0.0099,-0.0337,-0.1433,0.0402,-0.051,-0.1951,0.0432,-0.0486,-0.1761,0.0424,-0.0342,-0.1491,0.039,-0.0239
4,Double Click (Thumb Only),0.0,0.0,0.0,-0.0257,-0.1083,0.0008,-0.078,-0.1905,-0.0059,-0.1341,-0.2439,-0.0124,-0.1825,-0.26,-0.019,-0.131,-0.1596,-0.036,-0.2201,-0.1624,-0.0495,-0.2011,-0.1497,-0.0537,-0.1664,-0.142,-0.0531,-0.1407,-0.0846,-0.0418,-0.2211,-0.0955,-0.0458,-0.1981,-0.0902,-0.0417,-0.1658,-0.0821,-0.041,-0.1439,-0.0122,-0.045,-0.2132,-0.03,-0.0457,-0.1901,-0.0289,-0.032,-0.1589,-0.0226,-0.0256,-0.1422,0.0547,-0.0475,-0.2037,0.0319,-0.0485,-0.1808,0.0293,-0.0336,-0.1513,0.0339,-0.0225
4,Double Click (Thumb Only),0.0,0.0,0.0,-0.03,-0.1036,-0.0005,-0.0853,-0.1854,-0.009,-0.1411,-0.2374,-0.0174,-0.1902,-0.2604,-0.0263,-0.1326,-0.1601,-0.0362,-0.217,-0.1537,-0.0528,-0.195,-0.1395,-0.0596,-0.1605,-0.1372,-0.0607,-0.1395,-0.0853,-0.0429,-0.2224,-0.0859,-0.0501,-0.2004,-0.0775,-0.0462,-0.1675,-0.0747,-0.0453,-0.141,-0.0125,-0.0477,-0.209,-0.019,-0.0511,-0.1874,-0.0156,-0.0367,-0.1569,-0.0149,-0.0292,-0.138,0.0541,-0.052,-0.1999,0.039,-0.0528,-0.1787,0.0386,-0.0368,-0.1502,0.0403,-0.025
4,Double Click (Thumb Only),0.0,0.0,0.0,-0.0274,-0.1049,-0.0023,-0.08,-0.1926,-0.0124,-0.1293,-0.2556,-0.0221,-0.1676,-0.299,-0.0321,-0.1264,-0.1644,-0.0375,-0.2108,-0.157,-0.054,-0.1887,-0.1424,-0.0612,-0.1535,-0.1399,-0.0628,-0.1354,-0.0896,-0.0427,-0.2119,-0.0907,-0.0508,-0.189,-0.0813,-0.0483,-0.156,-0.0767,-0.0482,-0.1398,-0.0165,-0.0461,-0.2036,-0.0251,-0.0496,-0.1811,-0.0203,-0.0361,-0.1504,-0.017,-0.0293,-0.141,0.0502,-0.0491,-0.1963,0.0354,-0.05,-0.1737,0.0362,-0.0351,-0.1467,0.0389,-0.0241
4,Double Click (Thumb Only),0.0,0.0,0.0,-0.0297,-0.1047,0.0011,-0.0783,-0.1946,-0.0082,-0.1197,-0.2671,-0.0185,-0.1509,-0.3226,-0.0299,-0.1316,-0.1702,-0.0298,-0.2111,-0.1648,-0.0417,-0.1916,-0.1411,-0.0466,-0.1592,-0.1378,-0.0481,-0.1421,-0.1011,-0.0367,-0.2131,-0.0985,-0.0409,-0.1909,-0.083,-0.0375,-0.1594,-0.0801,-0.0376,-0.1457,-0.0305,-0.0416,-0.2067,-0.0334,-0.043,-0.1846,-0.0237,-0.0304,-0.154,-0.0218,-0.0246,-0.1447,0.0358,-0.0458,-0.201,0.0231,-0.0457,-0.1803,0.0262,-0.0312,-0.1527,0.0282,-0.0205
4,Double Click (Thumb Only),0.0,0.0,0.0,-0.0261,-0.1052,0.0004,-0.0724,-0.1928,-0.0111,-0.1043,-0.268,-0.0235,-0.1119,-0.336,-0.0373,-0.1357,-0.1717,-0.0347,-0.2148,-0.1597,-0.0463,-0.1951,-0.1372,-0.051,-0.1627,-0.1334,-0.0531,-0.1459,-0.1026,-0.0424,-0.2126,-0.0964,-0.0466,-0.1882,-0.0823,-0.0425,-0.1569,-0.079,-0.0421,-0.1477,-0.0321,-0.0474,-0.2033,-0.0342,-0.0482,-0.1808,-0.0223,-0.0345,-0.1515,-0.0191,-0.0281,-0.1447,0.0347,-0.052,-0.1978,0.0226,-0.0512,-0.1774,0.0295,-0.0356,-0.1519,0.0341,-0.0243
4,Double Click (Thumb Only),0.0,0.0,0.0,-0.0236,-0.105,-0.0001,-0.0628,-0.1925,-0.0113,-0.0893,-0.2669,-0.0235,-0.0934,-0.3328,-0.0373,-0.1359,-0.1724,-0.029,-0.2077,-0.157,-0.0393,-0.1924,-0.1322,-0.0448,-0.1623,-0.1256,-0.0477,-0.1472,-0.1048,-0.0361,-0.2073,-0.0935,-0.0394,-0.1855,-0.0781,-0.0372,-0.1552,-0.074,-0.0382,-0.1484,-0.0358,-0.0409,-0.1998,-0.0348,-0.0415,-0.1783,-0.0231,-0.0296,-0.1492,-0.0201,-0.0246,-0.1435,0.0296,-0.0454,-0.1919,0.023,-0.0453,-0.1723,0.0285,-0.0313,-0.1478,0.0302,-0.0207
4,Double Click (Thumb Only),0.0,0.0,0.0,-0.0207,-0.1109,-0.0009,-0.0536,-0.206,-0.014,-0.0674,-0.2913,-0.0282,-0.0588,-0.36,-0.0445,-0.1348,-0.1965,-0.0336,-0.2073,-0.1717,-0.0405,-0.1986,-0.1372,-0.0428,-0.1753,-0.1228,-0.0448,-0.1506,-0.1313,-0.041,-0.2087,-0.1114,-0.0405,-0.1891,-0.0905,-0.0369,-0.1607,-0.0855,-0.0386,-0.1555,-0.0608,-0.0452,-0.203,-0.0551,-0.042,-0.1816,-0.0391,-0.03,-0.1535,-0.0338,-0.0265,-0.1541,0.0075,-0.0495,-0.1945,0.0009,-0.0471,-0.1727,0.0098,-0.033,-0.1483,0.0129,-0.0232
4,Double Click (Thumb Only),0.0,0.0,0.0,-0.0221,-0.1073,-0.004,-0.0577,-0.1997,-0.0172,-0.0723,-0.2853,-0.0316,-0.0614,-0.3573,-0.0483,-0.1388,-0.1911,-0.0273,-0.2057,-0.1681,-0.0352,-0.1995,-0.1288,-0.0404,-0.1787,-0.1123,-0.0446,-0.1514,-0.1251,-0.0336,-0.2096,-0.1021,-0.0344,-0.1933,-0.0773,-0.0333,-0.1672,-0.0704,-0.0364,-0.154,-0.0553,-0.0378,-0.2007,-0.0435,-0.036,-0.1807,-0.0271,-0.0266,-0.1534,-0.0228,-0.0241,-0.1508,0.0113,-0.0425,-0.1922,0.0095,-0.0402,-0.1733,0.0186,-0.0272,-0.1495,0.0213,-0.0182
4,Double Click (Thumb Only),0.0,0.0,0.0,-0.0207,-0.1081,-0.0029,-0.057,-0.2043,-0.0144,-0.0757,-0.29,-0.0269,-0.0638,-0.3603,-0.0411,-0.1389,-0.1956,-0.0231,-0.2052,-0.1785,-0.0285,-0.1962,-0.1407,-0.0332,-0.1723,-0.1261,-0.0371,-0.1544,-0.1311,-0.0281,-0.2112,-0.1092,-0.0261,-0.195,-0.0837,-0.0251,-0.1686,-0.0781,-0.0278,-0.1605,-0.062,-0.0309,-0.204,-0.0482,-0.0258,-0.1849,-0.0316,-0.0176,-0.1584,-0.0291,-0.0161,-0.1606,0.0049,-0.0341,-0.1977,0.0031,-0.0285,-0.1785,0.012,-0.0157,-0.1546,0.0131,-0.0068
4,Double Click (Thumb Only),0.0,0.0,0.0,-0.0234,-0.1075,-0.0023,-0.0581,-0.1982,-0.0155,-0.0761,-0.2804,-0.0305,-0.0672,-0.3527,-0.0472,-0.1399,-0.1867,-0.0202,-0.2028,-0.1685,-0.0297,-0.1854,-0.1419,-0.0383,-0.1578,-0.1364,-0.0442,-0.1539,-0.1207,-0.0266,-0.2064,-0.1011,-0.0274,-0.1866,-0.0846,-0.028,-0.1595,-0.0815,-0.0316,-0.1572,-0.0519,-0.0313,-0.1997,-0.0392,-0.0292,-0.1801,-0.028,-0.0215,-0.1538,-0.0267,-0.0195,-0.1548,0.0128,-0.0364,-0.1969,0.0138,-0.032,-0.1789,0.0193,-0.0186,-0.1558,0.02,-0.009
4,Double Click (Thumb Only),0.0,0.0,0.0,-0.0205,-0.1125,-0.0,-0.0543,-0.2036,-0.0099,-0.0768,-0.2855,-0.0208,-0.0751,-0.3548,-0.0329,-0.1349,-0.1842,-0.0243,-0.2066,-0.1753,-0.0281,-0.1943,-0.1517,-0.029,-0.1684,-0.1447,-0.0301,-0.1508,-0.1178,-0.03,-0.2079,-0.1093,-0.0272,-0.1878,-0.0923,-0.0233,-0.1605,-0.0878,-0.0242,-0.1552,-0.0488,-0.033,-0.2024,-0.0463,-0.0279,-0.1824,-0.0328,-0.0165,-0.1562,-0.0282,-0.0133,-0.1528,0.0155,-0.036,-0.1979,0.0093,-0.0306,-0.1799,0.0164,-0.0161,-0.1571,0.0197,-0.0063
4,Double Click (Thumb Only),0.0,0.0,0.0,-0.0217,-0.1111,-0.0012,-0.0553,-0.2012,-0.0127,-0.0764,-0.2824,-0.0251,-0.0758,-0.3515,-0.0384,-0.1364,-0.1796,-0.0273,-0.2059,-0.167,-0.0327,-0.1876,-0.1465,-0.0347,-0.1596,-0.1431,-0.0363,-0.1503,-0.1117,-0.0333,-0.2066,-0.1039,-0.0324,-0.1847,-0.09,-0.0287,-0.1569,-0.086,-0.0298,-0.1532,-0.0432,-0.0368,-0.2009,-0.0436,-0.0336,-0.1802,-0.0324,-0.0218,-0.1541,-0.0282,-0.0177,-0.1498,0.0199,-0.0402,-0.1964,0.0115,-0.0363,-0.1767,0.0174,-0.0212,-0.1536,0.0209,-0.0108
4,Double Click (Thumb Only),0.0,0.0,0.0,-0.0201,-0.109,-0.0012,-0.0541,-0.1996,-0.0119,-0.0752,-0.2805,-0.024,-0.074,-0.3487,-0.0374,-0.1342,-0.1783,-0.0236,-0.2029,-0.1654,-0.0308,-0.1874,-0.1441,-0.0353,-0.1601,-0.1395,-0.0383,-0.1482,-0.1115,-0.0298,-0.2045,-0.1013,-0.0302,-0.1838,-0.086,-0.0284,-0.1559,-0.0817,-0.0304,-0.1519,-0.0432,-0.034,-0.1993,-0.041,-0.032,-0.1787,-0.0288,-0.0214,-0.1521,-0.0245,-0.0177,-0.1499,0.0208,-0.0382,-0.1973,0.0136,-0.035,-0.1784,0.0202,-0.0205,-0.1551,0.0238,-0.0104
4,Double Click (Thumb Only),0.0,0.0,0.0,-0.0196,-0.1094,-0.0014,-0.0509,-0.1985,-0.012,-0.0718,-0.2776,-0.024,-0.0721,-0.3456,-0.0376,-0.1328,-0.1733,-0.0211,-0.1976,-0.1605,-0.0264,-0.1886,-0.1388,-0.0298,-0.1667,-0.1307,-0.0323,-0.1471,-0.1084,-0.0272,-0.2009,-0.0959,-0.0258,-0.1823,-0.0814,-0.024,-0.1568,-0.076,-0.0263,-0.1503,-0.0408,-0.0312,-0.1965,-0.0335,-0.0278,-0.1761,-0.0234,-0.0177,-0.1507,-0.0198,-0.0148,-0.1472,0.0231,-0.0352,-0.1932,0.0223,-0.0312,-0.1743,0.0259,-0.017,-0.152,0.0264,-0.0074
4,Double Click (Thumb Only),0.0,0.0,0.0,-0.0208,-0.1108,-0.0021,-0.0547,-0.2022,-0.0134,-0.0772,-0.2834,-0.0252,-0.0786,-0.3514,-0.0376,-0.1363,-0.1808,-0.0245,-0.2053,-0.1721,-0.0303,-0.1901,-0.1512,-0.0337,-0.1634,-0.1442,-0.036,-0.1523,-0.1134,-0.0293,-0.2088,-0.1083,-0.0287,-0.1873,-0.0947,-0.0265,-0.1592,-0.0892,-0.0279,-0.1572,-0.0452,-0.0319,-0.2041,-0.0468,-0.028,-0.1832,-0.0364,-0.0174,-0.1565,-0.0308,-0.0138,-0.1556,0.0171,-0.0345,-0.1991,0.0087,-0.0299,-0.1794,0.0144,-0.0156,-0.1565,0.0179,-0.0055
4,Double Click (Thumb Only),0.0,0.0,0.0,-0.0202,-0.112,-0.0006,-0.0537,-0.2041,-0.0114,-0.077,-0.2844,-0.0234,-0.0774,-0.3546,-0.0364,-0.1368,-0.183,-0.0222,-0.2064,-0.1693,-0.0283,-0.1909,-0.1452,-0.0317,-0.1631,-0.1395,-0.0339,-0.1515,-0.116,-0.0282,-0.2097,-0.1046,-0.0276,-0.1882,-0.0886,-0.0249,-0.16,-0.0853,-0.0263,-0.1551,-0.0476,-0.0321,-0.2039,-0.0435,-0.0291,-0.1824,-0.0316,-0.0182,-0.1553,-0.0288,-0.0144,-0.1524,0.0159,-0.0359,-0.1993,0.0102,-0.0318,-0.1797,0.0157,-0.0171,-0.1558,0.0175,-0.0067
4,Double Click (Thumb Only),0.0,0.0,0.0,-0.0209,-0.1116,-0.0023,-0.0543,-0.2023,-0.0139,-0.0776,-0.283,-0.0263,-0.0792,-0.3525,-0.0399,-0.1369,-0.181,-0.0254,-0.2081,-0.1691,-0.0327,-0.1957,-0.1456,-0.0366,-0.1704,-0.1379,-0.039,-0.1518,-0.1154,-0.0307,-0.2086,-0.1043,-0.0309,-0.1883,-0.088,-0.0283,-0.1614,-0.0837,-0.0298,-0.1556,-0.0478,-0.0339,-0.2025,-0.0434,-0.0318,-0.1822,-0.0313,-0.0209,-0.1564,-0.0277,-0.0172,-0.1532,0.0151,-0.0372,-0.1991,0.0092,-0.0341,-0.1793,0.016,-0.0196,-0.1562,0.0187,-0.0095
4,Double Click (Thumb Only),0.0,0.0,0.0,-0.0205,-0.1101,-0.0038,-0.0542,-0.2007,-0.0165,-0.0763,-0.2818,-0.0296,-0.0777,-0.3514,-0.0435,-0.1347,-0.1759,-0.0263,-0.2073,-0.1669,-0.0346,-0.1936,-0.1469,-0.0395,-0.1667,-0.1396,-0.0422,-0.149,-0.1085,-0.0307,-0.2087,-0.1022,-0.0324,-0.1874,-0.0892,-0.0311,-0.1587,-0.0844,-0.0326,-0.154,-0.0399,-0.0332,-0.203,-0.039,-0.0308,-0.182,-0.0295,-0.0203,-0.155,-0.0258,-0.0165,-0.1531,0.0232,-0.036,-0.1981,0.0139,-0.0317,-0.1778,0.0188,-0.0174,-0.1535,0.0217,-0.0073
4,Double Click (Thumb Only),0.0,0.0,0.0,-0.0215,-0.1119,-0.0023,-0.0549,-0.2028,-0.0144,-0.0777,-0.2824,-0.0278,-0.0803,-0.3493,-0.0423,-0.1373,-0.1776,-0.0207,-0.2047,-0.1661,-0.0315,-0.1878,-0.1478,-0.0408,-0.1598,-0.1434,-0.0467,-0.152,-0.1098,-0.0266,-0.2059,-0.1027,-0.0295,-0.1829,-0.0895,-0.0305,-0.1549,-0.0845,-0.034,-0.1559,-0.0417,-0.031,-0.2015,-0.041,-0.0308,-0.18,-0.0315,-0.0216,-0.1539,-0.0266,-0.0184,-0.1544,0.0208,-0.0357,-0.1981,0.0124,-0.033,-0.1764,0.0163,-0.0187,-0.1528,0.0188,-0.0084
4,Double Click (Thumb Only),0.0,0.0,0.0,-0.0218,-0.1109,-0.0025,-0.0564,-0.201,-0.015,-0.0789,-0.2798,-0.0286,-0.0776,-0.3486,-0.0431,-0.1384,-0.1765,-0.0251,-0.208,-0.164,-0.0349,-0.1887,-0.145,-0.0416,-0.1586,-0.1415,-0.0456,-0.1519,-0.1084,-0.0309,-0.2082,-0.1009,-0.0328,-0.1856,-0.088,-0.0317,-0.1569,-0.0843,-0.0337,-0.1554,-0.0398,-0.035,-0.2022,-0.0393,-0.0336,-0.1807,-0.0294,-0.0235,-0.1538,-0.026,-0.0198,-0.1532,0.0234,-0.0392,-0.1984,0.0137,-0.0355,-0.1773,0.0185,-0.0208,-0.1528,0.0214,-0.0104
4,Double Click (Thumb Only),0.0,0.0,0.0,-0.0187,-0.1112,-0.004,-0.0502,-0.2016,-0.017,-0.0718,-0.2816,-0.0311,-0.0727,-0.3505,-0.0459,-0.131,-0.1756,-0.0247,-0.2013,-0.1706,-0.0352,-0.183,-0.1514,-0.0432,-0.153,-0.1457,-0.0478,-0.1466,-0.1078,-0.0293,-0.2037,-0.1066,-0.0323,-0.1806,-0.093,-0.0323,-0.1509,-0.0872,-0.0347,-0.1526,-0.0395,-0.0325,-0.1983,-0.0426,-0.031,-0.1766,-0.0327,-0.0214,-0.1488,-0.0283,-0.018,-0.1531,0.023,-0.0361,-0.1932,0.0122,-0.0322,-0.1719,0.0161,-0.0186,-0.1473,0.0181,-0.0089
4,Double Click (Thumb Only),0.0,0.0,0.0,-0.0215,-0.1097,-0.0019,-0.0568,-0.1998,-0.0135,-0.08,-0.2783,-0.0262,-0.0804,-0.3464,-0.0397,-0.1356,-0.1739,-0.0239,-0.2033,-0.1638,-0.0344,-0.1807,-0.1455,-0.0415,-0.1486,-0.1432,-0.0456,-0.1508,-0.1079,-0.0294,-0.2057,-0.1028,-0.0321,-0.1816,-0.0884,-0.0313,-0.152,-0.0847,-0.033,-0.156,-0.0408,-0.0332,-0.2017,-0.04,-0.0323,-0.1787,-0.0292,-0.022,-0.1512,-0.026,-0.0179,-0.1548,0.021,-0.0372,-0.196,0.0138,-0.0341,-0.173,0.0194,-0.0197,-0.1484,0.0217,-0.0091
4,Double Click (Thumb Only),0.0,0.0,0.0,-0.0198,-0.1095,-0.0037,-0.0521,-0.1979,-0.0157,-0.0738,-0.2758,-0.0284,-0.0741,-0.3438,-0.0419,-0.1318,-0.1714,-0.0249,-0.2045,-0.1632,-0.0343,-0.1891,-0.1437,-0.04,-0.16,-0.1373,-0.0428,-0.1469,-0.1057,-0.0292,-0.2041,-0.0996,-0.0312,-0.1821,-0.0858,-0.0296,-0.1539,-0.0817,-0.031,-0.1521,-0.0387,-0.032,-0.1991,-0.0382,-0.0305,-0.1781,-0.0286,-0.0203,-0.1519,-0.0257,-0.0164,-0.1518,0.0231,-0.035,-0.1963,0.0137,-0.0317,-0.1759,0.0176,-0.0177,-0.1523,0.0195,-0.0076
4,Double Click (Thumb Only),0.0,0.0,0.0,-0.0219,-0.111,-0.0014,-0.0566,-0.2022,-0.0132,-0.0768,-0.2819,-0.0265,-0.0758,-0.3516,-0.0407,-0.1352,-0.1779,-0.0244,-0.2075,-0.1669,-0.0344,-0.1895,-0.1461,-0.0401,-0.1597,-0.1424,-0.0433,-0.1487,-0.1123,-0.0308,-0.2068,-0.1035,-0.0335,-0.1844,-0.0883,-0.0319,-0.156,-0.0848,-0.0333,-0.153,-0.0449,-0.0354,-0.2012,-0.0416,-0.0349,-0.1793,-0.0308,-0.0242,-0.1525,-0.0283,-0.02,-0.1517,0.0179,-0.04,-0.1987,0.0108,-0.0373,-0.1777,0.0163,-0.0224,-0.1532,0.0189,-0.0117
4,Double Click (Thumb Only),0.0,0.0,0.0,-0.0219,-0.1142,-0.0013,-0.0571,-0.2033,-0.0124,-0.077,-0.2825,-0.0252,-0.0729,-0.3522,-0.039,-0.138,-0.1736,-0.0221,-0.2106,-0.1637,-0.0312,-0.1942,-0.145,-0.0361,-0.165,-0.1391,-0.0383,-0.1517,-0.1071,-0.0279,-0.2104,-0.0992,-0.0295,-0.1876,-0.0865,-0.0273,-0.159,-0.0834,-0.0282,-0.1545,-0.0393,-0.0321,-0.2047,-0.0373,-0.0306,-0.1831,-0.0286,-0.0201,-0.1564,-0.0264,-0.0159,-0.1507,0.0236,-0.0363,-0.1986,0.0156,-0.0326,-0.1791,0.0183,-0.0181,-0.1552,0.0194,-0.0076
4,Double Click (Thumb Only),0.0,0.0,0.0,-0.0239,-0.1101,-0.0047,-0.061,-0.1955,-0.0204,-0.0729,-0.274,-0.0385,-0.0566,-0.3416,-0.0579,-0.1437,-0.1633,-0.0276,-0.2215,-0.1514,-0.0438,-0.2005,-0.1329,-0.054,-0.1672,-0.131,-0.0591,-0.1526,-0.0948,-0.034,-0.2129,-0.0851,-0.0418,-0.1881,-0.0744,-0.0415,-0.1572,-0.0739,-0.0426,-0.1505,-0.0261,-0.0394,-0.2009,-0.0227,-0.0419,-0.178,-0.0164,-0.032,-0.1493,-0.0166,-0.027,-0.1428,0.0364,-0.0455,-0.1881,0.0319,-0.0431,-0.1683,0.0323,-0.0287,-0.1434,0.0312,-0.018
4,Double Click (Thumb Only),0.0,0.0,0.0,-0.0291,-0.1094,-0.0033,-0.0701,-0.1937,-0.0172,-0.0862,-0.2732,-0.0329,-0.0723,-0.3409,-0.05,-0.1532,-0.1583,-0.0274,-0.2269,-0.1412,-0.0389,-0.2075,-0.1233,-0.0457,-0.1764,-0.122,-0.0494,-0.1619,-0.089,-0.033,-0.2141,-0.0761,-0.0357,-0.1895,-0.0647,-0.0341,-0.1603,-0.0644,-0.0357,-0.1585,-0.0199,-0.0371,-0.2014,-0.0121,-0.0354,-0.1792,-0.0053,-0.0256,-0.1514,-0.0055,-0.0222,-0.1496,0.043,-0.0416,-0.1892,0.0424,-0.0373,-0.1678,0.0442,-0.0231,-0.1429,0.0422,-0.0131
4,Double Click (Thumb Only),0.0,0.0,0.0,-0.0318,-0.1121,-0.005,-0.0737,-0.2024,-0.0208,-0.0904,-0.2821,-0.0386,-0.0774,-0.3519,-0.0577,-0.1487,-0.1515,-0.0312,-0.2203,-0.1321,-0.0494,-0.1932,-0.1222,-0.0619,-0.1578,-0.1243,-0.0682,-0.1554,-0.0783,-0.0378,-0.2149,-0.0711,-0.0456,-0.1883,-0.0658,-0.0462,-0.1568,-0.0664,-0.0486,-0.1526,-0.0081,-0.0435,-0.2037,-0.0112,-0.0464,-0.1802,-0.0084,-0.0363,-0.1518,-0.0088,-0.0315,-0.1447,0.055,-0.0497,-0.1927,0.0438,-0.0473,-0.171,0.0421,-0.0317,-0.1458,0.0415,-0.0204
4,Double Click (Thumb Only),0.0,0.0,0.0,-0.0315,-0.114,-0.0053,-0.074,-0.2054,-0.0223,-0.0922,-0.2865,-0.0413,-0.0757,-0.3569,-0.0617,-0.1497,-0.1589,-0.0323,-0.2227,-0.1448,-0.0499,-0.1978,-0.1352,-0.0609,-0.1637,-0.1369,-0.0666,-0.1575,-0.0862,-0.0394,-0.2202,-0.0835,-0.0472,-0.1943,-0.079,-0.0469,-0.1637,-0.0784,-0.0486,-0.1548,-0.0155,-0.0454,-0.2105,-0.0232,-0.0492,-0.187,-0.0217,-0.0391,-0.1578,-0.0205,-0.0341,-0.1468,0.0487,-0.0518,-0.2001,0.0357,-0.0503,-0.1789,0.0315,-0.0349,-0.1526,0.0316,-0.0237
4,Double Click (Thumb Only),0.0,0.0,0.0,-0.0288,-0.1157,-0.0059,-0.0704,-0.2057,-0.0245,-0.0884,-0.2879,-0.0445,-0.0719,-0.3607,-0.0661,-0.1441,-0.1638,-0.0377,-0.2222,-0.1515,-0.055,-0.1964,-0.1396,-0.0649,-0.1611,-0.1403,-0.0698,-0.154,-0.0895,-0.0439,-0.2192,-0.0879,-0.0513,-0.1918,-0.0813,-0.0493,-0.1604,-0.0807,-0.05,-0.1539,-0.0174,-0.0486,-0.2123,-0.0284,-0.0519,-0.1871,-0.024,-0.0408,-0.1568,-0.0217,-0.0355,-0.1483,0.0468,-0.0536,-0.2023,0.0296,-0.0524,-0.1791,0.0287,-0.037,-0.1517,0.0306,-0.0258
4,Double Click (Thumb Only),0.0,0.0,0.0,-0.0292,-0.1148,-0.0054,-0.0691,-0.2045,-0.0219,-0.086,-0.2854,-0.0398,-0.0708,-0.355,-0.0591,-0.1455,-0.1606,-0.0333,-0.2187,-0.1487,-0.0493,-0.1953,-0.1383,-0.0588,-0.1604,-0.1375,-0.0632,-0.1554,-0.0875,-0.0394,-0.2179,-0.0864,-0.0454,-0.1931,-0.0815,-0.044,-0.162,-0.0802,-0.0455,-0.1549,-0.0164,-0.0442,-0.2105,-0.0257,-0.0463,-0.1874,-0.0234,-0.0358,-0.1581,-0.0211,-0.0311,-0.1489,0.0476,-0.0493,-0.2011,0.0318,-0.0472,-0.1797,0.0289,-0.0318,-0.1534,0.0303,-0.0207
4,Double Click (Thumb Only),0.0,0.0,0.0,-0.0298,-0.1165,-0.004,-0.0682,-0.2083,-0.0199,-0.086,-0.2872,-0.0377,-0.0732,-0.3568,-0.057,-0.1486,-0.1594,-0.0305,-0.2205,-0.1447,-0.0464,-0.1952,-0.1358,-0.0563,-0.1609,-0.1368,-0.061,-0.1564,-0.0858,-0.0374,-0.2175,-0.0834,-0.0434,-0.1921,-0.0797,-0.0428,-0.1613,-0.0794,-0.0447,-0.1544,-0.0154,-0.043,-0.2078,-0.0229,-0.0451,-0.1844,-0.0215,-0.0346,-0.1551,-0.0208,-0.0296,-0.1474,0.0478,-0.0489,-0.1986,0.0331,-0.0466,-0.1768,0.0298,-0.0307,-0.1505,0.0298,-0.0191
4,Double Click (Thumb Only),0.0,0.0,0.0,-0.031,-0.1151,-0.0017,-0.0736,-0.2074,-0.0171,-0.0894,-0.288,-0.0349,-0.0727,-0.3574,-0.0544,-0.1461,-0.1623,-0.0331,-0.2226,-0.1459,-0.0504,-0.1957,-0.1367,-0.0613,-0.1606,-0.1397,-0.0672,-0.1542,-0.0878,-0.0417,-0.219,-0.0828,-0.0494,-0.1923,-0.0782,-0.0488,-0.1609,-0.0781,-0.0508,-0.1523,-0.0159,-0.0486,-0.2088,-0.0199,-0.0515,-0.1851,-0.019,-0.0402,-0.1552,-0.0186,-0.0348,-0.1449,0.0493,-0.0557,-0.1968,0.0391,-0.0535,-0.1761,0.035,-0.0373,-0.1504,0.0343,-0.0258
4,Double Click (Thumb Only),0.0,0.0,0.0,-0.0297,-0.1159,-0.0022,-0.0731,-0.2077,-0.017,-0.0904,-0.2885,-0.0337,-0.0765,-0.3602,-0.0514,-0.1452,-0.1727,-0.0339,-0.226,-0.161,-0.0503,-0.1995,-0.1475,-0.0602,-0.1653,-0.1483,-0.0655,-0.1557,-0.0996,-0.0418,-0.2239,-0.097,-0.049,-0.1968,-0.0888,-0.048,-0.1649,-0.0865,-0.0496,-0.1566,-0.0279,-0.0479,-0.2144,-0.0353,-0.0507,-0.1903,-0.0314,-0.0392,-0.1602,-0.028,-0.0334,-0.1516,0.0382,-0.0542,-0.2059,0.0226,-0.0525,-0.1846,0.0216,-0.0363,-0.1578,0.0245,-0.0244
4,Double Click (Thumb Only),0.0,0.0,0.0,-0.0291,-0.1139,-0.0009,-0.0719,-0.205,-0.0164,-0.085,-0.2845,-0.0343,-0.0691,-0.3536,-0.0539,-0.1413,-0.1697,-0.0361,-0.2218,-0.1526,-0.0547,-0.1957,-0.1418,-0.0659,-0.1608,-0.1452,-0.0719,-0.1496,-0.0957,-0.0454,-0.2172,-0.0908,-0.0541,-0.1902,-0.0838,-0.0532,-0.158,-0.0814,-0.0551,-0.1494,-0.0228,-0.0527,-0.2075,-0.0292,-0.0565,-0.1831,-0.0253,-0.0439,-0.1524,-0.0219,-0.0376,-0.144,0.0441,-0.06,-0.1981,0.0304,-0.0589,-0.1763,0.031,-0.042,-0.1498,0.0345,-0.03
4,Double Click (Thumb Only),0.0,0.0,0.0,-0.0282,-0.1097,-0.004,-0.0713,-0.2036,-0.0181,-0.0886,-0.2836,-0.0338,-0.0702,-0.3526,-0.0513,-0.1448,-0.1645,-0.0322,-0.2089,-0.15,-0.0469,-0.1857,-0.1355,-0.0561,-0.1538,-0.1351,-0.0613,-0.1564,-0.0944,-0.0395,-0.2164,-0.0911,-0.0459,-0.1924,-0.0803,-0.0453,-0.1614,-0.0766,-0.0468,-0.1562,-0.0257,-0.045,-0.2097,-0.0276,-0.0482,-0.1867,-0.0213,-0.0383,-0.1569,-0.0196,-0.0335,-0.1489,0.038,-0.0507,-0.198,0.032,-0.0504,-0.1783,0.0327,-0.0362,-0.1536,0.0328,-0.0255
4,Double Click (Thumb Only),0.0,0.0,0.0,-0.0251,-0.1141,-0.003,-0.061,-0.2078,-0.0194,-0.0764,-0.2876,-0.0377,-0.0585,-0.3539,-0.0579,-0.1351,-0.1697,-0.036,-0.2075,-0.1583,-0.053,-0.1785,-0.1447,-0.0632,-0.144,-0.1443,-0.0687,-0.1443,-0.0946,-0.0447,-0.209,-0.0943,-0.0534,-0.1816,-0.0857,-0.0527,-0.1494,-0.0814,-0.0543,-0.1437,-0.0221,-0.0516,-0.203,-0.03,-0.0557,-0.1786,-0.0247,-0.044,-0.148,-0.0211,-0.0381,-0.1382,0.0434,-0.0586,-0.1933,0.0328,-0.0581,-0.1724,0.0335,-0.042,-0.1466,0.0354,-0.0304
4,Double Click (Thumb Only),0.0,0.0,0.0,-0.0284,-0.1157,-0.0026,-0.0658,-0.2035,-0.0195,-0.0767,-0.2833,-0.038,-0.0611,-0.3557,-0.0585,-0.1429,-0.1653,-0.0412,-0.2183,-0.1485,-0.0569,-0.1919,-0.137,-0.0647,-0.1572,-0.1366,-0.0686,-0.1525,-0.09,-0.0489,-0.2139,-0.0869,-0.0547,-0.1875,-0.0796,-0.0519,-0.155,-0.0765,-0.0533,-0.1513,-0.0167,-0.0542,-0.2035,-0.0227,-0.0545,-0.1805,-0.0183,-0.0418,-0.1504,-0.0154,-0.0368,-0.1445,0.0498,-0.0596,-0.1942,0.04,-0.0567,-0.1726,0.0393,-0.04,-0.1463,0.0402,-0.0287
4,Double Click (Thumb Only),0.0,0.0,0.0,-0.0265,-0.1149,-0.0029,-0.0636,-0.2064,-0.0187,-0.075,-0.2873,-0.0367,-0.0617,-0.3566,-0.0564,-0.1437,-0.1673,-0.0342,-0.2189,-0.1531,-0.0518,-0.193,-0.1403,-0.0632,-0.1588,-0.1401,-0.0691,-0.1529,-0.0936,-0.042,-0.2144,-0.0907,-0.0491,-0.1879,-0.083,-0.0481,-0.156,-0.0812,-0.05,-0.1521,-0.0225,-0.0482,-0.2028,-0.0287,-0.0495,-0.1797,-0.0235,-0.0379,-0.1509,-0.0218,-0.0329,-0.1459,0.0418,-0.0547,-0.1943,0.0297,-0.0513,-0.1724,0.0306,-0.0348,-0.1464,0.0318,-0.0232
4,Double Click (Thumb Only),0.0,0.0,0.0,-0.0261,-0.1182,-0.0011,-0.0632,-0.2095,-0.0156,-0.0753,-0.2909,-0.0322,-0.0621,-0.3571,-0.0506,-0.1423,-0.1666,-0.0346,-0.2206,-0.1561,-0.0502,-0.1954,-0.1432,-0.0597,-0.1609,-0.142,-0.0646,-0.1521,-0.0928,-0.0425,-0.2153,-0.0931,-0.048,-0.1884,-0.0855,-0.0455,-0.1565,-0.0832,-0.0468,-0.1512,-0.0221,-0.0485,-0.2037,-0.0314,-0.0483,-0.1805,-0.0264,-0.0358,-0.1517,-0.0238,-0.0308,-0.1448,0.041,-0.0546,-0.1934,0.0259,-0.0504,-0.1711,0.0262,-0.0335,-0.145,0.0279,-0.0222
4,Double Click (Thumb Only),0.0,0.0,0.0,-0.0266,-0.1171,-0.0012,-0.0642,-0.2085,-0.0156,-0.0761,-0.2902,-0.0319,-0.0639,-0.356,-0.0499,-0.1439,-0.1683,-0.0338,-0.2214,-0.156,-0.049,-0.1965,-0.1423,-0.0581,-0.1623,-0.1415,-0.0627,-0.1535,-0.0945,-0.0415,-0.2169,-0.0931,-0.0471,-0.19,-0.0855,-0.045,-0.1577,-0.0833,-0.0462,-0.1523,-0.0238,-0.0472,-0.2047,-0.0311,-0.0471,-0.1815,-0.0262,-0.0353,-0.1527,-0.0241,-0.0305,-0.1456,0.0394,-0.0531,-0.1944,0.0262,-0.049,-0.1723,0.0272,-0.0328,-0.1463,0.0284,-0.0216
4,Double Click (Thumb Only),0.0,0.0,0.0,-0.0259,-0.1173,-0.0014,-0.0632,-0.2084,-0.0159,-0.0752,-0.2898,-0.0322,-0.0627,-0.356,-0.0502,-0.1429,-0.1682,-0.0342,-0.2199,-0.1559,-0.0492,-0.1949,-0.1422,-0.0583,-0.161,-0.1414,-0.0631,-0.1526,-0.0942,-0.0417,-0.2157,-0.0929,-0.0472,-0.1887,-0.0848,-0.045,-0.1566,-0.0824,-0.0462,-0.1518,-0.0234,-0.0473,-0.2037,-0.0307,-0.0472,-0.1803,-0.0256,-0.0352,-0.1516,-0.0234,-0.0303,-0.1452,0.0396,-0.0531,-0.1933,0.0266,-0.049,-0.1708,0.0275,-0.0326,-0.145,0.0285,-0.0215
4,Double Click (Thumb Only),0.0,0.0,0.0,-0.0256,-0.1131,-0.0005,-0.063,-0.2011,-0.0138,-0.0749,-0.2814,-0.0295,-0.0623,-0.3464,-0.0473,-0.1396,-0.165,-0.0309,-0.2136,-0.1503,-0.0453,-0.1889,-0.1331,-0.0543,-0.1549,-0.1329,-0.0592,-0.1501,-0.0932,-0.0389,-0.2107,-0.0842,-0.0443,-0.1838,-0.074,-0.0425,-0.1522,-0.0741,-0.0438,-0.1498,-0.023,-0.045,-0.2014,-0.0226,-0.0458,-0.1774,-0.0162,-0.0344,-0.1485,-0.0158,-0.0296,-0.143,0.0408,-0.0512,-0.1924,0.0352,-0.0486,-0.1704,0.0366,-0.0328,-0.1444,0.0365,-0.0217
4,Double Click (Thumb Only),0.0,0.0,0.0,-0.0245,-0.1136,-0.0008,-0.0605,-0.2023,-0.0143,-0.0716,-0.2824,-0.0302,-0.059,-0.3486,-0.0482,-0.138,-0.1632,-0.031,-0.2107,-0.1473,-0.0454,-0.1865,-0.1317,-0.0544,-0.1534,-0.1323,-0.0594,-0.1473,-0.091,-0.0392,-0.2072,-0.0829,-0.0442,-0.1811,-0.074,-0.0421,-0.15,-0.074,-0.0436,-0.1461,-0.0209,-0.0455,-0.1973,-0.0226,-0.0463,-0.1742,-0.0165,-0.0348,-0.1459,-0.0158,-0.0299,-0.1389,0.0428,-0.052,-0.1888,0.0353,-0.0493,-0.1675,0.0363,-0.0333,-0.1416,0.037,-0.0221
4,Double Click (Thumb Only),0.0,0.0,0.0,-0.026,-0.1135,-0.0003,-0.0634,-0.2035,-0.0132,-0.0756,-0.2847,-0.0286,-0.0647,-0.3502,-0.0462,-0.1386,-0.1664,-0.0295,-0.2154,-0.1555,-0.0443,-0.1926,-0.138,-0.0537,-0.1593,-0.137,-0.0589,-0.149,-0.095,-0.0378,-0.2127,-0.0895,-0.0433,-0.1866,-0.0798,-0.0416,-0.1551,-0.0794,-0.043,-0.1488,-0.025,-0.0444,-0.2025,-0.0276,-0.0454,-0.1789,-0.0213,-0.0338,-0.1502,-0.0201,-0.0286,-0.1423,0.0392,-0.051,-0.1939,0.0298,-0.0483,-0.1723,0.0311,-0.032,-0.146,0.0321,-0.0206
4,Double Click (Thumb Only),0.0,0.0,0.0,-0.0245,-0.1143,-0.0015,-0.0604,-0.2038,-0.0155,-0.0744,-0.2836,-0.0317,-0.0637,-0.3501,-0.0496,-0.1376,-0.165,-0.0327,-0.2134,-0.1515,-0.0476,-0.1896,-0.1362,-0.0562,-0.1567,-0.1359,-0.0608,-0.1475,-0.0933,-0.0408,-0.2111,-0.0871,-0.0464,-0.1848,-0.0782,-0.044,-0.1536,-0.0774,-0.0451,-0.147,-0.0234,-0.0471,-0.2005,-0.0262,-0.0484,-0.1771,-0.0205,-0.0363,-0.1486,-0.0196,-0.031,-0.1404,0.0402,-0.0535,-0.192,0.0313,-0.0509,-0.171,0.0322,-0.0345,-0.1451,0.0331,-0.0231
4,Double Click (Thumb Only),0.0,0.0,0.0,-0.0244,-0.1157,-0.0004,-0.0608,-0.2057,-0.0133,-0.0738,-0.2865,-0.0283,-0.0617,-0.3528,-0.0452,-0.1386,-0.1657,-0.0308,-0.2115,-0.1553,-0.0439,-0.1885,-0.1398,-0.0521,-0.1566,-0.138,-0.0566,-0.1492,-0.0935,-0.0385,-0.211,-0.0925,-0.0422,-0.1852,-0.0842,-0.0397,-0.1536,-0.0816,-0.0408,-0.1494,-0.024,-0.0441,-0.2005,-0.0305,-0.0431,-0.1774,-0.0255,-0.0316,-0.1489,-0.0231,-0.0271,-0.1434,0.0389,-0.0498,-0.1904,0.0294,-0.0459,-0.1692,0.0289,-0.0303,-0.1438,0.0295,-0.0197
4,Double Click (Thumb Only),0.0,0.0,0.0,-0.0243,-0.1161,-0.0002,-0.0613,-0.2065,-0.0128,-0.0749,-0.2878,-0.0275,-0.0629,-0.3539,-0.0443,-0.1392,-0.1673,-0.0285,-0.2099,-0.1568,-0.041,-0.1867,-0.1411,-0.0495,-0.1546,-0.1398,-0.0544,-0.1505,-0.0946,-0.0362,-0.21,-0.0928,-0.0392,-0.1842,-0.0834,-0.0371,-0.1529,-0.0812,-0.0386,-0.1509,-0.0244,-0.042,-0.2007,-0.031,-0.0405,-0.1773,-0.0249,-0.0293,-0.1485,-0.0226,-0.0251,-0.1445,0.0389,-0.0479,-0.1898,0.0295,-0.0436,-0.1686,0.0294,-0.028,-0.1434,0.0299,-0.0174
4,Double Click (Thumb Only),0.0,0.0,0.0,-0.0246,-0.1155,-0.0022,-0.0598,-0.2054,-0.0172,-0.0727,-0.2869,-0.0341,-0.0586,-0.3563,-0.053,-0.1334,-0.163,-0.0352,-0.2073,-0.1526,-0.0492,-0.1831,-0.138,-0.0574,-0.1513,-0.1367,-0.062,-0.143,-0.0908,-0.043,-0.2064,-0.0903,-0.048,-0.1804,-0.0823,-0.0452,-0.1495,-0.0803,-0.0463,-0.1429,-0.0213,-0.0487,-0.1965,-0.0306,-0.0492,-0.1736,-0.0255,-0.037,-0.1452,-0.0231,-0.0318,-0.1371,0.0415,-0.0546,-0.1882,0.0265,-0.0514,-0.1669,0.0271,-0.0349,-0.1409,0.0295,-0.0237
4,Double Click (Thumb Only),0.0,0.0,0.0,-0.0249,-0.1143,-0.0012,-0.061,-0.2025,-0.0155,-0.0743,-0.282,-0.0316,-0.0615,-0.3493,-0.0496,-0.1361,-0.1619,-0.0351,-0.2094,-0.1502,-0.0485,-0.1846,-0.1358,-0.0557,-0.1521,-0.1344,-0.0594,-0.1461,-0.0904,-0.0429,-0.2092,-0.0884,-0.0474,-0.1826,-0.0804,-0.0441,-0.1511,-0.0785,-0.0446,-0.1458,-0.0213,-0.0485,-0.1993,-0.0289,-0.0485,-0.1759,-0.0238,-0.0362,-0.1473,-0.0218,-0.0309,-0.1392,0.0408,-0.054,-0.1899,0.0287,-0.051,-0.168,0.0293,-0.0346,-0.142,0.0309,-0.0234
4,Double Click (Thumb Only),0.0,0.0,0.0,-0.0241,-0.1138,-0.002,-0.059,-0.2023,-0.0166,-0.072,-0.2823,-0.0332,-0.0586,-0.3502,-0.0516,-0.1325,-0.162,-0.0341,-0.2063,-0.1508,-0.0481,-0.1817,-0.1353,-0.0559,-0.1491,-0.1337,-0.0602,-0.1436,-0.0904,-0.0418,-0.2062,-0.088,-0.0471,-0.1799,-0.0793,-0.0444,-0.1488,-0.0773,-0.0454,-0.1444,-0.0207,-0.0474,-0.1976,-0.0271,-0.048,-0.1742,-0.0217,-0.0359,-0.1458,-0.0196,-0.0308,-0.1392,0.0423,-0.0532,-0.189,0.0312,-0.0502,-0.1676,0.0314,-0.034,-0.1419,0.0328,-0.023
4,Double Click (Thumb Only),0.0,0.0,0.0,-0.0237,-0.1148,-0.0018,-0.0581,-0.2025,-0.0163,-0.0705,-0.2817,-0.0329,-0.0579,-0.3487,-0.0517,-0.132,-0.1596,-0.0339,-0.2052,-0.149,-0.0483,-0.1818,-0.1354,-0.0565,-0.1494,-0.1348,-0.061,-0.1418,-0.0865,-0.0419,-0.2055,-0.0861,-0.0475,-0.1796,-0.0784,-0.045,-0.1479,-0.0764,-0.046,-0.1415,-0.0164,-0.0479,-0.1969,-0.0249,-0.0491,-0.1735,-0.0202,-0.0369,-0.1443,-0.0181,-0.0315,-0.1352,0.0464,-0.054,-0.1871,0.0333,-0.0514,-0.1656,0.0332,-0.0349,-0.1393,0.0349,-0.0236
4,Double Click (Thumb Only),0.0,0.0,0.0,-0.0262,-0.1127,-0.0013,-0.0645,-0.2039,-0.0154,-0.0795,-0.2836,-0.0319,-0.0663,-0.3517,-0.0505,-0.1415,-0.1656,-0.031,-0.2163,-0.1475,-0.0471,-0.1921,-0.1321,-0.0573,-0.1589,-0.1333,-0.0629,-0.1504,-0.0939,-0.0398,-0.2132,-0.0841,-0.0463,-0.1876,-0.0746,-0.0448,-0.1566,-0.0745,-0.0463,-0.1489,-0.0239,-0.0469,-0.2027,-0.0224,-0.0489,-0.1796,-0.0161,-0.0372,-0.1507,-0.0158,-0.0319,-0.1416,0.0405,-0.0542,-0.1923,0.0355,-0.0516,-0.1713,0.0366,-0.0352,-0.1454,0.0368,-0.0237
4,Double Click (Thumb Only),0.0,0.0,0.0,-0.026,-0.1139,-0.0008,-0.0635,-0.2045,-0.0146,-0.0774,-0.2846,-0.0305,-0.066,-0.3516,-0.0484,-0.139,-0.1628,-0.0328,-0.2144,-0.1503,-0.0478,-0.1909,-0.1357,-0.0567,-0.157,-0.1349,-0.0614,-0.1492,-0.0915,-0.0408,-0.2106,-0.088,-0.0463,-0.1847,-0.0786,-0.0442,-0.1534,-0.0763,-0.0455,-0.1491,-0.022,-0.0467,-0.2014,-0.0263,-0.0473,-0.1784,-0.02,-0.0352,-0.1499,-0.0174,-0.0302,-0.1434,0.0415,-0.0526,-0.1931,0.0325,-0.0497,-0.171,0.0332,-0.0333,-0.1455,0.0341,-0.0221
4,Double Click (Thumb Only),0.0,0.0,0.0,-0.0253,-0.1101,-0.0014,-0.0648,-0.1968,-0.0152,-0.0802,-0.2749,-0.0315,-0.0683,-0.3431,-0.0498,-0.1386,-0.1604,-0.0309,-0.2133,-0.1418,-0.0468,-0.1889,-0.1244,-0.0569,-0.1557,-0.1261,-0.0627,-0.1474,-0.0893,-0.0395,-0.2109,-0.0763,-0.0466,-0.1851,-0.0665,-0.0454,-0.1542,-0.0678,-0.047,-0.1464,-0.0194,-0.0465,-0.2015,-0.0152,-0.0493,-0.1783,-0.0096,-0.0379,-0.1494,-0.0101,-0.0327,-0.1396,0.0448,-0.0535,-0.1914,0.042,-0.052,-0.1709,0.0426,-0.0362,-0.1452,0.0425,-0.025
4,Double Click (Thumb Only),0.0,0.0,0.0,-0.0261,-0.1117,0.0001,-0.0631,-0.2015,-0.0127,-0.0764,-0.2798,-0.0278,-0.0665,-0.3452,-0.045,-0.1401,-0.1625,-0.0306,-0.215,-0.1474,-0.0451,-0.1905,-0.1306,-0.0539,-0.1569,-0.1307,-0.0585,-0.1501,-0.0908,-0.0388,-0.2112,-0.0807,-0.0446,-0.1849,-0.0709,-0.0426,-0.1534,-0.0713,-0.0437,-0.1491,-0.0213,-0.0452,-0.2016,-0.0184,-0.0467,-0.1779,-0.0125,-0.0352,-0.1488,-0.0128,-0.0301,-0.1418,0.0418,-0.0515,-0.1925,0.0385,-0.0496,-0.171,0.04,-0.0339,-0.145,0.0395,-0.0227
4,Double Click (Thumb Only),0.0,0.0,0.0,-0.0269,-0.1157,0.0004,-0.0646,-0.2074,-0.0133,-0.0778,-0.2873,-0.0293,-0.0664,-0.3544,-0.0474,-0.1398,-0.1694,-0.0338,-0.2184,-0.1554,-0.0492,-0.1931,-0.1394,-0.0581,-0.1587,-0.1402,-0.0628,-0.1493,-0.095,-0.0427,-0.2143,-0.0896,-0.0486,-0.1879,-0.0798,-0.046,-0.156,-0.0791,-0.047,-0.1486,-0.0225,-0.0496,-0.2054,-0.0271,-0.0511,-0.1825,-0.0202,-0.0384,-0.1531,-0.0182,-0.0326,-0.1424,0.0431,-0.0562,-0.1974,0.0327,-0.0539,-0.1762,0.0345,-0.0369,-0.1494,0.0364,-0.0249
4,Double Click (Thumb Only),0.0,0.0,0.0,-0.0265,-0.1174,-0.0013,-0.0645,-0.2097,-0.016,-0.0773,-0.2904,-0.0326,-0.0648,-0.3578,-0.051,-0.1417,-0.1703,-0.0356,-0.2204,-0.1602,-0.0518,-0.1938,-0.1452,-0.0612,-0.1589,-0.145,-0.066,-0.1517,-0.0956,-0.0437,-0.2158,-0.0938,-0.0502,-0.1886,-0.085,-0.0475,-0.1564,-0.0834,-0.0483,-0.1513,-0.0232,-0.0499,-0.2059,-0.0301,-0.0512,-0.1824,-0.0242,-0.0384,-0.1534,-0.0221,-0.0327,-0.1455,0.0419,-0.056,-0.1984,0.029,-0.0532,-0.1758,0.0304,-0.0359,-0.149,0.0321,-0.0239
4,Double Click (Thumb Only),0.0,0.0,0.0,-0.0254,-0.1173,-0.0056,-0.0625,-0.2101,-0.0235,-0.075,-0.2928,-0.0423,-0.0618,-0.3651,-0.0626,-0.138,-0.1683,-0.0438,-0.2202,-0.1629,-0.0624,-0.1921,-0.1511,-0.0716,-0.1567,-0.1501,-0.0757,-0.1477,-0.0916,-0.0507,-0.2181,-0.0992,-0.0603,-0.1895,-0.094,-0.0579,-0.1562,-0.0897,-0.0582,-0.1484,-0.019,-0.0557,-0.2089,-0.0371,-0.0594,-0.1839,-0.0342,-0.0461,-0.1539,-0.0297,-0.0393,-0.1439,0.0452,-0.061,-0.2005,0.0227,-0.0597,-0.1776,0.0223,-0.0426,-0.1508,0.0271,-0.0305
4,Double Click (Thumb Only),0.0,0.0,0.0,-0.0265,-0.1173,-0.0012,-0.0633,-0.2094,-0.016,-0.0765,-0.2907,-0.0326,-0.0638,-0.3574,-0.0508,-0.1396,-0.1699,-0.0348,-0.2147,-0.1624,-0.0497,-0.1864,-0.1494,-0.0581,-0.1523,-0.1477,-0.0623,-0.1497,-0.0954,-0.0429,-0.2132,-0.0977,-0.0489,-0.186,-0.0906,-0.0467,-0.1539,-0.0869,-0.0478,-0.1502,-0.0237,-0.0489,-0.2045,-0.0357,-0.0497,-0.1813,-0.0312,-0.0377,-0.1519,-0.0271,-0.0323,-0.1454,0.0402,-0.0549,-0.1974,0.0237,-0.0516,-0.176,0.0246,-0.0348,-0.1497,0.0282,-0.0231
4,Double Click (Thumb Only),0.0,0.0,0.0,-0.0272,-0.1165,-0.0023,-0.0653,-0.2096,-0.0174,-0.0797,-0.2918,-0.0345,-0.0665,-0.3605,-0.053,-0.1418,-0.1693,-0.0341,-0.2175,-0.1603,-0.0493,-0.1917,-0.1482,-0.0578,-0.1585,-0.1485,-0.0623,-0.1515,-0.0957,-0.042,-0.2156,-0.0995,-0.0484,-0.1889,-0.0924,-0.0466,-0.1576,-0.0888,-0.0477,-0.1514,-0.0247,-0.0482,-0.2069,-0.0381,-0.0495,-0.1838,-0.0339,-0.0377,-0.155,-0.0297,-0.0323,-0.1463,0.0387,-0.0545,-0.1994,0.021,-0.0512,-0.1785,0.0205,-0.0346,-0.1528,0.0236,-0.023
5,Scroll (Open Palm),0.0,0.0,0.0,-0.0689,-0.0234,-0.0407,-0.1283,-0.0724,-0.0648,-0.1806,-0.1153,-0.085,-0.2314,-0.1371,-0.1047,-0.0719,-0.246,-0.0363,-0.1039,-0.3461,-0.0588,-0.122,-0.4094,-0.0779,-0.1331,-0.4643,-0.0926,-0.0267,-0.267,-0.0347,-0.0374,-0.3831,-0.0507,-0.0415,-0.455,-0.065,-0.0423,-0.5137,-0.0767,0.0173,-0.26,-0.0386,0.022,-0.3649,-0.0579,0.0262,-0.4286,-0.0719,0.0292,-0.4825,-0.0824,0.0587,-0.2329,-0.0465,0.0831,-0.3059,-0.0657,0.1008,-0.3515,-0.0744,0.1159,-0.3931,-0.0803
5,Scroll (Open Palm),0.0,0.0,0.0,-0.0688,-0.0251,-0.0403,-0.1291,-0.0763,-0.0639,-0.1836,-0.1191,-0.0839,-0.2352,-0.1411,-0.1035,-0.0721,-0.248,-0.0349,-0.1036,-0.3492,-0.0581,-0.1208,-0.4131,-0.0776,-0.1307,-0.4681,-0.0922,-0.0269,-0.2684,-0.0332,-0.037,-0.3842,-0.0494,-0.0406,-0.4562,-0.0631,-0.0414,-0.5147,-0.0741,0.0176,-0.2609,-0.0371,0.0229,-0.3659,-0.0561,0.0275,-0.4299,-0.069,0.0308,-0.4838,-0.0783,0.0594,-0.2331,-0.0451,0.0847,-0.3051,-0.0635,0.1024,-0.3508,-0.0711,0.1178,-0.3922,-0.0761
5,Scroll (Open Palm),0.0,0.0,0.0,-0.0699,-0.0242,-0.0393,-0.1302,-0.0756,-0.0619,-0.1823,-0.1198,-0.0811,-0.2315,-0.1423,-0.0999,-0.0703,-0.2485,-0.0342,-0.1006,-0.3508,-0.0561,-0.1167,-0.4153,-0.0748,-0.1259,-0.4703,-0.0891,-0.0239,-0.268,-0.033,-0.0317,-0.3857,-0.048,-0.0341,-0.4583,-0.0615,-0.0338,-0.5162,-0.0725,0.0208,-0.2599,-0.0372,0.0282,-0.3669,-0.0554,0.0345,-0.431,-0.0686,0.0392,-0.4845,-0.0786,0.0627,-0.2314,-0.0454,0.0898,-0.3032,-0.0637,0.1084,-0.3489,-0.072,0.1247,-0.3907,-0.0776
5,Scroll (Open Palm),0.0,0.0,0.0,-0.0688,-0.0275,-0.0381,-0.1276,-0.0795,-0.0611,-0.1799,-0.123,-0.0809,-0.2297,-0.1444,-0.1007,-0.0685,-0.2514,-0.0335,-0.0992,-0.3527,-0.0559,-0.1155,-0.4168,-0.075,-0.1241,-0.4718,-0.0895,-0.0224,-0.2701,-0.0333,-0.0301,-0.3875,-0.0491,-0.0318,-0.4605,-0.0633,-0.0306,-0.5188,-0.0747,0.0222,-0.2614,-0.0384,0.0304,-0.3669,-0.0576,0.0367,-0.4309,-0.0714,0.0412,-0.4842,-0.0815,0.0639,-0.2328,-0.0475,0.0912,-0.3053,-0.066,0.1103,-0.3507,-0.0742,0.1264,-0.3917,-0.0797
5,Scroll (Open Palm),0.0,0.0,0.0,-0.0676,-0.026,-0.0385,-0.1277,-0.0799,-0.0605,-0.1802,-0.1234,-0.0792,-0.2295,-0.1457,-0.0978,-0.0699,-0.2507,-0.0342,-0.1001,-0.3533,-0.0566,-0.116,-0.4188,-0.0758,-0.1252,-0.4747,-0.0906,-0.0237,-0.2705,-0.0336,-0.0309,-0.3882,-0.0497,-0.0315,-0.4623,-0.0641,-0.0301,-0.5218,-0.0759,0.0208,-0.2619,-0.0384,0.027,-0.3677,-0.0581,0.0331,-0.4321,-0.073,0.0376,-0.4871,-0.0842,0.0625,-0.2332,-0.0471,0.089,-0.3052,-0.0666,0.1078,-0.3506,-0.076,0.1243,-0.3926,-0.0827
5,Scroll (Open Palm),0.0,0.0,0.0,-0.0689,-0.0275,-0.042,-0.1278,-0.0785,-0.0667,-0.18,-0.1235,-0.0874,-0.2306,-0.1484,-0.1079,-0.0685,-0.2505,-0.037,-0.0989,-0.3517,-0.0604,-0.1151,-0.4163,-0.0807,-0.1242,-0.4725,-0.0964,-0.0222,-0.27,-0.0354,-0.0301,-0.3865,-0.0533,-0.0319,-0.4599,-0.0695,-0.031,-0.5202,-0.0827,0.0219,-0.2613,-0.0394,0.0287,-0.3667,-0.0609,0.0345,-0.4315,-0.0769,0.0389,-0.4876,-0.0887,0.0632,-0.2329,-0.0476,0.0896,-0.3051,-0.068,0.1079,-0.3509,-0.078,0.1239,-0.3939,-0.085
5,Scroll (Open Palm),0.0,0.0,0.0,-0.0701,-0.0265,-0.0401,-0.1302,-0.0777,-0.063,-0.1817,-0.1214,-0.0824,-0.2301,-0.1475,-0.1015,-0.07,-0.2494,-0.0347,-0.1011,-0.3514,-0.0579,-0.1171,-0.4158,-0.0778,-0.1262,-0.4716,-0.0929,-0.0243,-0.2688,-0.0332,-0.0329,-0.3849,-0.0501,-0.0351,-0.4579,-0.0652,-0.0345,-0.5167,-0.0774,0.0194,-0.2608,-0.0374,0.0266,-0.3653,-0.0574,0.0322,-0.4297,-0.0723,0.0366,-0.484,-0.0832,0.0606,-0.2328,-0.0457,0.087,-0.3052,-0.0652,0.1055,-0.3505,-0.0745,0.1217,-0.3921,-0.0808
5,Scroll (Open Palm),0.0,0.0,0.0,-0.0709,-0.0263,-0.0404,-0.1312,-0.078,-0.0636,-0.183,-0.1229,-0.083,-0.2326,-0.1474,-0.1022,-0.0703,-0.2496,-0.0349,-0.1008,-0.3514,-0.0579,-0.1169,-0.4155,-0.0778,-0.1261,-0.4707,-0.0927,-0.0242,-0.2689,-0.0332,-0.0323,-0.385,-0.0498,-0.0347,-0.4576,-0.0648,-0.034,-0.5165,-0.0769,0.0199,-0.2606,-0.037,0.0274,-0.3652,-0.0566,0.0331,-0.4293,-0.071,0.0375,-0.4836,-0.0816,0.0612,-0.2324,-0.045,0.0873,-0.3045,-0.0638,0.1051,-0.3498,-0.0725,0.1208,-0.3913,-0.0783
5,Scroll (Open Palm),0.0,0.0,0.0,-0.0692,-0.028,-0.0383,-0.1278,-0.0821,-0.0604,-0.1786,-0.1271,-0.0792,-0.2279,-0.1508,-0.098,-0.0686,-0.2526,-0.0323,-0.0982,-0.354,-0.054,-0.1141,-0.419,-0.0729,-0.1232,-0.4748,-0.0875,-0.0222,-0.2719,-0.032,-0.0295,-0.3895,-0.0478,-0.0315,-0.4632,-0.0626,-0.0315,-0.5219,-0.0746,0.022,-0.2639,-0.0372,0.0293,-0.3698,-0.0563,0.0348,-0.4353,-0.0711,0.0385,-0.4905,-0.0822,0.0632,-0.2361,-0.0463,0.0897,-0.3084,-0.0646,0.108,-0.3546,-0.0735,0.1236,-0.3969,-0.0798
5,Scroll (Open Palm),0.0,0.0,0.0,-0.0691,-0.0273,-0.0395,-0.1293,-0.0763,-0.0632,-0.1805,-0.1186,-0.0834,-0.2282,-0.1449,-0.1031,-0.0704,-0.2484,-0.0355,-0.1008,-0.3518,-0.0583,-0.1167,-0.4166,-0.0777,-0.1257,-0.4724,-0.0924,-0.024,-0.2669,-0.0346,-0.0323,-0.3853,-0.0511,-0.035,-0.4586,-0.0662,-0.0352,-0.518,-0.0784,0.0202,-0.2582,-0.0391,0.0274,-0.3648,-0.0584,0.0329,-0.4296,-0.0728,0.0367,-0.4845,-0.0837,0.0619,-0.2301,-0.0476,0.088,-0.3031,-0.0661,0.1059,-0.349,-0.0746,0.1212,-0.3916,-0.0806
5,Scroll (Open Palm),0.0,0.0,0.0,-0.0691,-0.0267,-0.0416,-0.1282,-0.0761,-0.0663,-0.1801,-0.1187,-0.0872,-0.2282,-0.1452,-0.1076,-0.0706,-0.2504,-0.0362,-0.1007,-0.3538,-0.0597,-0.117,-0.4188,-0.0796,-0.126,-0.4743,-0.0945,-0.0238,-0.2701,-0.0342,-0.0315,-0.3879,-0.0511,-0.034,-0.461,-0.0662,-0.0339,-0.5198,-0.0782,0.0203,-0.2624,-0.0379,0.0285,-0.3686,-0.0577,0.0345,-0.4333,-0.0719,0.0387,-0.4872,-0.0824,0.0616,-0.2351,-0.0457,0.0876,-0.3081,-0.0644,0.1053,-0.354,-0.0729,0.1205,-0.3957,-0.0785
5,Scroll (Open Palm),0.0,0.0,0.0,-0.0698,-0.0287,-0.0382,-0.1302,-0.08,-0.0607,-0.1818,-0.1227,-0.0798,-0.2305,-0.1487,-0.0988,-0.0689,-0.2496,-0.0336,-0.0993,-0.3526,-0.0561,-0.115,-0.4171,-0.0754,-0.1236,-0.4727,-0.09,-0.023,-0.2685,-0.0332,-0.0311,-0.3865,-0.0494,-0.0332,-0.4596,-0.0644,-0.0325,-0.5185,-0.0766,0.0208,-0.2604,-0.0381,0.0282,-0.3667,-0.0572,0.0341,-0.4317,-0.0716,0.0384,-0.4863,-0.0824,0.062,-0.2325,-0.0469,0.0881,-0.3051,-0.0653,0.1061,-0.3513,-0.0738,0.1214,-0.3935,-0.0797
5,Scroll (Open Palm),0.0,0.0,0.0,-0.0692,-0.0272,-0.0359,-0.13,-0.0807,-0.0565,-0.1807,-0.1244,-0.0742,-0.228,-0.1485,-0.092,-0.0698,-0.2509,-0.0309,-0.099,-0.3536,-0.052,-0.1142,-0.4178,-0.0705,-0.1231,-0.4733,-0.0849,-0.0237,-0.2698,-0.0313,-0.0306,-0.3876,-0.0465,-0.0323,-0.461,-0.061,-0.032,-0.5199,-0.073,0.0203,-0.2614,-0.0368,0.0283,-0.3683,-0.0554,0.0339,-0.4329,-0.0701,0.0377,-0.487,-0.0813,0.0616,-0.2332,-0.046,0.0888,-0.3066,-0.0646,0.1076,-0.3524,-0.0736,0.1237,-0.3941,-0.08
5,Scroll (Open Palm),0.0,0.0,0.0,-0.0699,-0.0273,-0.0386,-0.13,-0.079,-0.0611,-0.1809,-0.1226,-0.0803,-0.2288,-0.1481,-0.0992,-0.0692,-0.2503,-0.0335,-0.0996,-0.3527,-0.0562,-0.1152,-0.4176,-0.0759,-0.1239,-0.4735,-0.0907,-0.0232,-0.2699,-0.0327,-0.0305,-0.3868,-0.0491,-0.0321,-0.4604,-0.0638,-0.031,-0.5195,-0.0756,0.0206,-0.2617,-0.0375,0.0284,-0.3676,-0.0567,0.0342,-0.4322,-0.0709,0.0388,-0.4864,-0.0815,0.0618,-0.2332,-0.0463,0.0886,-0.3052,-0.065,0.1069,-0.3511,-0.0736,0.123,-0.3932,-0.0794
5,Scroll (Open Palm),0.0,0.0,0.0,-0.0688,-0.0301,-0.036,-0.1278,-0.0828,-0.057,-0.1783,-0.1241,-0.0753,-0.2261,-0.1469,-0.0935,-0.0678,-0.2531,-0.0302,-0.0981,-0.3562,-0.0519,-0.1135,-0.4212,-0.0709,-0.1222,-0.4772,-0.0854,-0.0218,-0.272,-0.0307,-0.0293,-0.3892,-0.0462,-0.0311,-0.4632,-0.0609,-0.0306,-0.5222,-0.0728,0.0222,-0.2637,-0.0366,0.0295,-0.3699,-0.0554,0.0354,-0.4353,-0.0699,0.0397,-0.4902,-0.0807,0.0631,-0.2357,-0.0462,0.09,-0.3074,-0.0645,0.1087,-0.3536,-0.0731,0.125,-0.3959,-0.079
5,Scroll (Open Palm),0.0,0.0,0.0,-0.0702,-0.0282,-0.0351,-0.1305,-0.0853,-0.0552,-0.1819,-0.13,-0.0725,-0.2299,-0.1522,-0.0897,-0.0668,-0.2556,-0.0325,-0.0967,-0.3614,-0.0534,-0.1126,-0.428,-0.0716,-0.1212,-0.4826,-0.0852,-0.0199,-0.2741,-0.0329,-0.0285,-0.3936,-0.0467,-0.029,-0.4678,-0.0603,-0.0261,-0.5233,-0.0713,0.0259,-0.2644,-0.0381,0.0366,-0.374,-0.056,0.048,-0.437,-0.0703,0.0579,-0.4856,-0.081,0.0684,-0.2326,-0.0469,0.1011,-0.3045,-0.0663,0.1252,-0.3484,-0.0757,0.1461,-0.3848,-0.0815
5,Scroll (Open Palm),0.0,0.0,0.0,-0.0701,-0.0305,-0.0383,-0.1311,-0.082,-0.062,-0.1851,-0.1216,-0.0831,-0.2366,-0.1394,-0.1046,-0.0617,-0.262,-0.0353,-0.093,-0.3685,-0.0577,-0.1093,-0.4372,-0.0774,-0.1184,-0.4948,-0.0929,-0.0114,-0.28,-0.0363,-0.0167,-0.4024,-0.053,-0.0141,-0.4778,-0.069,-0.0089,-0.5363,-0.0822,0.0354,-0.2684,-0.0426,0.0463,-0.3775,-0.0644,0.0598,-0.4424,-0.0819,0.0718,-0.4964,-0.0949,0.0787,-0.2357,-0.0527,0.1141,-0.3062,-0.0752,0.1416,-0.3497,-0.0867,0.1656,-0.3883,-0.0946
5,Scroll (Open Palm),0.0,0.0,0.0,-0.0737,-0.0284,-0.0398,-0.1355,-0.0791,-0.0634,-0.1862,-0.1215,-0.0835,-0.235,-0.1408,-0.1034,-0.0617,-0.2581,-0.0366,-0.0917,-0.3652,-0.0589,-0.1067,-0.4328,-0.0785,-0.1147,-0.4905,-0.0936,-0.0123,-0.2757,-0.0357,-0.0166,-0.3983,-0.0509,-0.0145,-0.4733,-0.0653,-0.0091,-0.5329,-0.0775,0.0332,-0.2646,-0.0402,0.0441,-0.3749,-0.0583,0.0547,-0.4386,-0.0724,0.0641,-0.4918,-0.0833,0.0755,-0.2325,-0.0489,0.1041,-0.3075,-0.0667,0.1248,-0.353,-0.0746,0.1427,-0.3945,-0.0802
5,Scroll (Open Palm),0.0,0.0,0.0,-0.0677,-0.0281,-0.0416,-0.1297,-0.0792,-0.0677,-0.1829,-0.1212,-0.0899,-0.232,-0.1447,-0.1116,-0.0642,-0.2589,-0.0409,-0.096,-0.3629,-0.0654,-0.1137,-0.4292,-0.0865,-0.1248,-0.4862,-0.1026,-0.0184,-0.2753,-0.0398,-0.0225,-0.3956,-0.0575,-0.0209,-0.4698,-0.0728,-0.0161,-0.5287,-0.0851,0.0249,-0.2627,-0.044,0.0342,-0.3724,-0.0643,0.0427,-0.4334,-0.0783,0.0509,-0.4855,-0.0889,0.0662,-0.2294,-0.0525,0.0942,-0.3053,-0.0727,0.1148,-0.3509,-0.0816,0.1331,-0.3933,-0.0874
5,Scroll (Open Palm),0.0,0.0,0.0,-0.0712,-0.0325,-0.0326,-0.1342,-0.0882,-0.0532,-0.1913,-0.1255,-0.0724,-0.2439,-0.1412,-0.0927,-0.0638,-0.2674,-0.0319,-0.1021,-0.3717,-0.0524,-0.1222,-0.4386,-0.0705,-0.1349,-0.4944,-0.085,-0.0122,-0.2882,-0.0355,-0.0132,-0.4137,-0.0493,-0.0066,-0.4901,-0.0636,0.0014,-0.5459,-0.0757,0.0357,-0.2761,-0.0439,0.0556,-0.3846,-0.0632,0.0718,-0.4474,-0.0806,0.0857,-0.4993,-0.094,0.0789,-0.2391,-0.0556,0.1211,-0.3032,-0.0774,0.1519,-0.3451,-0.0889,0.1783,-0.3828,-0.0969
5,Scroll (Open Palm),0.0,0.0,0.0,-0.0708,-0.032,-0.033,-0.1344,-0.0879,-0.0533,-0.1918,-0.1254,-0.0723,-0.2443,-0.1412,-0.0923,-0.0639,-0.2674,-0.0316,-0.1022,-0.3718,-0.0519,-0.1224,-0.4387,-0.0697,-0.135,-0.4947,-0.0839,-0.0124,-0.2884,-0.0348,-0.0137,-0.4135,-0.0481,-0.0073,-0.4898,-0.0619,0.0007,-0.5455,-0.0737,0.0356,-0.2765,-0.0429,0.055,-0.3844,-0.0618,0.071,-0.447,-0.079,0.0847,-0.499,-0.0922,0.0788,-0.24,-0.0543,0.1209,-0.3038,-0.0757,0.1515,-0.345,-0.0871,0.1777,-0.3821,-0.0949
5,Scroll (Open Palm),0.0,0.0,0.0,-0.072,-0.03,-0.0341,-0.1389,-0.0855,-0.054,-0.1973,-0.124,-0.0722,-0.2505,-0.1422,-0.0914,-0.0706,-0.2667,-0.0325,-0.1089,-0.3717,-0.0527,-0.1296,-0.4392,-0.0701,-0.1426,-0.4963,-0.0841,-0.0187,-0.2874,-0.0353,-0.0208,-0.4121,-0.0495,-0.0161,-0.4881,-0.0645,-0.0095,-0.5466,-0.0773,0.029,-0.2757,-0.043,0.0487,-0.3831,-0.0633,0.0648,-0.4476,-0.0818,0.0782,-0.5031,-0.0958,0.0719,-0.24,-0.0538,0.1142,-0.3053,-0.0767,0.1456,-0.348,-0.0892,0.1724,-0.3872,-0.0975
5,Scroll (Open Palm),0.0,0.0,0.0,-0.0731,-0.0338,-0.0322,-0.1394,-0.0897,-0.0511,-0.1977,-0.1259,-0.0685,-0.2502,-0.1425,-0.0869,-0.0691,-0.2679,-0.0311,-0.109,-0.3741,-0.0504,-0.1291,-0.4418,-0.0669,-0.1412,-0.4975,-0.0801,-0.0168,-0.2899,-0.0345,-0.0206,-0.418,-0.0479,-0.0151,-0.496,-0.0622,-0.0069,-0.5531,-0.0742,0.0315,-0.2786,-0.0428,0.0517,-0.3896,-0.0624,0.0675,-0.4535,-0.0805,0.0809,-0.5059,-0.0943,0.0745,-0.242,-0.054,0.1163,-0.3065,-0.0769,0.1459,-0.349,-0.0894,0.1708,-0.3872,-0.0978
5,Scroll (Open Palm),0.0,0.0,0.0,-0.073,-0.029,-0.0361,-0.1378,-0.0854,-0.0576,-0.1944,-0.1256,-0.077,-0.2488,-0.1401,-0.0976,-0.0662,-0.2674,-0.0368,-0.1042,-0.3755,-0.0581,-0.1245,-0.4447,-0.0764,-0.1375,-0.5027,-0.0913,-0.0134,-0.2895,-0.0392,-0.0166,-0.418,-0.0542,-0.0119,-0.4958,-0.0697,-0.0053,-0.5544,-0.0832,0.0352,-0.2791,-0.0465,0.0548,-0.3911,-0.0673,0.0714,-0.4555,-0.086,0.0847,-0.5096,-0.1006,0.0782,-0.2437,-0.0572,0.1208,-0.3119,-0.0801,0.1511,-0.3551,-0.0927,0.1762,-0.3939,-0.1017
5,Scroll (Open Palm),0.0,0.0,0.0,-0.0751,-0.0327,-0.0328,-0.1424,-0.0916,-0.0522,-0.2004,-0.13,-0.07,-0.2536,-0.1442,-0.0891,-0.0689,-0.2705,-0.0321,-0.1095,-0.3783,-0.0521,-0.1302,-0.4469,-0.0697,-0.1432,-0.5044,-0.0839,-0.0167,-0.2919,-0.0356,-0.0208,-0.4205,-0.0493,-0.0159,-0.4985,-0.0642,-0.009,-0.5572,-0.0769,0.0318,-0.2806,-0.0438,0.0492,-0.3948,-0.063,0.0656,-0.4611,-0.0814,0.0791,-0.5168,-0.0957,0.0757,-0.2449,-0.0552,0.1159,-0.3136,-0.0768,0.1457,-0.358,-0.0889,0.1704,-0.3976,-0.0975
5,Scroll (Open Palm),0.0,0.0,0.0,-0.0733,-0.0291,-0.0375,-0.1387,-0.0869,-0.0604,-0.1944,-0.1299,-0.0809,-0.2487,-0.1481,-0.1025,-0.0696,-0.2731,-0.0389,-0.1082,-0.3806,-0.0626,-0.129,-0.4505,-0.0833,-0.1424,-0.5094,-0.0996,-0.018,-0.294,-0.041,-0.0226,-0.4229,-0.0581,-0.0183,-0.5022,-0.0744,-0.0112,-0.5626,-0.0883,0.0298,-0.2836,-0.0482,0.0458,-0.3972,-0.0696,0.062,-0.4639,-0.0875,0.0755,-0.52,-0.1012,0.0733,-0.2499,-0.0591,0.1095,-0.3249,-0.0809,0.1377,-0.3703,-0.0919,0.1619,-0.4105,-0.0997
5,Scroll (Open Palm),0.0,0.0,0.0,-0.0756,-0.0272,-0.0382,-0.1415,-0.0772,-0.0635,-0.1952,-0.1198,-0.0862,-0.2481,-0.1424,-0.1098,-0.0734,-0.2623,-0.042,-0.1093,-0.3695,-0.0686,-0.1284,-0.4381,-0.0914,-0.1401,-0.4971,-0.1087,-0.0218,-0.282,-0.0443,-0.0287,-0.4096,-0.064,-0.0261,-0.488,-0.0815,-0.0201,-0.5501,-0.096,0.0257,-0.2716,-0.0516,0.0384,-0.385,-0.074,0.0525,-0.452,-0.09,0.064,-0.5084,-0.1022,0.0691,-0.2392,-0.0627,0.1003,-0.3203,-0.0835,0.1236,-0.3684,-0.0921,0.1431,-0.4117,-0.0983
5,Scroll (Open Palm),0.0,0.0,0.0,-0.0765,-0.0262,-0.0425,-0.1446,-0.0775,-0.0704,-0.1993,-0.1217,-0.0944,-0.2514,-0.1464,-0.119,-0.0749,-0.263,-0.0488,-0.1101,-0.3725,-0.0773,-0.1283,-0.4423,-0.101,-0.1393,-0.5015,-0.1187,-0.0234,-0.282,-0.05,-0.0305,-0.4105,-0.0726,-0.0282,-0.49,-0.0914,-0.0221,-0.5538,-0.1064,0.0239,-0.2708,-0.0564,0.0366,-0.3878,-0.0817,0.0486,-0.4558,-0.0994,0.0591,-0.5139,-0.1123,0.0674,-0.2375,-0.0668,0.0964,-0.3205,-0.0908,0.1179,-0.37,-0.1012,0.1363,-0.4154,-0.1083
5,Scroll (Open Palm),0.0,0.0,0.0,-0.0776,-0.0267,-0.0416,-0.146,-0.0763,-0.0684,-0.1993,-0.1225,-0.0912,-0.2492,-0.1474,-0.1145,-0.0748,-0.2612,-0.0473,-0.1096,-0.3712,-0.0746,-0.1271,-0.44,-0.097,-0.1377,-0.4995,-0.1139,-0.0232,-0.2806,-0.0482,-0.0281,-0.4104,-0.069,-0.0268,-0.4887,-0.0864,-0.0226,-0.5529,-0.1005,0.024,-0.2698,-0.0543,0.0361,-0.3884,-0.0779,0.047,-0.4578,-0.0947,0.0563,-0.5165,-0.1073,0.0672,-0.2368,-0.0642,0.097,-0.3182,-0.087,0.1179,-0.3679,-0.0971,0.1356,-0.4134,-0.1041
5,Scroll (Open Palm),0.0,0.0,0.0,-0.0756,-0.025,-0.0442,-0.1428,-0.0737,-0.0737,-0.1964,-0.1173,-0.0989,-0.2478,-0.1439,-0.1247,-0.0737,-0.2573,-0.0549,-0.1057,-0.3677,-0.0851,-0.1237,-0.4373,-0.1093,-0.1357,-0.4971,-0.1271,-0.0217,-0.2761,-0.0558,-0.027,-0.4061,-0.0801,-0.0237,-0.4867,-0.0991,-0.0171,-0.5523,-0.1141,0.0252,-0.2651,-0.0617,0.0388,-0.3824,-0.0886,0.0506,-0.4509,-0.1062,0.061,-0.5097,-0.1189,0.0678,-0.2327,-0.0715,0.0978,-0.3165,-0.0971,0.1207,-0.3663,-0.1077,0.1405,-0.4121,-0.1146
5,Scroll (Open Palm),0.0,0.0,0.0,-0.0758,-0.0257,-0.0419,-0.1424,-0.0789,-0.0685,-0.1936,-0.1254,-0.0912,-0.2412,-0.1537,-0.1142,-0.0763,-0.2587,-0.0492,-0.1065,-0.3688,-0.0778,-0.1234,-0.4375,-0.101,-0.1345,-0.496,-0.1182,-0.0246,-0.2764,-0.0505,-0.0288,-0.4052,-0.073,-0.0246,-0.4847,-0.0911,-0.0176,-0.5492,-0.1054,0.0222,-0.2654,-0.0569,0.0373,-0.3826,-0.0824,0.0505,-0.4515,-0.0997,0.0616,-0.5108,-0.1122,0.0652,-0.2328,-0.0671,0.0966,-0.3156,-0.0916,0.1196,-0.3664,-0.1023,0.1394,-0.4132,-0.1094
5,Scroll (Open Palm),0.0,0.0,0.0,-0.0737,-0.0314,-0.0351,-0.1414,-0.0819,-0.0593,-0.1937,-0.127,-0.0803,-0.2407,-0.1554,-0.1019,-0.0763,-0.2478,-0.0437,-0.11,-0.3545,-0.0686,-0.1277,-0.4198,-0.0883,-0.1383,-0.4767,-0.103,-0.0269,-0.2665,-0.0467,-0.0314,-0.3932,-0.066,-0.0299,-0.4683,-0.0819,-0.0255,-0.5294,-0.0948,0.0189,-0.2571,-0.0538,0.0323,-0.3706,-0.0766,0.0418,-0.4374,-0.0922,0.0501,-0.4947,-0.1036,0.0617,-0.227,-0.0639,0.0926,-0.3097,-0.0861,0.1142,-0.3594,-0.0952,0.1325,-0.4044,-0.1011
5,Scroll (Open Palm),0.0,0.0,0.0,-0.0724,-0.0307,-0.0322,-0.1347,-0.0877,-0.0527,-0.1849,-0.1371,-0.0712,-0.2333,-0.1663,-0.0904,-0.07,-0.2503,-0.0319,-0.1038,-0.3551,-0.0549,-0.1208,-0.4209,-0.0746,-0.1298,-0.4782,-0.0895,-0.0207,-0.2705,-0.0358,-0.0276,-0.3951,-0.0532,-0.0282,-0.472,-0.0694,-0.0258,-0.5345,-0.0823,0.0261,-0.2619,-0.0442,0.0359,-0.3755,-0.0647,0.0449,-0.4429,-0.0791,0.052,-0.5005,-0.0898,0.0702,-0.2328,-0.0557,0.0971,-0.3136,-0.0746,0.1156,-0.3632,-0.0817,0.1308,-0.408,-0.0865
5,Scroll (Open Palm),0.0,0.0,0.0,-0.0748,-0.0307,-0.0414,-0.1382,-0.0865,-0.0663,-0.1916,-0.1364,-0.0875,-0.242,-0.1693,-0.1084,-0.0771,-0.2641,-0.0369,-0.1122,-0.3686,-0.0617,-0.1327,-0.4358,-0.0826,-0.145,-0.4939,-0.0982,-0.0278,-0.2859,-0.0364,-0.0354,-0.4104,-0.0537,-0.0359,-0.4872,-0.0683,-0.0334,-0.5482,-0.0799,0.019,-0.2766,-0.0418,0.0311,-0.3874,-0.0623,0.0394,-0.4534,-0.0757,0.0454,-0.509,-0.0854,0.0621,-0.2453,-0.0514,0.0905,-0.3234,-0.0709,0.1086,-0.3726,-0.0786,0.1232,-0.4181,-0.0837
5,Scroll (Open Palm),0.0,0.0,0.0,-0.0758,-0.0311,-0.0379,-0.1385,-0.088,-0.0602,-0.1915,-0.1364,-0.0796,-0.2417,-0.165,-0.0989,-0.0756,-0.2601,-0.0328,-0.1082,-0.3636,-0.0564,-0.127,-0.4308,-0.0769,-0.1388,-0.4881,-0.0925,-0.026,-0.2792,-0.0339,-0.0322,-0.4001,-0.0511,-0.0332,-0.4749,-0.0669,-0.0323,-0.534,-0.0797,0.0204,-0.2708,-0.0405,0.0303,-0.3807,-0.061,0.0392,-0.4469,-0.0749,0.0455,-0.5026,-0.0851,0.0631,-0.2423,-0.051,0.0898,-0.321,-0.0698,0.1081,-0.3712,-0.0773,0.1232,-0.4167,-0.0825
5,Scroll (Open Palm),0.0,0.0,0.0,-0.0746,-0.0297,-0.0371,-0.1377,-0.0848,-0.0594,-0.1893,-0.1352,-0.0788,-0.2393,-0.1662,-0.098,-0.0752,-0.2553,-0.0329,-0.1075,-0.3585,-0.0558,-0.1255,-0.4241,-0.0755,-0.1372,-0.48,-0.0906,-0.0268,-0.2747,-0.0342,-0.0326,-0.3959,-0.0512,-0.0343,-0.47,-0.0665,-0.0345,-0.5292,-0.0787,0.019,-0.2663,-0.0408,0.0285,-0.3763,-0.0613,0.0364,-0.4434,-0.0755,0.0418,-0.4997,-0.0859,0.062,-0.2371,-0.0512,0.0891,-0.3151,-0.0703,0.107,-0.3642,-0.0781,0.1214,-0.4084,-0.0833
5,Scroll (Open Palm),0.0,0.0,0.0,-0.0737,-0.0291,-0.0352,-0.1363,-0.0869,-0.056,-0.1846,-0.1421,-0.0739,-0.2331,-0.1717,-0.0922,-0.0728,-0.2564,-0.0333,-0.1048,-0.3616,-0.0554,-0.1208,-0.4274,-0.0745,-0.129,-0.4841,-0.0894,-0.0236,-0.2759,-0.0357,-0.0293,-0.4001,-0.0522,-0.0284,-0.4752,-0.0676,-0.0245,-0.5344,-0.0803,0.0224,-0.2671,-0.043,0.0344,-0.3797,-0.0628,0.0438,-0.4464,-0.0771,0.0513,-0.5018,-0.0881,0.0652,-0.2373,-0.0538,0.0913,-0.3167,-0.0729,0.1097,-0.3664,-0.0808,0.1252,-0.4109,-0.0866
5,Scroll (Open Palm),0.0,0.0,0.0,-0.073,-0.0284,-0.0352,-0.1344,-0.0814,-0.0567,-0.1811,-0.129,-0.0753,-0.2258,-0.1572,-0.0944,-0.0651,-0.2448,-0.0371,-0.0941,-0.3491,-0.06,-0.1084,-0.4144,-0.0793,-0.1158,-0.4701,-0.094,-0.0166,-0.2622,-0.0391,-0.0184,-0.3846,-0.0563,-0.0148,-0.4596,-0.0721,-0.0086,-0.5199,-0.0852,0.027,-0.253,-0.0458,0.0412,-0.3631,-0.066,0.0527,-0.4281,-0.0816,0.0621,-0.4829,-0.0936,0.0667,-0.2239,-0.056,0.0958,-0.2995,-0.0757,0.1161,-0.347,-0.0849,0.1331,-0.3902,-0.0915
5,Scroll (Open Palm),0.0,0.0,0.0,-0.0735,-0.0271,-0.0366,-0.1354,-0.0792,-0.059,-0.1824,-0.1269,-0.0781,-0.2271,-0.1567,-0.0977,-0.0662,-0.244,-0.0387,-0.0953,-0.3486,-0.062,-0.1094,-0.4135,-0.0813,-0.1168,-0.4692,-0.0961,-0.018,-0.2622,-0.0401,-0.0193,-0.384,-0.0575,-0.0155,-0.4583,-0.0732,-0.0095,-0.5184,-0.0863,0.0254,-0.2529,-0.0462,0.04,-0.3619,-0.0665,0.051,-0.4269,-0.0823,0.0602,-0.482,-0.0944,0.065,-0.2236,-0.0559,0.0946,-0.2982,-0.0759,0.1149,-0.3456,-0.0855,0.1323,-0.3894,-0.0926
5,Scroll (Open Palm),0.0,0.0,0.0,-0.072,-0.0274,-0.035,-0.133,-0.0783,-0.0566,-0.1795,-0.1239,-0.0753,-0.2239,-0.1518,-0.0945,-0.0664,-0.2425,-0.0368,-0.0951,-0.3461,-0.0591,-0.1087,-0.4103,-0.0777,-0.1155,-0.4651,-0.0919,-0.0182,-0.2596,-0.0387,-0.0201,-0.3798,-0.0554,-0.017,-0.4535,-0.0707,-0.0117,-0.5126,-0.0835,0.0255,-0.25,-0.0454,0.0398,-0.3577,-0.0653,0.0506,-0.4224,-0.0808,0.0594,-0.4777,-0.0926,0.0656,-0.221,-0.0553,0.0949,-0.2957,-0.0749,0.1148,-0.3423,-0.084,0.1316,-0.3854,-0.0905
5,Scroll (Open Palm),0.0,0.0,0.0,-0.0712,-0.0275,-0.0342,-0.1324,-0.0792,-0.0556,-0.1791,-0.1257,-0.0741,-0.2238,-0.1558,-0.0928,-0.07,-0.2422,-0.0357,-0.0987,-0.3427,-0.0578,-0.1131,-0.405,-0.0764,-0.1211,-0.4593,-0.0906,-0.0221,-0.2603,-0.0379,-0.0245,-0.379,-0.0539,-0.0219,-0.4517,-0.0684,-0.0174,-0.5096,-0.0804,0.0221,-0.25,-0.0448,0.036,-0.3549,-0.064,0.046,-0.4183,-0.078,0.0539,-0.4732,-0.0888,0.0631,-0.2201,-0.0549,0.09,-0.2957,-0.0737,0.1084,-0.342,-0.0814,0.1238,-0.3854,-0.087
5,Scroll (Open Palm),0.0,0.0,0.0,-0.0715,-0.0286,-0.0348,-0.1322,-0.0799,-0.0562,-0.179,-0.126,-0.0748,-0.224,-0.1535,-0.0937,-0.0683,-0.243,-0.0355,-0.0981,-0.3457,-0.0583,-0.1128,-0.4096,-0.0776,-0.1204,-0.4641,-0.092,-0.0207,-0.2612,-0.0373,-0.0246,-0.3805,-0.0533,-0.0226,-0.454,-0.0681,-0.0178,-0.512,-0.0803,0.0233,-0.2522,-0.0438,0.0365,-0.3594,-0.0624,0.0473,-0.4224,-0.0761,0.0563,-0.475,-0.0867,0.0637,-0.2233,-0.0538,0.0908,-0.298,-0.0719,0.1092,-0.3444,-0.0794,0.125,-0.3864,-0.0847
5,Scroll (Open Palm),0.0,0.0,0.0,-0.0708,-0.0254,-0.0348,-0.1325,-0.0795,-0.0554,-0.1786,-0.1303,-0.0725,-0.2236,-0.1591,-0.0897,-0.0728,-0.2438,-0.0353,-0.1021,-0.3436,-0.0561,-0.1176,-0.405,-0.0739,-0.1271,-0.4586,-0.0879,-0.0254,-0.2616,-0.0367,-0.0282,-0.3797,-0.0519,-0.0261,-0.4515,-0.0658,-0.0215,-0.5091,-0.0775,0.0183,-0.2509,-0.0426,0.0322,-0.3574,-0.0617,0.0415,-0.4205,-0.0759,0.0492,-0.4755,-0.0867,0.059,-0.2202,-0.0519,0.0862,-0.2961,-0.0714,0.1039,-0.3431,-0.0799,0.1187,-0.3876,-0.0858
5,Scroll (Open Palm),0.0,0.0,0.0,-0.0702,-0.0261,-0.0337,-0.131,-0.0811,-0.0537,-0.1781,-0.1311,-0.0707,-0.2236,-0.1592,-0.0879,-0.0717,-0.2434,-0.0338,-0.1018,-0.3423,-0.0548,-0.1174,-0.4046,-0.0727,-0.1261,-0.4584,-0.0867,-0.0251,-0.2616,-0.0358,-0.029,-0.3806,-0.0517,-0.0278,-0.4538,-0.0663,-0.0237,-0.5119,-0.0783,0.0184,-0.2522,-0.0423,0.0304,-0.3581,-0.0619,0.039,-0.4211,-0.0765,0.0462,-0.4755,-0.0874,0.0594,-0.2231,-0.0519,0.0861,-0.2994,-0.0716,0.1047,-0.3466,-0.0801,0.1202,-0.3906,-0.086
5,Scroll (Open Palm),0.0,0.0,0.0,-0.0712,-0.0258,-0.0323,-0.1316,-0.0806,-0.0517,-0.1775,-0.1333,-0.0688,-0.2234,-0.1603,-0.0863,-0.069,-0.245,-0.0313,-0.0989,-0.3452,-0.0529,-0.1138,-0.4084,-0.0716,-0.1209,-0.4623,-0.086,-0.0219,-0.2634,-0.0341,-0.0266,-0.3821,-0.0501,-0.0244,-0.4546,-0.0649,-0.0189,-0.5111,-0.0769,0.0226,-0.2548,-0.0416,0.0336,-0.3617,-0.0606,0.0438,-0.4245,-0.0742,0.0527,-0.4756,-0.0845,0.0642,-0.226,-0.0522,0.0902,-0.3024,-0.0705,0.1085,-0.3497,-0.0781,0.124,-0.3914,-0.0834
5,Scroll (Open Palm),0.0,0.0,0.0,-0.0701,-0.0255,-0.0333,-0.1301,-0.0814,-0.0526,-0.1773,-0.1335,-0.0692,-0.2234,-0.1617,-0.086,-0.0718,-0.244,-0.031,-0.1026,-0.3438,-0.0522,-0.1178,-0.406,-0.0704,-0.1254,-0.459,-0.0843,-0.0246,-0.2637,-0.0331,-0.0298,-0.382,-0.0495,-0.0289,-0.454,-0.0644,-0.0249,-0.5111,-0.0762,0.0191,-0.2564,-0.0398,0.0301,-0.3643,-0.0603,0.0391,-0.4274,-0.0748,0.0464,-0.4795,-0.0853,0.0597,-0.2284,-0.0497,0.0862,-0.3043,-0.0697,0.1045,-0.3509,-0.0783,0.1195,-0.3922,-0.0839
5,Scroll (Open Palm),0.0,0.0,0.0,-0.0695,-0.0254,-0.0369,-0.1315,-0.0809,-0.0572,-0.1809,-0.1305,-0.0739,-0.2278,-0.1593,-0.0903,-0.0758,-0.2428,-0.0322,-0.1088,-0.3372,-0.0523,-0.1253,-0.3974,-0.0701,-0.1338,-0.4505,-0.084,-0.0303,-0.2623,-0.0319,-0.0357,-0.3778,-0.0468,-0.0355,-0.4485,-0.0607,-0.0321,-0.5053,-0.0722,0.0125,-0.2538,-0.0367,0.0211,-0.3573,-0.0557,0.0286,-0.4178,-0.0697,0.0352,-0.4711,-0.0801,0.0533,-0.226,-0.0451,0.077,-0.3017,-0.0642,0.0949,-0.3478,-0.0728,0.1101,-0.3917,-0.0787
5,Scroll (Open Palm),0.0,0.0,0.0,-0.0699,-0.0249,-0.0354,-0.1304,-0.0797,-0.0558,-0.1789,-0.1301,-0.0731,-0.2254,-0.1587,-0.0903,-0.0728,-0.2404,-0.0332,-0.1053,-0.3387,-0.0551,-0.1216,-0.4004,-0.0737,-0.13,-0.4535,-0.0878,-0.0262,-0.2605,-0.0339,-0.0323,-0.3778,-0.0503,-0.032,-0.4495,-0.0648,-0.0285,-0.5067,-0.0764,0.0177,-0.2536,-0.0395,0.0268,-0.3593,-0.0592,0.0346,-0.4217,-0.0727,0.0413,-0.4735,-0.0824,0.0589,-0.2268,-0.0486,0.083,-0.3022,-0.0672,0.0999,-0.3484,-0.0746,0.1141,-0.3893,-0.0794
5,Scroll (Open Palm),0.0,0.0,0.0,-0.0705,-0.026,-0.0365,-0.1314,-0.0795,-0.057,-0.18,-0.1285,-0.0742,-0.2263,-0.1586,-0.0911,-0.076,-0.2392,-0.0304,-0.1081,-0.333,-0.0501,-0.1251,-0.3929,-0.0672,-0.1344,-0.4453,-0.0809,-0.0304,-0.2582,-0.0305,-0.0363,-0.3723,-0.0453,-0.0365,-0.4418,-0.0592,-0.0331,-0.4986,-0.0706,0.0124,-0.2499,-0.0358,0.021,-0.3523,-0.0554,0.0279,-0.413,-0.0696,0.0342,-0.4667,-0.0801,0.0531,-0.2227,-0.0446,0.077,-0.2967,-0.0644,0.0946,-0.342,-0.0732,0.1099,-0.3856,-0.0792
5,Scroll (Open Palm),0.0,0.0,0.0,-0.0693,-0.0244,-0.0346,-0.1291,-0.0769,-0.0544,-0.1768,-0.1254,-0.0713,-0.2226,-0.1539,-0.088,-0.0735,-0.2357,-0.0312,-0.1049,-0.3318,-0.0523,-0.1217,-0.3926,-0.0702,-0.1311,-0.4447,-0.0837,-0.0276,-0.2556,-0.0321,-0.0349,-0.3702,-0.048,-0.0356,-0.4413,-0.0621,-0.0328,-0.4984,-0.0733,0.0161,-0.249,-0.038,0.0237,-0.3524,-0.0576,0.0312,-0.4144,-0.071,0.038,-0.4662,-0.0805,0.0576,-0.2228,-0.0473,0.0815,-0.2962,-0.066,0.0986,-0.3419,-0.0734,0.1133,-0.3827,-0.0782
5,Scroll (Open Palm),0.0,0.0,0.0,-0.0707,-0.0258,-0.0364,-0.1315,-0.0796,-0.0574,-0.1801,-0.1288,-0.075,-0.227,-0.1574,-0.0923,-0.0764,-0.2363,-0.032,-0.1089,-0.3309,-0.0527,-0.1264,-0.3916,-0.0705,-0.1363,-0.4443,-0.0843,-0.0309,-0.255,-0.0322,-0.0367,-0.3699,-0.0478,-0.037,-0.4415,-0.0619,-0.0342,-0.4998,-0.0732,0.012,-0.2469,-0.0375,0.0197,-0.3502,-0.0573,0.026,-0.4112,-0.0711,0.0315,-0.4644,-0.0812,0.0527,-0.2199,-0.0463,0.0763,-0.2944,-0.0659,0.0934,-0.3396,-0.0742,0.108,-0.3821,-0.0796
5,Scroll (Open Palm),0.0,0.0,0.0,-0.0696,-0.0245,-0.0365,-0.1298,-0.0771,-0.0576,-0.1784,-0.127,-0.0756,-0.2249,-0.1575,-0.0932,-0.0742,-0.2351,-0.0329,-0.1065,-0.3311,-0.055,-0.123,-0.3923,-0.0735,-0.1316,-0.4448,-0.0874,-0.0289,-0.2557,-0.033,-0.0362,-0.3709,-0.0499,-0.037,-0.4432,-0.0643,-0.034,-0.5012,-0.0756,0.0143,-0.2498,-0.0383,0.0215,-0.3531,-0.0583,0.0284,-0.4139,-0.0715,0.0347,-0.4647,-0.0809,0.0555,-0.224,-0.0471,0.0793,-0.2965,-0.0661,0.0963,-0.3422,-0.0738,0.1109,-0.3833,-0.0788
5,Scroll (Open Palm),0.0,0.0,0.0,-0.0709,-0.0245,-0.0375,-0.1319,-0.0787,-0.0591,-0.1803,-0.1288,-0.0774,-0.227,-0.1593,-0.095,-0.0762,-0.2388,-0.031,-0.1096,-0.3318,-0.0517,-0.1268,-0.3917,-0.0695,-0.136,-0.4437,-0.0833,-0.0304,-0.2584,-0.0309,-0.0368,-0.3721,-0.0461,-0.0376,-0.4436,-0.0597,-0.0349,-0.502,-0.0706,0.0132,-0.25,-0.0361,0.0199,-0.3524,-0.0553,0.0256,-0.4126,-0.068,0.0307,-0.4647,-0.0773,0.0547,-0.2221,-0.0451,0.077,-0.2952,-0.0637,0.0929,-0.3403,-0.0711,0.1066,-0.3827,-0.076
5,Scroll (Open Palm),0.0,0.0,0.0,-0.0698,-0.0248,-0.0352,-0.1297,-0.0785,-0.0554,-0.1788,-0.127,-0.0726,-0.2255,-0.1563,-0.0895,-0.0755,-0.2381,-0.0286,-0.108,-0.3315,-0.0486,-0.1252,-0.3909,-0.0658,-0.1349,-0.4426,-0.0793,-0.0301,-0.2581,-0.0293,-0.0368,-0.3717,-0.0442,-0.0377,-0.442,-0.0574,-0.0357,-0.4989,-0.068,0.0134,-0.2506,-0.0352,0.0199,-0.3538,-0.0546,0.0258,-0.4145,-0.0675,0.0306,-0.4666,-0.0768,0.055,-0.2236,-0.0446,0.078,-0.2972,-0.0636,0.0944,-0.3424,-0.0713,0.1079,-0.3845,-0.0764
5,Scroll (Open Palm),0.0,0.0,0.0,-0.0703,-0.0245,-0.0366,-0.1298,-0.078,-0.0573,-0.1783,-0.1274,-0.075,-0.2256,-0.1565,-0.0922,-0.0736,-0.2362,-0.0305,-0.106,-0.3313,-0.0517,-0.1236,-0.3922,-0.0698,-0.1337,-0.4447,-0.0835,-0.0283,-0.2569,-0.0304,-0.0354,-0.37,-0.0459,-0.0364,-0.4403,-0.0593,-0.0346,-0.4974,-0.0701,0.0152,-0.2508,-0.0356,0.0218,-0.3529,-0.0546,0.0282,-0.4136,-0.0669,0.0332,-0.4654,-0.0757,0.0567,-0.2248,-0.0446,0.08,-0.297,-0.0626,0.096,-0.3427,-0.0697,0.1094,-0.3848,-0.0743
5,Scroll (Open Palm),0.0,0.0,0.0,-0.0706,-0.0252,-0.0356,-0.131,-0.0805,-0.0558,-0.1797,-0.1304,-0.0732,-0.2266,-0.1604,-0.0902,-0.075,-0.2404,-0.0282,-0.1078,-0.3349,-0.0484,-0.1253,-0.3952,-0.0661,-0.1355,-0.4476,-0.0798,-0.0303,-0.2604,-0.0287,-0.0379,-0.3733,-0.0436,-0.039,-0.4444,-0.0568,-0.0371,-0.5012,-0.0674,0.0129,-0.2528,-0.0347,0.019,-0.355,-0.0535,0.0251,-0.4159,-0.0661,0.0302,-0.4674,-0.0752,0.0541,-0.2261,-0.0444,0.0765,-0.2999,-0.0625,0.093,-0.345,-0.0697,0.1071,-0.3862,-0.0746
5,Scroll (Open Palm),0.0,0.0,0.0,-0.0706,-0.0249,-0.0374,-0.131,-0.0801,-0.058,-0.1799,-0.1304,-0.0754,-0.2277,-0.1603,-0.0922,-0.0755,-0.2403,-0.0289,-0.1082,-0.3354,-0.0497,-0.126,-0.396,-0.0676,-0.1368,-0.4481,-0.0812,-0.0306,-0.2613,-0.0284,-0.0384,-0.3739,-0.0433,-0.0397,-0.4445,-0.0566,-0.0382,-0.5013,-0.067,0.0126,-0.2549,-0.0334,0.0189,-0.3561,-0.052,0.0254,-0.4163,-0.0638,0.0306,-0.4672,-0.0723,0.0541,-0.2288,-0.0423,0.077,-0.3007,-0.0598,0.0932,-0.3463,-0.0666,0.107,-0.3881,-0.0709
5,Scroll (Open Palm),0.0,0.0,0.0,-0.0706,-0.0249,-0.037,-0.1309,-0.0807,-0.0575,-0.1798,-0.1313,-0.0748,-0.2277,-0.1612,-0.0915,-0.0753,-0.2411,-0.0287,-0.1078,-0.3363,-0.0492,-0.1255,-0.3968,-0.0669,-0.1362,-0.4489,-0.0804,-0.0303,-0.2617,-0.0284,-0.0378,-0.3747,-0.0432,-0.0392,-0.4454,-0.0563,-0.0376,-0.5023,-0.0668,0.0129,-0.2549,-0.0335,0.0194,-0.3566,-0.0521,0.0258,-0.4169,-0.0641,0.0308,-0.468,-0.0727,0.0543,-0.2286,-0.0425,0.0774,-0.3008,-0.0602,0.0938,-0.3466,-0.0671,0.1076,-0.3885,-0.0715
5,Scroll (Open Palm),0.0,0.0,0.0,-0.0704,-0.0255,-0.0382,-0.1302,-0.0787,-0.0598,-0.1781,-0.1298,-0.0784,-0.2253,-0.1602,-0.0966,-0.0732,-0.2389,-0.0305,-0.1059,-0.3332,-0.0529,-0.1238,-0.3943,-0.0724,-0.1343,-0.4466,-0.0872,-0.0284,-0.2603,-0.0303,-0.0368,-0.3731,-0.0469,-0.0383,-0.4437,-0.0617,-0.0364,-0.5006,-0.0733,0.0149,-0.2543,-0.0355,0.0207,-0.3571,-0.0552,0.0277,-0.4176,-0.0678,0.0335,-0.4685,-0.0769,0.0565,-0.2278,-0.0448,0.0782,-0.2996,-0.0627,0.0939,-0.345,-0.0696,0.1076,-0.386,-0.0742
5,Scroll (Open Palm),0.0,0.0,0.0,-0.0696,-0.027,-0.0348,-0.1289,-0.0809,-0.0548,-0.1774,-0.1298,-0.0723,-0.2244,-0.159,-0.0895,-0.0723,-0.2398,-0.0264,-0.105,-0.3334,-0.047,-0.123,-0.394,-0.0651,-0.1336,-0.4456,-0.079,-0.0279,-0.2606,-0.0272,-0.035,-0.373,-0.0417,-0.0361,-0.4431,-0.0549,-0.0346,-0.4987,-0.0654,0.0153,-0.2543,-0.0333,0.0223,-0.357,-0.0514,0.029,-0.4174,-0.0631,0.0341,-0.4681,-0.0717,0.0566,-0.2277,-0.0432,0.0796,-0.2994,-0.06,0.0956,-0.345,-0.0663,0.1093,-0.3864,-0.0705
5,Scroll (Open Palm),0.0,0.0,0.0,-0.0701,-0.0232,-0.0377,-0.1314,-0.0784,-0.0587,-0.1817,-0.1286,-0.0765,-0.2291,-0.1589,-0.0939,-0.0751,-0.2418,-0.0306,-0.108,-0.3361,-0.0528,-0.1263,-0.397,-0.0725,-0.1379,-0.4487,-0.0876,-0.0308,-0.2615,-0.0304,-0.04,-0.3733,-0.0469,-0.0417,-0.4437,-0.0617,-0.0405,-0.5002,-0.0734,0.012,-0.2545,-0.0357,0.0173,-0.3559,-0.0555,0.0253,-0.4164,-0.0685,0.0318,-0.4682,-0.0778,0.0533,-0.2278,-0.045,0.0744,-0.301,-0.0633,0.0906,-0.3459,-0.0705,0.1049,-0.3867,-0.0753
5,Scroll (Open Palm),0.0,0.0,0.0,-0.0699,-0.0244,-0.0366,-0.1302,-0.0775,-0.0577,-0.1788,-0.1284,-0.0756,-0.226,-0.1586,-0.0931,-0.0756,-0.239,-0.0313,-0.1085,-0.3345,-0.0527,-0.1258,-0.3958,-0.071,-0.1353,-0.4484,-0.0852,-0.0307,-0.2594,-0.0316,-0.0389,-0.3735,-0.048,-0.0398,-0.444,-0.0625,-0.0373,-0.5005,-0.074,0.0127,-0.2526,-0.0372,0.0191,-0.356,-0.0576,0.0263,-0.4173,-0.0713,0.0325,-0.4687,-0.0812,0.0543,-0.2261,-0.0464,0.0764,-0.3004,-0.0657,0.093,-0.3459,-0.0736,0.1071,-0.387,-0.079
5,Scroll (Open Palm),0.0,0.0,0.0,-0.0677,-0.0224,-0.0357,-0.1279,-0.0743,-0.0564,-0.1777,-0.1215,-0.0744,-0.2243,-0.1494,-0.0925,-0.0722,-0.239,-0.0317,-0.1041,-0.3344,-0.0548,-0.1215,-0.3952,-0.075,-0.1317,-0.4473,-0.0903,-0.0278,-0.2593,-0.0326,-0.0363,-0.3733,-0.0497,-0.0372,-0.4446,-0.0649,-0.0348,-0.5015,-0.077,0.0152,-0.2527,-0.0387,0.0215,-0.3563,-0.0588,0.0297,-0.4178,-0.0722,0.0366,-0.4699,-0.0819,0.0566,-0.226,-0.0485,0.0787,-0.3003,-0.0671,0.095,-0.3463,-0.0745,0.1092,-0.388,-0.0794
5,Scroll (Open Palm),0.0,0.0,0.0,-0.0691,-0.0237,-0.0362,-0.1283,-0.0743,-0.058,-0.1774,-0.1231,-0.0769,-0.2243,-0.1532,-0.0957,-0.0727,-0.2368,-0.0316,-0.1046,-0.3322,-0.054,-0.1215,-0.3929,-0.0734,-0.1308,-0.4453,-0.0881,-0.0275,-0.258,-0.0324,-0.0351,-0.373,-0.0492,-0.0357,-0.4439,-0.0641,-0.0332,-0.5005,-0.076,0.0159,-0.2514,-0.0386,0.0226,-0.3551,-0.0587,0.0297,-0.4168,-0.0723,0.0354,-0.4686,-0.0823,0.0575,-0.2249,-0.0483,0.0797,-0.2994,-0.0671,0.096,-0.3448,-0.0747,0.1098,-0.3856,-0.0799
5,Scroll (Open Palm),0.0,0.0,0.0,-0.069,-0.023,-0.035,-0.13,-0.0771,-0.0549,-0.1793,-0.1249,-0.072,-0.2246,-0.1532,-0.089,-0.0743,-0.2437,-0.0301,-0.107,-0.3403,-0.0525,-0.1238,-0.4023,-0.0723,-0.1329,-0.4547,-0.0871,-0.0296,-0.2639,-0.0311,-0.0376,-0.3787,-0.0473,-0.0383,-0.4506,-0.062,-0.0359,-0.5073,-0.0735,0.0133,-0.2573,-0.0374,0.0204,-0.3613,-0.0563,0.0281,-0.4232,-0.0696,0.0345,-0.4752,-0.0792,0.0542,-0.2303,-0.0475,0.0769,-0.3041,-0.065,0.0929,-0.35,-0.0722,0.1066,-0.3918,-0.077
5,Scroll (Open Palm),0.0,0.0,0.0,-0.0715,-0.0248,-0.0335,-0.1339,-0.0765,-0.0535,-0.1821,-0.1233,-0.0709,-0.2279,-0.1456,-0.0887,-0.0742,-0.2378,-0.0328,-0.1058,-0.3369,-0.0549,-0.1226,-0.4,-0.0739,-0.1324,-0.4542,-0.0885,-0.029,-0.258,-0.035,-0.0339,-0.3756,-0.0516,-0.0327,-0.4486,-0.0667,-0.0288,-0.5072,-0.0789,0.0137,-0.2519,-0.0418,0.0223,-0.3578,-0.0618,0.0306,-0.4212,-0.0765,0.0379,-0.4744,-0.0874,0.0543,-0.2259,-0.052,0.0785,-0.3009,-0.0714,0.0965,-0.347,-0.0799,0.1121,-0.3884,-0.0858
5,Scroll (Open Palm),0.0,0.0,0.0,-0.069,-0.0231,-0.0369,-0.1289,-0.0762,-0.058,-0.1772,-0.1265,-0.0755,-0.2236,-0.1568,-0.0927,-0.0745,-0.2355,-0.0325,-0.1063,-0.3286,-0.0532,-0.1232,-0.3877,-0.0711,-0.1328,-0.4399,-0.0851,-0.0291,-0.2554,-0.0325,-0.0351,-0.37,-0.0476,-0.0356,-0.4394,-0.061,-0.0331,-0.4959,-0.0721,0.0139,-0.2475,-0.0376,0.0213,-0.3503,-0.0567,0.0276,-0.4113,-0.0699,0.0332,-0.4642,-0.0797,0.0547,-0.22,-0.0462,0.0772,-0.2941,-0.0653,0.0935,-0.3385,-0.0731,0.1073,-0.3799,-0.0783
5,Scroll (Open Palm),0.0,0.0,0.0,-0.0683,-0.0218,-0.036,-0.1273,-0.0731,-0.0568,-0.175,-0.1231,-0.0745,-0.2206,-0.1528,-0.092,-0.0724,-0.2342,-0.0323,-0.1041,-0.3294,-0.0541,-0.1211,-0.3896,-0.0727,-0.1305,-0.4417,-0.087,-0.0275,-0.2548,-0.0326,-0.0351,-0.368,-0.0489,-0.0358,-0.4372,-0.0633,-0.0331,-0.4928,-0.0748,0.0155,-0.2484,-0.0379,0.0223,-0.3504,-0.0577,0.0295,-0.4113,-0.071,0.0357,-0.4623,-0.0808,0.0567,-0.2222,-0.0468,0.0792,-0.2953,-0.0656,0.0956,-0.3401,-0.0734,0.1096,-0.3805,-0.0786
5,Scroll (Open Palm),0.0,0.0,0.0,-0.0687,-0.025,-0.0356,-0.1282,-0.0804,-0.0562,-0.1768,-0.1311,-0.0738,-0.2236,-0.1603,-0.0911,-0.0748,-0.2382,-0.0303,-0.1063,-0.3313,-0.0507,-0.1235,-0.3912,-0.0686,-0.1333,-0.4433,-0.0826,-0.0297,-0.2575,-0.0309,-0.0351,-0.3705,-0.046,-0.0355,-0.4407,-0.0598,-0.0331,-0.498,-0.0709,0.0134,-0.2495,-0.0366,0.0204,-0.3517,-0.0556,0.0267,-0.4124,-0.0687,0.0321,-0.4651,-0.0784,0.0543,-0.2223,-0.0458,0.0767,-0.2957,-0.0644,0.0935,-0.3405,-0.072,0.1081,-0.3819,-0.0771
5,Scroll (Open Palm),0.0,0.0,0.0,-0.069,-0.026,-0.0355,-0.1284,-0.0803,-0.0563,-0.1773,-0.1309,-0.0741,-0.2239,-0.1616,-0.0914,-0.0734,-0.2384,-0.0301,-0.1055,-0.3331,-0.0517,-0.1218,-0.3933,-0.0702,-0.1301,-0.4452,-0.0843,-0.0284,-0.2587,-0.0306,-0.0357,-0.3722,-0.0467,-0.0362,-0.4428,-0.0609,-0.0334,-0.4996,-0.0722,0.0151,-0.2523,-0.0362,0.0212,-0.3545,-0.0556,0.0279,-0.4153,-0.0686,0.0337,-0.466,-0.0779,0.0566,-0.2261,-0.0455,0.0792,-0.2991,-0.0634,0.0958,-0.3442,-0.0705,0.1101,-0.3843,-0.0752
5,Scroll (Open Palm),0.0,0.0,0.0,-0.0683,-0.0253,-0.0362,-0.1283,-0.0785,-0.0567,-0.1775,-0.1273,-0.074,-0.2232,-0.1582,-0.0909,-0.076,-0.2373,-0.0304,-0.1083,-0.3316,-0.0517,-0.125,-0.3917,-0.0698,-0.1341,-0.4431,-0.0835,-0.0314,-0.2576,-0.0304,-0.0391,-0.3701,-0.0462,-0.0399,-0.4403,-0.06,-0.0373,-0.4962,-0.0707,0.0119,-0.251,-0.0357,0.0183,-0.3522,-0.0549,0.0247,-0.4124,-0.0675,0.0303,-0.4628,-0.0764,0.0531,-0.2248,-0.0445,0.0752,-0.2972,-0.0624,0.0908,-0.3421,-0.0694,0.1041,-0.3824,-0.0739
5,Scroll (Open Palm),0.0,0.0,0.0,-0.0692,-0.0261,-0.0355,-0.1307,-0.0814,-0.0549,-0.1802,-0.1291,-0.071,-0.2261,-0.1583,-0.0866,-0.0766,-0.2394,-0.0286,-0.1092,-0.3334,-0.048,-0.1267,-0.3931,-0.0647,-0.137,-0.4439,-0.0777,-0.0318,-0.2588,-0.0284,-0.0387,-0.3717,-0.0427,-0.0395,-0.4424,-0.0554,-0.0371,-0.4981,-0.0655,0.011,-0.2514,-0.0336,0.0178,-0.353,-0.0521,0.0235,-0.4133,-0.0651,0.0283,-0.4641,-0.0744,0.0516,-0.2255,-0.0423,0.0747,-0.2977,-0.0607,0.0905,-0.3428,-0.0686,0.104,-0.3847,-0.0738
5,Scroll (Open Palm),0.0,0.0,0.0,-0.0699,-0.0286,-0.0353,-0.1295,-0.0822,-0.056,-0.1797,-0.1295,-0.0741,-0.2275,-0.1573,-0.0917,-0.0748,-0.2381,-0.0284,-0.1073,-0.3336,-0.0494,-0.1256,-0.3944,-0.0673,-0.1369,-0.4457,-0.0809,-0.0305,-0.2578,-0.029,-0.0386,-0.3704,-0.0444,-0.0396,-0.44,-0.0577,-0.0376,-0.4955,-0.0682,0.0125,-0.2514,-0.035,0.0184,-0.3536,-0.0538,0.0247,-0.4135,-0.0656,0.0299,-0.4633,-0.0741,0.0537,-0.2259,-0.0446,0.0765,-0.2987,-0.0621,0.0924,-0.3446,-0.0687,0.1058,-0.386,-0.073
5,Scroll (Open Palm),0.0,0.0,0.0,-0.0706,-0.0267,-0.0356,-0.1321,-0.0827,-0.0551,-0.1819,-0.1299,-0.0716,-0.2277,-0.1604,-0.0874,-0.0794,-0.2395,-0.0279,-0.1126,-0.3329,-0.048,-0.1305,-0.3929,-0.0651,-0.1414,-0.4441,-0.0781,-0.0351,-0.2592,-0.0279,-0.0422,-0.3713,-0.0425,-0.0429,-0.4413,-0.0549,-0.0406,-0.4965,-0.0647,0.008,-0.2518,-0.0335,0.0132,-0.3536,-0.0526,0.0186,-0.4135,-0.0651,0.0234,-0.4644,-0.0739,0.0495,-0.2256,-0.0426,0.0726,-0.2999,-0.0613,0.089,-0.3457,-0.0691,0.1029,-0.3883,-0.0741
5,Scroll (Open Palm),0.0,0.0,0.0,-0.0712,-0.0268,-0.0346,-0.1323,-0.082,-0.0542,-0.1817,-0.1307,-0.0711,-0.2279,-0.1609,-0.0873,-0.0785,-0.2396,-0.0276,-0.1125,-0.3345,-0.0483,-0.1316,-0.3947,-0.0661,-0.1438,-0.4456,-0.0794,-0.0342,-0.2596,-0.0282,-0.0435,-0.3722,-0.0435,-0.0456,-0.4421,-0.0566,-0.0441,-0.4974,-0.0669,0.009,-0.2532,-0.0342,0.0138,-0.3554,-0.053,0.0194,-0.4162,-0.0652,0.0244,-0.4668,-0.0738,0.0509,-0.2278,-0.0438,0.0729,-0.3019,-0.0614,0.0883,-0.3478,-0.0682,0.1016,-0.3891,-0.0726
5,Scroll (Open Palm),0.0,0.0,0.0,-0.07,-0.0263,-0.0357,-0.1319,-0.0804,-0.0552,-0.1817,-0.1284,-0.0718,-0.2269,-0.159,-0.0879,-0.0771,-0.2398,-0.0283,-0.1103,-0.3331,-0.0486,-0.1286,-0.3929,-0.0661,-0.1401,-0.4442,-0.0795,-0.0324,-0.2594,-0.0285,-0.0399,-0.3724,-0.0434,-0.0415,-0.4432,-0.0563,-0.0398,-0.4994,-0.0664,0.0108,-0.2518,-0.0341,0.0157,-0.3537,-0.0533,0.0207,-0.4147,-0.0661,0.0253,-0.4665,-0.0752,0.0523,-0.2252,-0.0434,0.0747,-0.2983,-0.062,0.0905,-0.3439,-0.0697,0.1041,-0.3862,-0.0748
5,Scroll (Open Palm),0.0,0.0,0.0,-0.0716,-0.0263,-0.0346,-0.1333,-0.081,-0.0539,-0.182,-0.1301,-0.0703,-0.2287,-0.1581,-0.0863,-0.0774,-0.241,-0.0272,-0.1097,-0.3349,-0.0471,-0.1278,-0.3944,-0.0647,-0.1394,-0.4458,-0.0783,-0.0328,-0.2604,-0.0278,-0.0407,-0.3729,-0.0422,-0.042,-0.4427,-0.0552,-0.0403,-0.4983,-0.0657,0.0106,-0.2528,-0.0338,0.0159,-0.3546,-0.0519,0.0214,-0.4154,-0.0644,0.0261,-0.4665,-0.0735,0.0525,-0.2265,-0.0433,0.0743,-0.3012,-0.0605,0.0896,-0.3468,-0.0674,0.1026,-0.3886,-0.0722
5,Scroll (Open Palm),0.0,0.0,0.0,-0.0714,-0.0263,-0.0329,-0.1334,-0.0828,-0.0509,-0.1831,-0.1319,-0.0664,-0.23,-0.1589,-0.0815,-0.0772,-0.2423,-0.0251,-0.1104,-0.3368,-0.0446,-0.1288,-0.3968,-0.0621,-0.1406,-0.448,-0.0756,-0.0326,-0.2619,-0.0262,-0.0407,-0.3736,-0.0401,-0.0425,-0.4432,-0.053,-0.0415,-0.4982,-0.0633,0.0108,-0.2546,-0.0326,0.0158,-0.3561,-0.05,0.0213,-0.4168,-0.0619,0.0259,-0.4677,-0.0707,0.0525,-0.2283,-0.0425,0.0745,-0.3012,-0.059,0.0897,-0.3468,-0.0655,0.1029,-0.3883,-0.07
5,Scroll (Open Palm),0.0,0.0,0.0,-0.0712,-0.0257,-0.034,-0.1329,-0.0803,-0.0528,-0.1823,-0.129,-0.069,-0.2295,-0.1562,-0.0849,-0.077,-0.238,-0.0267,-0.1098,-0.3325,-0.0471,-0.1279,-0.3934,-0.0651,-0.1394,-0.4447,-0.0786,-0.0326,-0.2579,-0.0274,-0.0407,-0.3697,-0.0422,-0.0425,-0.4392,-0.0554,-0.0413,-0.4945,-0.0659,0.0106,-0.2517,-0.0333,0.016,-0.353,-0.0513,0.022,-0.4136,-0.0632,0.027,-0.4643,-0.0719,0.0524,-0.2262,-0.0429,0.0746,-0.2987,-0.0593,0.09,-0.3442,-0.0656,0.1035,-0.3853,-0.0698
5,Scroll (Open Palm),0.0,0.0,0.0,-0.0691,-0.0267,-0.0352,-0.1294,-0.0809,-0.0563,-0.1778,-0.1296,-0.0747,-0.2236,-0.1607,-0.0928,-0.0757,-0.2417,-0.0304,-0.107,-0.3365,-0.0527,-0.1246,-0.3977,-0.0721,-0.1357,-0.4485,-0.0864,-0.0313,-0.2603,-0.0316,-0.04,-0.373,-0.0482,-0.0409,-0.4441,-0.0626,-0.0385,-0.499,-0.0736,0.0119,-0.2533,-0.038,0.0164,-0.3555,-0.0575,0.0242,-0.4166,-0.07,0.0312,-0.4667,-0.0788,0.054,-0.2275,-0.048,0.0757,-0.3025,-0.0655,0.0921,-0.3483,-0.0721,0.1063,-0.3876,-0.0763
5,Scroll (Open Palm),0.0,0.0,0.0,-0.0703,-0.0249,-0.0368,-0.1314,-0.0816,-0.0575,-0.1814,-0.1338,-0.0753,-0.2293,-0.1625,-0.0927,-0.075,-0.2431,-0.0287,-0.1067,-0.337,-0.0503,-0.1247,-0.3981,-0.0697,-0.1354,-0.4491,-0.0844,-0.0309,-0.2619,-0.0289,-0.0397,-0.3743,-0.0451,-0.0406,-0.4453,-0.0595,-0.0378,-0.5009,-0.0706,0.012,-0.2549,-0.0345,0.0175,-0.3574,-0.0539,0.0254,-0.4184,-0.0665,0.0326,-0.4687,-0.0752,0.0536,-0.229,-0.0442,0.076,-0.304,-0.0615,0.0917,-0.3508,-0.0684,0.1059,-0.3916,-0.0729
5,Scroll (Open Palm),0.0,0.0,0.0,-0.0687,-0.0253,-0.0368,-0.131,-0.0798,-0.0579,-0.1812,-0.1276,-0.0758,-0.2273,-0.1577,-0.0934,-0.0755,-0.2416,-0.0327,-0.1073,-0.3368,-0.0553,-0.1236,-0.3976,-0.0749,-0.1327,-0.4489,-0.0897,-0.0312,-0.2606,-0.0332,-0.04,-0.3734,-0.0507,-0.0399,-0.4447,-0.0658,-0.0362,-0.5006,-0.0775,0.0114,-0.2534,-0.0389,0.0172,-0.356,-0.0598,0.0261,-0.4174,-0.0738,0.0343,-0.4686,-0.0835,0.0527,-0.2268,-0.0483,0.0754,-0.3024,-0.0678,0.0927,-0.3489,-0.0759,0.108,-0.3898,-0.0811
5,Scroll (Open Palm),0.0,0.0,0.0,-0.0689,-0.0266,-0.0347,-0.1289,-0.0782,-0.0554,-0.1781,-0.1249,-0.0733,-0.2238,-0.1539,-0.0911,-0.0737,-0.2365,-0.031,-0.1054,-0.3316,-0.0529,-0.1216,-0.3922,-0.0716,-0.1303,-0.4439,-0.0856,-0.0289,-0.2563,-0.0322,-0.0356,-0.3704,-0.0488,-0.036,-0.4405,-0.0634,-0.0336,-0.4956,-0.0747,0.0145,-0.2496,-0.0384,0.0215,-0.3524,-0.0588,0.0291,-0.4145,-0.0729,0.0356,-0.4663,-0.0827,0.0562,-0.2232,-0.048,0.0798,-0.2983,-0.0672,0.0972,-0.3434,-0.075,0.1118,-0.3829,-0.0799
5,Scroll (Open Palm),0.0,0.0,0.0,-0.0693,-0.0245,-0.0352,-0.1304,-0.0815,-0.0551,-0.1793,-0.1301,-0.0722,-0.2251,-0.1581,-0.0891,-0.0755,-0.2429,-0.03,-0.1063,-0.3372,-0.0515,-0.1219,-0.3971,-0.0707,-0.1306,-0.448,-0.0855,-0.0305,-0.262,-0.0314,-0.0388,-0.3759,-0.0484,-0.038,-0.4477,-0.0638,-0.034,-0.5043,-0.0758,0.0122,-0.2548,-0.0379,0.0182,-0.3579,-0.0589,0.0276,-0.4199,-0.0734,0.0357,-0.4723,-0.0837,0.0531,-0.2283,-0.0481,0.0766,-0.3037,-0.0676,0.0943,-0.3501,-0.0762,0.1096,-0.3917,-0.0819
5,Scroll (Open Palm),0.0,0.0,0.0,-0.0701,-0.0253,-0.0333,-0.1317,-0.0796,-0.0527,-0.1795,-0.1257,-0.0697,-0.2243,-0.1501,-0.0867,-0.0767,-0.2432,-0.0298,-0.109,-0.3396,-0.0516,-0.1249,-0.4012,-0.0707,-0.1333,-0.4529,-0.0852,-0.0317,-0.2624,-0.0323,-0.0409,-0.3777,-0.0491,-0.0405,-0.4504,-0.0641,-0.0363,-0.5067,-0.076,0.0109,-0.2556,-0.0399,0.0175,-0.3596,-0.0605,0.0271,-0.4228,-0.0753,0.0362,-0.4759,-0.0859,0.0514,-0.2293,-0.0508,0.0754,-0.3041,-0.0702,0.0936,-0.3505,-0.0789,0.1096,-0.3922,-0.0849
5,Scroll (Open Palm),0.0,0.0,0.0,-0.0721,-0.0294,-0.0294,-0.1337,-0.0851,-0.0465,-0.1812,-0.1314,-0.0617,-0.2252,-0.157,-0.0773,-0.078,-0.2434,-0.0249,-0.1113,-0.3409,-0.0453,-0.1277,-0.403,-0.0633,-0.1366,-0.4557,-0.077,-0.033,-0.2639,-0.0286,-0.0404,-0.3815,-0.044,-0.0409,-0.4548,-0.059,-0.038,-0.5124,-0.0707,0.0101,-0.2579,-0.037,0.0172,-0.3647,-0.056,0.0252,-0.4292,-0.0708,0.0326,-0.4826,-0.0815,0.0507,-0.2314,-0.0485,0.0746,-0.3062,-0.0665,0.0921,-0.3533,-0.0745,0.1072,-0.395,-0.0799
5,Scroll (Open Palm),0.0,0.0,0.0,-0.0717,-0.0272,-0.0324,-0.134,-0.0772,-0.0523,-0.1814,-0.1198,-0.0698,-0.2246,-0.1457,-0.0876,-0.0778,-0.2409,-0.0317,-0.1091,-0.3395,-0.054,-0.1257,-0.4023,-0.0733,-0.1358,-0.4557,-0.0878,-0.0327,-0.2588,-0.0348,-0.0409,-0.3742,-0.052,-0.0404,-0.4468,-0.0672,-0.0364,-0.5043,-0.0793,0.0096,-0.2515,-0.0427,0.018,-0.3567,-0.064,0.0276,-0.4195,-0.0785,0.0364,-0.4729,-0.0888,0.05,-0.2252,-0.0539,0.0751,-0.3005,-0.0742,0.0938,-0.3476,-0.0828,0.1104,-0.3908,-0.0885
5,Scroll (Open Palm),0.0,0.0,0.0,-0.0722,-0.0264,-0.0322,-0.1336,-0.0753,-0.0518,-0.1803,-0.1204,-0.0689,-0.2225,-0.1498,-0.0861,-0.0769,-0.2359,-0.032,-0.1091,-0.3362,-0.0542,-0.1262,-0.3997,-0.0729,-0.1363,-0.4534,-0.0869,-0.0321,-0.2552,-0.0345,-0.0386,-0.3725,-0.0513,-0.0379,-0.4446,-0.0662,-0.0335,-0.5022,-0.0779,0.0103,-0.2489,-0.0416,0.0185,-0.3562,-0.0617,0.0276,-0.4199,-0.0759,0.0363,-0.4732,-0.0861,0.0502,-0.2227,-0.0518,0.0749,-0.2977,-0.0713,0.0926,-0.3438,-0.0793,0.1084,-0.3848,-0.0844
5,Scroll (Open Palm),0.0,0.0,0.0,-0.0707,-0.0233,-0.0354,-0.1329,-0.0724,-0.0567,-0.1795,-0.1163,-0.0749,-0.2215,-0.1453,-0.0933,-0.0742,-0.2373,-0.0371,-0.1053,-0.3376,-0.0611,-0.1214,-0.4016,-0.081,-0.1305,-0.4565,-0.096,-0.0291,-0.2553,-0.039,-0.0363,-0.3708,-0.058,-0.0348,-0.4443,-0.0745,-0.0298,-0.5038,-0.0877,0.0128,-0.2478,-0.0456,0.0232,-0.3529,-0.0686,0.0345,-0.4164,-0.085,0.0449,-0.4703,-0.0965,0.0516,-0.2207,-0.0555,0.0767,-0.2954,-0.078,0.0957,-0.3424,-0.0884,0.1125,-0.3855,-0.0952
5,Scroll (Open Palm),0.0,0.0,0.0,-0.0724,-0.0248,-0.0348,-0.1329,-0.0719,-0.0564,-0.1794,-0.1174,-0.0751,-0.2222,-0.1488,-0.0938,-0.0739,-0.2335,-0.0349,-0.1052,-0.333,-0.058,-0.121,-0.3948,-0.0773,-0.1302,-0.449,-0.092,-0.0283,-0.2525,-0.0369,-0.0331,-0.3675,-0.0547,-0.0319,-0.439,-0.0707,-0.0281,-0.4982,-0.0839,0.0132,-0.2448,-0.0437,0.0234,-0.35,-0.065,0.0329,-0.4126,-0.0807,0.0413,-0.4664,-0.0925,0.0519,-0.2173,-0.0538,0.0786,-0.2894,-0.075,0.0971,-0.336,-0.0851,0.113,-0.3794,-0.0921
5,Scroll (Open Palm),0.0,0.0,0.0,-0.0693,-0.0271,-0.0303,-0.131,-0.0789,-0.0495,-0.1777,-0.125,-0.0663,-0.2221,-0.1485,-0.0836,-0.0744,-0.2364,-0.0328,-0.1043,-0.3341,-0.0541,-0.1206,-0.3951,-0.0722,-0.1322,-0.4476,-0.086,-0.0295,-0.2535,-0.0363,-0.0323,-0.37,-0.0528,-0.0306,-0.4406,-0.0674,-0.0273,-0.4984,-0.079,0.0126,-0.2445,-0.0439,0.0223,-0.3494,-0.0637,0.0316,-0.4119,-0.0777,0.0401,-0.4655,-0.0879,0.052,-0.216,-0.0543,0.0772,-0.2907,-0.0734,0.0958,-0.3361,-0.081,0.1121,-0.3769,-0.0859
5,Scroll (Open Palm),0.0,0.0,0.0,-0.0708,-0.0271,-0.0304,-0.1317,-0.0801,-0.0494,-0.179,-0.1259,-0.0663,-0.2245,-0.1478,-0.0838,-0.0722,-0.2357,-0.0312,-0.1036,-0.3331,-0.0528,-0.121,-0.395,-0.0714,-0.1319,-0.448,-0.0857,-0.0273,-0.2537,-0.0349,-0.0321,-0.3699,-0.0513,-0.0304,-0.442,-0.0661,-0.0257,-0.5001,-0.078,0.0151,-0.2462,-0.0427,0.0233,-0.3522,-0.0622,0.0321,-0.4154,-0.0761,0.0401,-0.4684,-0.0865,0.0549,-0.2195,-0.0536,0.0788,-0.2944,-0.0719,0.0961,-0.3408,-0.0793,0.1112,-0.3822,-0.0845
5,Scroll (Open Palm),0.0,0.0,0.0,-0.0696,-0.0265,-0.0352,-0.1285,-0.079,-0.0559,-0.1764,-0.1289,-0.074,-0.2219,-0.16,-0.0917,-0.0736,-0.2352,-0.0286,-0.1051,-0.3286,-0.0497,-0.1217,-0.3891,-0.068,-0.1305,-0.4403,-0.082,-0.0293,-0.255,-0.0294,-0.0369,-0.3663,-0.0454,-0.0385,-0.436,-0.0594,-0.0366,-0.4911,-0.0705,0.0136,-0.2489,-0.0355,0.0206,-0.3498,-0.0547,0.0271,-0.4109,-0.0675,0.033,-0.4619,-0.0768,0.0546,-0.2231,-0.0453,0.0781,-0.2952,-0.0631,0.0941,-0.341,-0.0706,0.1077,-0.3821,-0.0756
5,Scroll (Open Palm),0.0,0.0,0.0,-0.0703,-0.0238,-0.0322,-0.1299,-0.0789,-0.05,-0.177,-0.1295,-0.0655,-0.2213,-0.1581,-0.0811,-0.074,-0.2377,-0.0251,-0.1061,-0.3324,-0.0446,-0.1231,-0.3929,-0.0624,-0.1325,-0.4455,-0.0764,-0.0296,-0.2587,-0.027,-0.0363,-0.3732,-0.0413,-0.0361,-0.4445,-0.0552,-0.0332,-0.5005,-0.0666,0.0126,-0.253,-0.0341,0.0205,-0.356,-0.0523,0.0281,-0.4176,-0.066,0.0344,-0.469,-0.0763,0.0531,-0.2281,-0.0446,0.0766,-0.3015,-0.0624,0.0937,-0.3474,-0.0705,0.1082,-0.3891,-0.0764
5,Scroll (Open Palm),0.0,0.0,0.0,-0.0705,-0.0244,-0.0304,-0.1301,-0.0791,-0.0476,-0.1768,-0.1285,-0.0626,-0.2205,-0.1567,-0.0779,-0.0742,-0.2385,-0.0247,-0.1056,-0.3345,-0.0438,-0.1217,-0.3946,-0.0613,-0.1303,-0.447,-0.075,-0.0293,-0.2586,-0.0274,-0.036,-0.3739,-0.0413,-0.0354,-0.4451,-0.0551,-0.0319,-0.5008,-0.0666,0.0133,-0.2525,-0.0349,0.0211,-0.3565,-0.0527,0.0287,-0.4179,-0.0662,0.0351,-0.469,-0.0766,0.054,-0.2274,-0.0456,0.077,-0.302,-0.0632,0.094,-0.348,-0.0711,0.1085,-0.3898,-0.0769
5,Scroll (Open Palm),0.0,0.0,0.0,-0.0698,-0.0233,-0.032,-0.1301,-0.0755,-0.0504,-0.1768,-0.1223,-0.0662,-0.2205,-0.1501,-0.082,-0.0763,-0.2347,-0.0281,-0.1086,-0.3299,-0.048,-0.1249,-0.3891,-0.0654,-0.1337,-0.4409,-0.0789,-0.0315,-0.2552,-0.03,-0.0383,-0.3697,-0.0444,-0.0382,-0.4394,-0.0577,-0.0356,-0.4946,-0.0687,0.0112,-0.2492,-0.0368,0.0186,-0.3523,-0.0551,0.0256,-0.4131,-0.0681,0.0313,-0.4641,-0.0779,0.0522,-0.2239,-0.0468,0.0752,-0.2983,-0.0647,0.0917,-0.344,-0.0723,0.1055,-0.3861,-0.0777
5,Scroll (Open Palm),0.0,0.0,0.0,-0.0691,-0.0235,-0.034,-0.1297,-0.0728,-0.0538,-0.1785,-0.1187,-0.0706,-0.2234,-0.1459,-0.0872,-0.0759,-0.2309,-0.0306,-0.1083,-0.3244,-0.0509,-0.1256,-0.3824,-0.0685,-0.1363,-0.4331,-0.082,-0.0321,-0.2511,-0.0315,-0.0389,-0.3646,-0.0466,-0.0399,-0.4331,-0.0603,-0.0381,-0.4885,-0.0714,0.0096,-0.2445,-0.0372,0.0172,-0.3468,-0.0561,0.0233,-0.4074,-0.0697,0.0282,-0.4591,-0.0797,0.0497,-0.2186,-0.0463,0.0731,-0.2924,-0.0647,0.0894,-0.337,-0.0726,0.1031,-0.3781,-0.078
5,Scroll (Open Palm),0.0,0.0,0.0,-0.068,-0.0206,-0.0362,-0.1282,-0.0704,-0.057,-0.1765,-0.1178,-0.0742,-0.2219,-0.1475,-0.0911,-0.0736,-0.2282,-0.0325,-0.1054,-0.3203,-0.053,-0.1216,-0.3781,-0.0704,-0.1302,-0.4288,-0.0838,-0.0292,-0.249,-0.0324,-0.0362,-0.3618,-0.0478,-0.0371,-0.4303,-0.0613,-0.0352,-0.4855,-0.0721,0.0131,-0.2425,-0.0374,0.0202,-0.3435,-0.0568,0.0258,-0.4041,-0.0701,0.0303,-0.4562,-0.0798,0.0536,-0.2166,-0.0459,0.0761,-0.2891,-0.0646,0.0915,-0.3343,-0.0727,0.104,-0.3764,-0.0783
5,Scroll (Open Palm),0.0,0.0,0.0,-0.0678,-0.0214,-0.0362,-0.1273,-0.0705,-0.0574,-0.1759,-0.1169,-0.0752,-0.221,-0.1452,-0.0927,-0.0737,-0.2278,-0.0339,-0.1058,-0.3215,-0.0556,-0.1222,-0.3806,-0.0738,-0.1307,-0.4318,-0.0877,-0.03,-0.2487,-0.0339,-0.037,-0.3612,-0.0501,-0.0374,-0.4302,-0.064,-0.0348,-0.4851,-0.0752,0.0121,-0.2427,-0.0388,0.019,-0.3444,-0.0585,0.0258,-0.4044,-0.072,0.0317,-0.455,-0.0818,0.0523,-0.2169,-0.0472,0.0751,-0.2892,-0.0663,0.091,-0.3344,-0.0748,0.1044,-0.3758,-0.0804
5,Scroll (Open Palm),0.0,0.0,0.0,-0.068,-0.0223,-0.0342,-0.1264,-0.0732,-0.0538,-0.1748,-0.1203,-0.0707,-0.2203,-0.1478,-0.0874,-0.0714,-0.2313,-0.0292,-0.1033,-0.324,-0.0502,-0.1202,-0.3831,-0.0686,-0.1296,-0.4343,-0.0827,-0.028,-0.2521,-0.0301,-0.0353,-0.3639,-0.0454,-0.0361,-0.4335,-0.0592,-0.0342,-0.4882,-0.0702,0.014,-0.2466,-0.0361,0.0204,-0.3475,-0.0548,0.027,-0.4082,-0.0676,0.032,-0.4592,-0.077,0.054,-0.2213,-0.0457,0.0767,-0.2932,-0.0632,0.0921,-0.3385,-0.0706,0.1051,-0.38,-0.0756
5,Scroll (Open Palm),0.0,0.0,0.0,-0.0675,-0.0209,-0.0349,-0.1265,-0.0699,-0.055,-0.1741,-0.1172,-0.0722,-0.2196,-0.1444,-0.0893,-0.0738,-0.2307,-0.03,-0.1059,-0.3233,-0.0512,-0.1224,-0.3825,-0.0697,-0.1311,-0.4336,-0.0838,-0.0301,-0.2516,-0.0306,-0.0387,-0.3631,-0.0459,-0.0396,-0.432,-0.0597,-0.0376,-0.486,-0.071,0.0121,-0.2457,-0.0363,0.0182,-0.3456,-0.0546,0.0253,-0.4062,-0.0673,0.0309,-0.4572,-0.0769,0.0528,-0.2202,-0.0457,0.0742,-0.2914,-0.0624,0.0892,-0.3361,-0.0694,0.102,-0.3771,-0.0745
5,Scroll (Open Palm),0.0,0.0,0.0,-0.0676,-0.0213,-0.0341,-0.1264,-0.0702,-0.0545,-0.1738,-0.117,-0.0719,-0.2196,-0.144,-0.0894,-0.0733,-0.2292,-0.0315,-0.1054,-0.3222,-0.0529,-0.1216,-0.3813,-0.0714,-0.13,-0.433,-0.0855,-0.0296,-0.25,-0.0326,-0.0376,-0.3622,-0.0483,-0.038,-0.4315,-0.0625,-0.0351,-0.4865,-0.074,0.0126,-0.2437,-0.0385,0.0188,-0.3443,-0.0574,0.0253,-0.4051,-0.0707,0.0308,-0.456,-0.0807,0.053,-0.2175,-0.0479,0.0754,-0.2887,-0.0656,0.0907,-0.3339,-0.0732,0.1037,-0.3755,-0.0787
5,Scroll (Open Palm),0.0,0.0,0.0,-0.0678,-0.0203,-0.0346,-0.1253,-0.0698,-0.0544,-0.1713,-0.1168,-0.0714,-0.215,-0.1452,-0.0882,-0.0729,-0.232,-0.0311,-0.1045,-0.3253,-0.0524,-0.1208,-0.3845,-0.071,-0.1294,-0.4357,-0.0853,-0.0287,-0.2523,-0.0318,-0.0369,-0.3644,-0.0474,-0.0374,-0.433,-0.0616,-0.0349,-0.487,-0.0731,0.0137,-0.2457,-0.0374,0.0201,-0.3481,-0.0561,0.0276,-0.4089,-0.0693,0.0338,-0.4602,-0.0792,0.0541,-0.2192,-0.0466,0.0769,-0.2917,-0.0643,0.0918,-0.3378,-0.0721,0.1044,-0.3806,-0.0776
5,Scroll (Open Palm),0.0,0.0,0.0,-0.0676,-0.0209,-0.0338,-0.1257,-0.0707,-0.0535,-0.1722,-0.1176,-0.0704,-0.2167,-0.1458,-0.0873,-0.0736,-0.2301,-0.031,-0.1054,-0.3231,-0.0522,-0.1218,-0.3822,-0.0705,-0.1305,-0.4336,-0.0845,-0.0293,-0.2509,-0.032,-0.0367,-0.3632,-0.0474,-0.0367,-0.4321,-0.0613,-0.0335,-0.4862,-0.0724,0.0133,-0.245,-0.0378,0.0199,-0.3465,-0.0563,0.0268,-0.4074,-0.0693,0.0326,-0.4586,-0.079,0.054,-0.2193,-0.0471,0.0767,-0.2911,-0.0645,0.0919,-0.3369,-0.072,0.1046,-0.3789,-0.0772
5,Scroll (Open Palm),0.0,0.0,0.0,-0.0677,-0.0197,-0.0363,-0.1259,-0.0687,-0.0571,-0.1718,-0.1175,-0.0747,-0.2168,-0.1469,-0.0921,-0.0731,-0.2281,-0.0329,-0.1048,-0.3211,-0.0552,-0.1216,-0.3809,-0.0742,-0.1304,-0.4331,-0.0887,-0.0292,-0.2495,-0.033,-0.0367,-0.3611,-0.0495,-0.037,-0.4305,-0.064,-0.0341,-0.4853,-0.0756,0.0127,-0.2439,-0.0382,0.0203,-0.3446,-0.0576,0.0273,-0.4053,-0.0708,0.033,-0.4565,-0.0806,0.0528,-0.2183,-0.0471,0.0757,-0.2889,-0.0651,0.0908,-0.3348,-0.0728,0.1035,-0.3771,-0.0783
5,Scroll (Open Palm),0.0,0.0,0.0,-0.0678,-0.0207,-0.0339,-0.1257,-0.07,-0.0537,-0.1721,-0.1169,-0.0706,-0.2164,-0.1454,-0.0874,-0.0727,-0.2283,-0.0307,-0.1047,-0.3206,-0.052,-0.1213,-0.3798,-0.0704,-0.1301,-0.4314,-0.0844,-0.029,-0.2496,-0.0317,-0.0363,-0.3613,-0.0474,-0.0365,-0.4301,-0.0612,-0.034,-0.484,-0.0723,0.0129,-0.2438,-0.0377,0.0199,-0.3451,-0.0563,0.0262,-0.4062,-0.0693,0.0313,-0.4577,-0.079,0.0531,-0.2181,-0.047,0.0765,-0.2893,-0.0646,0.0917,-0.3354,-0.0722,0.1044,-0.3778,-0.0775
5,Scroll (Open Palm),0.0,0.0,0.0,-0.0679,-0.0201,-0.0344,-0.1262,-0.0694,-0.0543,-0.1723,-0.117,-0.0713,-0.2161,-0.1461,-0.0881,-0.0727,-0.2275,-0.0313,-0.1049,-0.3202,-0.0528,-0.1213,-0.3794,-0.0712,-0.1298,-0.431,-0.0852,-0.0289,-0.249,-0.0321,-0.0361,-0.361,-0.0479,-0.0363,-0.43,-0.0618,-0.0337,-0.4842,-0.073,0.013,-0.2435,-0.0378,0.02,-0.3447,-0.0567,0.0263,-0.4058,-0.0699,0.0315,-0.4571,-0.0797,0.0531,-0.218,-0.047,0.0765,-0.2891,-0.0649,0.0918,-0.335,-0.0727,0.1046,-0.3772,-0.0782
5,Scroll (Open Palm),0.0,0.0,0.0,-0.0682,-0.02,-0.0335,-0.1271,-0.0687,-0.0526,-0.173,-0.1162,-0.0689,-0.2171,-0.1441,-0.0851,-0.0735,-0.227,-0.0294,-0.1054,-0.3198,-0.05,-0.1221,-0.3789,-0.0677,-0.1313,-0.4305,-0.0814,-0.0296,-0.248,-0.0304,-0.0371,-0.3599,-0.0455,-0.0376,-0.4287,-0.0591,-0.0353,-0.4827,-0.0701,0.0122,-0.2426,-0.0363,0.0193,-0.3423,-0.0547,0.0257,-0.403,-0.0676,0.0309,-0.454,-0.0771,0.0523,-0.2177,-0.0456,0.0748,-0.2886,-0.0628,0.0898,-0.3338,-0.0701,0.1022,-0.3756,-0.0752
5,Scroll (Open Palm),0.0,0.0,0.0,-0.0684,-0.0195,-0.0337,-0.1272,-0.0683,-0.0528,-0.173,-0.1157,-0.069,-0.2169,-0.1434,-0.0852,-0.0727,-0.2263,-0.03,-0.1046,-0.3192,-0.0507,-0.1213,-0.3782,-0.0685,-0.1304,-0.4295,-0.0821,-0.0288,-0.2473,-0.0309,-0.0362,-0.3593,-0.0464,-0.0369,-0.4286,-0.0603,-0.0347,-0.4831,-0.0715,0.0128,-0.2418,-0.0368,0.0198,-0.3416,-0.0556,0.0261,-0.4022,-0.0689,0.0313,-0.453,-0.0787,0.0526,-0.2167,-0.0459,0.0753,-0.2874,-0.0638,0.0904,-0.3324,-0.0715,0.1028,-0.3739,-0.0768
5,Scroll (Open Palm),0.0,0.0,0.0,-0.0686,-0.0202,-0.0346,-0.1263,-0.0682,-0.0546,-0.1723,-0.1148,-0.0716,-0.2167,-0.1439,-0.0886,-0.0726,-0.2268,-0.0311,-0.1046,-0.32,-0.0522,-0.1211,-0.3788,-0.0703,-0.1296,-0.43,-0.0841,-0.0288,-0.2473,-0.0316,-0.0368,-0.3591,-0.0476,-0.0374,-0.4283,-0.0618,-0.035,-0.4828,-0.0732,0.013,-0.2415,-0.0372,0.0196,-0.3416,-0.0564,0.0262,-0.4017,-0.07,0.0316,-0.4524,-0.0799,0.0531,-0.2163,-0.0461,0.0761,-0.2875,-0.0642,0.0915,-0.3326,-0.0721,0.1042,-0.3742,-0.0776
5,Scroll (Open Palm),0.0,0.0,0.0,-0.0674,-0.0199,-0.037,-0.1249,-0.068,-0.0584,-0.1721,-0.1158,-0.0764,-0.2178,-0.1459,-0.0941,-0.072,-0.226,-0.0334,-0.1038,-0.318,-0.0554,-0.1206,-0.3765,-0.074,-0.1296,-0.4276,-0.0881,-0.0286,-0.247,-0.0329,-0.0358,-0.3579,-0.0495,-0.0368,-0.426,-0.0638,-0.0348,-0.4804,-0.0751,0.0129,-0.2409,-0.0376,0.02,-0.3407,-0.0574,0.0262,-0.401,-0.0709,0.0311,-0.452,-0.0806,0.0524,-0.215,-0.0459,0.0757,-0.2854,-0.0645,0.0907,-0.3303,-0.0727,0.1032,-0.3719,-0.0783
5,Scroll (Open Palm),0.0,0.0,0.0,-0.0672,-0.0219,-0.0339,-0.1252,-0.0702,-0.0542,-0.1718,-0.1163,-0.0716,-0.2161,-0.1452,-0.0888,-0.0722,-0.2277,-0.0311,-0.1035,-0.3204,-0.052,-0.1198,-0.3784,-0.0698,-0.1289,-0.4289,-0.0834,-0.0287,-0.2476,-0.0322,-0.036,-0.3586,-0.0478,-0.0366,-0.4262,-0.0617,-0.0345,-0.4799,-0.0728,0.0129,-0.241,-0.0381,0.0191,-0.341,-0.0572,0.025,-0.4014,-0.0705,0.0296,-0.4525,-0.0804,0.0528,-0.215,-0.0473,0.0755,-0.2858,-0.0656,0.0905,-0.331,-0.0734,0.103,-0.3728,-0.0789
5,Scroll (Open Palm),0.0,0.0,0.0,-0.0669,-0.0231,-0.035,-0.1248,-0.0718,-0.0558,-0.1724,-0.1188,-0.0736,-0.2167,-0.1491,-0.091,-0.0717,-0.2279,-0.0314,-0.1038,-0.32,-0.0531,-0.1204,-0.3783,-0.0714,-0.1293,-0.4286,-0.0851,-0.0287,-0.2479,-0.0318,-0.0364,-0.3591,-0.048,-0.0375,-0.427,-0.0618,-0.0358,-0.4807,-0.0725,0.0129,-0.2416,-0.0371,0.019,-0.3413,-0.0563,0.0248,-0.4014,-0.0692,0.0295,-0.4518,-0.0783,0.0528,-0.216,-0.0459,0.0748,-0.287,-0.0638,0.0896,-0.3317,-0.0711,0.102,-0.3726,-0.076
5,Scroll (Open Palm),0.0,0.0,0.0,-0.0669,-0.0235,-0.0354,-0.1249,-0.0729,-0.0564,-0.1731,-0.1202,-0.0743,-0.2184,-0.15,-0.0918,-0.072,-0.2286,-0.0308,-0.1043,-0.3205,-0.0526,-0.1212,-0.3791,-0.071,-0.1303,-0.4296,-0.0848,-0.0291,-0.249,-0.031,-0.0366,-0.3599,-0.0471,-0.0375,-0.4279,-0.0607,-0.0357,-0.4815,-0.0713,0.0126,-0.2429,-0.0363,0.0189,-0.3427,-0.0553,0.0249,-0.4027,-0.0677,0.0298,-0.4529,-0.0764,0.0527,-0.2174,-0.0452,0.0746,-0.2884,-0.0626,0.0892,-0.3331,-0.0694,0.1015,-0.374,-0.0739
5,Scroll (Open Palm),0.0,0.0,0.0,-0.0676,-0.0245,-0.0341,-0.1261,-0.0742,-0.054,-0.1737,-0.1212,-0.071,-0.2182,-0.1519,-0.0875,-0.0725,-0.2293,-0.028,-0.1037,-0.3203,-0.048,-0.1201,-0.3774,-0.0655,-0.1291,-0.4272,-0.079,-0.0292,-0.2485,-0.0287,-0.0371,-0.3586,-0.0434,-0.0386,-0.426,-0.0567,-0.037,-0.4798,-0.0673,0.0124,-0.2413,-0.0345,0.0184,-0.3408,-0.0527,0.0239,-0.4007,-0.0653,0.0285,-0.4517,-0.0745,0.0524,-0.2152,-0.0437,0.0745,-0.2856,-0.0612,0.0889,-0.3306,-0.0685,0.1013,-0.3729,-0.0736
5,Scroll (Open Palm),0.0,0.0,0.0,-0.0671,-0.0235,-0.0336,-0.1247,-0.073,-0.0533,-0.1725,-0.1194,-0.0701,-0.2177,-0.1477,-0.0867,-0.0732,-0.2278,-0.0281,-0.1044,-0.3192,-0.0483,-0.1206,-0.3766,-0.066,-0.1295,-0.4268,-0.0796,-0.03,-0.2475,-0.029,-0.0377,-0.3574,-0.0439,-0.0388,-0.425,-0.0576,-0.0371,-0.4792,-0.0687,0.0115,-0.2409,-0.0349,0.0178,-0.3398,-0.0532,0.0237,-0.3995,-0.0664,0.0285,-0.45,-0.0762,0.0513,-0.215,-0.0441,0.0737,-0.2849,-0.0616,0.0887,-0.3297,-0.0693,0.1014,-0.3712,-0.0746
5,Scroll (Open Palm),0.0,0.0,0.0,-0.0669,-0.0244,-0.0322,-0.1243,-0.0757,-0.0508,-0.1719,-0.1216,-0.0669,-0.2169,-0.1485,-0.0829,-0.0721,-0.2293,-0.027,-0.1032,-0.3209,-0.0468,-0.1195,-0.3787,-0.0645,-0.1285,-0.429,-0.0781,-0.0289,-0.2489,-0.0284,-0.0367,-0.359,-0.0431,-0.0378,-0.4272,-0.057,-0.0359,-0.4813,-0.0682,0.0127,-0.2427,-0.0347,0.0188,-0.342,-0.0528,0.0251,-0.4017,-0.066,0.0303,-0.4518,-0.0758,0.0523,-0.217,-0.0442,0.0744,-0.2875,-0.0614,0.0897,-0.3324,-0.0689,0.1027,-0.3736,-0.0742
5,Scroll (Open Palm),0.0,0.0,0.0,-0.068,-0.0238,-0.0343,-0.127,-0.0741,-0.0538,-0.1742,-0.1214,-0.0704,-0.2187,-0.1511,-0.0862,-0.074,-0.2288,-0.0269,-0.1052,-0.3192,-0.0463,-0.1215,-0.3758,-0.0631,-0.1308,-0.4251,-0.0761,-0.0308,-0.2482,-0.0273,-0.0387,-0.3576,-0.0412,-0.0399,-0.4251,-0.0534,-0.038,-0.4786,-0.0632,0.0107,-0.2414,-0.0329,0.0165,-0.3395,-0.0505,0.0221,-0.3986,-0.0625,0.0269,-0.4487,-0.0712,0.0506,-0.2157,-0.0421,0.0726,-0.2852,-0.0591,0.0872,-0.3294,-0.0663,0.0998,-0.3708,-0.0711
5,Scroll (Open Palm),0.0,0.0,0.0,-0.067,-0.0255,-0.0333,-0.1249,-0.078,-0.052,-0.1726,-0.1257,-0.0679,-0.2157,-0.1562,-0.0831,-0.0735,-0.2307,-0.0261,-0.1043,-0.3218,-0.0457,-0.1212,-0.3787,-0.0629,-0.1315,-0.4279,-0.076,-0.0304,-0.2498,-0.0268,-0.0381,-0.3596,-0.0409,-0.0396,-0.4271,-0.0536,-0.0384,-0.4812,-0.0637,0.0111,-0.2428,-0.0327,0.0168,-0.3414,-0.0505,0.0228,-0.401,-0.0627,0.0275,-0.4513,-0.0715,0.0508,-0.2169,-0.0419,0.072,-0.288,-0.0588,0.0866,-0.3321,-0.0657,0.0988,-0.3727,-0.0704
5,Scroll (Open Palm),0.0,0.0,0.0,-0.067,-0.0242,-0.0338,-0.1254,-0.0776,-0.0519,-0.174,-0.1253,-0.0672,-0.218,-0.1551,-0.0818,-0.074,-0.2303,-0.025,-0.1049,-0.3206,-0.0442,-0.1215,-0.3782,-0.061,-0.1312,-0.4279,-0.074,-0.0306,-0.2504,-0.0253,-0.038,-0.3594,-0.0386,-0.0395,-0.4269,-0.0506,-0.0389,-0.4801,-0.0603,0.0114,-0.244,-0.0309,0.0176,-0.3411,-0.0477,0.0233,-0.4006,-0.059,0.0274,-0.4508,-0.0672,0.0515,-0.2183,-0.04,0.072,-0.2882,-0.0558,0.086,-0.3318,-0.0616,0.0977,-0.3719,-0.0656
5,Scroll (Open Palm),0.0,0.0,0.0,-0.0669,-0.026,-0.0328,-0.1246,-0.0781,-0.0513,-0.1724,-0.1239,-0.0671,-0.2164,-0.154,-0.0825,-0.0732,-0.2302,-0.0259,-0.1035,-0.3207,-0.0455,-0.1199,-0.3776,-0.0627,-0.1296,-0.4271,-0.076,-0.03,-0.2488,-0.0268,-0.0374,-0.3575,-0.041,-0.0384,-0.424,-0.054,-0.0368,-0.4777,-0.0645,0.0118,-0.2416,-0.0328,0.0179,-0.3397,-0.0504,0.0237,-0.3986,-0.0625,0.0283,-0.4487,-0.0714,0.0518,-0.2154,-0.0422,0.0729,-0.2855,-0.0588,0.0874,-0.3295,-0.0655,0.0995,-0.3702,-0.0701
5,Scroll (Open Palm),0.0,0.0,0.0,-0.0666,-0.0245,-0.0326,-0.124,-0.0771,-0.0507,-0.1717,-0.1235,-0.066,-0.2163,-0.1523,-0.0811,-0.0732,-0.2294,-0.0256,-0.1039,-0.3199,-0.0448,-0.1203,-0.377,-0.0619,-0.1297,-0.427,-0.0751,-0.0299,-0.2484,-0.0265,-0.0373,-0.3568,-0.0402,-0.0386,-0.4232,-0.0531,-0.0375,-0.4765,-0.0637,0.0119,-0.2414,-0.0323,0.0179,-0.3389,-0.0495,0.0237,-0.3976,-0.0614,0.028,-0.4477,-0.0703,0.0518,-0.2154,-0.0415,0.0728,-0.2851,-0.0577,0.0873,-0.3288,-0.0642,0.0994,-0.3693,-0.0687
5,Scroll (Open Palm),0.0,0.0,0.0,-0.0676,-0.0244,-0.0325,-0.126,-0.0793,-0.05,-0.1736,-0.1281,-0.0647,-0.2185,-0.1574,-0.079,-0.0732,-0.2316,-0.0248,-0.1041,-0.3225,-0.0437,-0.1206,-0.38,-0.0607,-0.1303,-0.4299,-0.0739,-0.0298,-0.251,-0.0256,-0.0372,-0.359,-0.039,-0.0385,-0.4257,-0.0517,-0.0375,-0.4785,-0.0621,0.0119,-0.2443,-0.0314,0.0176,-0.3412,-0.0483,0.0233,-0.3998,-0.0601,0.0275,-0.449,-0.0688,0.0516,-0.2184,-0.0406,0.0729,-0.2873,-0.0568,0.0872,-0.3311,-0.0635,0.0991,-0.3711,-0.068
5,Scroll (Open Palm),0.0,0.0,0.0,-0.0676,-0.0236,-0.0327,-0.1264,-0.0784,-0.0499,-0.1738,-0.1272,-0.0644,-0.2178,-0.1568,-0.0783,-0.0737,-0.2316,-0.0243,-0.1045,-0.3226,-0.0432,-0.1209,-0.3803,-0.0602,-0.1307,-0.4303,-0.0734,-0.0303,-0.2513,-0.0249,-0.0377,-0.3595,-0.0379,-0.039,-0.4261,-0.0503,-0.0381,-0.4789,-0.0604,0.0115,-0.2446,-0.0306,0.0172,-0.3418,-0.047,0.023,-0.4003,-0.0582,0.0272,-0.4496,-0.0666,0.0514,-0.2185,-0.0398,0.0721,-0.2876,-0.0554,0.0861,-0.3309,-0.0615,0.0978,-0.3707,-0.0657
5,Scroll (Open Palm),0.0,0.0,0.0,-0.0664,-0.0247,-0.0336,-0.1246,-0.0769,-0.0522,-0.172,-0.1245,-0.0681,-0.2156,-0.1548,-0.0835,-0.0727,-0.2291,-0.0271,-0.1032,-0.3204,-0.0473,-0.1196,-0.3779,-0.065,-0.1288,-0.4284,-0.0786,-0.0296,-0.2487,-0.0277,-0.0371,-0.3576,-0.042,-0.0378,-0.425,-0.0551,-0.0359,-0.4788,-0.0658,0.0121,-0.2424,-0.0333,0.0182,-0.3396,-0.0505,0.0245,-0.3982,-0.0622,0.0294,-0.4477,-0.071,0.0521,-0.2169,-0.0424,0.0729,-0.2865,-0.0585,0.0871,-0.3301,-0.0648,0.0991,-0.3703,-0.0692
5,Scroll (Open Palm),0.0,0.0,0.0,-0.0662,-0.0226,-0.0344,-0.1236,-0.0733,-0.054,-0.1707,-0.1214,-0.0707,-0.2158,-0.1495,-0.0869,-0.0719,-0.2259,-0.029,-0.1028,-0.3172,-0.0498,-0.1192,-0.3752,-0.0677,-0.1282,-0.4256,-0.0815,-0.0291,-0.2462,-0.0293,-0.037,-0.3552,-0.0443,-0.0378,-0.422,-0.0576,-0.0359,-0.4751,-0.0682,0.0125,-0.2403,-0.0347,0.0182,-0.3379,-0.0527,0.0247,-0.3966,-0.0645,0.0299,-0.4459,-0.0732,0.0525,-0.215,-0.0435,0.0738,-0.285,-0.0603,0.0888,-0.329,-0.0668,0.1013,-0.369,-0.0712
5,Scroll (Open Palm),0.0,0.0,0.0,-0.066,-0.0224,-0.0339,-0.1232,-0.0727,-0.0535,-0.1701,-0.1198,-0.0702,-0.2148,-0.1482,-0.0865,-0.0716,-0.2249,-0.0297,-0.1026,-0.3159,-0.0505,-0.119,-0.3738,-0.0683,-0.1281,-0.424,-0.0819,-0.0288,-0.245,-0.0303,-0.0361,-0.3541,-0.0453,-0.0368,-0.4209,-0.0586,-0.0351,-0.474,-0.0694,0.0126,-0.2389,-0.0358,0.0185,-0.3365,-0.0539,0.0249,-0.3953,-0.0661,0.0298,-0.4447,-0.075,0.0524,-0.2136,-0.0447,0.074,-0.2839,-0.0617,0.0892,-0.3278,-0.0685,0.102,-0.3676,-0.0731
5,Scroll (Open Palm),0.0,0.0,0.0,-0.0658,-0.0225,-0.0334,-0.1228,-0.0726,-0.0526,-0.1697,-0.1188,-0.0691,-0.2142,-0.1466,-0.0853,-0.0717,-0.2244,-0.0295,-0.1026,-0.3156,-0.0501,-0.1189,-0.3734,-0.0679,-0.1279,-0.4237,-0.0814,-0.029,-0.2445,-0.0302,-0.0362,-0.3536,-0.0452,-0.0369,-0.4204,-0.0586,-0.0351,-0.4734,-0.0694,0.0125,-0.2384,-0.0358,0.0182,-0.3361,-0.0539,0.0246,-0.3949,-0.0663,0.0295,-0.4443,-0.0755,0.0523,-0.2131,-0.0448,0.0738,-0.2836,-0.0618,0.089,-0.3276,-0.0687,0.1018,-0.3675,-0.0735
5,Scroll (Open Palm),0.0,0.0,0.0,-0.0668,-0.0224,-0.0355,-0.1243,-0.0729,-0.0557,-0.1729,-0.1205,-0.0729,-0.2181,-0.1496,-0.0896,-0.0725,-0.2282,-0.0288,-0.1038,-0.3196,-0.0497,-0.1205,-0.3779,-0.0679,-0.1297,-0.4287,-0.0819,-0.0296,-0.2481,-0.0287,-0.0365,-0.3565,-0.0437,-0.0373,-0.4232,-0.0569,-0.0359,-0.4768,-0.0675,0.0118,-0.2417,-0.034,0.0189,-0.3398,-0.0521,0.0257,-0.3992,-0.0641,0.0308,-0.4497,-0.0728,0.0514,-0.2162,-0.0429,0.0736,-0.2857,-0.06,0.0886,-0.3299,-0.067,0.1012,-0.371,-0.0718
5,Scroll (Open Palm),0.0,0.0,0.0,-0.0662,-0.023,-0.0333,-0.1239,-0.0738,-0.0522,-0.1709,-0.1207,-0.0683,-0.2147,-0.1498,-0.0842,-0.0718,-0.2272,-0.0287,-0.1019,-0.3185,-0.0487,-0.1181,-0.3762,-0.0661,-0.1272,-0.4264,-0.0795,-0.0285,-0.2468,-0.0295,-0.0353,-0.3563,-0.0445,-0.0357,-0.4234,-0.0582,-0.0336,-0.477,-0.0691,0.0128,-0.2404,-0.0352,0.0201,-0.3386,-0.0538,0.0264,-0.3981,-0.0669,0.0313,-0.4482,-0.0765,0.0522,-0.2151,-0.0442,0.0752,-0.285,-0.0619,0.0909,-0.3293,-0.0696,0.1039,-0.3701,-0.0749
5,Scroll (Open Palm),0.0,0.0,0.0,-0.0677,-0.0218,-0.0349,-0.1259,-0.0734,-0.0542,-0.1715,-0.123,-0.0703,-0.2154,-0.1526,-0.0861,-0.0711,-0.2285,-0.0299,-0.1027,-0.3208,-0.0503,-0.1191,-0.3791,-0.0681,-0.128,-0.43,-0.082,-0.0279,-0.2482,-0.0301,-0.0355,-0.3582,-0.0456,-0.036,-0.426,-0.0598,-0.0337,-0.4804,-0.0711,0.0132,-0.2416,-0.0352,0.0196,-0.3405,-0.0544,0.0261,-0.4,-0.068,0.0316,-0.4506,-0.0778,0.0525,-0.2161,-0.0438,0.0746,-0.2878,-0.0622,0.0902,-0.3321,-0.0704,0.1035,-0.373,-0.0759
5,Scroll (Open Palm),0.0,0.0,0.0,-0.067,-0.0219,-0.0343,-0.1251,-0.0735,-0.0532,-0.1717,-0.1223,-0.0691,-0.2159,-0.1513,-0.0848,-0.0716,-0.2285,-0.029,-0.1032,-0.3204,-0.0492,-0.1192,-0.3788,-0.0669,-0.1276,-0.4299,-0.0806,-0.0284,-0.2486,-0.0295,-0.0356,-0.3584,-0.0445,-0.0357,-0.426,-0.0582,-0.0332,-0.4801,-0.0693,0.013,-0.2421,-0.0349,0.0197,-0.3407,-0.0535,0.0261,-0.4001,-0.0667,0.0313,-0.4508,-0.0765,0.0525,-0.2165,-0.0437,0.0744,-0.2877,-0.0617,0.0901,-0.3317,-0.0694,0.1034,-0.3722,-0.0748
5,Scroll (Open Palm),0.0,0.0,0.0,-0.0666,-0.0233,-0.0331,-0.1245,-0.0751,-0.0518,-0.1724,-0.1222,-0.0679,-0.217,-0.1508,-0.0837,-0.0724,-0.2303,-0.027,-0.1029,-0.3221,-0.0468,-0.1192,-0.3799,-0.0643,-0.1285,-0.43,-0.078,-0.0292,-0.2494,-0.0279,-0.0358,-0.3591,-0.0421,-0.0363,-0.4265,-0.0556,-0.0344,-0.4802,-0.0665,0.0125,-0.2423,-0.0337,0.0193,-0.3415,-0.0512,0.0261,-0.4005,-0.0636,0.0315,-0.4502,-0.0728,0.0523,-0.2162,-0.0429,0.0743,-0.2866,-0.0597,0.0896,-0.3308,-0.0666,0.1026,-0.3714,-0.0714
5,Scroll (Open Palm),0.0,0.0,0.0,-0.0667,-0.0233,-0.0331,-0.1247,-0.0752,-0.0517,-0.1725,-0.1223,-0.0677,-0.2172,-0.1507,-0.0834,-0.0725,-0.2304,-0.0269,-0.1028,-0.322,-0.0465,-0.1192,-0.3798,-0.064,-0.1286,-0.4297,-0.0776,-0.0292,-0.2496,-0.0278,-0.0358,-0.3594,-0.042,-0.0365,-0.4268,-0.0554,-0.0346,-0.4804,-0.0663,0.0125,-0.2426,-0.0336,0.0195,-0.3421,-0.0511,0.0261,-0.4011,-0.0634,0.0314,-0.4507,-0.0726,0.0524,-0.2165,-0.0429,0.0745,-0.287,-0.0596,0.0899,-0.3314,-0.0665,0.1029,-0.3721,-0.0713
5,Scroll (Open Palm),0.0,0.0,0.0,-0.0667,-0.0225,-0.0331,-0.1245,-0.0734,-0.0519,-0.1717,-0.1207,-0.068,-0.2157,-0.1495,-0.0839,-0.072,-0.2285,-0.0282,-0.1028,-0.3201,-0.0481,-0.1191,-0.3781,-0.0657,-0.1281,-0.4287,-0.0794,-0.0289,-0.2484,-0.0291,-0.0361,-0.3584,-0.0436,-0.0367,-0.4259,-0.0571,-0.0348,-0.4797,-0.0682,0.0126,-0.2417,-0.0349,0.0195,-0.3403,-0.0527,0.0258,-0.3995,-0.0654,0.0309,-0.4494,-0.0751,0.0523,-0.2157,-0.0441,0.0744,-0.2863,-0.0611,0.0898,-0.3304,-0.0684,0.1029,-0.371,-0.0735
5,Scroll (Open Palm),0.0,0.0,0.0,-0.0665,-0.0222,-0.0336,-0.1238,-0.0727,-0.0527,-0.1705,-0.1206,-0.069,-0.2147,-0.1495,-0.0852,-0.0709,-0.2277,-0.0287,-0.1019,-0.3196,-0.0488,-0.1183,-0.3775,-0.0666,-0.1271,-0.4283,-0.0804,-0.0277,-0.2478,-0.0294,-0.0351,-0.3579,-0.0439,-0.0356,-0.4254,-0.0574,-0.0335,-0.4789,-0.0685,0.0139,-0.2414,-0.035,0.0205,-0.3401,-0.0526,0.0269,-0.3994,-0.0652,0.032,-0.4492,-0.0746,0.0535,-0.2158,-0.044,0.0754,-0.2864,-0.0607,0.0907,-0.3306,-0.0677,0.1036,-0.3708,-0.0727
5,Scroll (Open Palm),0.0,0.0,0.0,-0.0669,-0.0221,-0.0341,-0.1248,-0.074,-0.0531,-0.1722,-0.1228,-0.0692,-0.2168,-0.1517,-0.085,-0.0721,-0.2295,-0.0276,-0.1024,-0.3207,-0.0474,-0.1182,-0.3786,-0.065,-0.1268,-0.4293,-0.0787,-0.0285,-0.2495,-0.0279,-0.0348,-0.3586,-0.042,-0.0352,-0.4257,-0.0551,-0.0335,-0.4797,-0.0657,0.0131,-0.243,-0.0333,0.0201,-0.3406,-0.0509,0.0265,-0.3999,-0.0632,0.0316,-0.4501,-0.0722,0.0525,-0.2173,-0.0422,0.0749,-0.2868,-0.0592,0.0904,-0.3311,-0.0663,0.1034,-0.3721,-0.0713
5,Scroll (Open Palm),0.0,0.0,0.0,-0.0666,-0.0219,-0.0339,-0.1247,-0.0733,-0.053,-0.1719,-0.1215,-0.0692,-0.2164,-0.1501,-0.0851,-0.0723,-0.2288,-0.0284,-0.1027,-0.3201,-0.0485,-0.1184,-0.378,-0.0662,-0.1268,-0.4288,-0.0798,-0.0287,-0.2488,-0.0289,-0.0353,-0.3582,-0.0434,-0.0356,-0.4254,-0.0567,-0.0335,-0.4793,-0.0675,0.0131,-0.2423,-0.0343,0.02,-0.3402,-0.0524,0.0263,-0.3995,-0.0649,0.0314,-0.4498,-0.0742,0.0527,-0.2166,-0.0433,0.075,-0.2866,-0.0605,0.0905,-0.331,-0.0679,0.1035,-0.3721,-0.073
5,Scroll (Open Palm),0.0,0.0,0.0,-0.0667,-0.022,-0.0356,-0.1244,-0.0725,-0.0557,-0.1718,-0.1213,-0.0726,-0.2161,-0.1506,-0.0891,-0.0722,-0.2257,-0.0309,-0.1033,-0.3181,-0.052,-0.1197,-0.3766,-0.07,-0.1285,-0.4279,-0.0837,-0.0291,-0.2465,-0.0306,-0.0361,-0.3563,-0.0458,-0.0366,-0.4235,-0.059,-0.0343,-0.4772,-0.0696,0.0123,-0.2405,-0.0355,0.0193,-0.3387,-0.0536,0.0255,-0.3977,-0.0656,0.0307,-0.4474,-0.0745,0.0518,-0.2152,-0.044,0.0739,-0.2854,-0.0611,0.0891,-0.3297,-0.0681,0.1019,-0.3702,-0.073
5,Scroll (Open Palm),0.0,0.0,0.0,-0.0671,-0.0231,-0.0338,-0.1246,-0.0738,-0.0529,-0.1713,-0.121,-0.0692,-0.2157,-0.1494,-0.0853,-0.0715,-0.2254,-0.0295,-0.1021,-0.3174,-0.0498,-0.1183,-0.3753,-0.0674,-0.1272,-0.4262,-0.081,-0.0281,-0.2447,-0.0301,-0.0354,-0.3536,-0.0452,-0.0359,-0.4203,-0.0591,-0.0335,-0.4742,-0.0704,0.0131,-0.2383,-0.0357,0.0202,-0.3362,-0.0541,0.0264,-0.3948,-0.067,0.0314,-0.4445,-0.0766,0.0524,-0.2133,-0.0446,0.0743,-0.2835,-0.0621,0.0895,-0.3274,-0.0695,0.1023,-0.3678,-0.0747
5,Scroll (Open Palm),0.0,0.0,0.0,-0.0668,-0.0226,-0.0342,-0.124,-0.0724,-0.0538,-0.1699,-0.1198,-0.0703,-0.2133,-0.1489,-0.0866,-0.0714,-0.2263,-0.0302,-0.102,-0.3181,-0.0507,-0.1182,-0.3759,-0.0685,-0.1273,-0.4265,-0.0822,-0.0282,-0.2457,-0.0307,-0.0358,-0.3542,-0.0459,-0.0367,-0.4208,-0.0598,-0.0349,-0.4743,-0.0711,0.013,-0.2391,-0.036,0.0196,-0.3368,-0.0546,0.0259,-0.3956,-0.0677,0.031,-0.4451,-0.0776,0.052,-0.2136,-0.0446,0.074,-0.284,-0.0625,0.0893,-0.3279,-0.0704,0.1023,-0.3682,-0.0759
5,Scroll (Open Palm),0.0,0.0,0.0,-0.0661,-0.0236,-0.0334,-0.1232,-0.0747,-0.0526,-0.1701,-0.1215,-0.0689,-0.2145,-0.1503,-0.0848,-0.072,-0.2283,-0.0285,-0.1025,-0.3189,-0.0484,-0.1186,-0.3756,-0.0656,-0.128,-0.4254,-0.0789,-0.0292,-0.2475,-0.0291,-0.036,-0.3563,-0.0433,-0.0367,-0.4225,-0.056,-0.035,-0.4752,-0.0664,0.0122,-0.2406,-0.0345,0.0187,-0.3384,-0.0521,0.0247,-0.3966,-0.064,0.0296,-0.4454,-0.0728,0.0517,-0.2148,-0.0434,0.0733,-0.2852,-0.0602,0.0881,-0.3289,-0.0669,0.1005,-0.3689,-0.0716
5,Scroll (Open Palm),0.0,0.0,0.0,-0.0662,-0.0239,-0.0337,-0.1234,-0.0748,-0.053,-0.1706,-0.1223,-0.0693,-0.215,-0.1519,-0.0851,-0.0726,-0.2287,-0.0282,-0.103,-0.3208,-0.0483,-0.1192,-0.3786,-0.0659,-0.1283,-0.4287,-0.0792,-0.0298,-0.248,-0.0285,-0.037,-0.3569,-0.0428,-0.0376,-0.4231,-0.0557,-0.0358,-0.4757,-0.0662,0.0118,-0.2417,-0.0338,0.018,-0.3395,-0.0511,0.0243,-0.3981,-0.0629,0.0293,-0.447,-0.0716,0.0518,-0.2168,-0.0425,0.0729,-0.2876,-0.0588,0.0875,-0.3316,-0.0652,0.1001,-0.3715,-0.0696
5,Scroll (Open Palm),0.0,0.0,0.0,-0.0668,-0.0252,-0.0341,-0.1256,-0.0777,-0.0531,-0.1726,-0.1252,-0.069,-0.2161,-0.1549,-0.0844,-0.0753,-0.2293,-0.0269,-0.107,-0.3172,-0.0465,-0.1241,-0.3736,-0.0637,-0.134,-0.4228,-0.0771,-0.0328,-0.2491,-0.0271,-0.0408,-0.357,-0.0412,-0.0426,-0.4229,-0.0539,-0.0412,-0.4759,-0.0641,0.0087,-0.2422,-0.0325,0.0139,-0.3405,-0.0504,0.0192,-0.3992,-0.0625,0.0241,-0.4489,-0.0712,0.0489,-0.2164,-0.0413,0.07,-0.2882,-0.0585,0.0847,-0.3326,-0.0654,0.0973,-0.3735,-0.07
5,Scroll (Open Palm),0.0,0.0,0.0,-0.0651,-0.026,-0.0347,-0.1234,-0.0779,-0.0543,-0.1707,-0.1258,-0.0707,-0.215,-0.1557,-0.0865,-0.0744,-0.2293,-0.0277,-0.1055,-0.3164,-0.047,-0.1226,-0.3719,-0.0639,-0.1328,-0.42,-0.0769,-0.0316,-0.247,-0.0275,-0.0393,-0.3547,-0.0411,-0.0416,-0.4198,-0.0532,-0.0408,-0.4721,-0.063,0.0099,-0.2389,-0.0325,0.0149,-0.3347,-0.0495,0.0196,-0.3926,-0.0611,0.0236,-0.4422,-0.0696,0.0497,-0.213,-0.041,0.07,-0.2831,-0.057,0.084,-0.3262,-0.0632,0.0957,-0.3664,-0.0674
5,Scroll (Open Palm),0.0,0.0,0.0,-0.0667,-0.0262,-0.033,-0.1251,-0.0778,-0.052,-0.1726,-0.1248,-0.0683,-0.217,-0.1542,-0.0842,-0.075,-0.2275,-0.0261,-0.1062,-0.316,-0.0462,-0.123,-0.3732,-0.0639,-0.1329,-0.4222,-0.0773,-0.0324,-0.2466,-0.0269,-0.0408,-0.3529,-0.0415,-0.0432,-0.4185,-0.0546,-0.0428,-0.4703,-0.0649,0.0093,-0.24,-0.0328,0.0139,-0.336,-0.0503,0.0194,-0.3947,-0.0616,0.0239,-0.4438,-0.0699,0.0493,-0.2147,-0.0421,0.0694,-0.2842,-0.0581,0.0832,-0.3283,-0.064,0.0949,-0.3681,-0.0679
5,Scroll (Open Palm),0.0,0.0,0.0,-0.0668,-0.0252,-0.0332,-0.1255,-0.0771,-0.0513,-0.172,-0.1249,-0.0663,-0.2151,-0.1566,-0.0806,-0.0754,-0.23,-0.0256,-0.1061,-0.3189,-0.0433,-0.1224,-0.375,-0.059,-0.132,-0.4233,-0.0712,-0.032,-0.2478,-0.0255,-0.0399,-0.3553,-0.0382,-0.0419,-0.4204,-0.05,-0.0407,-0.4715,-0.0596,0.0094,-0.24,-0.0305,0.0155,-0.3361,-0.0474,0.0197,-0.3938,-0.0595,0.0237,-0.4424,-0.0685,0.0488,-0.2144,-0.0389,0.0703,-0.2835,-0.0556,0.0842,-0.3267,-0.0629,0.096,-0.3672,-0.0679
5,Scroll (Open Palm),0.0,0.0,0.0,-0.0674,-0.0253,-0.0328,-0.1257,-0.0787,-0.0506,-0.1726,-0.1272,-0.0659,-0.2175,-0.1549,-0.0807,-0.0752,-0.2301,-0.0239,-0.1057,-0.3194,-0.0425,-0.1218,-0.3766,-0.0591,-0.1311,-0.4253,-0.0719,-0.0323,-0.2488,-0.0244,-0.0408,-0.3545,-0.0378,-0.043,-0.4195,-0.0503,-0.0421,-0.4708,-0.0602,0.0093,-0.2426,-0.03,0.0148,-0.3385,-0.0466,0.0199,-0.3958,-0.0578,0.0241,-0.4433,-0.066,0.049,-0.218,-0.039,0.0696,-0.2863,-0.0544,0.0831,-0.3295,-0.0605,0.0947,-0.3688,-0.0646
5,Scroll (Open Palm),0.0,0.0,0.0,-0.0675,-0.0264,-0.034,-0.1264,-0.0792,-0.0521,-0.1742,-0.1254,-0.0671,-0.2171,-0.156,-0.0811,-0.0755,-0.2308,-0.0243,-0.1065,-0.3201,-0.0424,-0.1229,-0.3766,-0.0584,-0.1325,-0.4252,-0.0706,-0.0323,-0.2495,-0.0237,-0.0396,-0.3558,-0.0362,-0.0416,-0.4216,-0.0476,-0.0404,-0.4733,-0.0565,0.0094,-0.2424,-0.0285,0.015,-0.3377,-0.0444,0.0193,-0.3955,-0.0549,0.0233,-0.4439,-0.0625,0.0486,-0.2172,-0.0369,0.0687,-0.2848,-0.0518,0.0819,-0.3278,-0.0574,0.0935,-0.3678,-0.061
5,Scroll (Open Palm),0.0,0.0,0.0,-0.0682,-0.0274,-0.0334,-0.1272,-0.081,-0.0516,-0.1749,-0.1275,-0.0671,-0.2188,-0.1573,-0.0818,-0.0766,-0.232,-0.024,-0.1075,-0.3223,-0.0426,-0.1237,-0.3793,-0.0592,-0.1334,-0.428,-0.0719,-0.0336,-0.2513,-0.0242,-0.0413,-0.358,-0.0374,-0.0432,-0.4244,-0.0498,-0.042,-0.4776,-0.0596,0.0082,-0.2446,-0.0297,0.014,-0.3417,-0.0461,0.0192,-0.3992,-0.0572,0.0236,-0.4475,-0.0655,0.0482,-0.2189,-0.0387,0.0692,-0.2871,-0.0541,0.0828,-0.3306,-0.0601,0.0944,-0.3708,-0.0642
5,Scroll (Open Palm),0.0,0.0,0.0,-0.0674,-0.0278,-0.0324,-0.1265,-0.0825,-0.0499,-0.1739,-0.1291,-0.0649,-0.2178,-0.1576,-0.0792,-0.0759,-0.2323,-0.0236,-0.1068,-0.3228,-0.0422,-0.1232,-0.3799,-0.0588,-0.1333,-0.4285,-0.0714,-0.0328,-0.2516,-0.0243,-0.0404,-0.3589,-0.0375,-0.0422,-0.4254,-0.0498,-0.0409,-0.4785,-0.0596,0.0091,-0.245,-0.0301,0.0146,-0.3427,-0.0464,0.0197,-0.4005,-0.0573,0.0241,-0.4491,-0.0654,0.0493,-0.2196,-0.0394,0.0698,-0.288,-0.0543,0.083,-0.3318,-0.0599,0.0941,-0.3721,-0.0637
5,Scroll (Open Palm),0.0,0.0,0.0,-0.0679,-0.0251,-0.0339,-0.1282,-0.0783,-0.0514,-0.1759,-0.1253,-0.066,-0.2191,-0.1551,-0.0797,-0.0779,-0.2313,-0.0244,-0.1085,-0.322,-0.0424,-0.1248,-0.379,-0.0583,-0.1348,-0.4279,-0.0706,-0.0345,-0.2509,-0.0239,-0.0414,-0.3582,-0.0363,-0.043,-0.4242,-0.0477,-0.042,-0.476,-0.057,0.0076,-0.2449,-0.0288,0.0136,-0.3413,-0.0447,0.0188,-0.3996,-0.0557,0.0231,-0.4489,-0.0638,0.0476,-0.2206,-0.0372,0.0682,-0.2897,-0.0524,0.082,-0.3329,-0.0584,0.0939,-0.373,-0.0625
5,Scroll (Open Palm),0.0,0.0,0.0,-0.068,-0.0249,-0.034,-0.1283,-0.0784,-0.0523,-0.1769,-0.1261,-0.0676,-0.2212,-0.1549,-0.0822,-0.078,-0.2322,-0.0259,-0.1104,-0.3235,-0.0447,-0.1277,-0.3812,-0.0612,-0.138,-0.4303,-0.0739,-0.0352,-0.2516,-0.0259,-0.0434,-0.3601,-0.0392,-0.0449,-0.4268,-0.0513,-0.0429,-0.4796,-0.061,0.0067,-0.2447,-0.031,0.0118,-0.3438,-0.0475,0.0169,-0.4021,-0.0587,0.0213,-0.451,-0.067,0.0472,-0.2191,-0.0397,0.0676,-0.2889,-0.0551,0.0809,-0.3327,-0.0611,0.0923,-0.3731,-0.0652
5,Scroll (Open Palm),0.0,0.0,0.0,-0.0668,-0.0253,-0.0341,-0.1272,-0.0772,-0.0524,-0.1751,-0.1237,-0.0677,-0.2183,-0.1554,-0.0822,-0.0769,-0.2318,-0.0263,-0.1088,-0.3215,-0.045,-0.1261,-0.3785,-0.0612,-0.1364,-0.4275,-0.0736,-0.0336,-0.2507,-0.0261,-0.0412,-0.359,-0.0393,-0.0425,-0.4257,-0.0511,-0.0405,-0.4782,-0.0606,0.0082,-0.2437,-0.0312,0.0141,-0.3417,-0.0481,0.0186,-0.3998,-0.0593,0.0226,-0.4489,-0.0675,0.048,-0.2184,-0.0398,0.0689,-0.2883,-0.0559,0.0827,-0.3323,-0.0622,0.0943,-0.3734,-0.0663
5,Scroll (Open Palm),0.0,0.0,0.0,-0.0686,-0.0258,-0.032,-0.1292,-0.0795,-0.0495,-0.178,-0.1267,-0.0645,-0.2222,-0.156,-0.0788,-0.078,-0.2331,-0.0234,-0.1105,-0.3237,-0.042,-0.1282,-0.3816,-0.0585,-0.1393,-0.43,-0.0709,-0.0351,-0.2521,-0.0242,-0.0433,-0.3597,-0.0372,-0.0451,-0.4255,-0.0492,-0.0438,-0.4769,-0.0586,0.0067,-0.2455,-0.0301,0.012,-0.3446,-0.0463,0.0166,-0.4021,-0.0572,0.0203,-0.4495,-0.0651,0.0469,-0.2198,-0.0394,0.0683,-0.2889,-0.0547,0.0821,-0.3329,-0.0605,0.094,-0.3726,-0.0642
5,Scroll (Open Palm),0.0,0.0,0.0,-0.0672,-0.0243,-0.034,-0.1277,-0.0766,-0.0522,-0.1762,-0.1239,-0.0674,-0.2211,-0.1524,-0.0818,-0.0769,-0.231,-0.0251,-0.109,-0.3208,-0.0429,-0.1264,-0.3774,-0.0585,-0.1367,-0.4262,-0.0706,-0.0339,-0.25,-0.0248,-0.0416,-0.3578,-0.0372,-0.0433,-0.4232,-0.0485,-0.0417,-0.4754,-0.0578,0.0075,-0.243,-0.0297,0.0134,-0.3409,-0.0462,0.0171,-0.3986,-0.0574,0.0203,-0.448,-0.0657,0.047,-0.218,-0.0382,0.0686,-0.2872,-0.0542,0.0826,-0.3308,-0.0607,0.0946,-0.3722,-0.0651
5,Scroll (Open Palm),0.0,0.0,0.0,-0.0683,-0.025,-0.0318,-0.1293,-0.0787,-0.049,-0.1782,-0.1256,-0.0637,-0.2227,-0.1533,-0.0778,-0.0774,-0.2321,-0.0232,-0.1102,-0.3224,-0.0417,-0.1278,-0.3796,-0.0581,-0.1388,-0.4278,-0.0707,-0.0348,-0.2515,-0.0241,-0.0434,-0.3588,-0.0371,-0.0453,-0.4245,-0.0491,-0.0441,-0.4762,-0.0586,0.0068,-0.2451,-0.03,0.0122,-0.3433,-0.0463,0.0166,-0.4013,-0.0574,0.0201,-0.4497,-0.0654,0.0471,-0.2197,-0.0393,0.0685,-0.2885,-0.0546,0.0819,-0.3326,-0.0604,0.0935,-0.3731,-0.0642
5,Scroll (Open Palm),0.0,0.0,0.0,-0.0677,-0.0242,-0.0331,-0.1287,-0.0782,-0.0499,-0.1777,-0.1261,-0.0639,-0.2215,-0.1551,-0.0772,-0.0772,-0.2331,-0.0221,-0.1089,-0.322,-0.0391,-0.1259,-0.3777,-0.0546,-0.1361,-0.4261,-0.0667,-0.0338,-0.2521,-0.0218,-0.0412,-0.3587,-0.0328,-0.0429,-0.4238,-0.0431,-0.0416,-0.4748,-0.0516,0.0084,-0.2453,-0.0269,0.0132,-0.342,-0.0421,0.0168,-0.3996,-0.0524,0.0201,-0.4489,-0.0601,0.0483,-0.2202,-0.0356,0.0691,-0.29,-0.0512,0.0832,-0.3333,-0.0574,0.0956,-0.3741,-0.0614
5,Scroll (Open Palm),0.0,0.0,0.0,-0.0695,-0.0265,-0.0317,-0.1312,-0.081,-0.0485,-0.1814,-0.1289,-0.0628,-0.2266,-0.1553,-0.0765,-0.0793,-0.2337,-0.0217,-0.1116,-0.3251,-0.0394,-0.1289,-0.3829,-0.0559,-0.1399,-0.432,-0.0686,-0.0364,-0.2527,-0.0223,-0.0443,-0.3602,-0.0343,-0.0457,-0.426,-0.046,-0.0442,-0.4775,-0.0555,0.0057,-0.2462,-0.0283,0.0114,-0.3444,-0.0434,0.0156,-0.4026,-0.0544,0.019,-0.4514,-0.0627,0.0459,-0.2209,-0.0377,0.067,-0.29,-0.0525,0.0806,-0.3338,-0.0585,0.0927,-0.374,-0.0626
5,Scroll (Open Palm),0.0,0.0,0.0,-0.069,-0.0261,-0.032,-0.1306,-0.0816,-0.0488,-0.1806,-0.1305,-0.063,-0.2264,-0.1569,-0.0766,-0.0788,-0.2353,-0.0226,-0.111,-0.3265,-0.0405,-0.1287,-0.3838,-0.0569,-0.1403,-0.4327,-0.0697,-0.0358,-0.2539,-0.0232,-0.0437,-0.3611,-0.0352,-0.0452,-0.4266,-0.0468,-0.0438,-0.4789,-0.0563,0.0065,-0.2468,-0.0289,0.0122,-0.3452,-0.0443,0.0161,-0.4023,-0.0549,0.0194,-0.4502,-0.0629,0.0467,-0.2206,-0.0381,0.0677,-0.2899,-0.0533,0.0816,-0.3335,-0.059,0.0938,-0.3733,-0.0629
5,Scroll (Open Palm),0.0,0.0,0.0,-0.0693,-0.0259,-0.0334,-0.1307,-0.0797,-0.0509,-0.1809,-0.1268,-0.0657,-0.2268,-0.1539,-0.0798,-0.0801,-0.2345,-0.0224,-0.1113,-0.3238,-0.0402,-0.129,-0.3796,-0.0568,-0.1405,-0.4276,-0.0696,-0.0363,-0.2529,-0.0223,-0.0436,-0.3592,-0.0341,-0.0459,-0.4246,-0.0459,-0.0453,-0.4772,-0.0556,0.0057,-0.246,-0.0276,0.0113,-0.3434,-0.0433,0.0154,-0.4018,-0.0544,0.0185,-0.4517,-0.0626,0.0451,-0.2212,-0.0365,0.0652,-0.2914,-0.0521,0.0791,-0.3348,-0.058,0.0914,-0.3753,-0.0618
5,Scroll (Open Palm),0.0,0.0,0.0,-0.0688,-0.0254,-0.0334,-0.1303,-0.0783,-0.0515,-0.1802,-0.1248,-0.0669,-0.2255,-0.1521,-0.0816,-0.0797,-0.2323,-0.0229,-0.1123,-0.322,-0.0417,-0.1303,-0.3786,-0.0586,-0.1413,-0.4266,-0.0713,-0.0362,-0.2511,-0.0229,-0.0441,-0.3583,-0.0355,-0.0464,-0.4248,-0.0475,-0.0457,-0.4776,-0.057,0.006,-0.2451,-0.0284,0.0123,-0.3426,-0.0441,0.0162,-0.4013,-0.0548,0.0193,-0.45,-0.0627,0.0457,-0.221,-0.0374,0.0657,-0.2908,-0.0524,0.0792,-0.3345,-0.0579,0.091,-0.3741,-0.0613
5,Scroll (Open Palm),0.0,0.0,0.0,-0.068,-0.0274,-0.0329,-0.1283,-0.0777,-0.0513,-0.1787,-0.1227,-0.0673,-0.2243,-0.1496,-0.0827,-0.0783,-0.2318,-0.0234,-0.1111,-0.3234,-0.0421,-0.1294,-0.3819,-0.059,-0.1404,-0.4313,-0.0719,-0.0353,-0.2514,-0.024,-0.0444,-0.3595,-0.0372,-0.0467,-0.4256,-0.0497,-0.0459,-0.4778,-0.0597,0.0066,-0.2467,-0.0299,0.0123,-0.3456,-0.0459,0.0176,-0.404,-0.0568,0.0217,-0.4523,-0.065,0.046,-0.2235,-0.0394,0.067,-0.2927,-0.0543,0.0813,-0.3369,-0.0601,0.0938,-0.3763,-0.0639
5,Scroll (Open Palm),0.0,0.0,0.0,-0.0697,-0.0283,-0.0332,-0.1316,-0.0804,-0.0514,-0.1818,-0.1265,-0.0669,-0.2272,-0.1547,-0.0817,-0.0814,-0.2362,-0.0229,-0.1149,-0.3276,-0.0412,-0.1329,-0.3853,-0.0578,-0.1442,-0.434,-0.0704,-0.0379,-0.2553,-0.0233,-0.0469,-0.3639,-0.0364,-0.0494,-0.4293,-0.0486,-0.049,-0.4818,-0.0583,0.0042,-0.2498,-0.0292,0.0098,-0.3489,-0.0457,0.0144,-0.4085,-0.057,0.0181,-0.4587,-0.0654,0.0443,-0.2254,-0.0387,0.0648,-0.2952,-0.0542,0.0785,-0.3396,-0.0602,0.0903,-0.3805,-0.0642
5,Scroll (Open Palm),0.0,0.0,0.0,-0.0698,-0.0282,-0.0332,-0.1313,-0.0799,-0.0513,-0.1807,-0.1262,-0.0667,-0.2257,-0.1547,-0.0813,-0.0805,-0.2355,-0.0227,-0.1136,-0.3266,-0.041,-0.1317,-0.3841,-0.0574,-0.1432,-0.4326,-0.07,-0.0367,-0.254,-0.0231,-0.0454,-0.3621,-0.0363,-0.0477,-0.4275,-0.0488,-0.047,-0.4805,-0.0586,0.0053,-0.248,-0.0289,0.0113,-0.3464,-0.0458,0.0158,-0.4053,-0.0576,0.0193,-0.4554,-0.0661,0.045,-0.2234,-0.0382,0.0662,-0.2923,-0.0543,0.0801,-0.3368,-0.0609,0.092,-0.3784,-0.0652
5,Scroll (Open Palm),0.0,0.0,0.0,-0.0698,-0.0276,-0.0337,-0.1312,-0.0785,-0.0523,-0.181,-0.125,-0.0682,-0.2267,-0.1523,-0.0833,-0.0805,-0.2349,-0.0232,-0.1139,-0.3259,-0.0415,-0.1323,-0.3833,-0.058,-0.1439,-0.4316,-0.0707,-0.0369,-0.2533,-0.0234,-0.0457,-0.3613,-0.0367,-0.0482,-0.4266,-0.0491,-0.0476,-0.4795,-0.059,0.005,-0.247,-0.0291,0.0108,-0.3457,-0.0461,0.0153,-0.4051,-0.058,0.019,-0.4553,-0.0667,0.0447,-0.2221,-0.0384,0.0659,-0.2914,-0.0546,0.0797,-0.3359,-0.0612,0.0917,-0.3775,-0.0657
5,Scroll (Open Palm),0.0,0.0,0.0,-0.0704,-0.0253,-0.035,-0.1324,-0.075,-0.054,-0.1824,-0.1227,-0.07,-0.2282,-0.1509,-0.0851,-0.0835,-0.2327,-0.0237,-0.1168,-0.3238,-0.0417,-0.1346,-0.3814,-0.058,-0.1457,-0.43,-0.0706,-0.0398,-0.2513,-0.0232,-0.0488,-0.3592,-0.0362,-0.0512,-0.4244,-0.0484,-0.0503,-0.4773,-0.0581,0.0024,-0.2454,-0.0283,0.0079,-0.3437,-0.0451,0.0127,-0.403,-0.057,0.0169,-0.4534,-0.0656,0.0428,-0.2215,-0.0371,0.063,-0.2913,-0.0532,0.0766,-0.3355,-0.0598,0.0886,-0.3766,-0.0642
5,Scroll (Open Palm),0.0,0.0,0.0,-0.0697,-0.0258,-0.0345,-0.1306,-0.0763,-0.0531,-0.1801,-0.1223,-0.0688,-0.2252,-0.1505,-0.0834,-0.0816,-0.2318,-0.0239,-0.1142,-0.3233,-0.0423,-0.1321,-0.3809,-0.0586,-0.1432,-0.4298,-0.0711,-0.0379,-0.2507,-0.0234,-0.0466,-0.3579,-0.0365,-0.0486,-0.4232,-0.0483,-0.0475,-0.4761,-0.0577,0.0044,-0.2453,-0.0285,0.0097,-0.3439,-0.0451,0.0144,-0.402,-0.0558,0.0186,-0.4514,-0.0635,0.0448,-0.2215,-0.0372,0.0658,-0.2909,-0.0532,0.0797,-0.3352,-0.0592,0.0919,-0.3762,-0.063
5,Scroll (Open Palm),0.0,0.0,0.0,-0.0693,-0.0262,-0.0342,-0.1304,-0.0767,-0.0528,-0.1812,-0.1221,-0.0685,-0.2265,-0.1501,-0.0832,-0.0812,-0.2334,-0.0235,-0.1147,-0.3247,-0.0419,-0.1329,-0.3822,-0.0584,-0.1443,-0.4308,-0.071,-0.0379,-0.2524,-0.0233,-0.0468,-0.3598,-0.0362,-0.0492,-0.425,-0.0481,-0.0488,-0.4771,-0.0575,0.0042,-0.2467,-0.0286,0.0097,-0.3456,-0.0449,0.0143,-0.405,-0.056,0.0182,-0.4552,-0.064,0.0443,-0.2223,-0.0375,0.0651,-0.292,-0.0532,0.0786,-0.3367,-0.0594,0.0904,-0.378,-0.0634
5,Scroll (Open Palm),0.0,0.0,0.0,-0.0704,-0.0271,-0.0353,-0.1318,-0.0781,-0.0543,-0.182,-0.1247,-0.0702,-0.2276,-0.1532,-0.0851,-0.0826,-0.2337,-0.0233,-0.1159,-0.3251,-0.0413,-0.1337,-0.3826,-0.0574,-0.1446,-0.4313,-0.0698,-0.0391,-0.2524,-0.0225,-0.0485,-0.3602,-0.0353,-0.0506,-0.4253,-0.0471,-0.0493,-0.4776,-0.0565,0.0026,-0.2467,-0.0273,0.0081,-0.345,-0.0439,0.0131,-0.4035,-0.0553,0.0176,-0.4526,-0.0634,0.0423,-0.223,-0.0358,0.0629,-0.2924,-0.052,0.0771,-0.3365,-0.0587,0.0897,-0.3773,-0.0629
5,Scroll (Open Palm),0.0,0.0,0.0,-0.0708,-0.0265,-0.035,-0.1319,-0.0773,-0.0539,-0.1815,-0.124,-0.0699,-0.227,-0.1525,-0.0849,-0.0821,-0.2331,-0.023,-0.1153,-0.3243,-0.0411,-0.1331,-0.382,-0.0575,-0.1438,-0.4308,-0.07,-0.0389,-0.2519,-0.0224,-0.0483,-0.3594,-0.0352,-0.0502,-0.4247,-0.0472,-0.0481,-0.4771,-0.0565,0.0029,-0.2464,-0.0274,0.0082,-0.3449,-0.0438,0.0132,-0.402,-0.0545,0.0181,-0.4499,-0.0622,0.0428,-0.2226,-0.0362,0.0635,-0.2916,-0.052,0.0778,-0.3352,-0.058,0.0905,-0.3752,-0.0618
5,Scroll (Open Palm),0.0,0.0,0.0,-0.0695,-0.0277,-0.0343,-0.131,-0.0785,-0.0531,-0.181,-0.1249,-0.069,-0.2258,-0.1546,-0.0839,-0.082,-0.2332,-0.0227,-0.1148,-0.3242,-0.0409,-0.1328,-0.3811,-0.0572,-0.1443,-0.4295,-0.0697,-0.0387,-0.2517,-0.0225,-0.0475,-0.3591,-0.0357,-0.0498,-0.4239,-0.0479,-0.0491,-0.4765,-0.0574,0.003,-0.2462,-0.0278,0.0087,-0.3441,-0.0448,0.0135,-0.4025,-0.0561,0.0176,-0.4518,-0.0641,0.0427,-0.2224,-0.0368,0.0634,-0.2918,-0.0531,0.0774,-0.336,-0.0594,0.0895,-0.3767,-0.0633
5,Scroll (Open Palm),0.0,0.0,0.0,-0.0695,-0.0275,-0.0339,-0.1311,-0.0782,-0.0521,-0.1812,-0.1231,-0.0676,-0.226,-0.1512,-0.0822,-0.0817,-0.233,-0.0229,-0.1152,-0.3239,-0.0411,-0.1333,-0.3811,-0.0574,-0.1447,-0.4294,-0.0698,-0.0386,-0.2516,-0.0227,-0.0475,-0.3591,-0.0359,-0.05,-0.4241,-0.0482,-0.0495,-0.4763,-0.0578,0.0033,-0.2459,-0.0281,0.0086,-0.3443,-0.0449,0.0131,-0.4024,-0.0562,0.0171,-0.4512,-0.0643,0.0433,-0.222,-0.0369,0.0636,-0.2915,-0.0529,0.0773,-0.3354,-0.059,0.0893,-0.3757,-0.0629
5,Scroll (Open Palm),0.0,0.0,0.0,-0.0693,-0.0271,-0.0351,-0.1319,-0.0779,-0.0542,-0.1826,-0.1242,-0.0701,-0.227,-0.1552,-0.0848,-0.0835,-0.2319,-0.0246,-0.1162,-0.3222,-0.0433,-0.1341,-0.3783,-0.0598,-0.1457,-0.4263,-0.0725,-0.0404,-0.2505,-0.0241,-0.0491,-0.3573,-0.0378,-0.0514,-0.4212,-0.0503,-0.0508,-0.4735,-0.0601,0.0011,-0.2444,-0.029,0.0065,-0.3419,-0.0468,0.0111,-0.4008,-0.0591,0.0151,-0.4512,-0.0678,0.0409,-0.2202,-0.0376,0.0617,-0.2895,-0.0549,0.076,-0.3336,-0.0622,0.0884,-0.3745,-0.0668
5,Scroll (Open Palm),0.0,0.0,0.0,-0.0685,-0.027,-0.0354,-0.1301,-0.0775,-0.0547,-0.1811,-0.123,-0.071,-0.2261,-0.1526,-0.0861,-0.0821,-0.232,-0.0254,-0.1145,-0.3221,-0.0445,-0.1322,-0.3785,-0.0614,-0.1433,-0.4267,-0.0743,-0.0391,-0.2505,-0.0248,-0.0479,-0.3566,-0.0387,-0.0502,-0.421,-0.0512,-0.0491,-0.4739,-0.0611,0.0029,-0.2444,-0.0297,0.0084,-0.3425,-0.0474,0.013,-0.4005,-0.0589,0.0173,-0.45,-0.0671,0.0433,-0.2196,-0.0383,0.0643,-0.2893,-0.0553,0.0784,-0.3334,-0.0618,0.0908,-0.3739,-0.0659
5,Scroll (Open Palm),0.0,0.0,0.0,-0.069,-0.0267,-0.0348,-0.1309,-0.0781,-0.0536,-0.1817,-0.1239,-0.0694,-0.2267,-0.1526,-0.0842,-0.0824,-0.2325,-0.0246,-0.1155,-0.3228,-0.0434,-0.1335,-0.3795,-0.0601,-0.1449,-0.4275,-0.0728,-0.0394,-0.251,-0.0242,-0.0485,-0.3576,-0.0377,-0.0509,-0.4222,-0.05,-0.0501,-0.4742,-0.0596,0.0026,-0.245,-0.0292,0.0073,-0.3431,-0.0463,0.0119,-0.4009,-0.0577,0.0163,-0.4497,-0.0658,0.0429,-0.2206,-0.0378,0.0632,-0.2906,-0.0543,0.0772,-0.3347,-0.0608,0.0896,-0.3752,-0.0649
5,Scroll (Open Palm),0.0,0.0,0.0,-0.0687,-0.0264,-0.0348,-0.1303,-0.0766,-0.0533,-0.1808,-0.1219,-0.0688,-0.2252,-0.1506,-0.0833,-0.0828,-0.2307,-0.0232,-0.1157,-0.3199,-0.0415,-0.1337,-0.3764,-0.058,-0.1453,-0.4239,-0.0706,-0.0401,-0.2498,-0.0226,-0.0492,-0.3563,-0.0359,-0.0522,-0.4206,-0.048,-0.0519,-0.4718,-0.0574,0.0014,-0.2446,-0.0275,0.0067,-0.3434,-0.0445,0.0111,-0.4016,-0.0559,0.0152,-0.4502,-0.064,0.0413,-0.2208,-0.0361,0.062,-0.2902,-0.0524,0.0759,-0.3341,-0.0588,0.088,-0.374,-0.0629
5,Scroll (Open Palm),0.0,0.0,0.0,-0.0686,-0.026,-0.0351,-0.1297,-0.0771,-0.0539,-0.1806,-0.1234,-0.0696,-0.2257,-0.1527,-0.0842,-0.0843,-0.232,-0.0231,-0.1178,-0.3209,-0.0416,-0.1361,-0.3772,-0.058,-0.1475,-0.4246,-0.0705,-0.0412,-0.2514,-0.0223,-0.0511,-0.3572,-0.0355,-0.0548,-0.4209,-0.0475,-0.0554,-0.4723,-0.0567,0.0006,-0.246,-0.0271,0.005,-0.344,-0.0443,0.0081,-0.403,-0.0557,0.0108,-0.453,-0.0638,0.0404,-0.2221,-0.0356,0.0603,-0.2909,-0.0524,0.0732,-0.3351,-0.0592,0.0844,-0.3759,-0.0634
5,Scroll (Open Palm),0.0,0.0,0.0,-0.0678,-0.0277,-0.0344,-0.1292,-0.078,-0.0527,-0.1797,-0.1235,-0.0679,-0.2236,-0.1539,-0.082,-0.0832,-0.2316,-0.0224,-0.1159,-0.32,-0.0408,-0.1338,-0.3756,-0.0573,-0.1449,-0.4233,-0.0697,-0.0401,-0.251,-0.0217,-0.0496,-0.3555,-0.0346,-0.0524,-0.4189,-0.0463,-0.0519,-0.4699,-0.0553,0.0019,-0.2455,-0.0266,0.0064,-0.3421,-0.0434,0.0102,-0.3997,-0.0538,0.0135,-0.4484,-0.061,0.0419,-0.2216,-0.0353,0.0613,-0.2909,-0.0511,0.0735,-0.3353,-0.0569,0.084,-0.3765,-0.0604
5,Scroll (Open Palm),0.0,0.0,0.0,-0.0684,-0.0275,-0.0344,-0.1299,-0.0784,-0.0528,-0.1806,-0.124,-0.0683,-0.2251,-0.1532,-0.0827,-0.0839,-0.2313,-0.0219,-0.1169,-0.3201,-0.0401,-0.1349,-0.3758,-0.0565,-0.1463,-0.4233,-0.069,-0.0413,-0.2507,-0.0214,-0.0511,-0.3556,-0.0343,-0.0539,-0.4193,-0.0461,-0.0535,-0.4704,-0.0552,0.0003,-0.2454,-0.0266,0.0047,-0.3426,-0.0433,0.0088,-0.4006,-0.0539,0.0123,-0.4494,-0.0613,0.0404,-0.2219,-0.0355,0.0599,-0.2914,-0.0513,0.0722,-0.336,-0.0572,0.083,-0.377,-0.0608
5,Scroll (Open Palm),0.0,0.0,0.0,-0.0683,-0.0265,-0.0346,-0.1302,-0.0762,-0.053,-0.18,-0.1218,-0.0686,-0.2236,-0.1517,-0.083,-0.083,-0.2288,-0.023,-0.1158,-0.3175,-0.0416,-0.1335,-0.3736,-0.0582,-0.1445,-0.421,-0.0708,-0.0401,-0.2483,-0.0223,-0.0499,-0.353,-0.0356,-0.053,-0.4164,-0.0477,-0.0527,-0.4675,-0.0571,0.0015,-0.2436,-0.0272,0.0059,-0.3402,-0.044,0.0095,-0.3974,-0.0548,0.0129,-0.4454,-0.0623,0.0413,-0.2205,-0.0357,0.0607,-0.2886,-0.0517,0.0735,-0.3319,-0.0576,0.0849,-0.3711,-0.0612
5,Scroll (Open Palm),0.0,0.0,0.0,-0.0683,-0.0267,-0.0346,-0.1301,-0.0768,-0.0533,-0.1807,-0.1219,-0.0691,-0.2247,-0.1512,-0.0838,-0.0842,-0.2298,-0.0231,-0.1168,-0.3187,-0.0417,-0.1345,-0.3747,-0.0585,-0.1454,-0.4221,-0.0711,-0.0415,-0.249,-0.0224,-0.051,-0.3537,-0.0357,-0.0536,-0.4171,-0.0477,-0.053,-0.4677,-0.057,0.0002,-0.244,-0.0273,0.0045,-0.3409,-0.044,0.0086,-0.3983,-0.0547,0.0125,-0.446,-0.0622,0.0401,-0.2206,-0.0359,0.0596,-0.2889,-0.0518,0.0726,-0.3324,-0.0577,0.0841,-0.3717,-0.0612
5,Scroll (Open Palm),0.0,0.0,0.0,-0.0684,-0.0257,-0.0329,-0.1302,-0.0742,-0.0511,-0.181,-0.1187,-0.0668,-0.2251,-0.1475,-0.0817,-0.0838,-0.2259,-0.0228,-0.1166,-0.3155,-0.0417,-0.1341,-0.3728,-0.0586,-0.1446,-0.4212,-0.0714,-0.0416,-0.2462,-0.0232,-0.0518,-0.3523,-0.0372,-0.0538,-0.4172,-0.0498,-0.0518,-0.4691,-0.0597,-0.0001,-0.2425,-0.0288,0.0049,-0.34,-0.0461,0.0095,-0.3973,-0.0574,0.0142,-0.4451,-0.0656,0.0398,-0.2202,-0.038,0.0598,-0.2894,-0.0543,0.0737,-0.3327,-0.0606,0.086,-0.3715,-0.0645
5,Scroll (Open Palm),0.0,0.0,0.0,-0.0684,-0.026,-0.033,-0.1298,-0.0749,-0.0511,-0.1803,-0.1193,-0.0666,-0.2245,-0.1484,-0.0812,-0.084,-0.2275,-0.023,-0.1163,-0.3171,-0.0414,-0.1334,-0.3737,-0.0577,-0.1436,-0.4218,-0.0703,-0.0415,-0.2468,-0.0231,-0.0512,-0.3528,-0.0364,-0.0535,-0.4167,-0.0485,-0.0519,-0.4679,-0.058,0.0003,-0.2421,-0.0284,0.0052,-0.3402,-0.0453,0.0098,-0.3982,-0.0565,0.0147,-0.4467,-0.0646,0.0402,-0.219,-0.0373,0.0604,-0.2884,-0.0538,0.0744,-0.3318,-0.0602,0.0868,-0.3709,-0.0642
5,Scroll (Open Palm),0.0,0.0,0.0,-0.0689,-0.0259,-0.0336,-0.1301,-0.0755,-0.052,-0.1796,-0.1201,-0.0676,-0.2239,-0.1481,-0.0822,-0.0828,-0.2295,-0.0238,-0.1157,-0.3195,-0.0423,-0.1336,-0.3765,-0.0587,-0.1446,-0.4242,-0.0712,-0.0404,-0.2483,-0.0237,-0.05,-0.354,-0.0372,-0.0522,-0.4182,-0.0493,-0.051,-0.4694,-0.0587,0.001,-0.2435,-0.029,0.0062,-0.3416,-0.0459,0.0111,-0.3986,-0.0569,0.0157,-0.4458,-0.0646,0.0407,-0.2203,-0.0378,0.0612,-0.2901,-0.0539,0.075,-0.3337,-0.0599,0.087,-0.3726,-0.0636
5,Scroll (Open Palm),0.0,0.0,0.0,-0.068,-0.0259,-0.0343,-0.1283,-0.0732,-0.0549,-0.1775,-0.1184,-0.0728,-0.2227,-0.1466,-0.09,-0.0812,-0.2275,-0.0277,-0.1135,-0.3175,-0.0482,-0.1308,-0.375,-0.0658,-0.1414,-0.4234,-0.079,-0.039,-0.247,-0.0282,-0.0485,-0.3535,-0.0435,-0.0504,-0.4198,-0.0568,-0.0489,-0.4741,-0.0671,0.0021,-0.242,-0.0339,0.0086,-0.3396,-0.0522,0.0139,-0.3973,-0.064,0.0182,-0.4453,-0.0724,0.0418,-0.2183,-0.0431,0.0639,-0.2884,-0.0597,0.0783,-0.3325,-0.066,0.0904,-0.3716,-0.07
5,Scroll (Open Palm),0.0,0.0,0.0,-0.0689,-0.0242,-0.0331,-0.1291,-0.0748,-0.0522,-0.1776,-0.1215,-0.0688,-0.2225,-0.1503,-0.0848,-0.0809,-0.2304,-0.0249,-0.1142,-0.3211,-0.0442,-0.1309,-0.3791,-0.0613,-0.14,-0.4276,-0.0743,-0.0386,-0.25,-0.0257,-0.049,-0.3577,-0.0398,-0.0507,-0.4242,-0.0528,-0.0488,-0.4766,-0.063,0.0026,-0.2452,-0.0317,0.0085,-0.3442,-0.0491,0.0147,-0.4018,-0.0611,0.0198,-0.4496,-0.0697,0.0424,-0.2215,-0.0412,0.0642,-0.2923,-0.0574,0.0792,-0.3362,-0.064,0.092,-0.3752,-0.0683
5,Scroll (Open Palm),0.0,0.0,0.0,-0.0682,-0.0206,-0.0343,-0.1286,-0.0693,-0.0532,-0.1768,-0.1162,-0.0695,-0.221,-0.1452,-0.0852,-0.0797,-0.2267,-0.0267,-0.1121,-0.3175,-0.0462,-0.1287,-0.3757,-0.0634,-0.1375,-0.4247,-0.0764,-0.0372,-0.2475,-0.0268,-0.0478,-0.3557,-0.0411,-0.05,-0.4229,-0.0541,-0.0483,-0.4749,-0.0645,0.0041,-0.2437,-0.0323,0.0105,-0.3424,-0.0503,0.0164,-0.4004,-0.0628,0.0212,-0.4478,-0.0719,0.0439,-0.2212,-0.0413,0.0662,-0.2919,-0.0587,0.0818,-0.3359,-0.0662,0.0951,-0.3747,-0.0712
5,Scroll (Open Palm),0.0,0.0,0.0,-0.0673,-0.0278,-0.0335,-0.1263,-0.0784,-0.0531,-0.1765,-0.1253,-0.07,-0.2228,-0.1543,-0.0865,-0.0779,-0.2308,-0.0259,-0.1103,-0.3223,-0.0458,-0.1273,-0.3804,-0.0633,-0.1369,-0.4297,-0.0766,-0.0353,-0.2504,-0.0266,-0.0438,-0.3595,-0.0412,-0.0454,-0.4256,-0.0545,-0.0439,-0.4785,-0.065,0.0066,-0.2448,-0.0326,0.0125,-0.3451,-0.0503,0.0184,-0.4047,-0.0627,0.0232,-0.4548,-0.0718,0.0466,-0.2202,-0.0419,0.0679,-0.2903,-0.0587,0.082,-0.3357,-0.0657,0.0943,-0.3777,-0.0705
5,Scroll (Open Palm),0.0,0.0,0.0,-0.0681,-0.025,-0.0334,-0.1276,-0.0776,-0.0521,-0.1763,-0.1259,-0.068,-0.2226,-0.1547,-0.0834,-0.0766,-0.2308,-0.0253,-0.1093,-0.3216,-0.0446,-0.1265,-0.3799,-0.0617,-0.1366,-0.4299,-0.075,-0.0345,-0.25,-0.026,-0.043,-0.3571,-0.0402,-0.0448,-0.423,-0.0533,-0.0438,-0.4765,-0.0638,0.0064,-0.2438,-0.0319,0.0125,-0.3421,-0.0498,0.0182,-0.4001,-0.062,0.0226,-0.4498,-0.0711,0.0452,-0.2181,-0.0413,0.0664,-0.2857,-0.0587,0.0806,-0.3301,-0.066,0.0927,-0.372,-0.0711
5,Scroll (Open Palm),0.0,0.0,0.0,-0.0676,-0.0271,-0.0326,-0.1271,-0.0798,-0.0513,-0.1769,-0.1269,-0.0675,-0.2235,-0.1542,-0.0833,-0.0754,-0.2296,-0.0254,-0.107,-0.3195,-0.0453,-0.1245,-0.3769,-0.0629,-0.1356,-0.4263,-0.0765,-0.033,-0.2486,-0.0266,-0.0409,-0.3556,-0.0415,-0.0428,-0.4212,-0.055,-0.0424,-0.4745,-0.0658,0.0082,-0.2423,-0.0329,0.0135,-0.3403,-0.0511,0.0186,-0.3986,-0.0632,0.0223,-0.4485,-0.072,0.0474,-0.217,-0.0425,0.0687,-0.2857,-0.0594,0.0828,-0.3301,-0.0661,0.0945,-0.3715,-0.0707
5,Scroll (Open Palm),0.0,0.0,0.0,-0.0683,-0.0268,-0.0339,-0.1274,-0.0802,-0.053,-0.1769,-0.1294,-0.0693,-0.2236,-0.1585,-0.0849,-0.0748,-0.2319,-0.0252,-0.1063,-0.3232,-0.0448,-0.1234,-0.3816,-0.0622,-0.1337,-0.4314,-0.0756,-0.0325,-0.2509,-0.0255,-0.0401,-0.3592,-0.0399,-0.0417,-0.4252,-0.0528,-0.0407,-0.4778,-0.063,0.0086,-0.2446,-0.0311,0.0148,-0.3438,-0.0487,0.0202,-0.4032,-0.0604,0.0244,-0.453,-0.069,0.0479,-0.2194,-0.0402,0.0697,-0.2891,-0.0565,0.0832,-0.3339,-0.063,0.0945,-0.375,-0.0675
5,Scroll (Open Palm),0.0,0.0,0.0,-0.0666,-0.0253,-0.0332,-0.1257,-0.078,-0.0508,-0.1735,-0.1256,-0.0656,-0.2173,-0.1547,-0.0797,-0.0752,-0.2281,-0.0239,-0.1064,-0.317,-0.0422,-0.1232,-0.3738,-0.0585,-0.1335,-0.4222,-0.0712,-0.0331,-0.2466,-0.0239,-0.0409,-0.3528,-0.0371,-0.0431,-0.4182,-0.0493,-0.0426,-0.4702,-0.0589,0.0077,-0.24,-0.029,0.0128,-0.3371,-0.0459,0.0174,-0.3947,-0.0574,0.0211,-0.4431,-0.0657,0.0465,-0.215,-0.0376,0.0666,-0.2831,-0.0535,0.0798,-0.3264,-0.0599,0.0912,-0.3665,-0.0642
5,Scroll (Open Palm),0.0,0.0,0.0,-0.0668,-0.0251,-0.0328,-0.1258,-0.0778,-0.0502,-0.1734,-0.1261,-0.0649,-0.2172,-0.1547,-0.079,-0.0752,-0.2274,-0.0238,-0.107,-0.3165,-0.0422,-0.1241,-0.3739,-0.0587,-0.1343,-0.4226,-0.0715,-0.0335,-0.2461,-0.0239,-0.0416,-0.352,-0.0372,-0.0437,-0.4171,-0.0494,-0.0431,-0.4687,-0.0591,0.0072,-0.2397,-0.0292,0.0121,-0.3371,-0.0459,0.0168,-0.3945,-0.0571,0.0204,-0.4428,-0.0654,0.046,-0.2145,-0.0379,0.0663,-0.2824,-0.0536,0.0795,-0.3258,-0.0599,0.0908,-0.366,-0.0642
5,Scroll (Open Palm),0.0,0.0,0.0,-0.0671,-0.0245,-0.0326,-0.1253,-0.0774,-0.0502,-0.1723,-0.1254,-0.0652,-0.2171,-0.1529,-0.0798,-0.0751,-0.2268,-0.0237,-0.1066,-0.3151,-0.0424,-0.1234,-0.3722,-0.0592,-0.1334,-0.4214,-0.0723,-0.0333,-0.246,-0.0241,-0.0415,-0.3512,-0.0377,-0.0435,-0.4164,-0.0505,-0.0425,-0.4689,-0.0606,0.0075,-0.2398,-0.0297,0.0121,-0.336,-0.0468,0.0168,-0.3935,-0.0583,0.0206,-0.4424,-0.0668,0.0464,-0.2145,-0.0387,0.0666,-0.2824,-0.0546,0.0799,-0.3258,-0.0609,0.0913,-0.3663,-0.0653
5,Scroll (Open Palm),0.0,0.0,0.0,-0.0672,-0.0242,-0.0326,-0.1251,-0.0768,-0.0503,-0.1722,-0.1249,-0.0655,-0.2173,-0.1523,-0.0802,-0.0751,-0.2261,-0.0238,-0.1061,-0.3142,-0.0424,-0.1227,-0.3712,-0.0592,-0.1328,-0.4203,-0.0722,-0.0332,-0.2452,-0.0243,-0.0412,-0.3504,-0.0379,-0.0433,-0.4157,-0.0506,-0.0425,-0.4685,-0.0608,0.0076,-0.239,-0.03,0.0123,-0.3351,-0.0471,0.017,-0.3929,-0.0588,0.0208,-0.442,-0.0675,0.0463,-0.2139,-0.039,0.0665,-0.2818,-0.0551,0.08,-0.3251,-0.0616,0.0916,-0.3654,-0.0661
5,Scroll (Open Palm),0.0,0.0,0.0,-0.0667,-0.0239,-0.033,-0.1251,-0.0765,-0.0511,-0.1725,-0.125,-0.0664,-0.2176,-0.1525,-0.0812,-0.076,-0.2277,-0.0247,-0.1071,-0.3165,-0.0436,-0.1237,-0.3733,-0.0604,-0.1334,-0.4221,-0.0736,-0.0338,-0.2468,-0.0252,-0.0416,-0.3521,-0.0388,-0.0436,-0.4174,-0.0514,-0.0429,-0.4697,-0.0616,0.0071,-0.2402,-0.0307,0.0125,-0.3373,-0.0476,0.0174,-0.3947,-0.0592,0.0213,-0.4429,-0.0677,0.0458,-0.2145,-0.0397,0.0668,-0.2818,-0.0559,0.0801,-0.3254,-0.0626,0.0914,-0.366,-0.0671
5,Scroll (Open Palm),0.0,0.0,0.0,-0.0666,-0.0264,-0.0314,-0.1253,-0.0797,-0.0488,-0.1723,-0.1271,-0.0638,-0.2156,-0.1559,-0.0782,-0.0751,-0.2296,-0.0234,-0.1063,-0.3186,-0.0426,-0.1233,-0.3752,-0.0599,-0.1338,-0.4237,-0.0731,-0.0331,-0.2484,-0.0246,-0.0405,-0.3553,-0.0385,-0.0421,-0.4218,-0.0514,-0.0411,-0.4751,-0.0615,0.0079,-0.2418,-0.0308,0.0138,-0.3399,-0.0478,0.0188,-0.3978,-0.0594,0.0226,-0.4462,-0.0678,0.0472,-0.2156,-0.0403,0.0683,-0.2839,-0.056,0.0813,-0.3279,-0.0621,0.0922,-0.3683,-0.0662
5,Scroll (Open Palm),0.0,0.0,0.0,-0.0673,-0.0258,-0.0325,-0.1263,-0.0784,-0.0502,-0.173,-0.1258,-0.0652,-0.2152,-0.1549,-0.0797,-0.0761,-0.2266,-0.0245,-0.1067,-0.3153,-0.0435,-0.1234,-0.3718,-0.0604,-0.1337,-0.4208,-0.0734,-0.0339,-0.2458,-0.025,-0.0412,-0.3518,-0.0384,-0.0431,-0.4176,-0.0506,-0.0421,-0.4707,-0.0603,0.0067,-0.2394,-0.0307,0.0127,-0.3359,-0.0469,0.0173,-0.3929,-0.0575,0.0211,-0.4409,-0.0654,0.0454,-0.2139,-0.0399,0.0653,-0.2812,-0.0548,0.0781,-0.324,-0.0601,0.0892,-0.3635,-0.0638
5,Scroll (Open Palm),0.0,0.0,0.0,-0.0667,-0.0249,-0.0341,-0.125,-0.0768,-0.0524,-0.1722,-0.1249,-0.0678,-0.2142,-0.1561,-0.0824,-0.0756,-0.2261,-0.0258,-0.1061,-0.3154,-0.0454,-0.1225,-0.3718,-0.0624,-0.1321,-0.4206,-0.0753,-0.0334,-0.246,-0.0254,-0.0406,-0.3517,-0.0394,-0.0422,-0.4176,-0.0516,-0.0407,-0.4707,-0.0613,0.0075,-0.2401,-0.0304,0.0131,-0.3358,-0.0471,0.0178,-0.3933,-0.0579,0.0219,-0.4416,-0.0658,0.0463,-0.2152,-0.0389,0.0664,-0.2827,-0.0546,0.0796,-0.3259,-0.0605,0.0909,-0.3658,-0.0644
8,Idle (Closed Fist),0.0,0.0,0.0,-0.0571,-0.0182,-0.0222,-0.1086,-0.0848,-0.0341,-0.097,-0.1561,-0.0477,-0.0507,-0.1777,-0.056,-0.1114,-0.17,-0.0014,-0.1243,-0.2258,-0.0385,-0.0959,-0.1701,-0.0589,-0.0797,-0.1421,-0.0671,-0.0722,-0.1851,-0.0053,-0.0779,-0.238,-0.0415,-0.0552,-0.1667,-0.0483,-0.0527,-0.1442,-0.0432,-0.0325,-0.1913,-0.0165,-0.0319,-0.2385,-0.0493,-0.0192,-0.1689,-0.0404,-0.0218,-0.1458,-0.0246,0.0087,-0.1889,-0.0307,0.006,-0.2324,-0.0447,0.0095,-0.1818,-0.0332,0.0072,-0.1557,-0.0198
8,Idle (Closed Fist),0.0,0.0,0.0,-0.058,-0.0245,-0.0239,-0.1074,-0.093,-0.036,-0.0953,-0.1649,-0.0497,-0.0481,-0.1878,-0.057,-0.1018,-0.1814,-0.0004,-0.1144,-0.242,-0.0389,-0.0906,-0.1798,-0.0585,-0.0775,-0.151,-0.0655,-0.0619,-0.1903,-0.0029,-0.0687,-0.2472,-0.0402,-0.05,-0.1698,-0.0457,-0.0482,-0.1517,-0.0391,-0.0225,-0.1927,-0.0133,-0.0225,-0.2427,-0.047,-0.013,-0.1691,-0.0364,-0.0142,-0.1503,-0.0185,0.0184,-0.1885,-0.0267,0.0162,-0.2344,-0.0392,0.0173,-0.1844,-0.0261,0.0156,-0.162,-0.0113
8,Idle (Closed Fist),0.0,0.0,0.0,-0.0601,-0.0284,-0.0223,-0.1107,-0.1107,-0.0323,-0.0891,-0.1835,-0.0445,-0.0366,-0.1897,-0.051,-0.1039,-0.1859,0.0023,-0.1133,-0.2464,-0.0346,-0.093,-0.1834,-0.0532,-0.0826,-0.1549,-0.06,-0.0635,-0.196,-0.0013,-0.068,-0.2532,-0.0388,-0.0517,-0.1745,-0.0444,-0.0513,-0.1544,-0.037,-0.0231,-0.1988,-0.0127,-0.0218,-0.2453,-0.0459,-0.0134,-0.1715,-0.0364,-0.0155,-0.152,-0.0189,0.0187,-0.1952,-0.0273,0.0168,-0.2413,-0.0389,0.0187,-0.1908,-0.0263,0.0182,-0.1677,-0.0119
8,Idle (Closed Fist),0.0,0.0,0.0,-0.0612,-0.0297,-0.0197,-0.1116,-0.1137,-0.0284,-0.0886,-0.1855,-0.0398,-0.0371,-0.1905,-0.0458,-0.1039,-0.1854,0.0038,-0.1158,-0.2493,-0.0325,-0.0935,-0.187,-0.0514,-0.0811,-0.1555,-0.0581,-0.0634,-0.1954,-0.0008,-0.0695,-0.2555,-0.0369,-0.0524,-0.1781,-0.0423,-0.0508,-0.1547,-0.0352,-0.0231,-0.1981,-0.013,-0.0236,-0.2492,-0.0447,-0.0142,-0.1758,-0.0346,-0.0147,-0.1516,-0.0172,0.0181,-0.1941,-0.0282,0.0156,-0.2438,-0.0393,0.0172,-0.194,-0.0265,0.0173,-0.1677,-0.0121
8,Idle (Closed Fist),0.0,0.0,0.0,-0.0635,-0.0334,-0.0229,-0.1122,-0.1197,-0.0336,-0.0876,-0.191,-0.0465,-0.0332,-0.191,-0.054,-0.1049,-0.1942,0.0018,-0.1138,-0.2522,-0.0339,-0.0911,-0.1921,-0.053,-0.0777,-0.1625,-0.0603,-0.0636,-0.2044,-0.0016,-0.0672,-0.2614,-0.0377,-0.0502,-0.1835,-0.0435,-0.0466,-0.1589,-0.0364,-0.0221,-0.2051,-0.0127,-0.0189,-0.2522,-0.0446,-0.011,-0.1784,-0.0356,-0.0111,-0.152,-0.0184,0.0206,-0.1976,-0.0271,0.019,-0.2474,-0.0371,0.0192,-0.1977,-0.024,0.0191,-0.1705,-0.0094
8,Idle (Closed Fist),0.0,0.0,0.0,-0.0625,-0.0291,-0.0217,-0.1134,-0.1114,-0.0319,-0.0916,-0.1846,-0.0445,-0.0378,-0.1894,-0.0516,-0.1039,-0.1887,0.0009,-0.1152,-0.2479,-0.0359,-0.0934,-0.1855,-0.0549,-0.0796,-0.1561,-0.062,-0.0629,-0.1981,-0.0029,-0.0684,-0.2548,-0.0395,-0.0525,-0.1765,-0.0446,-0.0493,-0.1543,-0.0374,-0.0221,-0.1992,-0.0145,-0.0205,-0.2466,-0.0473,-0.0134,-0.1711,-0.0372,-0.014,-0.1474,-0.0197,0.0204,-0.1927,-0.0292,0.0186,-0.2404,-0.0409,0.018,-0.1885,-0.0283,0.0169,-0.1617,-0.0141
8,Idle (Closed Fist),0.0,0.0,0.0,-0.0603,-0.0268,-0.0273,-0.1089,-0.1091,-0.0406,-0.0896,-0.1838,-0.0551,-0.0364,-0.1917,-0.0633,-0.106,-0.1903,-0.0042,-0.1164,-0.2508,-0.0435,-0.0921,-0.1884,-0.0631,-0.0774,-0.1591,-0.07,-0.0637,-0.2016,-0.0058,-0.0693,-0.2596,-0.0448,-0.0511,-0.1799,-0.0492,-0.0463,-0.1575,-0.0404,-0.0213,-0.2033,-0.0157,-0.0206,-0.2493,-0.0511,-0.0114,-0.1733,-0.0401,-0.0098,-0.1489,-0.0206,0.0224,-0.1975,-0.0291,0.0185,-0.2465,-0.0416,0.0189,-0.1956,-0.028,0.0196,-0.1694,-0.0124
8,Idle (Closed Fist),0.0,0.0,0.0,-0.0607,-0.0298,-0.0233,-0.1084,-0.1133,-0.0352,-0.0849,-0.185,-0.0493,-0.0328,-0.1905,-0.0574,-0.1053,-0.1888,-0.0018,-0.1156,-0.2497,-0.0409,-0.0916,-0.1881,-0.061,-0.0773,-0.1567,-0.0682,-0.0636,-0.1993,-0.0052,-0.069,-0.258,-0.0435,-0.0505,-0.1793,-0.0487,-0.0472,-0.1549,-0.041,-0.0215,-0.2014,-0.0164,-0.0201,-0.247,-0.0506,-0.0108,-0.1721,-0.0403,-0.0112,-0.1467,-0.022,0.0217,-0.1963,-0.0307,0.0198,-0.2454,-0.0425,0.0208,-0.1954,-0.029,0.0201,-0.1684,-0.0139
8,Idle (Closed Fist),0.0,0.0,0.0,-0.0621,-0.0259,-0.0248,-0.1118,-0.0999,-0.0388,-0.0939,-0.1737,-0.0546,-0.0388,-0.1882,-0.0648,-0.1047,-0.1875,-0.0056,-0.1155,-0.2488,-0.0446,-0.0911,-0.1904,-0.0651,-0.0755,-0.1572,-0.0724,-0.0619,-0.1991,-0.0085,-0.0673,-0.2593,-0.047,-0.0489,-0.1824,-0.0525,-0.0438,-0.1532,-0.0448,-0.0197,-0.2006,-0.0189,-0.0181,-0.2474,-0.0542,-0.0088,-0.1731,-0.0447,-0.0079,-0.1423,-0.0264,0.0237,-0.193,-0.0325,0.0214,-0.245,-0.0457,0.0211,-0.1967,-0.0329,0.0199,-0.1661,-0.0178
8,Idle (Closed Fist),0.0,0.0,0.0,-0.0614,-0.0255,-0.0261,-0.1103,-0.1013,-0.0398,-0.0931,-0.1771,-0.0551,-0.041,-0.1937,-0.0643,-0.1034,-0.1903,-0.0016,-0.1153,-0.2516,-0.0413,-0.092,-0.1894,-0.0615,-0.0777,-0.1574,-0.0683,-0.0616,-0.2017,-0.0039,-0.0676,-0.2607,-0.0427,-0.0495,-0.1824,-0.0483,-0.0459,-0.159,-0.0406,-0.0199,-0.2039,-0.0145,-0.0182,-0.2513,-0.0507,-0.0096,-0.176,-0.041,-0.0103,-0.1517,-0.0224,0.0236,-0.1981,-0.0282,0.0216,-0.2495,-0.0419,0.0224,-0.1984,-0.0287,0.0213,-0.1706,-0.0131
8,Idle (Closed Fist),0.0,0.0,0.0,-0.0641,-0.0249,-0.0252,-0.1141,-0.1081,-0.0372,-0.0915,-0.1838,-0.0507,-0.0375,-0.1916,-0.0589,-0.1061,-0.1927,-0.0006,-0.1142,-0.2481,-0.0384,-0.0933,-0.1864,-0.0581,-0.0807,-0.1569,-0.0654,-0.0643,-0.204,-0.0034,-0.0677,-0.2608,-0.0414,-0.0516,-0.1825,-0.0473,-0.0495,-0.1585,-0.0399,-0.0222,-0.2051,-0.0143,-0.0191,-0.2505,-0.0499,-0.0119,-0.1747,-0.041,-0.0144,-0.15,-0.0234,0.0217,-0.1976,-0.0283,0.02,-0.2465,-0.0426,0.0201,-0.1931,-0.0303,0.0181,-0.1647,-0.0156
8,Idle (Closed Fist),0.0,0.0,0.0,-0.0635,-0.027,-0.0236,-0.1123,-0.1068,-0.0356,-0.0906,-0.18,-0.0494,-0.0391,-0.1895,-0.0579,-0.1069,-0.1903,0.0005,-0.1161,-0.2463,-0.0378,-0.0932,-0.1872,-0.0589,-0.0788,-0.1564,-0.0671,-0.0647,-0.2018,-0.0029,-0.0696,-0.2585,-0.0401,-0.0526,-0.1818,-0.0466,-0.0487,-0.1561,-0.0402,-0.0221,-0.2034,-0.0142,-0.02,-0.2489,-0.0488,-0.0124,-0.1738,-0.0399,-0.0126,-0.1466,-0.0224,0.0221,-0.1964,-0.0287,0.0194,-0.2451,-0.0419,0.0191,-0.1936,-0.0292,0.0182,-0.1645,-0.0142
8,Idle (Closed Fist),0.0,0.0,0.0,-0.0646,-0.0272,-0.0238,-0.1131,-0.1062,-0.0358,-0.0915,-0.1795,-0.0498,-0.0405,-0.1888,-0.0584,-0.1079,-0.1879,0.0011,-0.1168,-0.2454,-0.0373,-0.0937,-0.1865,-0.0582,-0.0797,-0.1555,-0.066,-0.0657,-0.1999,-0.0023,-0.0699,-0.2572,-0.0398,-0.0525,-0.1805,-0.0464,-0.0489,-0.1549,-0.0398,-0.0232,-0.2024,-0.0137,-0.0205,-0.2477,-0.0486,-0.0123,-0.1726,-0.04,-0.013,-0.1459,-0.0224,0.0211,-0.1964,-0.0281,0.019,-0.2455,-0.0413,0.0195,-0.1943,-0.0285,0.0187,-0.1655,-0.0134
8,Idle (Closed Fist),0.0,0.0,0.0,-0.065,-0.026,-0.0246,-0.1142,-0.1125,-0.036,-0.0892,-0.187,-0.0492,-0.0346,-0.1907,-0.0574,-0.1058,-0.1968,0.0017,-0.1102,-0.2498,-0.0355,-0.0924,-0.1897,-0.0549,-0.0825,-0.1604,-0.0619,-0.0641,-0.2076,-0.0013,-0.0647,-0.2604,-0.0389,-0.0513,-0.1826,-0.045,-0.0502,-0.1592,-0.0375,-0.022,-0.2073,-0.0124,-0.0159,-0.2491,-0.0475,-0.0115,-0.1751,-0.0402,-0.016,-0.1509,-0.0236,0.0215,-0.1984,-0.0267,0.0232,-0.246,-0.0404,0.0214,-0.1943,-0.0291,0.0166,-0.1662,-0.0151
8,Idle (Closed Fist),0.0,0.0,0.0,-0.0679,-0.0262,-0.0261,-0.1183,-0.1153,-0.0374,-0.0915,-0.1913,-0.0505,-0.0375,-0.1937,-0.0584,-0.1063,-0.1928,0.0014,-0.1109,-0.2461,-0.0381,-0.0905,-0.1868,-0.0596,-0.0789,-0.1576,-0.0678,-0.0648,-0.2061,-0.0013,-0.0662,-0.2618,-0.0416,-0.0508,-0.1844,-0.0493,-0.0504,-0.1611,-0.0425,-0.0233,-0.2085,-0.0126,-0.018,-0.2533,-0.0482,-0.0113,-0.1826,-0.0408,-0.0153,-0.1615,-0.0241,0.0196,-0.2022,-0.0274,0.0212,-0.2509,-0.0399,0.0215,-0.202,-0.028,0.0183,-0.1774,-0.0139
8,Idle (Closed Fist),0.0,0.0,0.0,-0.0673,-0.0247,-0.0261,-0.1184,-0.1094,-0.0384,-0.0934,-0.1851,-0.0522,-0.039,-0.1911,-0.0608,-0.1103,-0.1874,-0.0014,-0.1162,-0.2457,-0.0419,-0.0941,-0.1855,-0.0637,-0.0817,-0.1538,-0.072,-0.0678,-0.2003,-0.0042,-0.07,-0.26,-0.045,-0.053,-0.1813,-0.053,-0.0533,-0.1559,-0.0462,-0.0254,-0.2037,-0.0152,-0.0212,-0.2515,-0.0518,-0.0128,-0.1774,-0.044,-0.0173,-0.153,-0.0268,0.0186,-0.1981,-0.0295,0.0186,-0.2477,-0.0434,0.0201,-0.1965,-0.0313,0.0171,-0.1697,-0.0168
8,Idle (Closed Fist),0.0,0.0,0.0,-0.0673,-0.0256,-0.0243,-0.1191,-0.1094,-0.0353,-0.0945,-0.1838,-0.0486,-0.0398,-0.1888,-0.0568,-0.1113,-0.1873,0.0022,-0.1191,-0.247,-0.038,-0.0949,-0.1885,-0.06,-0.0804,-0.1557,-0.0681,-0.0692,-0.2004,-0.0013,-0.0737,-0.2626,-0.0415,-0.0552,-0.1842,-0.0495,-0.0527,-0.1557,-0.0426,-0.027,-0.204,-0.0131,-0.0242,-0.252,-0.0499,-0.0143,-0.1755,-0.0425,-0.0158,-0.1462,-0.0247,0.017,-0.1985,-0.028,0.0162,-0.2504,-0.0421,0.0181,-0.1988,-0.0301,0.017,-0.1684,-0.0152
8,Idle (Closed Fist),0.0,0.0,0.0,-0.0672,-0.0262,-0.0244,-0.1199,-0.1118,-0.036,-0.0974,-0.1894,-0.0495,-0.043,-0.1958,-0.058,-0.1122,-0.1928,-0.001,-0.1175,-0.2491,-0.04,-0.0959,-0.191,-0.0606,-0.0835,-0.1607,-0.0681,-0.0699,-0.2058,-0.0046,-0.0715,-0.2652,-0.0436,-0.0538,-0.186,-0.0499,-0.0525,-0.159,-0.0422,-0.0266,-0.2084,-0.0161,-0.022,-0.254,-0.0525,-0.0128,-0.1778,-0.0444,-0.0153,-0.1497,-0.0266,0.0181,-0.2016,-0.0306,0.0165,-0.253,-0.0447,0.0181,-0.2004,-0.032,0.0165,-0.1697,-0.0167
8,Idle (Closed Fist),0.0,0.0,0.0,-0.0677,-0.0272,-0.0232,-0.1213,-0.1133,-0.0334,-0.0976,-0.1901,-0.0458,-0.0427,-0.1945,-0.053,-0.1122,-0.1942,0.0037,-0.1208,-0.25,-0.0355,-0.0983,-0.1869,-0.0564,-0.0847,-0.1563,-0.064,-0.0699,-0.2063,-0.0002,-0.0751,-0.2642,-0.039,-0.057,-0.1842,-0.0457,-0.0535,-0.1594,-0.0381,-0.0269,-0.2093,-0.0123,-0.026,-0.2556,-0.0485,-0.0156,-0.1778,-0.0401,-0.0152,-0.1512,-0.0219,0.0179,-0.2038,-0.0274,0.0138,-0.2534,-0.0411,0.0163,-0.1991,-0.0283,0.0174,-0.1697,-0.0128
8,Idle (Closed Fist),0.0,0.0,0.0,-0.0653,-0.0271,-0.0246,-0.1198,-0.1135,-0.0355,-0.1007,-0.1925,-0.0482,-0.0448,-0.1999,-0.0553,-0.1125,-0.2008,0.0009,-0.12,-0.2531,-0.038,-0.0971,-0.1909,-0.0589,-0.0834,-0.1626,-0.0669,-0.0697,-0.2139,-0.0023,-0.0736,-0.2682,-0.0408,-0.0556,-0.1871,-0.0465,-0.0517,-0.164,-0.0386,-0.026,-0.2162,-0.0137,-0.023,-0.2572,-0.0499,-0.0146,-0.1799,-0.0409,-0.0148,-0.1553,-0.0227,0.019,-0.2095,-0.0283,0.0163,-0.2593,-0.042,0.0167,-0.2057,-0.029,0.0162,-0.1762,-0.0134
8,Idle (Closed Fist),0.0,0.0,0.0,-0.0666,-0.0322,-0.025,-0.1177,-0.1133,-0.0376,-0.0963,-0.1886,-0.0524,-0.0382,-0.1907,-0.0618,-0.1108,-0.2055,0.0031,-0.1188,-0.2535,-0.0366,-0.0978,-0.1901,-0.0592,-0.086,-0.1598,-0.0686,-0.0682,-0.2179,-0.0009,-0.0717,-0.2677,-0.0392,-0.0551,-0.1887,-0.0465,-0.0517,-0.1674,-0.0403,-0.0242,-0.2181,-0.0134,-0.0198,-0.2601,-0.0501,-0.0138,-0.184,-0.0425,-0.015,-0.1587,-0.0255,0.0209,-0.2074,-0.0292,0.02,-0.2563,-0.0437,0.0174,-0.2022,-0.0314,0.0146,-0.1707,-0.0163
8,Idle (Closed Fist),0.0,0.0,0.0,-0.066,-0.0308,-0.0248,-0.1176,-0.1124,-0.0369,-0.0945,-0.1856,-0.0508,-0.037,-0.1905,-0.0596,-0.1112,-0.208,0.0036,-0.1147,-0.2515,-0.0355,-0.0967,-0.187,-0.0577,-0.0883,-0.1587,-0.0672,-0.0682,-0.2187,-0.0006,-0.0696,-0.2648,-0.038,-0.0558,-0.1863,-0.0452,-0.0557,-0.167,-0.0397,-0.0239,-0.2177,-0.0132,-0.0199,-0.2565,-0.0497,-0.0144,-0.1807,-0.0421,-0.0175,-0.159,-0.0257,0.0215,-0.206,-0.029,0.0191,-0.2515,-0.0445,0.018,-0.1951,-0.0321,0.0154,-0.165,-0.0171
8,Idle (Closed Fist),0.0,0.0,0.0,-0.0664,-0.0317,-0.0232,-0.1174,-0.1142,-0.0344,-0.0941,-0.1869,-0.0476,-0.0367,-0.1907,-0.056,-0.1096,-0.2089,0.0054,-0.1143,-0.252,-0.0328,-0.0966,-0.1888,-0.0548,-0.0875,-0.16,-0.0641,-0.0666,-0.22,0.0008,-0.0688,-0.2654,-0.0355,-0.0556,-0.188,-0.0426,-0.0543,-0.1678,-0.0369,-0.0223,-0.2189,-0.0122,-0.0191,-0.2573,-0.0474,-0.014,-0.1826,-0.0398,-0.016,-0.1594,-0.0235,0.023,-0.2069,-0.0283,0.0203,-0.252,-0.043,0.0187,-0.1966,-0.0307,0.0167,-0.1663,-0.0158
8,Idle (Closed Fist),0.0,0.0,0.0,-0.0668,-0.0288,-0.021,-0.1194,-0.1107,-0.0306,-0.102,-0.1871,-0.0431,-0.0492,-0.1979,-0.0514,-0.1124,-0.2046,0.0061,-0.1218,-0.2547,-0.0309,-0.1031,-0.1942,-0.0517,-0.093,-0.164,-0.06,-0.0698,-0.2192,0.0007,-0.0722,-0.2705,-0.0359,-0.0565,-0.1921,-0.0432,-0.0548,-0.1663,-0.0368,-0.0257,-0.2215,-0.0124,-0.0225,-0.2615,-0.0482,-0.0151,-0.1859,-0.041,-0.0168,-0.1576,-0.0241,0.0201,-0.2127,-0.0282,0.017,-0.2623,-0.0437,0.0168,-0.2077,-0.0313,0.0151,-0.1751,-0.0157
8,Idle (Closed Fist),0.0,0.0,0.0,-0.0661,-0.031,-0.0198,-0.1168,-0.1115,-0.0304,-0.0976,-0.1854,-0.0438,-0.0462,-0.1915,-0.0533,-0.1114,-0.209,0.0052,-0.1193,-0.2585,-0.0317,-0.1008,-0.1987,-0.0539,-0.0911,-0.1652,-0.0633,-0.0682,-0.2207,-0.0009,-0.0718,-0.2706,-0.0365,-0.0555,-0.1948,-0.0449,-0.0524,-0.1658,-0.04,-0.0232,-0.2201,-0.0144,-0.0225,-0.2614,-0.0484,-0.015,-0.1872,-0.0417,-0.0162,-0.1565,-0.0261,0.0229,-0.2087,-0.0304,0.0178,-0.2567,-0.0451,0.0176,-0.2013,-0.0328,0.0163,-0.168,-0.0178
8,Idle (Closed Fist),0.0,0.0,0.0,-0.0634,-0.0283,-0.0248,-0.1129,-0.0941,-0.0397,-0.1002,-0.167,-0.0563,-0.0523,-0.1893,-0.0677,-0.1145,-0.1978,0.0005,-0.1201,-0.2501,-0.0418,-0.0975,-0.1908,-0.0672,-0.0828,-0.154,-0.0777,-0.0699,-0.2126,-0.0036,-0.0735,-0.2672,-0.0445,-0.056,-0.1886,-0.0549,-0.0511,-0.1586,-0.0501,-0.0248,-0.2156,-0.0156,-0.0216,-0.2526,-0.0538,-0.0152,-0.1785,-0.0479,-0.0166,-0.1518,-0.0316,0.0213,-0.2074,-0.0306,0.0203,-0.2489,-0.0477,0.0186,-0.1941,-0.0362,0.0151,-0.1643,-0.0212
8,Idle (Closed Fist),0.0,0.0,0.0,-0.0636,-0.0232,-0.0251,-0.117,-0.0983,-0.0384,-0.0974,-0.1735,-0.054,-0.0411,-0.1915,-0.0642,-0.1097,-0.201,-0.0011,-0.1205,-0.2553,-0.0443,-0.0994,-0.1899,-0.0672,-0.0853,-0.1588,-0.0757,-0.0652,-0.2122,-0.0054,-0.07,-0.2656,-0.0479,-0.0546,-0.1804,-0.0546,-0.0519,-0.1593,-0.0466,-0.0213,-0.2133,-0.0184,-0.0185,-0.2539,-0.0581,-0.0124,-0.1752,-0.0489,-0.0143,-0.1549,-0.0297,0.0246,-0.2049,-0.0344,0.0221,-0.255,-0.0508,0.0201,-0.1997,-0.0374,0.0178,-0.1725,-0.0208
8,Idle (Closed Fist),0.0,0.0,0.0,-0.0651,-0.0232,-0.0258,-0.1184,-0.0956,-0.0403,-0.1026,-0.1708,-0.0566,-0.0483,-0.1878,-0.0673,-0.1125,-0.1972,-0.0018,-0.122,-0.256,-0.0441,-0.0986,-0.194,-0.0674,-0.0823,-0.16,-0.0766,-0.0685,-0.2106,-0.0054,-0.074,-0.2688,-0.0466,-0.0577,-0.1881,-0.0542,-0.0538,-0.1632,-0.0476,-0.0246,-0.2128,-0.0175,-0.0223,-0.2572,-0.0553,-0.017,-0.1807,-0.0468,-0.0184,-0.1567,-0.029,0.0214,-0.205,-0.0328,0.02,-0.2534,-0.0488,0.0168,-0.1995,-0.0366,0.0134,-0.1704,-0.0216
8,Idle (Closed Fist),0.0,0.0,0.0,-0.0635,-0.0245,-0.029,-0.119,-0.098,-0.0445,-0.1017,-0.1755,-0.0615,-0.041,-0.189,-0.0717,-0.1103,-0.2015,-0.0042,-0.123,-0.2602,-0.0471,-0.1003,-0.1911,-0.0689,-0.0866,-0.1643,-0.0777,-0.0653,-0.2145,-0.0069,-0.0727,-0.2685,-0.0494,-0.0569,-0.1824,-0.0542,-0.0539,-0.1665,-0.0456,-0.0216,-0.2152,-0.0188,-0.0207,-0.2598,-0.0578,-0.0157,-0.1816,-0.0469,-0.0174,-0.1641,-0.0274,0.0237,-0.2061,-0.0345,0.0209,-0.2557,-0.0508,0.0176,-0.2031,-0.0385,0.0154,-0.1773,-0.0233
8,Idle (Closed Fist),0.0,0.0,0.0,-0.0663,-0.0269,-0.0277,-0.1204,-0.1065,-0.0421,-0.1016,-0.1832,-0.0581,-0.0431,-0.1901,-0.0675,-0.1134,-0.2026,-0.0023,-0.1252,-0.2598,-0.0444,-0.101,-0.1924,-0.0667,-0.0864,-0.1645,-0.076,-0.0684,-0.2158,-0.0052,-0.0752,-0.2722,-0.0477,-0.0575,-0.1889,-0.0541,-0.054,-0.1683,-0.0464,-0.0238,-0.2178,-0.0168,-0.022,-0.2628,-0.0547,-0.0158,-0.1857,-0.0451,-0.0175,-0.1654,-0.0265,0.022,-0.2111,-0.0322,0.0214,-0.2599,-0.0466,0.019,-0.2081,-0.0344,0.0162,-0.1829,-0.0196
8,Idle (Closed Fist),0.0,0.0,0.0,-0.065,-0.024,-0.0278,-0.1198,-0.1029,-0.0424,-0.1014,-0.1805,-0.0584,-0.0425,-0.1904,-0.0684,-0.1079,-0.2036,-0.0039,-0.1196,-0.2569,-0.0454,-0.0986,-0.1902,-0.0675,-0.0854,-0.1625,-0.0767,-0.0644,-0.216,-0.0068,-0.0719,-0.2713,-0.0486,-0.0565,-0.1901,-0.055,-0.0533,-0.1701,-0.0477,-0.0212,-0.2168,-0.0183,-0.0204,-0.2624,-0.0567,-0.0157,-0.1853,-0.0473,-0.0183,-0.1648,-0.0292,0.0236,-0.2084,-0.0334,0.0217,-0.2596,-0.0494,0.0196,-0.2063,-0.0376,0.0171,-0.1794,-0.0231
8,Idle (Closed Fist),0.0,0.0,0.0,-0.0659,-0.0221,-0.0272,-0.1199,-0.1018,-0.0408,-0.1033,-0.1805,-0.0558,-0.0475,-0.1885,-0.0649,-0.1094,-0.2026,-0.0005,-0.1193,-0.2574,-0.0407,-0.0977,-0.1928,-0.063,-0.0838,-0.1623,-0.0722,-0.0655,-0.2158,-0.0031,-0.0719,-0.2717,-0.0429,-0.0561,-0.1916,-0.0497,-0.0526,-0.1676,-0.0429,-0.0219,-0.2168,-0.0143,-0.0213,-0.2637,-0.0513,-0.0161,-0.1875,-0.0428,-0.018,-0.1624,-0.0253,0.0234,-0.2084,-0.0289,0.0218,-0.2598,-0.045,0.019,-0.2079,-0.0339,0.0158,-0.1787,-0.0198
8,Idle (Closed Fist),0.0,0.0,0.0,-0.0661,-0.0229,-0.0272,-0.1197,-0.1007,-0.0413,-0.1034,-0.1789,-0.0569,-0.0478,-0.1893,-0.0666,-0.1093,-0.2028,-0.0012,-0.1196,-0.2571,-0.0421,-0.0981,-0.1931,-0.0651,-0.0841,-0.1622,-0.0748,-0.0653,-0.216,-0.0039,-0.072,-0.2716,-0.0441,-0.0563,-0.192,-0.0513,-0.0527,-0.1676,-0.0449,-0.0217,-0.2171,-0.0152,-0.0212,-0.2637,-0.0522,-0.0162,-0.1879,-0.0438,-0.018,-0.1624,-0.0263,0.0236,-0.2083,-0.03,0.0218,-0.2599,-0.0459,0.019,-0.2085,-0.0348,0.0162,-0.1793,-0.0206
8,Idle (Closed Fist),0.0,0.0,0.0,-0.0688,-0.0276,-0.0259,-0.1248,-0.1075,-0.0394,-0.1036,-0.1835,-0.055,-0.0447,-0.1881,-0.0644,-0.1125,-0.2027,-0.0008,-0.1238,-0.2632,-0.0419,-0.1032,-0.1935,-0.0637,-0.0905,-0.1629,-0.0727,-0.0673,-0.214,-0.0045,-0.0753,-0.2716,-0.0457,-0.06,-0.1875,-0.0522,-0.0569,-0.1665,-0.0451,-0.023,-0.2155,-0.0167,-0.0234,-0.2639,-0.0539,-0.0179,-0.1845,-0.0443,-0.0192,-0.1622,-0.0261,0.0227,-0.208,-0.0325,0.02,-0.2586,-0.0471,0.0177,-0.2049,-0.0349,0.0157,-0.178,-0.0204
8,Idle (Closed Fist),0.0,0.0,0.0,-0.0654,-0.0231,-0.0277,-0.1214,-0.1,-0.0433,-0.1035,-0.1767,-0.0602,-0.0447,-0.1884,-0.0712,-0.1116,-0.2016,-0.0066,-0.1203,-0.2588,-0.0483,-0.0979,-0.1938,-0.0705,-0.0846,-0.1623,-0.0796,-0.0665,-0.2138,-0.0096,-0.0722,-0.2715,-0.0513,-0.0547,-0.1902,-0.0578,-0.0525,-0.1658,-0.0507,-0.0219,-0.2141,-0.0209,-0.0202,-0.2597,-0.0588,-0.0132,-0.183,-0.0494,-0.0166,-0.1593,-0.0313,0.0239,-0.2046,-0.0355,0.0228,-0.2557,-0.0511,0.0216,-0.2039,-0.039,0.0177,-0.1763,-0.0244
8,Idle (Closed Fist),0.0,0.0,0.0,-0.0653,-0.0238,-0.0277,-0.1203,-0.0987,-0.0429,-0.1047,-0.1766,-0.0595,-0.0479,-0.1887,-0.0698,-0.1111,-0.2022,-0.0028,-0.1207,-0.2604,-0.0454,-0.0992,-0.193,-0.0681,-0.0862,-0.1617,-0.0771,-0.066,-0.214,-0.0058,-0.0734,-0.2704,-0.0483,-0.0569,-0.187,-0.0549,-0.0538,-0.1654,-0.0475,-0.0213,-0.2147,-0.0176,-0.0212,-0.2613,-0.0565,-0.0156,-0.1822,-0.0467,-0.0176,-0.1608,-0.0278,0.0252,-0.2056,-0.0328,0.0225,-0.2555,-0.0488,0.0205,-0.2021,-0.0364,0.0181,-0.1764,-0.0212
8,Idle (Closed Fist),0.0,0.0,0.0,-0.0642,-0.0235,-0.0276,-0.1197,-0.1012,-0.0418,-0.1033,-0.1795,-0.0574,-0.0461,-0.188,-0.0665,-0.1101,-0.2039,-0.0025,-0.1204,-0.2616,-0.0438,-0.0988,-0.1925,-0.0653,-0.0856,-0.1621,-0.0739,-0.0654,-0.2158,-0.0053,-0.0727,-0.2709,-0.0469,-0.0565,-0.1861,-0.0526,-0.0532,-0.1658,-0.0448,-0.0208,-0.2162,-0.0168,-0.0204,-0.2618,-0.0551,-0.0154,-0.1817,-0.0452,-0.0174,-0.1615,-0.0263,0.0256,-0.2071,-0.0317,0.023,-0.2552,-0.0477,0.0206,-0.201,-0.0355,0.0183,-0.1765,-0.0206
8,Idle (Closed Fist),0.0,0.0,0.0,-0.0667,-0.0277,-0.0276,-0.1206,-0.1054,-0.0429,-0.1009,-0.1804,-0.0596,-0.0431,-0.1879,-0.07,-0.1126,-0.2052,-0.0031,-0.1218,-0.2618,-0.0461,-0.0984,-0.1961,-0.0696,-0.0846,-0.1641,-0.0792,-0.067,-0.2174,-0.0061,-0.0734,-0.2723,-0.0482,-0.0545,-0.1894,-0.0553,-0.0514,-0.1669,-0.0485,-0.0216,-0.2178,-0.0178,-0.0198,-0.2614,-0.0566,-0.0129,-0.1825,-0.0476,-0.0159,-0.1595,-0.0293,0.0251,-0.208,-0.0331,0.0234,-0.2575,-0.0493,0.0218,-0.2046,-0.0375,0.0181,-0.1773,-0.0227
8,Idle (Closed Fist),0.0,0.0,0.0,-0.0659,-0.0258,-0.0278,-0.1212,-0.1034,-0.0428,-0.1034,-0.1797,-0.059,-0.0472,-0.1894,-0.0689,-0.1146,-0.2057,-0.0029,-0.1231,-0.2621,-0.0461,-0.0979,-0.1975,-0.0697,-0.0832,-0.1661,-0.0794,-0.0686,-0.2178,-0.0059,-0.0744,-0.2727,-0.0486,-0.0548,-0.1892,-0.0562,-0.0525,-0.1667,-0.0494,-0.023,-0.2181,-0.0177,-0.0209,-0.261,-0.0571,-0.0132,-0.1818,-0.0483,-0.0168,-0.16,-0.0299,0.0241,-0.2082,-0.0328,0.0222,-0.2568,-0.0496,0.0214,-0.2032,-0.0377,0.0181,-0.1771,-0.0226
8,Idle (Closed Fist),0.0,0.0,0.0,-0.0673,-0.0264,-0.0263,-0.123,-0.1096,-0.0398,-0.1018,-0.1847,-0.055,-0.0427,-0.1866,-0.0642,-0.11,-0.2074,-0.0037,-0.1221,-0.2601,-0.0436,-0.0994,-0.1914,-0.0642,-0.0862,-0.1638,-0.0727,-0.0649,-0.219,-0.0074,-0.0732,-0.271,-0.0492,-0.0547,-0.1876,-0.0552,-0.0504,-0.1665,-0.0474,-0.0199,-0.2188,-0.0194,-0.0202,-0.2601,-0.057,-0.0123,-0.183,-0.0473,-0.0134,-0.1625,-0.0288,0.0265,-0.2089,-0.0349,0.024,-0.2584,-0.0496,0.0231,-0.2055,-0.037,0.0212,-0.1793,-0.0221
8,Idle (Closed Fist),0.0,0.0,0.0,-0.068,-0.0269,-0.0249,-0.1223,-0.1081,-0.0378,-0.103,-0.1833,-0.0525,-0.0444,-0.1874,-0.0614,-0.1091,-0.2079,-0.0005,-0.121,-0.2591,-0.0395,-0.1005,-0.191,-0.061,-0.0867,-0.1604,-0.0701,-0.0638,-0.2211,-0.0041,-0.0731,-0.2739,-0.0432,-0.0571,-0.191,-0.0487,-0.0505,-0.1664,-0.041,-0.0188,-0.2213,-0.0159,-0.0208,-0.2652,-0.0513,-0.015,-0.1878,-0.0414,-0.0137,-0.1625,-0.0231,0.0277,-0.2109,-0.0311,0.0237,-0.2602,-0.0452,0.021,-0.2079,-0.033,0.0199,-0.1802,-0.0182
8,Idle (Closed Fist),0.0,0.0,0.0,-0.0666,-0.0246,-0.024,-0.121,-0.1048,-0.0363,-0.1033,-0.1826,-0.0506,-0.0464,-0.1887,-0.059,-0.1104,-0.2036,0.0004,-0.1208,-0.2583,-0.0394,-0.0983,-0.1914,-0.0614,-0.0837,-0.1602,-0.0705,-0.0652,-0.2171,-0.0033,-0.0731,-0.273,-0.0422,-0.0558,-0.1901,-0.0476,-0.0505,-0.1659,-0.04,-0.0202,-0.2182,-0.0153,-0.0218,-0.2662,-0.0508,-0.0153,-0.1872,-0.0404,-0.0152,-0.1613,-0.0217,0.0266,-0.2091,-0.0305,0.0238,-0.2609,-0.0454,0.0207,-0.208,-0.0334,0.018,-0.1799,-0.0188
8,Idle (Closed Fist),0.0,0.0,0.0,-0.0662,-0.0265,-0.0246,-0.1201,-0.105,-0.0378,-0.1031,-0.1815,-0.0527,-0.0462,-0.1882,-0.0617,-0.1107,-0.2052,0.0003,-0.1214,-0.2586,-0.04,-0.0991,-0.1921,-0.0629,-0.0848,-0.1606,-0.0727,-0.0655,-0.2188,-0.0033,-0.0739,-0.2733,-0.0426,-0.057,-0.1912,-0.0486,-0.0515,-0.167,-0.0416,-0.0203,-0.2198,-0.0153,-0.0222,-0.2668,-0.0511,-0.0163,-0.1884,-0.0411,-0.0158,-0.1622,-0.0228,0.0265,-0.2102,-0.0307,0.0233,-0.2597,-0.0458,0.0195,-0.2064,-0.034,0.0168,-0.1779,-0.0196
8,Idle (Closed Fist),0.0,0.0,0.0,-0.0675,-0.026,-0.0231,-0.1234,-0.111,-0.0333,-0.1039,-0.1889,-0.0458,-0.0458,-0.1927,-0.0523,-0.1086,-0.2052,0.0027,-0.1203,-0.2624,-0.035,-0.0987,-0.1938,-0.0549,-0.0857,-0.1668,-0.0632,-0.064,-0.2183,-0.0011,-0.0733,-0.2761,-0.0394,-0.0573,-0.1908,-0.0438,-0.0528,-0.1706,-0.0356,-0.0198,-0.2193,-0.0132,-0.0222,-0.2711,-0.0482,-0.0165,-0.1896,-0.037,-0.0166,-0.1654,-0.0181,0.0263,-0.2106,-0.0287,0.0249,-0.2645,-0.043,0.0207,-0.2111,-0.0311,0.017,-0.1831,-0.0168
8,Idle (Closed Fist),0.0,0.0,0.0,-0.0677,-0.0281,-0.024,-0.1213,-0.1082,-0.0366,-0.1031,-0.1841,-0.0514,-0.0462,-0.1907,-0.0603,-0.1082,-0.2069,0.0002,-0.1206,-0.2604,-0.0388,-0.0996,-0.1924,-0.06,-0.0863,-0.1623,-0.0688,-0.0635,-0.2194,-0.0036,-0.0737,-0.274,-0.0416,-0.0581,-0.1908,-0.0464,-0.052,-0.1682,-0.0387,-0.0185,-0.2193,-0.0156,-0.0215,-0.2693,-0.0502,-0.0174,-0.1909,-0.0396,-0.0168,-0.1648,-0.021,0.0279,-0.2096,-0.0309,0.0247,-0.264,-0.0445,0.0193,-0.2148,-0.0323,0.0165,-0.1874,-0.0178
8,Idle (Closed Fist),0.0,0.0,0.0,-0.0673,-0.0275,-0.025,-0.1207,-0.1071,-0.0379,-0.1029,-0.1839,-0.0529,-0.0462,-0.1912,-0.0617,-0.1104,-0.2068,0.0017,-0.1207,-0.2616,-0.038,-0.0992,-0.1938,-0.0598,-0.0866,-0.1631,-0.0687,-0.0653,-0.22,-0.0019,-0.0739,-0.2764,-0.0413,-0.0577,-0.1929,-0.0475,-0.0532,-0.169,-0.0401,-0.0202,-0.221,-0.0139,-0.0218,-0.2699,-0.0496,-0.0169,-0.1913,-0.0399,-0.0177,-0.1658,-0.0215,0.0266,-0.2122,-0.0293,0.0239,-0.265,-0.0431,0.0203,-0.2153,-0.0311,0.0176,-0.1893,-0.0164
8,Idle (Closed Fist),0.0,0.0,0.0,-0.0673,-0.0263,-0.0258,-0.1231,-0.11,-0.0385,-0.1044,-0.1873,-0.0529,-0.0445,-0.1881,-0.0613,-0.1096,-0.2091,-0.0005,-0.1216,-0.2607,-0.0384,-0.1013,-0.1908,-0.0587,-0.0878,-0.162,-0.0674,-0.0645,-0.2221,-0.0034,-0.0744,-0.2752,-0.0411,-0.0587,-0.1911,-0.0454,-0.0522,-0.169,-0.0372,-0.0191,-0.2217,-0.0146,-0.0219,-0.2698,-0.0489,-0.0172,-0.1912,-0.0383,-0.0157,-0.1666,-0.0197,0.0281,-0.2114,-0.0293,0.0232,-0.2637,-0.0429,0.0196,-0.2124,-0.0308,0.019,-0.1856,-0.0164
8,Idle (Closed Fist),0.0,0.0,0.0,-0.0664,-0.0255,-0.0248,-0.1217,-0.1088,-0.0369,-0.1047,-0.1871,-0.0509,-0.0463,-0.1872,-0.0588,-0.1126,-0.2087,0.0023,-0.1227,-0.2626,-0.0361,-0.1008,-0.1941,-0.0573,-0.0877,-0.1632,-0.0661,-0.0675,-0.2218,-0.0011,-0.0755,-0.2769,-0.0395,-0.0584,-0.1933,-0.0451,-0.0536,-0.1688,-0.0374,-0.0218,-0.2222,-0.0127,-0.0232,-0.2702,-0.0476,-0.0174,-0.1914,-0.0381,-0.0179,-0.1653,-0.0199,0.0255,-0.2125,-0.0277,0.0225,-0.2641,-0.0413,0.0192,-0.2125,-0.0296,0.0169,-0.1853,-0.0153
8,Idle (Closed Fist),0.0,0.0,0.0,-0.0686,-0.0267,-0.0246,-0.1241,-0.1066,-0.0383,-0.1033,-0.1815,-0.0541,-0.0454,-0.1869,-0.0643,-0.1141,-0.2055,-0.0015,-0.1258,-0.2576,-0.0424,-0.1024,-0.1908,-0.0656,-0.0892,-0.1574,-0.0755,-0.0693,-0.2208,-0.0058,-0.0773,-0.2729,-0.0456,-0.0575,-0.1912,-0.0524,-0.0539,-0.1664,-0.0461,-0.0237,-0.2227,-0.0183,-0.0248,-0.2698,-0.0541,-0.0165,-0.1929,-0.0448,-0.0188,-0.1674,-0.0275,0.0229,-0.2127,-0.0342,0.0211,-0.262,-0.0491,0.0192,-0.2099,-0.0375,0.0148,-0.1823,-0.0235
8,Idle (Closed Fist),0.0,0.0,0.0,-0.0736,-0.0241,-0.0261,-0.1293,-0.1057,-0.0409,-0.0994,-0.1818,-0.057,-0.0402,-0.1906,-0.0681,-0.1177,-0.2078,-0.0062,-0.1261,-0.2541,-0.0494,-0.1016,-0.1911,-0.0756,-0.0858,-0.1541,-0.0872,-0.0718,-0.2244,-0.0106,-0.0777,-0.2736,-0.0534,-0.0569,-0.1953,-0.0637,-0.0523,-0.1647,-0.0593,-0.026,-0.2269,-0.023,-0.0257,-0.2644,-0.0595,-0.0157,-0.1929,-0.052,-0.0173,-0.1681,-0.0361,0.021,-0.2159,-0.0389,0.0167,-0.257,-0.0533,0.0179,-0.2038,-0.041,0.0161,-0.1776,-0.0267
8,Idle (Closed Fist),0.0,0.0,0.0,-0.0718,-0.0237,-0.0218,-0.1317,-0.1095,-0.0333,-0.1095,-0.184,-0.0471,-0.0506,-0.1856,-0.0558,-0.1172,-0.2019,0.0001,-0.132,-0.253,-0.0403,-0.1091,-0.1892,-0.063,-0.0923,-0.1577,-0.0724,-0.0725,-0.2181,-0.0056,-0.0827,-0.2708,-0.0476,-0.0638,-0.19,-0.055,-0.0564,-0.1623,-0.0473,-0.0275,-0.2214,-0.0192,-0.0323,-0.2647,-0.0541,-0.0227,-0.1917,-0.0442,-0.0208,-0.1695,-0.026,0.0194,-0.2137,-0.0362,0.0118,-0.2586,-0.0481,0.0126,-0.2077,-0.0345,0.0134,-0.1851,-0.0193
8,Idle (Closed Fist),0.0,0.0,0.0,-0.071,-0.0216,-0.0222,-0.1308,-0.1026,-0.0341,-0.112,-0.1782,-0.0485,-0.0527,-0.1789,-0.0574,-0.1162,-0.2004,0.0006,-0.1309,-0.2555,-0.0393,-0.1072,-0.1912,-0.0621,-0.0917,-0.1572,-0.0717,-0.0714,-0.2149,-0.0046,-0.0825,-0.2675,-0.0445,-0.0635,-0.189,-0.0517,-0.0582,-0.1629,-0.0454,-0.0262,-0.217,-0.0178,-0.0305,-0.2663,-0.0525,-0.0225,-0.1907,-0.0431,-0.023,-0.1636,-0.0259,0.0204,-0.2083,-0.0344,0.0156,-0.2542,-0.048,0.0136,-0.2024,-0.0362,0.0114,-0.1751,-0.0224
8,Idle (Closed Fist),0.0,0.0,0.0,-0.0715,-0.0247,-0.0211,-0.1294,-0.1033,-0.0337,-0.1106,-0.1763,-0.049,-0.0518,-0.1792,-0.0593,-0.114,-0.2019,-0.0005,-0.1292,-0.257,-0.0396,-0.108,-0.1948,-0.0623,-0.0923,-0.159,-0.0719,-0.0691,-0.2158,-0.0063,-0.0809,-0.2682,-0.0449,-0.0638,-0.1915,-0.052,-0.0569,-0.1624,-0.046,-0.024,-0.217,-0.0197,-0.029,-0.2657,-0.0531,-0.0221,-0.192,-0.0436,-0.0209,-0.1618,-0.0266,0.0225,-0.2064,-0.0363,0.0167,-0.2557,-0.0491,0.0139,-0.2052,-0.0367,0.0124,-0.1752,-0.0225
8,Idle (Closed Fist),0.0,0.0,0.0,-0.0713,-0.022,-0.0225,-0.1325,-0.1144,-0.0327,-0.1106,-0.1928,-0.045,-0.0491,-0.1869,-0.0518,-0.1161,-0.2084,0.0013,-0.1308,-0.2627,-0.0364,-0.1106,-0.1935,-0.0559,-0.0972,-0.1643,-0.064,-0.0708,-0.2226,-0.0038,-0.0806,-0.2777,-0.0436,-0.0646,-0.1912,-0.0485,-0.0602,-0.1659,-0.0392,-0.0253,-0.2239,-0.0168,-0.0289,-0.2709,-0.051,-0.0214,-0.1908,-0.0399,-0.0212,-0.1677,-0.0207,0.0223,-0.2152,-0.0331,0.0151,-0.2649,-0.0452,0.0153,-0.2101,-0.0313,0.0162,-0.1858,-0.0157
8,Idle (Closed Fist),0.0,0.0,0.0,-0.0706,-0.0247,-0.0218,-0.1288,-0.1107,-0.0327,-0.1084,-0.1875,-0.0461,-0.0483,-0.1801,-0.0538,-0.115,-0.2082,0.0018,-0.1311,-0.2668,-0.0353,-0.1087,-0.1963,-0.0549,-0.0941,-0.165,-0.0634,-0.0699,-0.2208,-0.0032,-0.0824,-0.2751,-0.0403,-0.065,-0.1917,-0.0448,-0.0591,-0.1686,-0.0372,-0.0243,-0.2215,-0.0161,-0.0302,-0.2726,-0.0486,-0.0234,-0.1923,-0.0376,-0.0227,-0.1664,-0.0196,0.023,-0.2127,-0.0323,0.0158,-0.2617,-0.0444,0.0128,-0.2071,-0.0318,0.0121,-0.1797,-0.0175
8,Idle (Closed Fist),0.0,0.0,0.0,-0.0702,-0.0232,-0.0226,-0.1314,-0.1109,-0.0336,-0.1159,-0.193,-0.0468,-0.0533,-0.1898,-0.0539,-0.1189,-0.2079,0.001,-0.1363,-0.269,-0.036,-0.1158,-0.1954,-0.0544,-0.1021,-0.1674,-0.062,-0.0736,-0.2228,-0.0038,-0.0859,-0.28,-0.042,-0.0691,-0.1927,-0.0448,-0.0626,-0.1713,-0.0351,-0.028,-0.2245,-0.0166,-0.0335,-0.2777,-0.0498,-0.0263,-0.1953,-0.0365,-0.0243,-0.1712,-0.0165,0.02,-0.216,-0.0329,0.0115,-0.2693,-0.0446,0.0101,-0.2129,-0.0303,0.0115,-0.186,-0.0148
8,Idle (Closed Fist),0.0,0.0,0.0,-0.0712,-0.0269,-0.0218,-0.1301,-0.1166,-0.0328,-0.1114,-0.1945,-0.047,-0.0507,-0.1873,-0.0554,-0.1197,-0.2109,0.0039,-0.135,-0.2724,-0.0339,-0.1141,-0.2011,-0.0533,-0.0997,-0.1676,-0.0607,-0.0748,-0.2244,-0.0014,-0.0859,-0.2808,-0.0398,-0.0688,-0.1963,-0.0442,-0.0621,-0.1713,-0.0354,-0.0285,-0.2254,-0.0148,-0.0332,-0.2774,-0.0488,-0.0267,-0.1959,-0.038,-0.026,-0.1677,-0.0192,0.0193,-0.2165,-0.0316,0.0131,-0.2695,-0.0433,0.0103,-0.2137,-0.03,0.0098,-0.1838,-0.0149
8,Idle (Closed Fist),0.0,0.0,0.0,-0.0687,-0.0233,-0.0245,-0.1293,-0.1118,-0.0365,-0.1136,-0.1915,-0.0509,-0.0523,-0.1881,-0.059,-0.1205,-0.2065,0.0002,-0.1361,-0.2719,-0.039,-0.1132,-0.1983,-0.058,-0.0985,-0.1673,-0.0652,-0.0752,-0.2214,-0.0042,-0.0855,-0.2815,-0.0443,-0.0674,-0.1946,-0.0476,-0.0617,-0.1724,-0.0379,-0.029,-0.2238,-0.0171,-0.032,-0.2776,-0.0526,-0.0251,-0.1944,-0.0405,-0.0255,-0.1691,-0.0207,0.0188,-0.2167,-0.0335,0.0147,-0.2694,-0.0465,0.0121,-0.2123,-0.0331,0.0102,-0.1832,-0.0179
8,Idle (Closed Fist),0.0,0.0,0.0,-0.0721,-0.0243,-0.0231,-0.1307,-0.1131,-0.0346,-0.1114,-0.1895,-0.0489,-0.0505,-0.185,-0.0577,-0.1187,-0.2073,-0.0004,-0.1334,-0.2712,-0.0373,-0.1117,-0.2017,-0.0566,-0.0963,-0.1653,-0.0641,-0.0733,-0.2209,-0.0048,-0.0839,-0.2803,-0.0419,-0.0669,-0.1973,-0.0463,-0.0597,-0.1668,-0.0381,-0.027,-0.2224,-0.0171,-0.0314,-0.2773,-0.0496,-0.0253,-0.1967,-0.0389,-0.0241,-0.1628,-0.0208,0.0208,-0.2137,-0.0327,0.0144,-0.2684,-0.0441,0.0113,-0.2138,-0.0308,0.0109,-0.1813,-0.016
8,Idle (Closed Fist),0.0,0.0,0.0,-0.07,-0.0229,-0.0223,-0.1299,-0.1095,-0.033,-0.1137,-0.1876,-0.0464,-0.0537,-0.1867,-0.054,-0.1193,-0.2051,-0.0003,-0.1352,-0.2713,-0.0373,-0.1122,-0.2,-0.0558,-0.0967,-0.1652,-0.0628,-0.0735,-0.2191,-0.0051,-0.0847,-0.2805,-0.0422,-0.067,-0.1966,-0.0458,-0.0603,-0.169,-0.0371,-0.0271,-0.2215,-0.0175,-0.0319,-0.2772,-0.0503,-0.0246,-0.196,-0.0385,-0.0231,-0.1654,-0.0196,0.0208,-0.2141,-0.0333,0.0136,-0.2684,-0.0451,0.0118,-0.2129,-0.0314,0.0126,-0.1823,-0.0163
8,Idle (Closed Fist),0.0,0.0,0.0,-0.0693,-0.0252,-0.0233,-0.1299,-0.1134,-0.034,-0.114,-0.1912,-0.0473,-0.0534,-0.188,-0.0543,-0.1206,-0.2067,0.0026,-0.137,-0.2707,-0.0358,-0.1128,-0.1986,-0.0544,-0.0972,-0.1686,-0.0613,-0.0753,-0.2208,-0.002,-0.0865,-0.2801,-0.0409,-0.0674,-0.1937,-0.044,-0.061,-0.1728,-0.0343,-0.0291,-0.2228,-0.015,-0.0336,-0.2781,-0.0493,-0.0258,-0.1961,-0.037,-0.0248,-0.1723,-0.0173,0.0186,-0.2153,-0.0316,0.0123,-0.2683,-0.0433,0.0104,-0.2126,-0.0293,0.0107,-0.1853,-0.0137
8,Idle (Closed Fist),0.0,0.0,0.0,-0.0677,-0.0219,-0.024,-0.1298,-0.1076,-0.036,-0.116,-0.1875,-0.0504,-0.0547,-0.1867,-0.0587,-0.1214,-0.2038,-0.0002,-0.1364,-0.2663,-0.0394,-0.1136,-0.1929,-0.0586,-0.0991,-0.1617,-0.0659,-0.0766,-0.2183,-0.0047,-0.0866,-0.2768,-0.0449,-0.0678,-0.1901,-0.049,-0.0634,-0.1675,-0.0399,-0.0313,-0.2218,-0.0174,-0.0344,-0.2741,-0.0529,-0.026,-0.1918,-0.0411,-0.0273,-0.1671,-0.0217,0.0155,-0.2164,-0.0336,0.0087,-0.2696,-0.0459,0.0095,-0.2121,-0.0316,0.0097,-0.1838,-0.0159
8,Idle (Closed Fist),0.0,0.0,0.0,-0.0702,-0.0236,-0.0227,-0.1299,-0.107,-0.0346,-0.1139,-0.1854,-0.0492,-0.0549,-0.1844,-0.058,-0.122,-0.2023,0.0014,-0.137,-0.2646,-0.0381,-0.1129,-0.195,-0.0586,-0.0978,-0.1613,-0.0663,-0.0773,-0.2165,-0.0036,-0.0877,-0.2749,-0.043,-0.0671,-0.1913,-0.0479,-0.0617,-0.1654,-0.0397,-0.0318,-0.2204,-0.0166,-0.0359,-0.274,-0.0515,-0.026,-0.1934,-0.0405,-0.0258,-0.164,-0.0215,0.015,-0.2147,-0.0331,0.0083,-0.2689,-0.0453,0.0081,-0.2139,-0.0316,0.0077,-0.1833,-0.0162
8,Idle (Closed Fist),0.0,0.0,0.0,-0.0698,-0.0249,-0.0217,-0.1313,-0.1026,-0.0344,-0.1266,-0.1829,-0.05,-0.0711,-0.1928,-0.0595,-0.1234,-0.1987,0.0011,-0.1398,-0.2619,-0.039,-0.1158,-0.1928,-0.0601,-0.1006,-0.1589,-0.0681,-0.0789,-0.2138,-0.0044,-0.0903,-0.2727,-0.0444,-0.0688,-0.1887,-0.0495,-0.0631,-0.1608,-0.0412,-0.0332,-0.2185,-0.0176,-0.0392,-0.2723,-0.0525,-0.0277,-0.1918,-0.0399,-0.0269,-0.1602,-0.0199,0.0138,-0.2128,-0.034,0.0056,-0.2668,-0.0461,0.0063,-0.2106,-0.031,0.0056,-0.1786,-0.0144
8,Idle (Closed Fist),0.0,0.0,0.0,-0.0689,-0.027,-0.0199,-0.1291,-0.1092,-0.0304,-0.1166,-0.1873,-0.0441,-0.0594,-0.1924,-0.0519,-0.1212,-0.1982,0.0037,-0.1364,-0.2633,-0.0345,-0.112,-0.1942,-0.0543,-0.0975,-0.1609,-0.0618,-0.0774,-0.2134,-0.0021,-0.0882,-0.2721,-0.0397,-0.067,-0.1891,-0.044,-0.0615,-0.1641,-0.0358,-0.0321,-0.2178,-0.0158,-0.0372,-0.2723,-0.0486,-0.0263,-0.193,-0.0368,-0.0257,-0.164,-0.018,0.0147,-0.2131,-0.0325,0.0071,-0.2651,-0.0439,0.0075,-0.2095,-0.0298,0.007,-0.1795,-0.0145
8,Idle (Closed Fist),0.0,0.0,0.0,-0.0678,-0.0216,-0.0221,-0.1279,-0.1,-0.0345,-0.1178,-0.1789,-0.0494,-0.0607,-0.1906,-0.0586,-0.1229,-0.1938,-0.0024,-0.1387,-0.2608,-0.0408,-0.1123,-0.1948,-0.0607,-0.0954,-0.1594,-0.0683,-0.0782,-0.21,-0.0071,-0.0884,-0.2714,-0.0444,-0.0664,-0.1899,-0.0486,-0.0602,-0.1595,-0.0405,-0.0326,-0.2151,-0.0193,-0.0375,-0.2693,-0.0526,-0.0258,-0.1896,-0.0407,-0.0241,-0.1558,-0.0218,0.0147,-0.2107,-0.0346,0.0066,-0.2632,-0.0475,0.0073,-0.2073,-0.0336,0.0074,-0.1741,-0.018
8,Idle (Closed Fist),0.0,0.0,0.0,-0.0674,-0.0249,-0.0218,-0.1254,-0.0973,-0.0345,-0.1164,-0.1763,-0.0499,-0.0601,-0.1887,-0.0594,-0.1183,-0.194,0.0009,-0.1351,-0.2601,-0.0388,-0.1124,-0.1905,-0.0595,-0.0969,-0.1553,-0.0671,-0.0746,-0.2083,-0.004,-0.0858,-0.268,-0.0421,-0.0671,-0.1839,-0.0467,-0.0611,-0.1582,-0.0389,-0.0296,-0.2124,-0.0168,-0.0352,-0.2672,-0.0512,-0.0262,-0.1861,-0.0396,-0.0243,-0.1569,-0.0205,0.0173,-0.2065,-0.0326,0.0081,-0.2587,-0.0455,0.0072,-0.2025,-0.0313,0.008,-0.1719,-0.0154
8,Idle (Closed Fist),0.0,0.0,0.0,-0.0692,-0.0233,-0.0229,-0.1295,-0.1036,-0.0346,-0.1171,-0.1796,-0.0487,-0.0583,-0.1867,-0.0566,-0.1223,-0.192,-0.0011,-0.1385,-0.2587,-0.0404,-0.1132,-0.189,-0.0597,-0.0979,-0.1559,-0.0665,-0.078,-0.207,-0.0054,-0.088,-0.2677,-0.0439,-0.0671,-0.183,-0.0473,-0.0618,-0.158,-0.0383,-0.033,-0.2119,-0.0176,-0.0371,-0.266,-0.0518,-0.0261,-0.1844,-0.0393,-0.0241,-0.156,-0.0195,0.014,-0.2082,-0.0332,0.0065,-0.2606,-0.0455,0.0077,-0.2047,-0.0311,0.0089,-0.1751,-0.0151
8,Idle (Closed Fist),0.0,0.0,0.0,-0.0694,-0.0275,-0.0198,-0.1267,-0.0964,-0.0316,-0.1219,-0.1759,-0.0464,-0.0688,-0.193,-0.0553,-0.1196,-0.1924,0.0041,-0.1367,-0.2602,-0.0351,-0.1126,-0.1933,-0.0558,-0.0972,-0.1561,-0.0634,-0.0757,-0.2078,-0.0015,-0.0877,-0.2682,-0.0391,-0.0662,-0.1854,-0.0446,-0.0608,-0.1575,-0.0374,-0.0303,-0.2127,-0.0148,-0.0374,-0.268,-0.0488,-0.0261,-0.1882,-0.0371,-0.0244,-0.1565,-0.018,0.0169,-0.2063,-0.0309,0.0066,-0.2575,-0.0435,0.0074,-0.2026,-0.029,0.0079,-0.1724,-0.0127
8,Idle (Closed Fist),0.0,0.0,0.0,-0.0693,-0.0241,-0.0222,-0.1284,-0.0992,-0.0341,-0.1185,-0.1771,-0.0486,-0.0625,-0.1895,-0.0572,-0.1209,-0.1916,0.0002,-0.1368,-0.2606,-0.039,-0.1111,-0.193,-0.0588,-0.0952,-0.1572,-0.0658,-0.0767,-0.2069,-0.0045,-0.0872,-0.268,-0.0428,-0.0648,-0.1847,-0.0474,-0.0589,-0.1576,-0.0394,-0.0317,-0.2122,-0.0169,-0.0373,-0.2681,-0.0513,-0.025,-0.1869,-0.0393,-0.0231,-0.1554,-0.0199,0.0149,-0.2076,-0.0326,0.0068,-0.2592,-0.0457,0.0081,-0.2032,-0.0317,0.0086,-0.172,-0.0158
8,Idle (Closed Fist),0.0,0.0,0.0,-0.0678,-0.0223,-0.022,-0.1279,-0.0966,-0.0337,-0.1175,-0.1773,-0.048,-0.0613,-0.1923,-0.0566,-0.1194,-0.1869,-0.0,-0.1365,-0.2566,-0.0394,-0.1118,-0.1897,-0.0596,-0.0964,-0.1548,-0.0672,-0.0754,-0.2021,-0.0046,-0.0872,-0.2646,-0.0431,-0.0655,-0.1821,-0.0479,-0.0604,-0.1555,-0.0404,-0.0305,-0.2084,-0.017,-0.0377,-0.2652,-0.052,-0.0257,-0.1848,-0.0402,-0.0247,-0.1559,-0.0211,0.0162,-0.2056,-0.0324,0.0054,-0.2568,-0.046,0.0074,-0.2005,-0.0321,0.0082,-0.171,-0.0165
8,Idle (Closed Fist),0.0,0.0,0.0,-0.0691,-0.0269,-0.02,-0.1273,-0.1056,-0.0297,-0.1145,-0.1847,-0.0424,-0.0597,-0.1911,-0.0491,-0.119,-0.1939,0.0056,-0.134,-0.2594,-0.0326,-0.1113,-0.1904,-0.0525,-0.0981,-0.1574,-0.0599,-0.0759,-0.2081,0.0005,-0.0868,-0.2672,-0.036,-0.0671,-0.1846,-0.0407,-0.0627,-0.1634,-0.0332,-0.0314,-0.2127,-0.0126,-0.0367,-0.2671,-0.0449,-0.0266,-0.1893,-0.0334,-0.0258,-0.1651,-0.015,0.0142,-0.2082,-0.0288,0.0053,-0.2598,-0.0393,0.0064,-0.2062,-0.0248,0.0078,-0.1798,-0.0092
8,Idle (Closed Fist),0.0,0.0,0.0,-0.0686,-0.0238,-0.0226,-0.1276,-0.1032,-0.0334,-0.112,-0.1814,-0.0468,-0.0542,-0.1885,-0.0541,-0.1211,-0.1898,0.0011,-0.1365,-0.2563,-0.037,-0.1114,-0.1885,-0.0558,-0.097,-0.1583,-0.063,-0.0778,-0.2058,-0.0031,-0.0881,-0.2661,-0.0404,-0.0666,-0.1827,-0.044,-0.0621,-0.1613,-0.0357,-0.0338,-0.2113,-0.0154,-0.0373,-0.266,-0.0486,-0.0264,-0.1869,-0.0364,-0.026,-0.1611,-0.0174,0.0116,-0.2077,-0.0311,0.005,-0.2606,-0.0428,0.0061,-0.2068,-0.0287,0.006,-0.1782,-0.0134
8,Idle (Closed Fist),0.0,0.0,0.0,-0.0687,-0.0235,-0.0227,-0.1271,-0.1033,-0.0332,-0.1114,-0.1827,-0.0463,-0.0537,-0.1893,-0.0533,-0.1204,-0.1914,0.0023,-0.1356,-0.2572,-0.0361,-0.1111,-0.1896,-0.0556,-0.0963,-0.1587,-0.063,-0.0771,-0.2074,-0.0018,-0.0871,-0.2672,-0.0392,-0.0664,-0.1836,-0.043,-0.0615,-0.1621,-0.0347,-0.0331,-0.2124,-0.0142,-0.0357,-0.2662,-0.0473,-0.0257,-0.1875,-0.0355,-0.0251,-0.1614,-0.0167,0.0121,-0.2083,-0.03,0.0071,-0.2608,-0.0415,0.0073,-0.2077,-0.0278,0.0069,-0.1792,-0.0127
8,Idle (Closed Fist),0.0,0.0,0.0,-0.0702,-0.0215,-0.022,-0.1292,-0.108,-0.0309,-0.1107,-0.1902,-0.0426,-0.0552,-0.2013,-0.0488,-0.1225,-0.1923,0.0042,-0.1359,-0.259,-0.0339,-0.1123,-0.1939,-0.054,-0.0976,-0.16,-0.0615,-0.0792,-0.2086,-0.0001,-0.0882,-0.2724,-0.0375,-0.0682,-0.1909,-0.0428,-0.0632,-0.164,-0.035,-0.0351,-0.214,-0.0124,-0.0386,-0.2701,-0.0458,-0.0281,-0.1915,-0.0351,-0.0273,-0.162,-0.0167,0.0107,-0.2109,-0.028,0.0037,-0.2626,-0.0404,0.0047,-0.2085,-0.0271,0.0048,-0.1797,-0.012
8,Idle (Closed Fist),0.0,0.0,0.0,-0.0699,-0.0222,-0.023,-0.1305,-0.1092,-0.032,-0.1124,-0.1913,-0.0439,-0.0544,-0.2011,-0.0499,-0.1231,-0.1881,0.003,-0.1389,-0.2583,-0.0351,-0.113,-0.1912,-0.0537,-0.0986,-0.1587,-0.0602,-0.0802,-0.2059,-0.0008,-0.0902,-0.2706,-0.0387,-0.0679,-0.1868,-0.0425,-0.0635,-0.1623,-0.0336,-0.0366,-0.2133,-0.013,-0.0404,-0.27,-0.0471,-0.0276,-0.1894,-0.0354,-0.0267,-0.1614,-0.0162,0.0087,-0.2123,-0.0285,0.0023,-0.2659,-0.041,0.005,-0.2112,-0.0275,0.0057,-0.1819,-0.0122
8,Idle (Closed Fist),0.0,0.0,0.0,-0.0711,-0.0231,-0.0215,-0.13,-0.1078,-0.0304,-0.1112,-0.1879,-0.0421,-0.0563,-0.1956,-0.0483,-0.1225,-0.1863,0.0031,-0.1374,-0.2547,-0.0344,-0.1125,-0.1881,-0.0537,-0.0984,-0.1544,-0.061,-0.0793,-0.2025,-0.0013,-0.0897,-0.2657,-0.0382,-0.0688,-0.1844,-0.0434,-0.0649,-0.1594,-0.0362,-0.0357,-0.2093,-0.0136,-0.0398,-0.2657,-0.0462,-0.0282,-0.1872,-0.0352,-0.0281,-0.1597,-0.0173,0.0088,-0.2078,-0.0291,0.0026,-0.2596,-0.0404,0.005,-0.2055,-0.0266,0.0054,-0.1774,-0.0117
8,Idle (Closed Fist),0.0,0.0,0.0,-0.0701,-0.0225,-0.0233,-0.1286,-0.102,-0.0334,-0.112,-0.1801,-0.0458,-0.0592,-0.1931,-0.0521,-0.1273,-0.1849,0.0021,-0.1413,-0.2545,-0.038,-0.1137,-0.1878,-0.0588,-0.0996,-0.1547,-0.0666,-0.0827,-0.2016,-0.0019,-0.0932,-0.2654,-0.041,-0.0698,-0.1835,-0.0473,-0.0668,-0.1599,-0.0406,-0.0377,-0.2099,-0.0141,-0.0434,-0.2681,-0.0486,-0.0296,-0.1891,-0.0376,-0.0299,-0.1636,-0.0192,0.0081,-0.2099,-0.0296,-0.0002,-0.2582,-0.042,0.0033,-0.2039,-0.0282,0.0035,-0.1781,-0.0129
8,Idle (Closed Fist),0.0,0.0,0.0,-0.0722,-0.0264,-0.0241,-0.1298,-0.1096,-0.035,-0.1083,-0.1876,-0.0485,-0.0524,-0.1958,-0.0561,-0.1265,-0.1875,0.0026,-0.1413,-0.2562,-0.0375,-0.1142,-0.1903,-0.0593,-0.0999,-0.1558,-0.0679,-0.0832,-0.2044,-0.0011,-0.0932,-0.2674,-0.0398,-0.0696,-0.1849,-0.0464,-0.0661,-0.1593,-0.0401,-0.0391,-0.2121,-0.0132,-0.0432,-0.2716,-0.0475,-0.0299,-0.192,-0.0371,-0.0295,-0.1618,-0.0191,0.0056,-0.2111,-0.029,-0.0015,-0.2647,-0.0411,0.0014,-0.2102,-0.0274,0.0015,-0.1798,-0.0123
8,Idle (Closed Fist),0.0,0.0,0.0,-0.0704,-0.0239,-0.0218,-0.1298,-0.1006,-0.0327,-0.1148,-0.1796,-0.0465,-0.0651,-0.1942,-0.0548,-0.1277,-0.1862,0.0025,-0.1429,-0.2515,-0.038,-0.1151,-0.1894,-0.061,-0.0992,-0.1524,-0.07,-0.0845,-0.2041,-0.0024,-0.0949,-0.2664,-0.0415,-0.0708,-0.1892,-0.0495,-0.0662,-0.1597,-0.0441,-0.0402,-0.212,-0.0154,-0.045,-0.2666,-0.0494,-0.0311,-0.1926,-0.0402,-0.0305,-0.1628,-0.0233,0.0049,-0.2102,-0.0316,-0.0021,-0.2576,-0.044,0.0009,-0.2072,-0.0313,0.0007,-0.1794,-0.0169
8,Idle (Closed Fist),0.0,0.0,0.0,-0.0692,-0.0213,-0.0279,-0.1276,-0.1008,-0.0409,-0.1093,-0.1802,-0.0557,-0.0547,-0.1923,-0.0642,-0.1299,-0.1831,-0.0016,-0.1439,-0.2478,-0.0446,-0.1145,-0.1848,-0.0679,-0.0981,-0.1495,-0.0766,-0.0873,-0.203,-0.0043,-0.0969,-0.2654,-0.046,-0.0709,-0.1842,-0.0531,-0.0664,-0.157,-0.046,-0.0433,-0.2118,-0.0159,-0.0442,-0.2633,-0.0535,-0.0294,-0.1852,-0.0442,-0.0295,-0.1563,-0.0257,0.0018,-0.2115,-0.0311,-0.0021,-0.2602,-0.0455,0.0021,-0.2063,-0.0327,0.0015,-0.1768,-0.0175
8,Idle (Closed Fist),0.0,0.0,0.0,-0.0733,-0.0302,-0.016,-0.1301,-0.1056,-0.0271,-0.1131,-0.179,-0.0422,-0.0644,-0.19,-0.0539,-0.1265,-0.1915,0.0038,-0.1402,-0.2486,-0.0336,-0.1159,-0.1948,-0.0593,-0.0995,-0.1516,-0.0714,-0.0845,-0.2088,-0.0044,-0.0943,-0.265,-0.0402,-0.0723,-0.1987,-0.0525,-0.0638,-0.1588,-0.0517,-0.0407,-0.2142,-0.0191,-0.0449,-0.262,-0.0484,-0.0338,-0.2001,-0.0443,-0.0319,-0.1617,-0.0327,0.0044,-0.2065,-0.0367,-0.0015,-0.2507,-0.0479,-0.0016,-0.2047,-0.0378,-0.0035,-0.1693,-0.0263
8,Idle (Closed Fist),0.0,0.0,0.0,-0.0749,-0.035,-0.0187,-0.1316,-0.1166,-0.0295,-0.1099,-0.1975,-0.0441,-0.052,-0.2056,-0.0543,-0.1291,-0.1828,0.0046,-0.1473,-0.2455,-0.0325,-0.1226,-0.1922,-0.0577,-0.1055,-0.1541,-0.0694,-0.0882,-0.2034,-0.001,-0.097,-0.2641,-0.0365,-0.0773,-0.2005,-0.0487,-0.0706,-0.1652,-0.0478,-0.0462,-0.212,-0.0137,-0.0467,-0.2683,-0.0427,-0.0405,-0.2073,-0.0407,-0.0419,-0.1681,-0.0302,-0.0028,-0.2096,-0.0296,-0.0045,-0.2618,-0.0405,-0.0095,-0.2189,-0.0332,-0.0148,-0.1803,-0.0237
8,Idle (Closed Fist),0.0,0.0,0.0,-0.0664,-0.0208,-0.025,-0.1279,-0.1019,-0.0355,-0.1105,-0.1824,-0.0476,-0.0566,-0.1976,-0.053,-0.1325,-0.1678,-0.0042,-0.1447,-0.235,-0.0429,-0.1141,-0.1696,-0.0621,-0.1035,-0.137,-0.0693,-0.0898,-0.1903,-0.0063,-0.0945,-0.2524,-0.044,-0.0679,-0.1769,-0.0493,-0.0702,-0.1537,-0.0428,-0.0467,-0.2027,-0.0163,-0.0447,-0.2534,-0.049,-0.0283,-0.1825,-0.0402,-0.0344,-0.1579,-0.0245,-0.004,-0.2057,-0.0298,-0.0035,-0.2497,-0.0428,0.0023,-0.2007,-0.0328,-0.0012,-0.1735,-0.021
8,Idle (Closed Fist),0.0,0.0,0.0,-0.0658,-0.0229,-0.0228,-0.1257,-0.1036,-0.0324,-0.107,-0.1821,-0.044,-0.0502,-0.1914,-0.0492,-0.1292,-0.1647,-0.0016,-0.1463,-0.2325,-0.0388,-0.1157,-0.1706,-0.0571,-0.101,-0.1415,-0.064,-0.0871,-0.1876,-0.0051,-0.0953,-0.2509,-0.0423,-0.0685,-0.1728,-0.0465,-0.0648,-0.151,-0.0385,-0.0442,-0.1993,-0.0163,-0.0441,-0.2524,-0.0472,-0.029,-0.1819,-0.037,-0.0305,-0.1602,-0.0203,-0.0013,-0.2017,-0.0311,-0.0029,-0.2486,-0.0414,0.0012,-0.199,-0.0296,0.0005,-0.1732,-0.0167
8,Idle (Closed Fist),0.0,0.0,0.0,-0.0687,-0.02,-0.0249,-0.1263,-0.0944,-0.0354,-0.1119,-0.1734,-0.0475,-0.0636,-0.1964,-0.0533,-0.126,-0.1664,-0.0012,-0.1403,-0.2327,-0.0395,-0.1101,-0.1673,-0.0582,-0.0989,-0.1383,-0.065,-0.0835,-0.1866,-0.0036,-0.0922,-0.2451,-0.0402,-0.0664,-0.1686,-0.0453,-0.0665,-0.1509,-0.039,-0.0412,-0.1984,-0.0139,-0.0439,-0.2506,-0.0478,-0.0284,-0.1761,-0.0377,-0.0316,-0.1546,-0.0209,0.0013,-0.2016,-0.0276,-0.0021,-0.2461,-0.0414,0.0026,-0.1929,-0.0296,0.0001,-0.1662,-0.0159
8,Idle (Closed Fist),0.0,0.0,0.0,-0.0673,-0.0204,-0.0239,-0.1231,-0.0961,-0.033,-0.1115,-0.176,-0.0442,-0.0678,-0.1986,-0.049,-0.1255,-0.163,0.0018,-0.14,-0.2335,-0.0359,-0.109,-0.1719,-0.0541,-0.0957,-0.1418,-0.06,-0.0842,-0.1837,-0.0007,-0.092,-0.2482,-0.0375,-0.0668,-0.1743,-0.0434,-0.0669,-0.1546,-0.037,-0.0428,-0.1965,-0.0111,-0.0458,-0.2512,-0.0447,-0.0293,-0.1797,-0.0354,-0.032,-0.1591,-0.0185,-0.001,-0.2016,-0.0248,-0.0057,-0.2505,-0.037,0.0001,-0.2015,-0.0246,-0.0008,-0.1764,-0.0105
8,Idle (Closed Fist),0.0,0.0,0.0,-0.0663,-0.0185,-0.0258,-0.1231,-0.0947,-0.036,-0.1075,-0.1747,-0.0475,-0.0573,-0.1934,-0.0525,-0.1266,-0.1645,-0.0004,-0.1408,-0.2284,-0.0391,-0.1118,-0.1648,-0.0578,-0.0982,-0.1361,-0.064,-0.0852,-0.1864,-0.0023,-0.0923,-0.2464,-0.0406,-0.0679,-0.1716,-0.0462,-0.0662,-0.1546,-0.039,-0.0434,-0.1987,-0.0126,-0.0439,-0.2483,-0.0475,-0.0294,-0.1768,-0.0387,-0.0324,-0.1598,-0.0221,-0.0008,-0.2027,-0.0264,-0.0033,-0.244,-0.0394,0.001,-0.1932,-0.0283,-0.0011,-0.1707,-0.015
8,Idle (Closed Fist),0.0,0.0,0.0,-0.0625,-0.0169,-0.0275,-0.1163,-0.0862,-0.0393,-0.1079,-0.165,-0.052,-0.0679,-0.1941,-0.058,-0.1265,-0.1587,-0.0042,-0.1392,-0.2247,-0.0447,-0.1069,-0.1662,-0.0644,-0.0936,-0.1357,-0.0706,-0.0853,-0.1797,-0.0052,-0.0893,-0.2417,-0.0451,-0.0622,-0.169,-0.052,-0.0644,-0.1487,-0.0457,-0.0437,-0.1936,-0.0143,-0.0401,-0.2425,-0.052,-0.0237,-0.1709,-0.0441,-0.031,-0.1504,-0.0274,-0.0015,-0.1994,-0.0267,-0.0008,-0.2439,-0.042,0.0055,-0.1937,-0.0308,0.0006,-0.168,-0.0169
8,Idle (Closed Fist),0.0,0.0,0.0,-0.066,-0.0224,-0.0245,-0.1172,-0.0936,-0.0348,-0.1024,-0.1714,-0.0469,-0.0592,-0.1948,-0.0528,-0.1154,-0.173,0.0026,-0.1261,-0.2332,-0.0379,-0.0999,-0.1687,-0.0586,-0.0882,-0.1363,-0.0653,-0.0758,-0.189,0.0001,-0.0803,-0.2471,-0.0382,-0.0597,-0.1707,-0.0448,-0.061,-0.1518,-0.0385,-0.0364,-0.1972,-0.011,-0.0347,-0.2465,-0.047,-0.0231,-0.1728,-0.0389,-0.0283,-0.1536,-0.0223,0.0039,-0.1967,-0.0252,0.0024,-0.2437,-0.0389,0.0056,-0.1914,-0.0269,0.0019,-0.1656,-0.0126
8,Idle (Closed Fist),0.0,0.0,0.0,-0.0681,-0.0234,-0.0246,-0.1205,-0.1019,-0.0344,-0.0997,-0.1782,-0.0459,-0.0511,-0.1949,-0.0514,-0.1188,-0.1687,0.0024,-0.1292,-0.2316,-0.0355,-0.1029,-0.1678,-0.0545,-0.0899,-0.1361,-0.0607,-0.0782,-0.1871,0.0004,-0.0819,-0.247,-0.0364,-0.0607,-0.1708,-0.042,-0.06,-0.1503,-0.035,-0.037,-0.1964,-0.0099,-0.0346,-0.2461,-0.0437,-0.0228,-0.1733,-0.0348,-0.026,-0.1522,-0.018,0.0047,-0.1972,-0.0236,0.0045,-0.2433,-0.0362,0.0074,-0.1921,-0.0243,0.0048,-0.1659,-0.0105
8,Idle (Closed Fist),0.0,0.0,0.0,-0.0655,-0.0223,-0.0228,-0.1192,-0.1049,-0.0302,-0.1025,-0.1846,-0.0398,-0.0546,-0.1979,-0.0436,-0.1154,-0.1742,0.0055,-0.1281,-0.2351,-0.0304,-0.1032,-0.1689,-0.0475,-0.0925,-0.1405,-0.053,-0.0753,-0.1916,0.0027,-0.0809,-0.248,-0.0327,-0.0612,-0.1699,-0.0374,-0.0613,-0.1529,-0.0299,-0.0347,-0.2,-0.0083,-0.0348,-0.2497,-0.0417,-0.0235,-0.1749,-0.0326,-0.0264,-0.1562,-0.0158,0.0067,-0.201,-0.0225,0.0027,-0.2482,-0.0349,0.0057,-0.195,-0.0226,0.0049,-0.1697,-0.0086
8,Idle (Closed Fist),0.0,0.0,0.0,-0.0635,-0.0216,-0.0231,-0.1163,-0.1029,-0.0317,-0.0984,-0.181,-0.0423,-0.0493,-0.1972,-0.0472,-0.1162,-0.1713,0.0022,-0.127,-0.2366,-0.0336,-0.1023,-0.1712,-0.0506,-0.0896,-0.1399,-0.0561,-0.0757,-0.189,-0.0006,-0.0803,-0.2508,-0.036,-0.0607,-0.1718,-0.0402,-0.0584,-0.1511,-0.0322,-0.0343,-0.1976,-0.0113,-0.0333,-0.2475,-0.0445,-0.0225,-0.1717,-0.0349,-0.0241,-0.1505,-0.0175,0.0076,-0.1984,-0.0249,0.0048,-0.2452,-0.0376,0.0076,-0.192,-0.025,0.007,-0.1657,-0.0106
8,Idle (Closed Fist),0.0,0.0,0.0,-0.0648,-0.0234,-0.0238,-0.1161,-0.0996,-0.0334,-0.0993,-0.1769,-0.0449,-0.0518,-0.195,-0.0506,-0.1125,-0.1693,0.0027,-0.1253,-0.2321,-0.0328,-0.0997,-0.1687,-0.0506,-0.0864,-0.1373,-0.0568,-0.0725,-0.1868,0.0004,-0.0792,-0.2469,-0.0343,-0.059,-0.1711,-0.0392,-0.0559,-0.1496,-0.0323,-0.0318,-0.1944,-0.0098,-0.0329,-0.2472,-0.0419,-0.0219,-0.1742,-0.0323,-0.0227,-0.1515,-0.0154,0.0098,-0.1934,-0.0232,0.0064,-0.2411,-0.0352,0.008,-0.1907,-0.023,0.0067,-0.1643,-0.0091
8,Idle (Closed Fist),0.0,0.0,0.0,-0.0655,-0.0213,-0.0226,-0.1192,-0.0953,-0.0313,-0.1071,-0.1724,-0.0418,-0.0613,-0.1974,-0.0464,-0.1126,-0.1708,0.0028,-0.1253,-0.2345,-0.0321,-0.1007,-0.1694,-0.0491,-0.0879,-0.1386,-0.0549,-0.0723,-0.1878,0.0002,-0.0793,-0.2476,-0.0335,-0.0594,-0.1701,-0.0377,-0.056,-0.15,-0.0303,-0.0318,-0.1954,-0.01,-0.0339,-0.2471,-0.0416,-0.0228,-0.1728,-0.0311,-0.0231,-0.1516,-0.0138,0.0098,-0.1947,-0.0232,0.0052,-0.2418,-0.0354,0.0073,-0.1894,-0.0225,0.0064,-0.1634,-0.0079
8,Idle (Closed Fist),0.0,0.0,0.0,-0.066,-0.0219,-0.0234,-0.1196,-0.0966,-0.0322,-0.1073,-0.1734,-0.0428,-0.0607,-0.1982,-0.0474,-0.1129,-0.17,0.0022,-0.1266,-0.2354,-0.0325,-0.1007,-0.1711,-0.0494,-0.0877,-0.14,-0.0551,-0.0724,-0.1871,0.0,-0.0799,-0.2489,-0.0339,-0.0594,-0.1723,-0.0382,-0.0561,-0.1503,-0.031,-0.032,-0.1948,-0.0099,-0.0346,-0.2489,-0.0416,-0.0229,-0.1751,-0.0314,-0.0233,-0.1516,-0.0141,0.0096,-0.1935,-0.0228,0.0052,-0.2427,-0.0352,0.0071,-0.1914,-0.0227,0.0058,-0.164,-0.0084
8,Idle (Closed Fist),0.0,0.0,0.0,-0.0641,-0.0249,-0.0277,-0.1129,-0.0947,-0.0405,-0.0998,-0.1708,-0.0542,-0.0564,-0.1987,-0.0613,-0.1149,-0.1721,-0.0011,-0.126,-0.2338,-0.039,-0.0979,-0.17,-0.0578,-0.0841,-0.1408,-0.0643,-0.0731,-0.1893,-0.0019,-0.0788,-0.2467,-0.0388,-0.0567,-0.1692,-0.0441,-0.0544,-0.1502,-0.0373,-0.0315,-0.1972,-0.0111,-0.0321,-0.2477,-0.0458,-0.0205,-0.1738,-0.0357,-0.0222,-0.1532,-0.0181,0.0105,-0.1965,-0.0236,0.0068,-0.2424,-0.0372,0.0089,-0.1906,-0.0245,0.0065,-0.165,-0.0099
8,Idle (Closed Fist),0.0,0.0,0.0,-0.0636,-0.0225,-0.0276,-0.1126,-0.0926,-0.0404,-0.0976,-0.1689,-0.0542,-0.0507,-0.1929,-0.0617,-0.1141,-0.1719,-0.0019,-0.1244,-0.2328,-0.0394,-0.0984,-0.1681,-0.0579,-0.0851,-0.138,-0.0644,-0.0727,-0.1887,-0.0029,-0.0782,-0.2473,-0.0392,-0.0578,-0.1694,-0.0441,-0.0553,-0.1496,-0.037,-0.0311,-0.196,-0.0121,-0.0311,-0.2456,-0.0466,-0.0208,-0.1711,-0.0369,-0.0226,-0.1504,-0.0194,0.011,-0.1948,-0.0245,0.007,-0.2408,-0.0381,0.0091,-0.1887,-0.0254,0.0074,-0.1629,-0.0108
8,Idle (Closed Fist),0.0,0.0,0.0,-0.0657,-0.0222,-0.0226,-0.1177,-0.1,-0.0314,-0.1005,-0.1778,-0.0423,-0.051,-0.1912,-0.0475,-0.1159,-0.169,0.0028,-0.1271,-0.2327,-0.0335,-0.103,-0.168,-0.0513,-0.0902,-0.1351,-0.0571,-0.0752,-0.1859,-0.0001,-0.0813,-0.2481,-0.0355,-0.0619,-0.1708,-0.0401,-0.058,-0.1484,-0.0322,-0.0337,-0.1941,-0.0108,-0.0341,-0.2441,-0.0443,-0.0231,-0.1689,-0.0348,-0.023,-0.1453,-0.0172,0.0085,-0.1938,-0.0244,0.0048,-0.2415,-0.037,0.0069,-0.1895,-0.0243,0.007,-0.1624,-0.0096
8,Idle (Closed Fist),0.0,0.0,0.0,-0.0629,-0.0231,-0.023,-0.115,-0.1015,-0.0322,-0.0978,-0.1793,-0.0434,-0.05,-0.196,-0.0486,-0.1157,-0.1721,0.0024,-0.1283,-0.2338,-0.0339,-0.1014,-0.1704,-0.0517,-0.0866,-0.1388,-0.0577,-0.0753,-0.1903,-0.0004,-0.0822,-0.2506,-0.0355,-0.0607,-0.1725,-0.0396,-0.0566,-0.151,-0.0317,-0.0338,-0.1983,-0.0112,-0.0343,-0.2482,-0.044,-0.0223,-0.173,-0.0337,-0.0227,-0.1509,-0.016,0.0082,-0.1975,-0.025,0.0048,-0.2437,-0.0369,0.007,-0.1914,-0.0237,0.0062,-0.1654,-0.0088
8,Idle (Closed Fist),0.0,0.0,0.0,-0.0641,-0.0255,-0.0233,-0.1149,-0.1052,-0.0336,-0.0948,-0.1813,-0.0459,-0.0444,-0.1921,-0.0525,-0.1163,-0.1727,0.0021,-0.1254,-0.2361,-0.0338,-0.1008,-0.1729,-0.052,-0.0875,-0.1396,-0.0582,-0.0752,-0.1899,-0.0007,-0.0802,-0.2514,-0.0357,-0.0605,-0.175,-0.0406,-0.0571,-0.1512,-0.0332,-0.0331,-0.1975,-0.0114,-0.0321,-0.2473,-0.0435,-0.0218,-0.1746,-0.0345,-0.0231,-0.1499,-0.0177,0.009,-0.1964,-0.0252,0.006,-0.2433,-0.0364,0.0081,-0.1928,-0.0237,0.0073,-0.1651,-0.0095
8,Idle (Closed Fist),0.0,0.0,0.0,-0.0642,-0.0258,-0.0232,-0.1155,-0.1066,-0.0332,-0.095,-0.1829,-0.0451,-0.0439,-0.1927,-0.0515,-0.116,-0.1727,0.0021,-0.1263,-0.2359,-0.0336,-0.1014,-0.1728,-0.0516,-0.0878,-0.14,-0.0578,-0.0751,-0.19,-0.0007,-0.0807,-0.2517,-0.0353,-0.0609,-0.1755,-0.04,-0.057,-0.1516,-0.0326,-0.0332,-0.1977,-0.0112,-0.0326,-0.2479,-0.0432,-0.0222,-0.175,-0.0342,-0.0229,-0.1498,-0.0173,0.0089,-0.1968,-0.025,0.0057,-0.2444,-0.0359,0.0076,-0.1941,-0.0233,0.0072,-0.166,-0.0092
8,Idle (Closed Fist),0.0,0.0,0.0,-0.0632,-0.0212,-0.0246,-0.1137,-0.0946,-0.0352,-0.0972,-0.1716,-0.0472,-0.0491,-0.1911,-0.0533,-0.1118,-0.1706,-0.0009,-0.1243,-0.2353,-0.0368,-0.0984,-0.1719,-0.0544,-0.0844,-0.1399,-0.0603,-0.071,-0.1872,-0.0029,-0.0778,-0.2489,-0.0376,-0.0573,-0.1712,-0.0419,-0.0536,-0.149,-0.0344,-0.0301,-0.1944,-0.0126,-0.0307,-0.2462,-0.0453,-0.0201,-0.1715,-0.0353,-0.0208,-0.1483,-0.0178,0.0114,-0.1929,-0.0254,0.0072,-0.2408,-0.0379,0.009,-0.1895,-0.0249,0.0083,-0.1629,-0.0103
8,Idle (Closed Fist),0.0,0.0,0.0,-0.0634,-0.0248,-0.0223,-0.113,-0.0973,-0.0321,-0.0965,-0.1729,-0.0443,-0.0507,-0.1929,-0.0507,-0.1097,-0.1731,0.0032,-0.1236,-0.2341,-0.0331,-0.0992,-0.1714,-0.0517,-0.0854,-0.1397,-0.058,-0.0694,-0.1881,-0.0,-0.0771,-0.2478,-0.0351,-0.058,-0.1711,-0.0404,-0.0545,-0.1498,-0.0336,-0.0286,-0.1945,-0.011,-0.0301,-0.246,-0.0443,-0.0203,-0.1716,-0.0347,-0.0207,-0.1491,-0.0174,0.0132,-0.1924,-0.025,0.009,-0.2407,-0.0377,0.0098,-0.1884,-0.0247,0.0083,-0.1606,-0.0099
8,Idle (Closed Fist),0.0,0.0,0.0,-0.0633,-0.0222,-0.0253,-0.1114,-0.0923,-0.0369,-0.0938,-0.165,-0.05,-0.0492,-0.19,-0.057,-0.1109,-0.1741,-0.0024,-0.123,-0.235,-0.0404,-0.0987,-0.1706,-0.059,-0.0853,-0.1402,-0.0651,-0.0697,-0.188,-0.0045,-0.0751,-0.2478,-0.0422,-0.0566,-0.1673,-0.0477,-0.0536,-0.1462,-0.0403,-0.0286,-0.1947,-0.0144,-0.0273,-0.2416,-0.0507,-0.0178,-0.1633,-0.0409,-0.0185,-0.1415,-0.0225,0.0138,-0.1928,-0.0272,0.0105,-0.2402,-0.0418,0.0124,-0.1855,-0.0283,0.0119,-0.1588,-0.0124
8,Idle (Closed Fist),0.0,0.0,0.0,-0.0613,-0.0228,-0.0227,-0.1097,-0.0916,-0.0337,-0.0964,-0.165,-0.0465,-0.0529,-0.1912,-0.0537,-0.1089,-0.1737,0.0001,-0.1221,-0.2345,-0.0372,-0.097,-0.1728,-0.0562,-0.0825,-0.1389,-0.0625,-0.0689,-0.1885,-0.0031,-0.0759,-0.2502,-0.0385,-0.0568,-0.1728,-0.0439,-0.0533,-0.1481,-0.0369,-0.0279,-0.1944,-0.0137,-0.0282,-0.2438,-0.0476,-0.0182,-0.1685,-0.0379,-0.0188,-0.1439,-0.0203,0.0144,-0.1909,-0.0271,0.0109,-0.2392,-0.0404,0.0118,-0.1866,-0.027,0.0098,-0.1582,-0.0116
8,Idle (Closed Fist),0.0,0.0,0.0,-0.0637,-0.0224,-0.0231,-0.1153,-0.0986,-0.0324,-0.0965,-0.1727,-0.0437,-0.0453,-0.1868,-0.0494,-0.1111,-0.177,0.0013,-0.1232,-0.2379,-0.0353,-0.0999,-0.1752,-0.0537,-0.0873,-0.1448,-0.0602,-0.07,-0.191,-0.0017,-0.0765,-0.2514,-0.0387,-0.0587,-0.1723,-0.0441,-0.0552,-0.1495,-0.0365,-0.0287,-0.1968,-0.0126,-0.0281,-0.2451,-0.0473,-0.0193,-0.1682,-0.0382,-0.0194,-0.1442,-0.0204,0.014,-0.194,-0.0264,0.0113,-0.2427,-0.04,0.0117,-0.1898,-0.0276,0.011,-0.1622,-0.0128
8,Idle (Closed Fist),0.0,0.0,0.0,-0.0653,-0.0264,-0.022,-0.116,-0.102,-0.0318,-0.0959,-0.1755,-0.0438,-0.0442,-0.1908,-0.0504,-0.1118,-0.182,0.0028,-0.1236,-0.2411,-0.0342,-0.1022,-0.1778,-0.0533,-0.089,-0.1462,-0.06,-0.0707,-0.1958,-0.0008,-0.0766,-0.2544,-0.0373,-0.0593,-0.1751,-0.0431,-0.0546,-0.1523,-0.0359,-0.0289,-0.2013,-0.0122,-0.0279,-0.2486,-0.0469,-0.0194,-0.1709,-0.0381,-0.0187,-0.1459,-0.0204,0.0145,-0.1981,-0.0264,0.0108,-0.2472,-0.0399,0.0112,-0.1933,-0.0272,0.011,-0.1646,-0.0121
8,Idle (Closed Fist),0.0,0.0,0.0,-0.0636,-0.0244,-0.0237,-0.1123,-0.1038,-0.033,-0.0899,-0.179,-0.044,-0.0405,-0.193,-0.0493,-0.1084,-0.1876,0.0039,-0.12,-0.2412,-0.0332,-0.1013,-0.1777,-0.0519,-0.0896,-0.1494,-0.0584,-0.0685,-0.2013,0.0011,-0.0745,-0.2562,-0.0352,-0.0592,-0.1767,-0.04,-0.0553,-0.1599,-0.0321,-0.0272,-0.206,-0.0099,-0.0262,-0.2523,-0.0448,-0.0199,-0.176,-0.0355,-0.0202,-0.1584,-0.0178,0.0162,-0.2026,-0.0241,0.0128,-0.2511,-0.0381,0.0122,-0.1963,-0.0256,0.0115,-0.1706,-0.0106
8,Idle (Closed Fist),0.0,0.0,0.0,-0.0636,-0.0268,-0.022,-0.1102,-0.1054,-0.0314,-0.0871,-0.1785,-0.0431,-0.0418,-0.1929,-0.0498,-0.1058,-0.1881,0.0059,-0.1135,-0.2422,-0.0312,-0.097,-0.1831,-0.0513,-0.0867,-0.1505,-0.0584,-0.0664,-0.2006,0.002,-0.07,-0.2573,-0.0339,-0.056,-0.1816,-0.0407,-0.0537,-0.1587,-0.0343,-0.0255,-0.2043,-0.0097,-0.0239,-0.2524,-0.0442,-0.0177,-0.1787,-0.0365,-0.0193,-0.1556,-0.02,0.0172,-0.1993,-0.0244,0.0142,-0.247,-0.0389,0.0135,-0.1928,-0.027,0.0115,-0.1638,-0.0126
8,Idle (Closed Fist),0.0,0.0,0.0,-0.0641,-0.0254,-0.0222,-0.1112,-0.1031,-0.0314,-0.0885,-0.1762,-0.0428,-0.0424,-0.1895,-0.0491,-0.1061,-0.1865,0.0059,-0.1139,-0.2388,-0.03,-0.0981,-0.1798,-0.049,-0.0883,-0.1495,-0.0559,-0.0667,-0.1995,0.0024,-0.0708,-0.255,-0.0329,-0.0574,-0.179,-0.0389,-0.0549,-0.1572,-0.0321,-0.0258,-0.2035,-0.009,-0.0248,-0.2499,-0.0432,-0.019,-0.1759,-0.0352,-0.0202,-0.1538,-0.0186,0.017,-0.1989,-0.0234,0.0132,-0.2459,-0.0379,0.0124,-0.1917,-0.0262,0.0109,-0.1632,-0.0118
8,Idle (Closed Fist),0.0,0.0,0.0,-0.0627,-0.0201,-0.0215,-0.114,-0.0931,-0.0308,-0.0998,-0.169,-0.0423,-0.0554,-0.1906,-0.0489,-0.1088,-0.18,0.0052,-0.1185,-0.2318,-0.0321,-0.1003,-0.1745,-0.051,-0.0888,-0.1437,-0.0572,-0.07,-0.1944,0.0013,-0.0737,-0.2497,-0.0351,-0.0586,-0.1741,-0.0406,-0.0568,-0.1527,-0.0331,-0.0294,-0.1999,-0.0104,-0.0275,-0.2461,-0.0463,-0.0208,-0.1719,-0.0381,-0.0234,-0.1504,-0.021,0.0136,-0.1966,-0.0249,0.0116,-0.243,-0.0409,0.0111,-0.1892,-0.0296,0.0081,-0.1612,-0.0152
8,Idle (Closed Fist),0.0,0.0,0.0,-0.0612,-0.0239,-0.0215,-0.1123,-0.0916,-0.0326,-0.1018,-0.1644,-0.0461,-0.0537,-0.1904,-0.0543,-0.1075,-0.1821,0.0023,-0.1234,-0.2389,-0.0349,-0.1031,-0.1786,-0.0541,-0.0874,-0.1457,-0.0606,-0.0672,-0.1969,-0.0014,-0.074,-0.2526,-0.0372,-0.0566,-0.1749,-0.0421,-0.051,-0.1516,-0.0344,-0.0254,-0.202,-0.0127,-0.0259,-0.2495,-0.0468,-0.0181,-0.1747,-0.0371,-0.0176,-0.1507,-0.0193,0.0189,-0.1976,-0.0268,0.0145,-0.2449,-0.0411,0.0133,-0.1917,-0.0287,0.0114,-0.1627,-0.0137
8,Idle (Closed Fist),0.0,0.0,0.0,-0.0602,-0.022,-0.0263,-0.1116,-0.0942,-0.0385,-0.0986,-0.1682,-0.0518,-0.0465,-0.1902,-0.0589,-0.1059,-0.1887,-0.0013,-0.1218,-0.2404,-0.0396,-0.1024,-0.1727,-0.0574,-0.0874,-0.1443,-0.063,-0.0662,-0.2037,-0.0029,-0.0736,-0.2574,-0.0403,-0.0571,-0.1728,-0.043,-0.0511,-0.1556,-0.0332,-0.0243,-0.2078,-0.0127,-0.0246,-0.2516,-0.0486,-0.0178,-0.1728,-0.0375,-0.0164,-0.1557,-0.018,0.0203,-0.2031,-0.0258,0.0154,-0.2493,-0.0401,0.0143,-0.195,-0.0269,0.0142,-0.1702,-0.0111
8,Idle (Closed Fist),0.0,0.0,0.0,-0.0611,-0.0235,-0.0244,-0.1136,-0.0941,-0.036,-0.1007,-0.1663,-0.0493,-0.0484,-0.1889,-0.0568,-0.1067,-0.1857,0.001,-0.1242,-0.2387,-0.0364,-0.104,-0.1713,-0.0547,-0.0881,-0.1424,-0.0609,-0.0664,-0.2009,-0.0015,-0.0752,-0.2549,-0.0381,-0.0584,-0.1717,-0.0414,-0.051,-0.1526,-0.0324,-0.0244,-0.2052,-0.0122,-0.0269,-0.2533,-0.0469,-0.0197,-0.1746,-0.0357,-0.0171,-0.1543,-0.0167,0.0201,-0.1998,-0.0259,0.0145,-0.2463,-0.0403,0.0127,-0.1911,-0.0274,0.0126,-0.1646,-0.012
8,Idle (Closed Fist),0.0,0.0,0.0,-0.0622,-0.0219,-0.021,-0.1147,-0.0941,-0.0311,-0.0995,-0.1684,-0.0436,-0.0511,-0.1883,-0.0506,-0.1152,-0.1813,0.0026,-0.1282,-0.2389,-0.0366,-0.1049,-0.1771,-0.0571,-0.0897,-0.1432,-0.064,-0.0744,-0.1979,-0.0014,-0.0781,-0.2543,-0.0385,-0.0582,-0.1756,-0.044,-0.0558,-0.153,-0.0367,-0.0318,-0.2047,-0.0132,-0.0304,-0.2515,-0.0477,-0.0203,-0.1761,-0.0384,-0.023,-0.1546,-0.0212,0.0129,-0.2019,-0.0278,0.0113,-0.2475,-0.0424,0.0123,-0.194,-0.0305,0.0086,-0.168,-0.0161
8,Idle (Closed Fist),0.0,0.0,0.0,-0.0632,-0.0204,-0.0238,-0.1168,-0.0912,-0.0351,-0.1042,-0.1677,-0.0484,-0.0555,-0.1906,-0.0557,-0.1176,-0.1774,0.0001,-0.1326,-0.2389,-0.0402,-0.1074,-0.1751,-0.0607,-0.0921,-0.1418,-0.0675,-0.0762,-0.1946,-0.0031,-0.0833,-0.2546,-0.042,-0.0618,-0.1748,-0.0475,-0.0576,-0.1515,-0.0396,-0.0333,-0.2024,-0.0144,-0.0342,-0.2523,-0.0508,-0.0229,-0.175,-0.041,-0.0235,-0.1517,-0.0225,0.0121,-0.201,-0.0287,0.0078,-0.2491,-0.044,0.0093,-0.1946,-0.0315,0.0078,-0.1663,-0.0162
8,Idle (Closed Fist),0.0,0.0,0.0,-0.0637,-0.0237,-0.0217,-0.1184,-0.1028,-0.0305,-0.1013,-0.1772,-0.0417,-0.0453,-0.1837,-0.0475,-0.1131,-0.1884,0.0036,-0.1297,-0.2435,-0.0318,-0.108,-0.1802,-0.0485,-0.0935,-0.1527,-0.0539,-0.0734,-0.2047,-0.0003,-0.0832,-0.2599,-0.0362,-0.0637,-0.1805,-0.0398,-0.0576,-0.1607,-0.0305,-0.0311,-0.2105,-0.012,-0.0335,-0.2538,-0.045,-0.0241,-0.1799,-0.0359,-0.0233,-0.1613,-0.0184,0.0135,-0.2079,-0.0268,0.0079,-0.2554,-0.0386,0.0085,-0.205,-0.0266,0.0092,-0.1801,-0.0123
8,Idle (Closed Fist),0.0,0.0,0.0,-0.0631,-0.0248,-0.0203,-0.1167,-0.0976,-0.0308,-0.099,-0.1691,-0.0435,-0.043,-0.1842,-0.0514,-0.112,-0.1909,-0.0002,-0.1301,-0.2401,-0.0356,-0.1099,-0.1784,-0.054,-0.0925,-0.1489,-0.0612,-0.0719,-0.2089,-0.0047,-0.0821,-0.2602,-0.0413,-0.0628,-0.1797,-0.0463,-0.0533,-0.1526,-0.0384,-0.0293,-0.2153,-0.0163,-0.0315,-0.2546,-0.0492,-0.0229,-0.1809,-0.041,-0.0206,-0.1563,-0.0244,0.0153,-0.2109,-0.0307,0.011,-0.2525,-0.044,0.0103,-0.2019,-0.0333,0.0103,-0.176,-0.0199
8,Idle (Closed Fist),0.0,0.0,0.0,-0.0623,-0.0232,-0.0221,-0.116,-0.0866,-0.0347,-0.1101,-0.1589,-0.0495,-0.0584,-0.1856,-0.0589,-0.1127,-0.1847,-0.0007,-0.1331,-0.237,-0.0375,-0.1105,-0.1734,-0.0566,-0.0918,-0.1448,-0.0638,-0.0727,-0.2022,-0.0043,-0.0863,-0.2546,-0.0408,-0.0663,-0.1749,-0.0454,-0.056,-0.1498,-0.0377,-0.0303,-0.2088,-0.0153,-0.0371,-0.2533,-0.0494,-0.0273,-0.1778,-0.0394,-0.0222,-0.1517,-0.0214,0.0152,-0.205,-0.0292,0.007,-0.2509,-0.0435,0.0058,-0.2,-0.0316,0.0066,-0.1717,-0.017
8,Idle (Closed Fist),0.0,0.0,0.0,-0.0629,-0.0212,-0.0233,-0.1172,-0.0938,-0.0349,-0.1006,-0.1664,-0.0483,-0.0435,-0.1743,-0.0568,-0.1151,-0.1861,-0.0008,-0.1302,-0.2395,-0.0349,-0.112,-0.1781,-0.0527,-0.0966,-0.1511,-0.0599,-0.0733,-0.2039,-0.0038,-0.0827,-0.2578,-0.0402,-0.0654,-0.175,-0.0451,-0.0559,-0.1466,-0.0371,-0.0294,-0.21,-0.0142,-0.0343,-0.2571,-0.0476,-0.0266,-0.1795,-0.0394,-0.0224,-0.1495,-0.0224,0.0162,-0.2052,-0.0275,0.009,-0.2526,-0.042,0.0064,-0.2014,-0.0322,0.0072,-0.1718,-0.0191
8,Idle (Closed Fist),0.0,0.0,0.0,-0.0628,-0.0227,-0.0235,-0.1147,-0.0871,-0.0369,-0.0993,-0.1577,-0.0528,-0.0465,-0.1762,-0.0637,-0.1137,-0.1842,-0.0008,-0.1324,-0.2394,-0.0369,-0.1132,-0.1749,-0.0547,-0.0965,-0.1487,-0.0614,-0.0724,-0.2024,-0.0047,-0.0861,-0.2577,-0.0422,-0.0678,-0.1719,-0.0462,-0.0561,-0.145,-0.0374,-0.0288,-0.2103,-0.0161,-0.0388,-0.2573,-0.0521,-0.0289,-0.1745,-0.0418,-0.0209,-0.143,-0.0224,0.0172,-0.2073,-0.0304,0.0059,-0.2573,-0.0462,0.0042,-0.2031,-0.0341,0.0072,-0.171,-0.0187
8,Idle (Closed Fist),0.0,0.0,0.0,-0.0621,-0.0209,-0.0232,-0.1153,-0.0822,-0.0366,-0.1028,-0.1539,-0.0525,-0.0534,-0.1756,-0.0634,-0.1183,-0.1782,0.0005,-0.1373,-0.2377,-0.0367,-0.1165,-0.1769,-0.0557,-0.0988,-0.1489,-0.0627,-0.0766,-0.1966,-0.0031,-0.0902,-0.2548,-0.0412,-0.0702,-0.1711,-0.0461,-0.0589,-0.1432,-0.0377,-0.0327,-0.2057,-0.0144,-0.0426,-0.2553,-0.0506,-0.0313,-0.1731,-0.0405,-0.0239,-0.1412,-0.0213,0.0136,-0.2044,-0.0287,0.0027,-0.253,-0.0448,0.0021,-0.1999,-0.0333,0.0045,-0.1699,-0.0183
8,Idle (Closed Fist),0.0,0.0,0.0,-0.0612,-0.0229,-0.0248,-0.1142,-0.0901,-0.0377,-0.0941,-0.1615,-0.0532,-0.0375,-0.174,-0.0629,-0.1157,-0.1861,0.001,-0.1356,-0.2438,-0.0368,-0.1143,-0.1744,-0.0556,-0.0975,-0.1472,-0.0627,-0.0743,-0.2042,-0.0021,-0.0905,-0.2626,-0.0405,-0.0713,-0.1738,-0.044,-0.0597,-0.149,-0.0344,-0.0304,-0.2124,-0.0136,-0.0421,-0.2652,-0.0499,-0.0316,-0.1777,-0.0383,-0.0233,-0.1458,-0.0178,0.0157,-0.2101,-0.0284,0.0034,-0.2607,-0.0444,0.0022,-0.2043,-0.0326,0.0067,-0.173,-0.0171
8,Idle (Closed Fist),0.0,0.0,0.0,-0.0635,-0.0241,-0.0229,-0.1166,-0.0935,-0.0347,-0.0949,-0.1639,-0.0491,-0.0402,-0.1754,-0.0576,-0.1187,-0.1868,0.0024,-0.1395,-0.2448,-0.0361,-0.1163,-0.1741,-0.0553,-0.0991,-0.1478,-0.0626,-0.0772,-0.2041,-0.0016,-0.0946,-0.2647,-0.0406,-0.0743,-0.176,-0.0443,-0.0628,-0.1528,-0.0347,-0.033,-0.2128,-0.0139,-0.0457,-0.2657,-0.0493,-0.0342,-0.1786,-0.037,-0.0258,-0.1504,-0.0164,0.0135,-0.2124,-0.0295,0.0006,-0.2618,-0.0441,0.0002,-0.2054,-0.0315,0.0051,-0.1781,-0.0159
8,Idle (Closed Fist),0.0,0.0,0.0,-0.062,-0.0258,-0.0236,-0.1108,-0.0953,-0.0363,-0.0877,-0.1641,-0.0517,-0.0374,-0.1806,-0.061,-0.1213,-0.1863,0.0016,-0.139,-0.248,-0.0381,-0.1123,-0.1768,-0.0585,-0.0958,-0.1465,-0.0661,-0.0788,-0.2035,-0.0025,-0.0941,-0.2688,-0.0419,-0.0718,-0.181,-0.0478,-0.0629,-0.1535,-0.0398,-0.0341,-0.2132,-0.0147,-0.0461,-0.2688,-0.0502,-0.032,-0.1818,-0.039,-0.0251,-0.1496,-0.0189,0.0119,-0.2133,-0.03,-0.0012,-0.2631,-0.0446,0.0012,-0.2076,-0.0316,0.006,-0.1791,-0.0156
8,Idle (Closed Fist),0.0,0.0,0.0,-0.0632,-0.0275,-0.0227,-0.1086,-0.0933,-0.0356,-0.0846,-0.1636,-0.0513,-0.0349,-0.1828,-0.0605,-0.1227,-0.1852,0.0027,-0.1414,-0.2494,-0.0372,-0.1144,-0.1781,-0.0588,-0.0978,-0.1455,-0.0671,-0.0804,-0.2037,-0.0016,-0.0967,-0.2697,-0.0392,-0.0735,-0.1824,-0.0452,-0.0644,-0.1553,-0.0384,-0.0363,-0.2132,-0.014,-0.0482,-0.2714,-0.047,-0.0344,-0.1861,-0.0353,-0.0281,-0.1526,-0.0161,0.0085,-0.2112,-0.0297,-0.0026,-0.2648,-0.0427,-0.0017,-0.2112,-0.0295,0.0012,-0.1803,-0.0139
8,Idle (Closed Fist),0.0,0.0,0.0,-0.062,-0.0262,-0.0263,-0.1065,-0.0839,-0.0417,-0.0856,-0.1568,-0.0592,-0.0358,-0.1806,-0.0698,-0.1241,-0.185,-0.0001,-0.1413,-0.2485,-0.0414,-0.1136,-0.1762,-0.0647,-0.097,-0.1423,-0.0739,-0.0812,-0.2035,-0.003,-0.0961,-0.268,-0.0408,-0.0718,-0.1804,-0.0476,-0.064,-0.1537,-0.042,-0.0375,-0.2134,-0.0143,-0.0471,-0.2723,-0.0479,-0.0329,-0.1874,-0.0368,-0.0283,-0.1528,-0.0182,0.0064,-0.2099,-0.0291,-0.0033,-0.2667,-0.042,-0.0018,-0.2134,-0.0286,0.0004,-0.1803,-0.0129
8,Idle (Closed Fist),0.0,0.0,0.0,-0.0625,-0.0264,-0.0264,-0.106,-0.0837,-0.0422,-0.085,-0.1569,-0.0601,-0.0361,-0.1808,-0.0712,-0.1236,-0.186,-0.0001,-0.1416,-0.2489,-0.042,-0.1145,-0.1775,-0.0655,-0.0977,-0.1431,-0.0746,-0.0811,-0.2042,-0.0031,-0.0967,-0.2672,-0.0407,-0.0731,-0.1801,-0.0472,-0.0648,-0.1542,-0.0415,-0.0374,-0.2135,-0.0145,-0.048,-0.2722,-0.0484,-0.0341,-0.1873,-0.0371,-0.0287,-0.1526,-0.0182,0.0065,-0.2096,-0.0295,-0.0038,-0.2667,-0.0426,-0.0027,-0.2136,-0.0289,-0.0002,-0.1799,-0.0129
8,Idle (Closed Fist),0.0,0.0,0.0,-0.0622,-0.0261,-0.0259,-0.1063,-0.0835,-0.0411,-0.0856,-0.1568,-0.0585,-0.0363,-0.18,-0.0689,-0.124,-0.1846,0.0002,-0.1421,-0.2485,-0.0413,-0.1148,-0.1765,-0.0647,-0.0978,-0.142,-0.0738,-0.0812,-0.2031,-0.0029,-0.097,-0.2672,-0.0403,-0.0729,-0.1799,-0.0468,-0.0647,-0.1538,-0.0411,-0.0375,-0.2127,-0.0143,-0.0479,-0.2725,-0.0477,-0.034,-0.1876,-0.0364,-0.029,-0.1531,-0.0177,0.0065,-0.2091,-0.0294,-0.0034,-0.2663,-0.0423,-0.0023,-0.2134,-0.0288,-0.0001,-0.1803,-0.013
8,Idle (Closed Fist),0.0,0.0,0.0,-0.062,-0.0289,-0.0217,-0.1072,-0.0987,-0.0332,-0.0819,-0.1696,-0.048,-0.03,-0.1834,-0.0563,-0.1193,-0.185,0.0043,-0.1393,-0.2529,-0.0348,-0.112,-0.1802,-0.0554,-0.0952,-0.1468,-0.063,-0.0779,-0.2035,-0.0001,-0.0947,-0.2716,-0.0376,-0.0716,-0.1845,-0.0435,-0.0627,-0.157,-0.0364,-0.0346,-0.2134,-0.0126,-0.046,-0.2735,-0.0447,-0.0325,-0.1894,-0.0332,-0.0265,-0.1565,-0.0141,0.0094,-0.2128,-0.0284,-0.0024,-0.2684,-0.0391,-0.0006,-0.2158,-0.0255,0.0036,-0.186,-0.01
8,Idle (Closed Fist),0.0,0.0,0.0,-0.0633,-0.0264,-0.0227,-0.1112,-0.0936,-0.0339,-0.0877,-0.1666,-0.0479,-0.0338,-0.1806,-0.0553,-0.1223,-0.1824,0.0048,-0.1406,-0.248,-0.0337,-0.1122,-0.1753,-0.0543,-0.0961,-0.1447,-0.0624,-0.0795,-0.2017,0.0008,-0.0953,-0.2682,-0.0374,-0.0708,-0.1803,-0.0434,-0.0622,-0.1541,-0.0363,-0.0351,-0.212,-0.0114,-0.0452,-0.2697,-0.0444,-0.0312,-0.1842,-0.0329,-0.0267,-0.1518,-0.0137,0.0094,-0.2108,-0.0269,-0.001,-0.2637,-0.0387,0.0011,-0.2105,-0.0254,0.0043,-0.182,-0.0099
8,Idle (Closed Fist),0.0,0.0,0.0,-0.0642,-0.0278,-0.0221,-0.1096,-0.0921,-0.0337,-0.0869,-0.1669,-0.0485,-0.0352,-0.1857,-0.057,-0.1206,-0.1839,0.0062,-0.1393,-0.248,-0.032,-0.1134,-0.1782,-0.0528,-0.0968,-0.1456,-0.0606,-0.0784,-0.2021,0.0021,-0.0942,-0.2675,-0.0347,-0.0716,-0.1812,-0.041,-0.0621,-0.1525,-0.0342,-0.0347,-0.2117,-0.01,-0.0454,-0.27,-0.0431,-0.0325,-0.1853,-0.0326,-0.0263,-0.1486,-0.0136,0.0097,-0.2089,-0.0253,-0.001,-0.2654,-0.0374,-0.0009,-0.2137,-0.0243,0.002,-0.1805,-0.0086
8,Idle (Closed Fist),0.0,0.0,0.0,-0.0633,-0.0259,-0.0212,-0.1138,-0.0992,-0.0309,-0.0903,-0.1729,-0.0437,-0.0358,-0.1847,-0.0508,-0.1211,-0.1848,0.0051,-0.1411,-0.2498,-0.0314,-0.1148,-0.1805,-0.0503,-0.0971,-0.1488,-0.0572,-0.0791,-0.205,0.0006,-0.0958,-0.2739,-0.0367,-0.073,-0.1864,-0.0417,-0.0616,-0.1546,-0.033,-0.035,-0.2155,-0.0117,-0.0463,-0.2724,-0.0453,-0.0328,-0.186,-0.0346,-0.0256,-0.1492,-0.015,0.0108,-0.2145,-0.0272,-0.0019,-0.2674,-0.0405,-0.0003,-0.2124,-0.0281,0.0042,-0.1806,-0.0126
8,Idle (Closed Fist),0.0,0.0,0.0,-0.0639,-0.0251,-0.0222,-0.1146,-0.0977,-0.0329,-0.0912,-0.1715,-0.0467,-0.0384,-0.1873,-0.0548,-0.1213,-0.1861,0.0031,-0.1399,-0.2498,-0.0345,-0.1139,-0.1812,-0.0547,-0.0962,-0.1476,-0.0623,-0.079,-0.2056,-0.0011,-0.0947,-0.2747,-0.0389,-0.0724,-0.1879,-0.045,-0.0614,-0.1534,-0.037,-0.0347,-0.2157,-0.0129,-0.0459,-0.2711,-0.0469,-0.0321,-0.1844,-0.0365,-0.0247,-0.1454,-0.0171,0.0111,-0.2141,-0.0279,-0.0011,-0.2672,-0.0416,-0.0001,-0.2117,-0.029,0.0031,-0.1781,-0.0133
8,Idle (Closed Fist),0.0,0.0,0.0,-0.0638,-0.0259,-0.023,-0.1144,-0.0977,-0.035,-0.0907,-0.1723,-0.0498,-0.0363,-0.1882,-0.0593,-0.1186,-0.1829,0.001,-0.138,-0.2466,-0.0366,-0.1135,-0.1789,-0.0564,-0.0955,-0.1457,-0.0638,-0.0766,-0.2033,-0.0031,-0.0937,-0.273,-0.041,-0.0729,-0.188,-0.0466,-0.0609,-0.1539,-0.0385,-0.0325,-0.2136,-0.0148,-0.0452,-0.2727,-0.05,-0.0325,-0.1861,-0.0397,-0.0244,-0.1461,-0.0201,0.0136,-0.2121,-0.0296,-0.0018,-0.265,-0.0452,-0.0006,-0.2086,-0.0332,0.0043,-0.1742,-0.0179
8,Idle (Closed Fist),0.0,0.0,0.0,-0.0649,-0.0278,-0.0231,-0.1138,-0.0931,-0.0369,-0.0922,-0.1661,-0.0534,-0.0395,-0.1888,-0.0643,-0.1191,-0.1814,0.0002,-0.1392,-0.2464,-0.0382,-0.1141,-0.1785,-0.0592,-0.0961,-0.1449,-0.0671,-0.0774,-0.2017,-0.0036,-0.0943,-0.2707,-0.0411,-0.0731,-0.1861,-0.0471,-0.0615,-0.152,-0.0397,-0.0336,-0.2124,-0.0151,-0.0463,-0.2711,-0.049,-0.0334,-0.1864,-0.0385,-0.0248,-0.1462,-0.0192,0.0121,-0.2111,-0.0298,-0.002,-0.2651,-0.0442,-0.0018,-0.2112,-0.0319,0.0022,-0.1755,-0.0164
8,Idle (Closed Fist),0.0,0.0,0.0,-0.066,-0.0316,-0.0222,-0.1106,-0.0898,-0.0362,-0.0928,-0.1618,-0.0535,-0.0454,-0.1906,-0.0649,-0.1184,-0.1825,0.003,-0.1371,-0.2479,-0.0371,-0.1115,-0.1793,-0.0601,-0.0936,-0.1434,-0.0689,-0.0767,-0.2014,-0.0013,-0.0938,-0.2714,-0.0408,-0.0707,-0.1843,-0.0492,-0.0585,-0.1474,-0.0432,-0.0325,-0.2118,-0.0132,-0.0447,-0.2714,-0.0479,-0.0311,-0.1851,-0.0377,-0.0228,-0.1407,-0.0182,0.0125,-0.2087,-0.0282,0.0003,-0.2646,-0.042,-0.0003,-0.2112,-0.0288,0.0018,-0.1731,-0.0124
8,Idle (Closed Fist),0.0,0.0,0.0,-0.0663,-0.0308,-0.0231,-0.1131,-0.0933,-0.0369,-0.0937,-0.1654,-0.0537,-0.0437,-0.192,-0.0649,-0.1192,-0.1839,0.0024,-0.1378,-0.2483,-0.0371,-0.1117,-0.1804,-0.0595,-0.0937,-0.1453,-0.0681,-0.0771,-0.2031,-0.0016,-0.0931,-0.2729,-0.0407,-0.0698,-0.1867,-0.0484,-0.0577,-0.1487,-0.0416,-0.0327,-0.2134,-0.0133,-0.0445,-0.2727,-0.0484,-0.0305,-0.1862,-0.0384,-0.0222,-0.1414,-0.0187,0.0132,-0.211,-0.028,0.0006,-0.2661,-0.0427,0.0003,-0.2121,-0.03,0.0024,-0.1743,-0.0138
8,Idle (Closed Fist),0.0,0.0,0.0,-0.0662,-0.0311,-0.0224,-0.112,-0.0915,-0.0363,-0.0924,-0.163,-0.0533,-0.0433,-0.1908,-0.0646,-0.1185,-0.183,0.002,-0.1372,-0.2473,-0.0378,-0.1109,-0.1789,-0.0605,-0.0928,-0.144,-0.0694,-0.0762,-0.2018,-0.0023,-0.0927,-0.2716,-0.0415,-0.0692,-0.1846,-0.0495,-0.057,-0.1473,-0.0431,-0.0317,-0.2121,-0.0142,-0.0438,-0.2718,-0.049,-0.0298,-0.185,-0.0387,-0.0215,-0.1405,-0.0192,0.0141,-0.2092,-0.029,0.0018,-0.2646,-0.0435,0.0013,-0.2108,-0.0307,0.0034,-0.1732,-0.0145
8,Idle (Closed Fist),0.0,0.0,0.0,-0.0644,-0.026,-0.0234,-0.113,-0.0939,-0.0356,-0.0904,-0.1659,-0.0506,-0.0385,-0.1869,-0.0598,-0.1192,-0.1803,0.0013,-0.138,-0.2451,-0.037,-0.1116,-0.1759,-0.0571,-0.0937,-0.1432,-0.0645,-0.0769,-0.199,-0.0023,-0.0926,-0.2685,-0.0404,-0.0705,-0.1813,-0.0462,-0.0592,-0.148,-0.0383,-0.0327,-0.209,-0.0137,-0.0443,-0.2689,-0.0491,-0.031,-0.1808,-0.0383,-0.023,-0.1402,-0.0183,0.0134,-0.2078,-0.0282,0.0004,-0.2611,-0.0436,0.0004,-0.2049,-0.0312,0.0033,-0.1692,-0.0153
8,Idle (Closed Fist),0.0,0.0,0.0,-0.0645,-0.0264,-0.023,-0.1148,-0.0979,-0.034,-0.0915,-0.1711,-0.0478,-0.0383,-0.1908,-0.0558,-0.1188,-0.1821,0.0037,-0.1384,-0.2463,-0.0336,-0.1128,-0.178,-0.0531,-0.0946,-0.1457,-0.0601,-0.0772,-0.2013,0.0,-0.094,-0.2718,-0.0375,-0.0728,-0.1849,-0.0429,-0.0609,-0.1515,-0.0343,-0.0334,-0.2111,-0.0114,-0.0453,-0.2714,-0.0462,-0.0328,-0.1833,-0.0353,-0.0241,-0.1432,-0.015,0.0126,-0.2095,-0.0261,-0.001,-0.2636,-0.0407,-0.0013,-0.2078,-0.0281,0.0024,-0.1729,-0.0121
8,Idle (Closed Fist),0.0,0.0,0.0,-0.0646,-0.0291,-0.0218,-0.1128,-0.0961,-0.0333,-0.0912,-0.1691,-0.0479,-0.0399,-0.1909,-0.0566,-0.1185,-0.1835,0.0045,-0.1383,-0.2487,-0.0331,-0.1128,-0.1793,-0.0534,-0.0942,-0.1464,-0.0607,-0.0769,-0.2022,0.0005,-0.0941,-0.2725,-0.0365,-0.0728,-0.1849,-0.0422,-0.0605,-0.1519,-0.0342,-0.0331,-0.2119,-0.0113,-0.0451,-0.2729,-0.0448,-0.0329,-0.1853,-0.0337,-0.0242,-0.1448,-0.0136,0.0123,-0.2096,-0.0262,-0.0008,-0.2653,-0.0395,-0.0017,-0.2106,-0.0264,0.0019,-0.175,-0.0101
8,Idle (Closed Fist),0.0,0.0,0.0,-0.0659,-0.0289,-0.0213,-0.1137,-0.0998,-0.0321,-0.088,-0.1726,-0.0462,-0.0363,-0.1909,-0.0545,-0.1186,-0.1836,0.0043,-0.1387,-0.2508,-0.034,-0.1135,-0.1816,-0.0546,-0.0957,-0.1479,-0.0622,-0.0765,-0.2026,0.0,-0.0932,-0.2734,-0.0379,-0.0714,-0.1857,-0.0439,-0.0599,-0.1533,-0.0361,-0.0328,-0.213,-0.012,-0.0446,-0.2729,-0.0454,-0.0319,-0.1865,-0.0344,-0.024,-0.1488,-0.0146,0.0124,-0.2119,-0.0272,0.0,-0.2683,-0.0401,0.0007,-0.2138,-0.0268,0.0046,-0.18,-0.0107
8,Idle (Closed Fist),0.0,0.0,0.0,-0.0632,-0.0271,-0.0241,-0.1117,-0.0938,-0.0374,-0.0895,-0.1686,-0.0532,-0.0374,-0.1917,-0.0632,-0.1193,-0.1842,0.0007,-0.1384,-0.2482,-0.0386,-0.1119,-0.1793,-0.0598,-0.0932,-0.1453,-0.0677,-0.0766,-0.2039,-0.0029,-0.0926,-0.2721,-0.0414,-0.07,-0.1845,-0.0472,-0.0584,-0.1512,-0.0393,-0.0321,-0.214,-0.0144,-0.0438,-0.2718,-0.0498,-0.0306,-0.184,-0.0386,-0.0228,-0.1445,-0.0184,0.0139,-0.2117,-0.029,0.0003,-0.265,-0.0444,0.0009,-0.2083,-0.0313,0.0046,-0.173,-0.015
8,Idle (Closed Fist),0.0,0.0,0.0,-0.0636,-0.0258,-0.0248,-0.113,-0.0944,-0.0384,-0.091,-0.167,-0.0544,-0.0385,-0.1882,-0.0645,-0.1192,-0.1825,-0.0004,-0.1394,-0.2473,-0.0391,-0.1124,-0.1789,-0.0597,-0.0936,-0.1452,-0.0673,-0.0773,-0.2025,-0.0034,-0.0942,-0.2728,-0.0417,-0.0714,-0.1869,-0.0473,-0.0591,-0.1511,-0.039,-0.0333,-0.2128,-0.0143,-0.0457,-0.272,-0.0496,-0.0321,-0.1855,-0.0394,-0.0234,-0.1436,-0.0196,0.0128,-0.2119,-0.0283,-0.0011,-0.265,-0.0442,-0.001,-0.2098,-0.0327,0.0025,-0.1732,-0.0173
8,Idle (Closed Fist),0.0,0.0,0.0,-0.0635,-0.0252,-0.0253,-0.1127,-0.0946,-0.0388,-0.0907,-0.1671,-0.0545,-0.0383,-0.1879,-0.0643,-0.1197,-0.1823,-0.0006,-0.1393,-0.2479,-0.039,-0.1125,-0.1793,-0.0592,-0.0939,-0.1458,-0.0664,-0.0777,-0.2025,-0.0033,-0.0943,-0.2729,-0.0414,-0.0717,-0.187,-0.0469,-0.0598,-0.1515,-0.0385,-0.0335,-0.2127,-0.0139,-0.0457,-0.2717,-0.0493,-0.0322,-0.1851,-0.0392,-0.0239,-0.1435,-0.0194,0.0126,-0.2118,-0.0278,-0.0012,-0.2648,-0.0436,-0.001,-0.2095,-0.032,0.0024,-0.1731,-0.0166
8,Idle (Closed Fist),0.0,0.0,0.0,-0.064,-0.0254,-0.0251,-0.1115,-0.0946,-0.0382,-0.0881,-0.1684,-0.0539,-0.0381,-0.1899,-0.0636,-0.1183,-0.1809,0.0004,-0.1378,-0.2467,-0.0383,-0.1112,-0.1788,-0.0589,-0.0921,-0.1453,-0.0663,-0.0765,-0.2001,-0.0026,-0.092,-0.2705,-0.0416,-0.0701,-0.1843,-0.048,-0.0588,-0.1488,-0.0402,-0.0327,-0.2104,-0.0134,-0.0439,-0.271,-0.0491,-0.0312,-0.1847,-0.0389,-0.0234,-0.1435,-0.0191,0.0129,-0.2096,-0.0275,0.0007,-0.2634,-0.0428,0.0003,-0.2081,-0.0306,0.0029,-0.1717,-0.0148
8,Idle (Closed Fist),0.0,0.0,0.0,-0.0645,-0.025,-0.0247,-0.1127,-0.0967,-0.0371,-0.0874,-0.1708,-0.0521,-0.0358,-0.1893,-0.0613,-0.1191,-0.1832,0.0013,-0.1379,-0.2478,-0.0364,-0.1127,-0.181,-0.0564,-0.0941,-0.1476,-0.0636,-0.0772,-0.2024,-0.0019,-0.0913,-0.2716,-0.0401,-0.0707,-0.1868,-0.0463,-0.0597,-0.1521,-0.0383,-0.0331,-0.2122,-0.013,-0.0431,-0.2709,-0.0482,-0.0311,-0.1852,-0.0385,-0.0236,-0.1447,-0.0191,0.0131,-0.211,-0.0273,0.001,-0.264,-0.0426,0.0008,-0.2088,-0.0308,0.0037,-0.1729,-0.0153
8,Idle (Closed Fist),0.0,0.0,0.0,-0.0649,-0.0274,-0.0239,-0.1135,-0.0982,-0.0365,-0.0891,-0.1693,-0.0518,-0.0359,-0.1884,-0.0615,-0.119,-0.1856,0.0015,-0.137,-0.2498,-0.0355,-0.1115,-0.1808,-0.0555,-0.094,-0.1474,-0.063,-0.0769,-0.2043,-0.002,-0.0915,-0.2742,-0.0394,-0.0704,-0.1883,-0.046,-0.0596,-0.1525,-0.0386,-0.0328,-0.2138,-0.0131,-0.0434,-0.2723,-0.0473,-0.0309,-0.186,-0.038,-0.0232,-0.1442,-0.0191,0.0129,-0.2122,-0.0273,0.0003,-0.2664,-0.0418,0.0002,-0.2116,-0.0301,0.0036,-0.1747,-0.0148
8,Idle (Closed Fist),0.0,0.0,0.0,-0.0641,-0.0272,-0.0248,-0.1124,-0.0958,-0.0384,-0.0895,-0.1676,-0.0544,-0.0362,-0.1885,-0.0645,-0.119,-0.185,0.0,-0.137,-0.2498,-0.0379,-0.1104,-0.18,-0.0585,-0.0927,-0.1459,-0.0664,-0.0767,-0.2036,-0.003,-0.0914,-0.2744,-0.041,-0.0693,-0.1879,-0.0475,-0.0587,-0.1516,-0.0402,-0.0325,-0.2131,-0.0138,-0.043,-0.2723,-0.0484,-0.0303,-0.1855,-0.0388,-0.0229,-0.143,-0.0197,0.0132,-0.2112,-0.0277,0.0006,-0.2656,-0.0428,0.0004,-0.2106,-0.0311,0.0033,-0.1731,-0.0159
8,Idle (Closed Fist),0.0,0.0,0.0,-0.0652,-0.0306,-0.0223,-0.1125,-0.0909,-0.0352,-0.0925,-0.1651,-0.0509,-0.0417,-0.1888,-0.0603,-0.1226,-0.1826,0.0028,-0.1424,-0.2481,-0.0367,-0.1156,-0.1792,-0.0588,-0.0981,-0.1462,-0.0675,-0.0803,-0.203,-0.0013,-0.0969,-0.2706,-0.0376,-0.0732,-0.1842,-0.0438,-0.0634,-0.1538,-0.0375,-0.0364,-0.2138,-0.0131,-0.0476,-0.2735,-0.0451,-0.034,-0.1889,-0.0339,-0.0276,-0.149,-0.0151,0.0081,-0.2109,-0.0283,-0.0034,-0.2668,-0.0406,-0.0033,-0.2157,-0.0276,-0.001,-0.1799,-0.0121
8,Idle (Closed Fist),0.0,0.0,0.0,-0.0651,-0.0305,-0.0194,-0.1134,-0.1006,-0.0295,-0.0902,-0.173,-0.0432,-0.0386,-0.1893,-0.0514,-0.1186,-0.1829,0.0053,-0.1402,-0.2519,-0.0317,-0.115,-0.1837,-0.0515,-0.0974,-0.1511,-0.0587,-0.0772,-0.2021,0.0003,-0.0953,-0.273,-0.0356,-0.0737,-0.1873,-0.0412,-0.0627,-0.156,-0.0337,-0.0338,-0.2124,-0.0122,-0.0466,-0.2749,-0.0441,-0.0336,-0.1892,-0.0331,-0.0253,-0.1504,-0.0139,0.0113,-0.2113,-0.0278,-0.0029,-0.2677,-0.0401,-0.0016,-0.2146,-0.0273,0.0036,-0.1808,-0.0118
8,Idle (Closed Fist),0.0,0.0,0.0,-0.0668,-0.0307,-0.0217,-0.1137,-0.0946,-0.0343,-0.0902,-0.1653,-0.05,-0.0388,-0.186,-0.0602,-0.1187,-0.1865,0.0035,-0.1368,-0.2506,-0.0351,-0.1127,-0.1818,-0.057,-0.0954,-0.1483,-0.0656,-0.0762,-0.204,-0.0009,-0.0926,-0.2734,-0.0395,-0.0715,-0.1869,-0.0477,-0.0601,-0.1519,-0.0415,-0.0325,-0.2135,-0.0128,-0.044,-0.2712,-0.0468,-0.0313,-0.1859,-0.0374,-0.0234,-0.1459,-0.0186,0.0128,-0.2109,-0.0277,-0.0004,-0.2656,-0.0407,0.0004,-0.2117,-0.0278,0.0045,-0.1773,-0.0119
8,Idle (Closed Fist),0.0,0.0,0.0,-0.0659,-0.0282,-0.0234,-0.1137,-0.0935,-0.0363,-0.0916,-0.1646,-0.052,-0.0405,-0.188,-0.0619,-0.1188,-0.1856,0.0025,-0.1371,-0.2497,-0.0361,-0.1122,-0.1811,-0.0574,-0.0947,-0.1487,-0.0656,-0.0767,-0.2034,-0.0012,-0.0925,-0.2733,-0.0397,-0.0715,-0.1871,-0.0471,-0.0604,-0.1534,-0.0403,-0.0333,-0.213,-0.0126,-0.0442,-0.2713,-0.0473,-0.0321,-0.1857,-0.0378,-0.0246,-0.1466,-0.0188,0.0119,-0.2111,-0.0272,0.0002,-0.2658,-0.0413,-0.0002,-0.2115,-0.0289,0.0025,-0.1766,-0.0132
8,Idle (Closed Fist),0.0,0.0,0.0,-0.0644,-0.0274,-0.0218,-0.1133,-0.0933,-0.0345,-0.0928,-0.1647,-0.0502,-0.0413,-0.1866,-0.0602,-0.1177,-0.1832,0.0005,-0.1373,-0.2492,-0.0377,-0.1117,-0.1796,-0.0579,-0.0936,-0.1462,-0.0653,-0.0761,-0.2019,-0.0039,-0.0932,-0.273,-0.0419,-0.0713,-0.1863,-0.0476,-0.0592,-0.1515,-0.0396,-0.0326,-0.2118,-0.0157,-0.0447,-0.2696,-0.0493,-0.0313,-0.1838,-0.0382,-0.0229,-0.1446,-0.0184,0.0131,-0.2102,-0.0305,-0.0002,-0.2641,-0.0437,-0.0001,-0.2105,-0.0305,0.0031,-0.1767,-0.0146
8,Idle (Closed Fist),0.0,0.0,0.0,-0.0645,-0.0268,-0.0209,-0.114,-0.0949,-0.0323,-0.0942,-0.1652,-0.0468,-0.044,-0.1864,-0.0558,-0.1184,-0.181,0.0027,-0.1381,-0.2477,-0.0345,-0.1123,-0.1788,-0.0541,-0.0946,-0.1454,-0.0611,-0.0769,-0.1993,-0.0019,-0.0934,-0.2702,-0.0392,-0.0719,-0.1845,-0.0453,-0.0606,-0.1502,-0.0376,-0.0336,-0.2099,-0.0138,-0.0458,-0.2687,-0.0473,-0.0323,-0.1829,-0.0368,-0.024,-0.144,-0.0174,0.0122,-0.2099,-0.0286,-0.0012,-0.264,-0.0422,-0.0005,-0.209,-0.0292,0.0033,-0.1746,-0.0132
8,Idle (Closed Fist),0.0,0.0,0.0,-0.0642,-0.0264,-0.0212,-0.1139,-0.0951,-0.0322,-0.0948,-0.1669,-0.0463,-0.0442,-0.1866,-0.0549,-0.1187,-0.1824,0.0037,-0.1377,-0.2482,-0.0325,-0.1122,-0.1803,-0.0518,-0.0945,-0.1471,-0.0589,-0.0771,-0.2011,-0.0005,-0.0934,-0.2712,-0.0372,-0.0718,-0.1861,-0.0435,-0.0602,-0.151,-0.0359,-0.0337,-0.2116,-0.0121,-0.0458,-0.2707,-0.0452,-0.0326,-0.1854,-0.0354,-0.0245,-0.1452,-0.0163,0.0119,-0.211,-0.0266,-0.0015,-0.2655,-0.0401,-0.0009,-0.211,-0.0277,0.0027,-0.1761,-0.0122
8,Idle (Closed Fist),0.0,0.0,0.0,-0.0646,-0.0279,-0.0222,-0.112,-0.0888,-0.0354,-0.096,-0.1606,-0.0516,-0.0475,-0.1866,-0.0622,-0.1178,-0.1818,0.003,-0.1377,-0.247,-0.0353,-0.1122,-0.1801,-0.0567,-0.0934,-0.1462,-0.0648,-0.0767,-0.2011,-0.0011,-0.094,-0.2714,-0.0393,-0.0719,-0.187,-0.047,-0.0593,-0.1508,-0.0402,-0.0338,-0.2121,-0.0126,-0.0462,-0.2701,-0.0465,-0.033,-0.1864,-0.0372,-0.024,-0.1459,-0.0184,0.0112,-0.2111,-0.0271,-0.0014,-0.2643,-0.0405,-0.002,-0.2118,-0.0283,0.0011,-0.1766,-0.0129
8,Idle (Closed Fist),0.0,0.0,0.0,-0.0644,-0.0271,-0.0226,-0.1128,-0.0888,-0.0356,-0.0968,-0.1612,-0.0515,-0.0478,-0.187,-0.0618,-0.1183,-0.182,0.0031,-0.1382,-0.247,-0.0349,-0.1129,-0.1806,-0.056,-0.0943,-0.1473,-0.0637,-0.0771,-0.2014,-0.0007,-0.0939,-0.2712,-0.0387,-0.0721,-0.1868,-0.0459,-0.0598,-0.1512,-0.0388,-0.0341,-0.2123,-0.012,-0.0462,-0.2698,-0.0461,-0.0332,-0.1859,-0.0367,-0.0244,-0.1459,-0.0177,0.0111,-0.2115,-0.0263,-0.0014,-0.2644,-0.0401,-0.002,-0.2116,-0.028,0.001,-0.1766,-0.0125
8,Idle (Closed Fist),0.0,0.0,0.0,-0.0658,-0.0265,-0.0219,-0.1145,-0.0956,-0.0332,-0.0922,-0.1682,-0.0477,-0.0413,-0.1869,-0.0567,-0.1189,-0.1812,0.0032,-0.1385,-0.2477,-0.0336,-0.1139,-0.1813,-0.0537,-0.0955,-0.148,-0.0613,-0.0776,-0.2012,-0.0007,-0.0944,-0.2717,-0.0381,-0.0729,-0.1872,-0.0449,-0.0602,-0.151,-0.0377,-0.0344,-0.2122,-0.012,-0.0466,-0.2709,-0.045,-0.0333,-0.1868,-0.0354,-0.0241,-0.1457,-0.0166,0.0109,-0.2119,-0.0265,-0.0018,-0.2664,-0.0396,-0.0017,-0.2137,-0.0277,0.0022,-0.1788,-0.0126
8,Idle (Closed Fist),0.0,0.0,0.0,-0.0658,-0.0263,-0.0221,-0.1147,-0.0956,-0.0336,-0.0926,-0.1683,-0.0481,-0.0413,-0.1868,-0.0571,-0.1188,-0.1817,0.003,-0.1384,-0.2483,-0.0338,-0.1139,-0.1817,-0.0539,-0.0953,-0.1482,-0.0614,-0.0774,-0.2016,-0.0008,-0.0943,-0.2722,-0.0383,-0.073,-0.1876,-0.0452,-0.0602,-0.1512,-0.0379,-0.0342,-0.2125,-0.0121,-0.0465,-0.2716,-0.0454,-0.0334,-0.187,-0.0359,-0.024,-0.1454,-0.0171,0.0112,-0.2122,-0.0265,-0.0016,-0.2667,-0.04,-0.0016,-0.2138,-0.0281,0.0023,-0.1786,-0.013
8,Idle (Closed Fist),0.0,0.0,0.0,-0.065,-0.0277,-0.0225,-0.112,-0.0875,-0.0363,-0.0942,-0.1582,-0.0529,-0.0459,-0.1852,-0.0638,-0.1176,-0.1796,0.001,-0.1367,-0.2456,-0.0385,-0.111,-0.1773,-0.0605,-0.0929,-0.1435,-0.0689,-0.0759,-0.1984,-0.0031,-0.0928,-0.2689,-0.0421,-0.0705,-0.1833,-0.0501,-0.059,-0.149,-0.0437,-0.0328,-0.2097,-0.0146,-0.0449,-0.2687,-0.0488,-0.0313,-0.1841,-0.0389,-0.0232,-0.1458,-0.0198,0.0121,-0.2094,-0.0292,-0.0006,-0.262,-0.0426,0.0004,-0.209,-0.0296,0.004,-0.1765,-0.0137
8,Idle (Closed Fist),0.0,0.0,0.0,-0.0643,-0.0287,-0.0238,-0.1116,-0.0896,-0.0378,-0.0939,-0.1605,-0.0545,-0.0446,-0.1894,-0.0653,-0.1173,-0.1828,0.0015,-0.1356,-0.2467,-0.0378,-0.1101,-0.1781,-0.0597,-0.0925,-0.1455,-0.068,-0.0756,-0.2012,-0.0022,-0.0919,-0.2704,-0.041,-0.0702,-0.1843,-0.0487,-0.0586,-0.1509,-0.042,-0.032,-0.2115,-0.0136,-0.0437,-0.2701,-0.0489,-0.0308,-0.184,-0.0391,-0.0226,-0.1453,-0.0197,0.0136,-0.2098,-0.028,0.0006,-0.2626,-0.0429,0.0008,-0.208,-0.0303,0.0042,-0.1737,-0.0142
8,Idle (Closed Fist),0.0,0.0,0.0,-0.0643,-0.0261,-0.0225,-0.1145,-0.0917,-0.0348,-0.0953,-0.1644,-0.0498,-0.0426,-0.1861,-0.0591,-0.1183,-0.1804,0.0017,-0.1373,-0.2467,-0.0355,-0.112,-0.1776,-0.055,-0.0942,-0.1451,-0.0622,-0.0764,-0.1995,-0.002,-0.093,-0.2689,-0.0393,-0.0716,-0.1827,-0.0452,-0.0593,-0.1488,-0.0372,-0.0329,-0.2102,-0.0131,-0.0451,-0.2677,-0.0474,-0.032,-0.1819,-0.0372,-0.023,-0.143,-0.0177,0.0129,-0.2098,-0.0272,-0.0006,-0.2629,-0.0418,-0.0001,-0.2083,-0.0296,0.0042,-0.1738,-0.0139
8,Idle (Closed Fist),0.0,0.0,0.0,-0.0638,-0.0255,-0.0226,-0.1134,-0.0956,-0.0341,-0.0925,-0.1677,-0.0486,-0.041,-0.1867,-0.0577,-0.1183,-0.1817,0.0033,-0.1368,-0.2481,-0.0338,-0.112,-0.1797,-0.0532,-0.0946,-0.1454,-0.06,-0.0768,-0.2006,-0.0005,-0.0933,-0.2704,-0.0381,-0.0717,-0.1849,-0.0442,-0.0598,-0.1497,-0.0362,-0.0331,-0.2113,-0.0119,-0.045,-0.2692,-0.0466,-0.0316,-0.1826,-0.037,-0.0231,-0.1417,-0.0176,0.013,-0.2112,-0.0264,0.0,-0.2646,-0.041,0.0004,-0.2093,-0.0291,0.0039,-0.1733,-0.0136
8,Idle (Closed Fist),0.0,0.0,0.0,-0.065,-0.0265,-0.0245,-0.1145,-0.0938,-0.0377,-0.0946,-0.1652,-0.0535,-0.043,-0.1851,-0.0639,-0.1198,-0.1813,0.0012,-0.1381,-0.2468,-0.0363,-0.1132,-0.1811,-0.0567,-0.0952,-0.147,-0.0643,-0.0777,-0.2009,-0.0018,-0.0937,-0.2707,-0.0403,-0.0719,-0.1869,-0.0477,-0.0599,-0.1489,-0.0405,-0.034,-0.2116,-0.0124,-0.0453,-0.2693,-0.0472,-0.0321,-0.1852,-0.0387,-0.0241,-0.1426,-0.0199,0.0115,-0.2108,-0.0262,-0.0001,-0.2638,-0.0406,0.0001,-0.211,-0.0295,0.0028,-0.1749,-0.0146
8,Idle (Closed Fist),0.0,0.0,0.0,-0.0645,-0.0269,-0.0226,-0.1138,-0.0901,-0.0355,-0.0946,-0.1612,-0.0512,-0.0425,-0.183,-0.0616,-0.1178,-0.1802,0.0011,-0.1373,-0.244,-0.0363,-0.1124,-0.1775,-0.0565,-0.0946,-0.1458,-0.0643,-0.0762,-0.1992,-0.0027,-0.0927,-0.2668,-0.0405,-0.0712,-0.1812,-0.047,-0.0593,-0.1464,-0.0398,-0.0328,-0.2098,-0.0139,-0.0449,-0.2687,-0.0484,-0.0316,-0.1823,-0.0383,-0.0228,-0.141,-0.019,0.0125,-0.2082,-0.028,0.0006,-0.2615,-0.0431,0.0006,-0.2066,-0.0312,0.0037,-0.1704,-0.0157
8,Idle (Closed Fist),0.0,0.0,0.0,-0.0635,-0.0248,-0.0221,-0.1135,-0.0922,-0.0333,-0.0938,-0.1633,-0.0475,-0.0423,-0.1853,-0.0564,-0.1173,-0.1777,0.0023,-0.1378,-0.2453,-0.0343,-0.1134,-0.1797,-0.0532,-0.0957,-0.1463,-0.0597,-0.0764,-0.1971,-0.0013,-0.0935,-0.2683,-0.0382,-0.0721,-0.1838,-0.0439,-0.0602,-0.1482,-0.0358,-0.0334,-0.2078,-0.0122,-0.0455,-0.2667,-0.0465,-0.0321,-0.1803,-0.0367,-0.0236,-0.1386,-0.0173,0.012,-0.2076,-0.0261,0.0002,-0.2619,-0.0409,0.0002,-0.208,-0.0293,0.0031,-0.1719,-0.0141
8,Idle (Closed Fist),0.0,0.0,0.0,-0.0638,-0.0256,-0.0211,-0.1134,-0.0942,-0.0316,-0.093,-0.1655,-0.0454,-0.0421,-0.1844,-0.0542,-0.1166,-0.1798,0.0042,-0.1376,-0.2448,-0.032,-0.1143,-0.1822,-0.0515,-0.0961,-0.1493,-0.0584,-0.0756,-0.1989,0.0003,-0.0928,-0.2687,-0.0367,-0.0716,-0.185,-0.0428,-0.059,-0.1485,-0.0349,-0.0324,-0.2092,-0.0111,-0.0451,-0.2682,-0.045,-0.0319,-0.1819,-0.0353,-0.0229,-0.1396,-0.0159,0.0133,-0.2082,-0.0253,0.0003,-0.2622,-0.0396,0.0005,-0.208,-0.0277,0.004,-0.1726,-0.0123
8,Idle (Closed Fist),0.0,0.0,0.0,-0.0634,-0.026,-0.0243,-0.1115,-0.0871,-0.0381,-0.0942,-0.1584,-0.0544,-0.0463,-0.1854,-0.0651,-0.117,-0.1776,-0.0003,-0.1373,-0.2442,-0.039,-0.1123,-0.1791,-0.0599,-0.094,-0.1452,-0.0674,-0.0756,-0.197,-0.0031,-0.0926,-0.267,-0.0421,-0.0704,-0.183,-0.0496,-0.0586,-0.1469,-0.0425,-0.0324,-0.2078,-0.0135,-0.0442,-0.2652,-0.0489,-0.0303,-0.181,-0.0397,-0.0224,-0.1408,-0.0205,0.0129,-0.2067,-0.0269,0.0015,-0.26,-0.0418,0.0021,-0.2068,-0.0299,0.0047,-0.172,-0.0143
8,Idle (Closed Fist),0.0,0.0,0.0,-0.064,-0.0262,-0.0232,-0.1131,-0.094,-0.0355,-0.0938,-0.1651,-0.0505,-0.0445,-0.1861,-0.0603,-0.1176,-0.1796,0.0022,-0.1372,-0.2444,-0.0352,-0.1125,-0.18,-0.0551,-0.0943,-0.1465,-0.0622,-0.0762,-0.1993,-0.0012,-0.0923,-0.267,-0.039,-0.0702,-0.1834,-0.0459,-0.0584,-0.1471,-0.0385,-0.0326,-0.2099,-0.012,-0.0444,-0.2679,-0.0469,-0.0307,-0.183,-0.0378,-0.0227,-0.1411,-0.0187,0.0132,-0.209,-0.0258,0.0014,-0.2621,-0.0408,0.0018,-0.2083,-0.0291,0.0043,-0.1729,-0.0138
8,Idle (Closed Fist),0.0,0.0,0.0,-0.0668,-0.029,-0.0193,-0.1166,-0.1009,-0.0283,-0.0955,-0.1736,-0.041,-0.0461,-0.1863,-0.0483,-0.1205,-0.1798,0.0079,-0.1418,-0.247,-0.0274,-0.1168,-0.1827,-0.0469,-0.0985,-0.1495,-0.0541,-0.0796,-0.1996,0.0033,-0.0976,-0.2699,-0.0332,-0.0753,-0.1869,-0.0404,-0.0624,-0.1505,-0.0332,-0.0368,-0.2106,-0.0087,-0.0493,-0.2706,-0.0404,-0.0358,-0.1885,-0.0315,-0.0267,-0.1476,-0.0134,0.0082,-0.2108,-0.0236,-0.0035,-0.2655,-0.0356,-0.0037,-0.2143,-0.0242,-0.0003,-0.1797,-0.0096
8,Idle (Closed Fist),0.0,0.0,0.0,-0.0663,-0.0294,-0.0186,-0.1152,-0.1006,-0.0282,-0.0935,-0.1739,-0.0415,-0.043,-0.1841,-0.0496,-0.1186,-0.1814,0.0067,-0.1412,-0.248,-0.0294,-0.1159,-0.1825,-0.0494,-0.0974,-0.1497,-0.0571,-0.0777,-0.2009,0.0015,-0.0974,-0.2705,-0.0353,-0.0744,-0.1864,-0.0419,-0.0613,-0.1523,-0.0347,-0.0347,-0.2116,-0.0111,-0.0483,-0.2714,-0.0425,-0.0346,-0.1879,-0.0323,-0.0258,-0.1483,-0.0136,0.01,-0.2107,-0.0267,-0.0033,-0.2651,-0.0381,-0.0025,-0.2131,-0.0257,0.002,-0.18,-0.0107
8,Idle (Closed Fist),0.0,0.0,0.0,-0.0664,-0.0294,-0.0182,-0.115,-0.0976,-0.0279,-0.0957,-0.1701,-0.0413,-0.0447,-0.1839,-0.0498,-0.1165,-0.1792,0.0057,-0.1374,-0.2453,-0.03,-0.1132,-0.179,-0.05,-0.0949,-0.1439,-0.0576,-0.0751,-0.1973,0.0005,-0.0935,-0.2665,-0.0363,-0.0712,-0.1825,-0.0437,-0.0581,-0.1451,-0.037,-0.0323,-0.208,-0.0116,-0.0458,-0.267,-0.0432,-0.0323,-0.1841,-0.0339,-0.0232,-0.1428,-0.0155,0.0123,-0.2078,-0.0265,-0.0026,-0.2617,-0.0381,-0.0005,-0.2096,-0.0256,0.0055,-0.176,-0.0105
8,Idle (Closed Fist),0.0,0.0,0.0,-0.0647,-0.0259,-0.0192,-0.1137,-0.0976,-0.0291,-0.0929,-0.1674,-0.0423,-0.0421,-0.1808,-0.0505,-0.1154,-0.1731,0.0021,-0.1379,-0.2432,-0.0333,-0.1124,-0.1778,-0.0519,-0.0938,-0.1433,-0.0585,-0.0746,-0.1926,-0.0025,-0.0941,-0.2646,-0.0386,-0.0717,-0.182,-0.0444,-0.0583,-0.1454,-0.0368,-0.0321,-0.2044,-0.014,-0.0466,-0.264,-0.0455,-0.0329,-0.1819,-0.0357,-0.0232,-0.1414,-0.0172,0.0126,-0.2065,-0.0284,-0.0021,-0.2593,-0.0411,-0.0011,-0.2066,-0.0293,0.004,-0.1719,-0.0146
8,Idle (Closed Fist),0.0,0.0,0.0,-0.0648,-0.0256,-0.019,-0.115,-0.0989,-0.0279,-0.0949,-0.171,-0.0398,-0.0449,-0.1872,-0.0466,-0.1169,-0.1734,0.003,-0.139,-0.2444,-0.0323,-0.1127,-0.1792,-0.0504,-0.0942,-0.1445,-0.0564,-0.0757,-0.1933,-0.0011,-0.0949,-0.2662,-0.037,-0.0715,-0.184,-0.0422,-0.0584,-0.1474,-0.0338,-0.0331,-0.2054,-0.0122,-0.0474,-0.2638,-0.0435,-0.0327,-0.1817,-0.0333,-0.0235,-0.1422,-0.0144,0.0118,-0.2084,-0.026,-0.0036,-0.2597,-0.0383,-0.0011,-0.2078,-0.0262,0.0043,-0.1761,-0.0113
8,Idle (Closed Fist),0.0,0.0,0.0,-0.0655,-0.0264,-0.0183,-0.1149,-0.0991,-0.0272,-0.0946,-0.1713,-0.0396,-0.0449,-0.1879,-0.047,-0.1156,-0.1725,0.0047,-0.1378,-0.2454,-0.0305,-0.1127,-0.1805,-0.049,-0.0943,-0.1441,-0.0553,-0.075,-0.1925,0.0001,-0.0947,-0.2669,-0.0351,-0.072,-0.1846,-0.0408,-0.0586,-0.147,-0.033,-0.0328,-0.2046,-0.0114,-0.0474,-0.2655,-0.0424,-0.033,-0.1828,-0.0323,-0.0235,-0.1413,-0.0137,0.0117,-0.2068,-0.0256,-0.0036,-0.2611,-0.0378,-0.0017,-0.2085,-0.0255,0.0035,-0.1738,-0.0104
8,Idle (Closed Fist),0.0,0.0,0.0,-0.065,-0.0272,-0.0192,-0.1146,-0.0988,-0.0295,-0.0958,-0.17,-0.0432,-0.0444,-0.1843,-0.0519,-0.1159,-0.1764,0.0032,-0.1381,-0.2468,-0.0323,-0.1129,-0.181,-0.0513,-0.0941,-0.1446,-0.058,-0.0753,-0.196,-0.0014,-0.095,-0.2681,-0.0369,-0.0722,-0.1853,-0.0424,-0.0581,-0.1485,-0.0346,-0.0331,-0.2068,-0.0129,-0.0472,-0.2662,-0.0436,-0.0335,-0.1844,-0.0333,-0.0239,-0.1436,-0.0147,0.0112,-0.2072,-0.0275,-0.0029,-0.2622,-0.0389,-0.0021,-0.2111,-0.0267,0.0025,-0.1769,-0.0119
8,Idle (Closed Fist),0.0,0.0,0.0,-0.0652,-0.0278,-0.0194,-0.1152,-0.1007,-0.0295,-0.0961,-0.1725,-0.0432,-0.0443,-0.1858,-0.0519,-0.1166,-0.1776,0.0042,-0.1387,-0.2475,-0.0314,-0.1137,-0.1817,-0.0503,-0.0949,-0.1454,-0.0571,-0.0762,-0.1976,-0.0004,-0.0957,-0.2691,-0.036,-0.0729,-0.1863,-0.0415,-0.0586,-0.1497,-0.0335,-0.0338,-0.2087,-0.012,-0.0481,-0.2678,-0.0429,-0.0343,-0.1857,-0.0327,-0.0243,-0.1448,-0.0139,0.0106,-0.2093,-0.0267,-0.0036,-0.2643,-0.0381,-0.0027,-0.2129,-0.0259,0.0022,-0.1789,-0.011
8,Idle (Closed Fist),0.0,0.0,0.0,-0.0648,-0.0263,-0.0188,-0.1145,-0.0962,-0.0294,-0.0972,-0.167,-0.0433,-0.0472,-0.1848,-0.0524,-0.1154,-0.1778,0.0019,-0.1383,-0.2469,-0.0338,-0.1128,-0.1803,-0.0526,-0.0935,-0.144,-0.0592,-0.075,-0.197,-0.0029,-0.0952,-0.2685,-0.0392,-0.0719,-0.1852,-0.045,-0.0574,-0.1467,-0.0371,-0.0328,-0.2083,-0.0145,-0.0481,-0.267,-0.0458,-0.0335,-0.1844,-0.0355,-0.0233,-0.1429,-0.0167,0.0119,-0.2094,-0.0289,-0.0045,-0.262,-0.0408,-0.0024,-0.2096,-0.0282,0.0033,-0.1763,-0.013
8,Idle (Closed Fist),0.0,0.0,0.0,-0.0647,-0.0244,-0.0201,-0.1143,-0.0919,-0.0317,-0.0971,-0.1624,-0.0463,-0.0475,-0.1832,-0.0559,-0.1151,-0.1735,-0.0004,-0.1375,-0.2442,-0.0369,-0.1116,-0.1772,-0.0562,-0.0923,-0.14,-0.063,-0.0746,-0.193,-0.0047,-0.0942,-0.2661,-0.0414,-0.0708,-0.1827,-0.0474,-0.0571,-0.1438,-0.0399,-0.0325,-0.2049,-0.0158,-0.0473,-0.2648,-0.0479,-0.0325,-0.1818,-0.0377,-0.0229,-0.14,-0.0189,0.012,-0.2063,-0.0298,-0.0034,-0.2594,-0.0431,-0.0014,-0.2062,-0.0309,0.0035,-0.1708,-0.0158
8,Idle (Closed Fist),0.0,0.0,0.0,-0.0644,-0.0258,-0.0203,-0.1144,-0.0955,-0.0312,-0.0959,-0.165,-0.0453,-0.0463,-0.1863,-0.0543,-0.1162,-0.177,0.0017,-0.1384,-0.2462,-0.0341,-0.113,-0.1791,-0.0529,-0.094,-0.1422,-0.0593,-0.0759,-0.197,-0.0025,-0.095,-0.2684,-0.0381,-0.0723,-0.1848,-0.0437,-0.0582,-0.1475,-0.0358,-0.0335,-0.2083,-0.0138,-0.0477,-0.2668,-0.0453,-0.0336,-0.1837,-0.0352,-0.0234,-0.1428,-0.0164,0.0113,-0.2094,-0.0279,-0.0032,-0.2627,-0.0405,-0.0022,-0.2098,-0.0281,0.0023,-0.1747,-0.0129
8,Idle (Closed Fist),0.0,0.0,0.0,-0.0654,-0.0275,-0.0194,-0.1148,-0.0984,-0.03,-0.096,-0.1674,-0.044,-0.046,-0.1862,-0.0531,-0.1166,-0.1775,0.0026,-0.1389,-0.2475,-0.0326,-0.1139,-0.181,-0.0513,-0.0947,-0.1437,-0.0578,-0.076,-0.1973,-0.002,-0.0951,-0.269,-0.0374,-0.0728,-0.186,-0.0434,-0.0586,-0.1473,-0.0359,-0.0335,-0.2087,-0.0134,-0.0481,-0.2676,-0.0441,-0.0344,-0.1855,-0.0344,-0.0242,-0.1436,-0.0161,0.0112,-0.2101,-0.0276,-0.004,-0.2632,-0.0393,-0.0032,-0.2114,-0.027,0.0018,-0.1764,-0.0122
8,Idle (Closed Fist),0.0,0.0,0.0,-0.0643,-0.0251,-0.0183,-0.1151,-0.0967,-0.0278,-0.0966,-0.1674,-0.0406,-0.0461,-0.1851,-0.0482,-0.117,-0.1749,0.0025,-0.139,-0.2453,-0.0331,-0.1139,-0.1786,-0.0511,-0.0952,-0.1435,-0.0572,-0.0764,-0.1947,-0.0025,-0.0956,-0.2675,-0.0388,-0.0728,-0.1837,-0.0438,-0.0591,-0.1482,-0.0353,-0.0342,-0.2066,-0.0143,-0.0479,-0.2649,-0.0456,-0.0341,-0.182,-0.0349,-0.0253,-0.1442,-0.0157,0.0101,-0.2086,-0.0288,-0.0042,-0.2605,-0.0403,-0.0027,-0.2084,-0.0274,0.0016,-0.1773,-0.0122
8,Idle (Closed Fist),0.0,0.0,0.0,-0.0643,-0.0248,-0.0188,-0.115,-0.0958,-0.0287,-0.096,-0.1668,-0.0419,-0.0457,-0.1863,-0.05,-0.1173,-0.1752,0.0023,-0.1388,-0.2447,-0.0334,-0.113,-0.178,-0.052,-0.0943,-0.1425,-0.0584,-0.0767,-0.1952,-0.0026,-0.096,-0.2674,-0.0386,-0.0728,-0.1836,-0.044,-0.0591,-0.1472,-0.0358,-0.0343,-0.2067,-0.0144,-0.0483,-0.2658,-0.0457,-0.034,-0.1828,-0.0351,-0.025,-0.1435,-0.0161,0.0105,-0.2079,-0.0289,-0.0036,-0.2608,-0.0411,-0.0023,-0.2081,-0.0284,0.0016,-0.1749,-0.0132
8,Idle (Closed Fist),0.0,0.0,0.0,-0.0661,-0.0288,-0.0181,-0.1161,-0.1053,-0.0268,-0.0943,-0.1756,-0.0392,-0.0432,-0.1897,-0.047,-0.1157,-0.1806,0.0059,-0.1376,-0.2491,-0.0287,-0.1133,-0.1841,-0.0472,-0.0944,-0.1479,-0.0538,-0.0755,-0.2012,0.0007,-0.0951,-0.2731,-0.0344,-0.073,-0.1907,-0.0404,-0.058,-0.1524,-0.0326,-0.0331,-0.2127,-0.0115,-0.048,-0.2711,-0.0418,-0.0343,-0.189,-0.0322,-0.0241,-0.1479,-0.0139,0.0116,-0.2137,-0.0264,-0.0046,-0.2663,-0.0377,-0.0027,-0.2142,-0.0254,0.0034,-0.1808,-0.0104
8,Idle (Closed Fist),0.0,0.0,0.0,-0.0661,-0.027,-0.0183,-0.1162,-0.1005,-0.0277,-0.0948,-0.1718,-0.0406,-0.0441,-0.1854,-0.0487,-0.1162,-0.1756,0.004,-0.1382,-0.2465,-0.031,-0.1136,-0.1816,-0.05,-0.0953,-0.1457,-0.057,-0.0757,-0.1957,-0.0008,-0.095,-0.2701,-0.0369,-0.0726,-0.1871,-0.0438,-0.0591,-0.1477,-0.0365,-0.0335,-0.2082,-0.0123,-0.048,-0.2691,-0.0433,-0.0338,-0.187,-0.0342,-0.0244,-0.1451,-0.0162,0.0109,-0.2109,-0.0266,-0.0043,-0.2642,-0.0387,-0.0025,-0.2119,-0.0271,0.0026,-0.1778,-0.0127
8,Idle (Closed Fist),0.0,0.0,0.0,-0.0656,-0.0248,-0.0214,-0.1149,-0.0945,-0.0322,-0.0963,-0.1653,-0.046,-0.0458,-0.1815,-0.0546,-0.1164,-0.1752,0.0019,-0.137,-0.2448,-0.0339,-0.1119,-0.1788,-0.0531,-0.0933,-0.143,-0.0601,-0.0755,-0.1944,-0.0017,-0.0943,-0.2669,-0.0387,-0.0717,-0.1835,-0.0455,-0.0581,-0.1453,-0.0382,-0.0332,-0.2059,-0.0124,-0.0468,-0.2652,-0.0448,-0.0333,-0.1828,-0.0359,-0.0243,-0.1418,-0.0176,0.0112,-0.2072,-0.0261,-0.0031,-0.2594,-0.0393,-0.0023,-0.2068,-0.028,0.002,-0.1726,-0.0135
8,Idle (Closed Fist),0.0,0.0,0.0,-0.0641,-0.0248,-0.0189,-0.114,-0.0935,-0.0288,-0.0957,-0.1645,-0.042,-0.0461,-0.1846,-0.0504,-0.1141,-0.1759,0.0035,-0.1364,-0.2447,-0.032,-0.1116,-0.1793,-0.0507,-0.0929,-0.1434,-0.057,-0.0739,-0.1953,-0.0011,-0.0932,-0.2668,-0.0368,-0.0711,-0.1838,-0.0423,-0.0574,-0.1467,-0.0343,-0.0318,-0.2067,-0.0127,-0.0467,-0.2655,-0.0448,-0.0327,-0.1819,-0.0348,-0.0228,-0.141,-0.0158,0.0127,-0.2074,-0.027,-0.0024,-0.2604,-0.0405,-0.0013,-0.2062,-0.0283,0.0035,-0.1709,-0.013
8,Idle (Closed Fist),0.0,0.0,0.0,-0.0652,-0.027,-0.0183,-0.1146,-0.0963,-0.0277,-0.096,-0.1663,-0.0408,-0.046,-0.1846,-0.0487,-0.1148,-0.1758,0.0053,-0.137,-0.2462,-0.0299,-0.1119,-0.1804,-0.0487,-0.0932,-0.1443,-0.0552,-0.0747,-0.1949,0.0005,-0.0942,-0.2682,-0.0353,-0.0719,-0.1853,-0.0414,-0.058,-0.1476,-0.0338,-0.0328,-0.2063,-0.0114,-0.047,-0.2657,-0.043,-0.0334,-0.1833,-0.0336,-0.0236,-0.142,-0.015,0.0115,-0.2073,-0.026,-0.0025,-0.2615,-0.0387,-0.002,-0.209,-0.0269,0.0024,-0.1734,-0.012
8,Idle (Closed Fist),0.0,0.0,0.0,-0.0649,-0.0261,-0.0184,-0.1147,-0.1004,-0.027,-0.094,-0.1708,-0.0391,-0.0449,-0.1852,-0.0462,-0.1163,-0.1814,0.0052,-0.1368,-0.2489,-0.0295,-0.1117,-0.1831,-0.0483,-0.0932,-0.1475,-0.0551,-0.0757,-0.2001,0.0004,-0.0937,-0.2715,-0.0349,-0.0717,-0.188,-0.041,-0.0585,-0.1507,-0.0334,-0.0333,-0.2104,-0.0113,-0.0465,-0.27,-0.0419,-0.0334,-0.1878,-0.0324,-0.0243,-0.1476,-0.0142,0.0111,-0.2103,-0.0259,-0.0024,-0.2645,-0.0377,-0.0018,-0.2118,-0.0255,0.0025,-0.1777,-0.0105
8,Idle (Closed Fist),0.0,0.0,0.0,-0.0657,-0.0263,-0.019,-0.1167,-0.1002,-0.0279,-0.0967,-0.171,-0.04,-0.0465,-0.1833,-0.047,-0.1182,-0.1802,0.0046,-0.1392,-0.2483,-0.0305,-0.114,-0.1827,-0.0496,-0.0952,-0.1474,-0.0567,-0.0772,-0.1996,0.0001,-0.0958,-0.2714,-0.0359,-0.0734,-0.1877,-0.0423,-0.0598,-0.1501,-0.0347,-0.0346,-0.2106,-0.0114,-0.0479,-0.2703,-0.0425,-0.0348,-0.1881,-0.0332,-0.0255,-0.1476,-0.0151,0.0101,-0.2113,-0.0259,-0.0033,-0.2645,-0.0381,-0.0032,-0.212,-0.0266,0.0009,-0.1782,-0.0121
8,Idle (Closed Fist),0.0,0.0,0.0,-0.0665,-0.0261,-0.0188,-0.116,-0.0973,-0.0272,-0.0943,-0.168,-0.0393,-0.0435,-0.1805,-0.046,-0.1173,-0.1748,0.006,-0.1385,-0.246,-0.03,-0.114,-0.1794,-0.0493,-0.0963,-0.1441,-0.0561,-0.0766,-0.194,0.0014,-0.0956,-0.2672,-0.0348,-0.0733,-0.1827,-0.0409,-0.0602,-0.1479,-0.0333,-0.0341,-0.2055,-0.0104,-0.0475,-0.2658,-0.0421,-0.0341,-0.1825,-0.0322,-0.0251,-0.1439,-0.0136,0.0103,-0.2073,-0.0252,-0.0024,-0.2616,-0.0373,-0.0019,-0.2091,-0.0252,0.0022,-0.1762,-0.0103
8,Idle (Closed Fist),0.0,0.0,0.0,-0.0664,-0.0276,-0.0196,-0.1163,-0.1015,-0.0285,-0.0945,-0.1737,-0.0409,-0.0428,-0.185,-0.0482,-0.1167,-0.1791,0.0066,-0.1386,-0.2486,-0.0285,-0.1149,-0.1823,-0.0473,-0.0965,-0.1474,-0.0539,-0.0763,-0.1988,0.0023,-0.0961,-0.2706,-0.0334,-0.0749,-0.1865,-0.0391,-0.0604,-0.1514,-0.0311,-0.034,-0.2098,-0.0095,-0.0483,-0.27,-0.0409,-0.0358,-0.1863,-0.0312,-0.0254,-0.1465,-0.0125,0.0107,-0.2107,-0.0243,-0.004,-0.2656,-0.0362,-0.004,-0.2129,-0.0241,0.0015,-0.1791,-0.0092
8,Idle (Closed Fist),0.0,0.0,0.0,-0.0653,-0.0265,-0.0186,-0.1159,-0.1006,-0.0281,-0.096,-0.1702,-0.041,-0.0446,-0.1796,-0.049,-0.1153,-0.177,0.0031,-0.1376,-0.246,-0.0318,-0.1126,-0.1799,-0.0503,-0.0937,-0.1449,-0.0571,-0.075,-0.1962,-0.0019,-0.0946,-0.2687,-0.0383,-0.0723,-0.1854,-0.0442,-0.0582,-0.1477,-0.0365,-0.0327,-0.2075,-0.0138,-0.0469,-0.2676,-0.0449,-0.0336,-0.1855,-0.0353,-0.0242,-0.145,-0.0171,0.0119,-0.2087,-0.0285,-0.0021,-0.2608,-0.0407,-0.002,-0.2086,-0.0294,0.0021,-0.1749,-0.0153
8,Idle (Closed Fist),0.0,0.0,0.0,-0.0635,-0.0257,-0.0204,-0.1144,-0.0986,-0.0307,-0.095,-0.1682,-0.044,-0.0434,-0.1812,-0.0521,-0.1154,-0.1778,0.0017,-0.1366,-0.2459,-0.0341,-0.1104,-0.1789,-0.0526,-0.0921,-0.1452,-0.0592,-0.075,-0.1968,-0.0026,-0.0933,-0.2686,-0.0394,-0.0703,-0.1844,-0.0448,-0.0573,-0.1486,-0.0366,-0.0326,-0.2076,-0.0141,-0.0461,-0.2675,-0.0464,-0.0321,-0.184,-0.0362,-0.0233,-0.1449,-0.0174,0.0122,-0.2084,-0.0285,-0.0014,-0.2605,-0.0417,-0.0006,-0.2072,-0.03,0.0033,-0.1739,-0.0154
8,Idle (Closed Fist),0.0,0.0,0.0,-0.0641,-0.025,-0.0207,-0.1152,-0.101,-0.0298,-0.0936,-0.1721,-0.042,-0.0406,-0.1827,-0.0489,-0.1152,-0.1792,0.0037,-0.1364,-0.2486,-0.0315,-0.1117,-0.1808,-0.0496,-0.0938,-0.146,-0.056,-0.0744,-0.1986,-0.0002,-0.0933,-0.2698,-0.0355,-0.0719,-0.185,-0.0403,-0.0589,-0.1506,-0.0318,-0.0316,-0.209,-0.0115,-0.0452,-0.2686,-0.0433,-0.0326,-0.1839,-0.033,-0.0235,-0.1445,-0.0142,0.0134,-0.2093,-0.0259,-0.0006,-0.2627,-0.0392,-0.0003,-0.2081,-0.0275,0.0045,-0.1735,-0.0128
6,Zoom (Rock Sign),0.0,0.0,0.0,-0.0344,-0.0266,-0.0697,-0.0522,-0.0905,-0.1082,-0.0312,-0.1724,-0.1382,0.0028,-0.2347,-0.1631,-0.1205,-0.2161,-0.0649,-0.1335,-0.3255,-0.0969,-0.1345,-0.3954,-0.1119,-0.1323,-0.4556,-0.1195,-0.0785,-0.235,-0.0433,-0.052,-0.2843,-0.0954,-0.045,-0.2091,-0.109,-0.0571,-0.1811,-0.1041,-0.0375,-0.245,-0.0271,-0.0148,-0.2866,-0.0784,-0.0175,-0.2169,-0.0789,-0.0333,-0.1808,-0.0624,-0.0034,-0.2494,-0.0155,-0.0001,-0.3369,-0.0448,-0.0009,-0.389,-0.0463,-0.0065,-0.4396,-0.0372
6,Zoom (Rock Sign),0.0,0.0,0.0,-0.0449,-0.0258,-0.0416,-0.0635,-0.1021,-0.065,-0.0389,-0.1774,-0.0853,-0.0015,-0.2229,-0.1025,-0.1075,-0.2239,-0.0345,-0.1186,-0.3366,-0.06,-0.1173,-0.4063,-0.0748,-0.1138,-0.4701,-0.0832,-0.0652,-0.2342,-0.0281,-0.0569,-0.2962,-0.0798,-0.0541,-0.2329,-0.1014,-0.0577,-0.191,-0.1016,-0.0234,-0.2376,-0.0245,-0.0118,-0.2879,-0.0721,-0.0178,-0.2296,-0.0785,-0.0292,-0.1919,-0.0664,0.0139,-0.2366,-0.0232,0.0167,-0.3241,-0.0473,0.0156,-0.3775,-0.0476,0.0112,-0.4315,-0.0393
6,Zoom (Rock Sign),0.0,0.0,0.0,-0.0477,-0.0255,-0.0482,-0.072,-0.1006,-0.0752,-0.048,-0.1824,-0.0973,-0.0101,-0.2301,-0.1155,-0.1189,-0.2254,-0.0442,-0.128,-0.3386,-0.0686,-0.1283,-0.4053,-0.0822,-0.1288,-0.4658,-0.0913,-0.0736,-0.2401,-0.0338,-0.0581,-0.2981,-0.0816,-0.0545,-0.2247,-0.0975,-0.063,-0.1874,-0.0955,-0.0299,-0.2451,-0.0264,-0.0162,-0.2944,-0.0698,-0.0221,-0.2285,-0.0701,-0.0367,-0.1909,-0.0559,0.007,-0.2433,-0.0223,0.0087,-0.3295,-0.0468,0.0078,-0.3825,-0.0471,0.0025,-0.4374,-0.039
6,Zoom (Rock Sign),0.0,0.0,0.0,-0.0497,-0.0312,-0.0462,-0.0759,-0.1071,-0.0724,-0.0531,-0.1888,-0.095,-0.0137,-0.2383,-0.1138,-0.1187,-0.2238,-0.0382,-0.1286,-0.3354,-0.0624,-0.1293,-0.4037,-0.075,-0.1291,-0.4622,-0.0831,-0.0733,-0.2392,-0.0291,-0.064,-0.2995,-0.0753,-0.0574,-0.2298,-0.0895,-0.0609,-0.1926,-0.0864,-0.0286,-0.2449,-0.0236,-0.0196,-0.2963,-0.0655,-0.0243,-0.2357,-0.0654,-0.0354,-0.1979,-0.0513,0.0098,-0.2427,-0.0215,0.0105,-0.3293,-0.0456,0.009,-0.3818,-0.0465,0.0042,-0.4327,-0.0391
6,Zoom (Rock Sign),0.0,0.0,0.0,-0.0492,-0.0297,-0.0471,-0.0744,-0.1067,-0.0728,-0.0488,-0.1892,-0.0945,-0.008,-0.2363,-0.1119,-0.1189,-0.2228,-0.0387,-0.1299,-0.332,-0.0645,-0.1303,-0.3994,-0.0767,-0.1284,-0.4568,-0.0838,-0.0735,-0.2367,-0.0281,-0.0667,-0.2979,-0.0737,-0.0606,-0.2249,-0.0838,-0.0653,-0.1934,-0.0775,-0.0289,-0.2426,-0.0218,-0.0201,-0.2947,-0.0646,-0.0232,-0.2306,-0.0614,-0.0338,-0.1949,-0.0443,0.0092,-0.2412,-0.0188,0.0095,-0.3273,-0.0444,0.0077,-0.3784,-0.045,0.0027,-0.4301,-0.0366
6,Zoom (Rock Sign),0.0,0.0,0.0,-0.0489,-0.0293,-0.048,-0.0739,-0.1054,-0.0746,-0.0488,-0.1882,-0.097,-0.0087,-0.2362,-0.1149,-0.119,-0.2215,-0.0395,-0.1296,-0.3308,-0.0662,-0.1298,-0.3988,-0.0788,-0.1272,-0.4557,-0.086,-0.0735,-0.2351,-0.0286,-0.0664,-0.2953,-0.0748,-0.0591,-0.2214,-0.0849,-0.0629,-0.1902,-0.0781,-0.029,-0.2415,-0.022,-0.0199,-0.2929,-0.0653,-0.0221,-0.2289,-0.0618,-0.0321,-0.1934,-0.0443,0.0089,-0.2409,-0.0189,0.009,-0.326,-0.0445,0.007,-0.3762,-0.0448,0.0018,-0.4275,-0.0359
6,Zoom (Rock Sign),0.0,0.0,0.0,-0.0468,-0.0325,-0.051,-0.0699,-0.1079,-0.0788,-0.048,-0.1899,-0.1014,-0.0094,-0.243,-0.1197,-0.1199,-0.2256,-0.0417,-0.1299,-0.3347,-0.0673,-0.1309,-0.4037,-0.0816,-0.1308,-0.4636,-0.0905,-0.0742,-0.2395,-0.0295,-0.0648,-0.2958,-0.0802,-0.0588,-0.2214,-0.0976,-0.0638,-0.1815,-0.0949,-0.0296,-0.2455,-0.021,-0.021,-0.2921,-0.0667,-0.0258,-0.2275,-0.0681,-0.038,-0.1884,-0.0534,0.0078,-0.2453,-0.016,0.0096,-0.3302,-0.0408,0.0086,-0.3831,-0.0414,0.003,-0.4364,-0.0329
6,Zoom (Rock Sign),0.0,0.0,0.0,-0.0469,-0.0324,-0.0516,-0.0707,-0.1066,-0.0806,-0.0479,-0.1877,-0.1048,-0.0084,-0.2375,-0.1245,-0.1196,-0.2274,-0.043,-0.1309,-0.337,-0.0695,-0.1315,-0.4053,-0.0827,-0.1303,-0.4643,-0.0904,-0.0746,-0.2416,-0.0304,-0.0638,-0.2957,-0.0776,-0.0579,-0.2218,-0.0901,-0.0641,-0.1917,-0.0851,-0.0303,-0.2471,-0.0221,-0.019,-0.2918,-0.0667,-0.0238,-0.2252,-0.065,-0.0364,-0.1894,-0.0485,0.0068,-0.2462,-0.0175,0.0093,-0.3316,-0.0429,0.008,-0.384,-0.043,0.003,-0.4367,-0.034
6,Zoom (Rock Sign),0.0,0.0,0.0,-0.0461,-0.0321,-0.0539,-0.0702,-0.1036,-0.0844,-0.0499,-0.1869,-0.1091,-0.0124,-0.2431,-0.129,-0.1207,-0.2271,-0.0477,-0.131,-0.3363,-0.0763,-0.1313,-0.4055,-0.0909,-0.1302,-0.4657,-0.0997,-0.074,-0.2428,-0.034,-0.0641,-0.2962,-0.0792,-0.059,-0.2223,-0.0888,-0.0676,-0.1982,-0.0835,-0.0293,-0.2488,-0.0252,-0.0185,-0.2922,-0.0686,-0.0246,-0.224,-0.0641,-0.0387,-0.1885,-0.0472,0.0087,-0.2477,-0.0204,0.0108,-0.3346,-0.0461,0.0091,-0.3883,-0.0457,0.0038,-0.4413,-0.0371
6,Zoom (Rock Sign),0.0,0.0,0.0,-0.0507,-0.0309,-0.0501,-0.0768,-0.109,-0.0784,-0.0506,-0.1912,-0.1023,-0.0073,-0.2337,-0.1218,-0.1194,-0.2313,-0.0415,-0.1314,-0.341,-0.0677,-0.1319,-0.4072,-0.0799,-0.1301,-0.467,-0.087,-0.0736,-0.245,-0.03,-0.0623,-0.2964,-0.0762,-0.0591,-0.2199,-0.0872,-0.0669,-0.1938,-0.0817,-0.0295,-0.2496,-0.0228,-0.0175,-0.2923,-0.067,-0.025,-0.2226,-0.0646,-0.0392,-0.1883,-0.0479,0.0079,-0.2481,-0.0192,0.0107,-0.334,-0.0441,0.0097,-0.3857,-0.0437,0.0057,-0.4393,-0.0346
6,Zoom (Rock Sign),0.0,0.0,0.0,-0.0501,-0.0312,-0.0499,-0.0762,-0.1095,-0.0781,-0.0503,-0.1915,-0.1019,-0.0074,-0.2338,-0.1215,-0.1185,-0.2313,-0.0424,-0.1296,-0.3412,-0.0677,-0.1307,-0.4072,-0.0798,-0.1304,-0.4673,-0.0874,-0.0728,-0.2454,-0.0312,-0.062,-0.2993,-0.0769,-0.0583,-0.2238,-0.0884,-0.0653,-0.195,-0.0834,-0.0287,-0.2493,-0.0242,-0.0177,-0.2932,-0.0671,-0.0244,-0.2243,-0.0646,-0.0378,-0.1888,-0.0483,0.0089,-0.2466,-0.0208,0.0111,-0.3333,-0.0449,0.0104,-0.3854,-0.0443,0.0064,-0.4384,-0.0354
6,Zoom (Rock Sign),0.0,0.0,0.0,-0.0525,-0.0343,-0.0458,-0.0811,-0.1139,-0.0727,-0.0531,-0.1958,-0.0968,-0.0063,-0.2339,-0.1169,-0.1163,-0.2391,-0.0356,-0.1259,-0.3471,-0.0596,-0.1261,-0.4123,-0.0702,-0.1246,-0.4717,-0.0769,-0.0703,-0.2517,-0.0269,-0.0581,-0.3005,-0.0685,-0.0555,-0.2257,-0.0767,-0.0652,-0.2037,-0.0708,-0.0252,-0.2529,-0.0227,-0.0115,-0.2909,-0.0641,-0.0181,-0.2218,-0.06,-0.0327,-0.1878,-0.0434,0.0142,-0.2478,-0.0221,0.0186,-0.3334,-0.0466,0.0193,-0.3866,-0.0462,0.0173,-0.44,-0.0376
6,Zoom (Rock Sign),0.0,0.0,0.0,-0.0526,-0.0348,-0.0468,-0.0807,-0.1149,-0.0739,-0.0539,-0.1965,-0.0977,-0.0073,-0.2346,-0.1176,-0.1153,-0.2388,-0.037,-0.1253,-0.3485,-0.0614,-0.1264,-0.4135,-0.0729,-0.1261,-0.4725,-0.0803,-0.0689,-0.2516,-0.0278,-0.0585,-0.3041,-0.0713,-0.056,-0.2301,-0.0814,-0.0642,-0.2047,-0.0764,-0.0239,-0.2533,-0.023,-0.0124,-0.294,-0.0649,-0.0186,-0.2256,-0.0614,-0.0317,-0.1904,-0.0449,0.015,-0.2485,-0.0217,0.0187,-0.3348,-0.0455,0.0191,-0.3878,-0.0444,0.0165,-0.4409,-0.0356
6,Zoom (Rock Sign),0.0,0.0,0.0,-0.0516,-0.0363,-0.0419,-0.0807,-0.1164,-0.0677,-0.0526,-0.1964,-0.0909,-0.0039,-0.2312,-0.1106,-0.1113,-0.2387,-0.0368,-0.1195,-0.3501,-0.061,-0.1179,-0.4137,-0.0724,-0.1153,-0.4739,-0.0805,-0.0652,-0.2496,-0.03,-0.0556,-0.301,-0.0722,-0.0545,-0.2253,-0.0809,-0.0627,-0.2011,-0.0764,-0.0202,-0.2499,-0.0271,-0.0084,-0.2934,-0.0677,-0.0162,-0.2239,-0.0627,-0.0296,-0.1887,-0.0465,0.0188,-0.2437,-0.0276,0.025,-0.3299,-0.0517,0.0271,-0.3819,-0.0509,0.027,-0.4353,-0.0429
6,Zoom (Rock Sign),0.0,0.0,0.0,-0.0527,-0.0355,-0.0417,-0.082,-0.1163,-0.067,-0.0532,-0.1972,-0.0898,-0.004,-0.2308,-0.109,-0.1125,-0.2377,-0.0362,-0.1202,-0.3487,-0.06,-0.1188,-0.4131,-0.0714,-0.1168,-0.4736,-0.0796,-0.0664,-0.2498,-0.0295,-0.0583,-0.3012,-0.0711,-0.0562,-0.2264,-0.0796,-0.0637,-0.2015,-0.0749,-0.0212,-0.2507,-0.0268,-0.0106,-0.2952,-0.0666,-0.0168,-0.2274,-0.0611,-0.0288,-0.1923,-0.0448,0.0182,-0.2447,-0.0275,0.024,-0.3309,-0.0513,0.0265,-0.3826,-0.0504,0.0266,-0.4351,-0.0425
6,Zoom (Rock Sign),0.0,0.0,0.0,-0.0504,-0.0417,-0.038,-0.0758,-0.1192,-0.0628,-0.0485,-0.1984,-0.0858,-0.0043,-0.2369,-0.1059,-0.1062,-0.2386,-0.0361,-0.1152,-0.3493,-0.0622,-0.1141,-0.4166,-0.076,-0.1126,-0.4776,-0.0856,-0.0603,-0.2487,-0.0313,-0.0527,-0.3023,-0.0736,-0.0534,-0.2273,-0.0824,-0.0631,-0.2041,-0.0784,-0.0156,-0.2487,-0.0302,-0.0046,-0.2924,-0.0699,-0.0141,-0.2225,-0.0632,-0.0278,-0.1851,-0.0465,0.0232,-0.2419,-0.0323,0.0287,-0.3304,-0.0572,0.0294,-0.3851,-0.0561,0.0293,-0.4385,-0.0481
6,Zoom (Rock Sign),0.0,0.0,0.0,-0.0509,-0.0364,-0.0402,-0.0783,-0.1149,-0.0661,-0.048,-0.1927,-0.0899,0.0002,-0.2272,-0.1099,-0.1076,-0.2403,-0.0373,-0.1155,-0.3498,-0.0634,-0.115,-0.4146,-0.0752,-0.1131,-0.476,-0.083,-0.0615,-0.25,-0.0317,-0.0525,-0.2978,-0.0743,-0.0525,-0.2177,-0.0805,-0.0608,-0.1974,-0.0741,-0.0165,-0.2491,-0.0302,-0.0046,-0.2874,-0.0718,-0.0139,-0.2153,-0.0641,-0.028,-0.1833,-0.0459,0.0226,-0.2428,-0.032,0.0292,-0.3284,-0.0571,0.0314,-0.3799,-0.0549,0.0315,-0.4345,-0.0455
6,Zoom (Rock Sign),0.0,0.0,0.0,-0.0505,-0.0348,-0.0416,-0.0791,-0.1156,-0.0666,-0.0506,-0.1968,-0.0893,-0.0029,-0.2328,-0.108,-0.1116,-0.2439,-0.035,-0.1186,-0.3546,-0.0602,-0.1175,-0.4197,-0.072,-0.1153,-0.4806,-0.0799,-0.0643,-0.2537,-0.0285,-0.0543,-0.3056,-0.0708,-0.0532,-0.2258,-0.0785,-0.062,-0.2038,-0.0727,-0.0183,-0.2535,-0.0261,-0.0053,-0.2955,-0.0677,-0.0129,-0.2234,-0.0616,-0.0272,-0.1913,-0.044,0.0221,-0.2476,-0.027,0.0276,-0.334,-0.0516,0.0292,-0.3859,-0.0499,0.0287,-0.4413,-0.0408
6,Zoom (Rock Sign),0.0,0.0,0.0,-0.0522,-0.0348,-0.0415,-0.0816,-0.1148,-0.0668,-0.0544,-0.1957,-0.0893,-0.0075,-0.2319,-0.1083,-0.1167,-0.2371,-0.0371,-0.1231,-0.3494,-0.0616,-0.1215,-0.4151,-0.0751,-0.1212,-0.4775,-0.085,-0.0699,-0.2495,-0.0307,-0.0589,-0.3025,-0.0752,-0.0527,-0.2271,-0.0871,-0.057,-0.1954,-0.0843,-0.0241,-0.2507,-0.0276,-0.0124,-0.2982,-0.0692,-0.0156,-0.2307,-0.0655,-0.0259,-0.1935,-0.0499,0.016,-0.2451,-0.0277,0.0218,-0.3321,-0.0519,0.024,-0.3852,-0.0514,0.0228,-0.4398,-0.0436
6,Zoom (Rock Sign),0.0,0.0,0.0,-0.0523,-0.0293,-0.043,-0.0825,-0.1063,-0.069,-0.059,-0.1878,-0.0921,-0.0173,-0.2308,-0.1118,-0.1179,-0.2363,-0.0384,-0.1261,-0.3478,-0.0642,-0.1253,-0.4148,-0.078,-0.1248,-0.4774,-0.0876,-0.0709,-0.2493,-0.0315,-0.062,-0.3066,-0.0779,-0.0542,-0.2292,-0.0899,-0.0576,-0.1956,-0.0862,-0.0252,-0.2515,-0.0282,-0.0153,-0.2987,-0.072,-0.018,-0.2271,-0.0686,-0.0289,-0.1887,-0.0523,0.0147,-0.2466,-0.0282,0.0196,-0.3345,-0.0544,0.0214,-0.3872,-0.0548,0.0186,-0.4431,-0.0472
6,Zoom (Rock Sign),0.0,0.0,0.0,-0.0542,-0.0313,-0.0424,-0.0857,-0.1132,-0.0673,-0.057,-0.1963,-0.0897,-0.0087,-0.2309,-0.1087,-0.1179,-0.2413,-0.0346,-0.1257,-0.3517,-0.0584,-0.1247,-0.4158,-0.0704,-0.1232,-0.4768,-0.0787,-0.0704,-0.253,-0.0275,-0.0594,-0.305,-0.0718,-0.0555,-0.2261,-0.0829,-0.0621,-0.1967,-0.0787,-0.0247,-0.2545,-0.0242,-0.0135,-0.298,-0.0663,-0.0202,-0.2259,-0.0634,-0.0335,-0.1887,-0.0476,0.0146,-0.2495,-0.0241,0.0206,-0.3364,-0.0482,0.0219,-0.389,-0.048,0.02,-0.4434,-0.0401
6,Zoom (Rock Sign),0.0,0.0,0.0,-0.0501,-0.0322,-0.0416,-0.0797,-0.108,-0.0674,-0.0559,-0.1883,-0.0907,-0.0119,-0.2292,-0.1106,-0.1173,-0.2382,-0.0359,-0.125,-0.3482,-0.0602,-0.1232,-0.4123,-0.0718,-0.1213,-0.4713,-0.0794,-0.0702,-0.2494,-0.0295,-0.0595,-0.3021,-0.0733,-0.0548,-0.2261,-0.0836,-0.061,-0.1957,-0.0789,-0.024,-0.2506,-0.0268,-0.0129,-0.2926,-0.0699,-0.0168,-0.2224,-0.0669,-0.0286,-0.1857,-0.0505,0.016,-0.2453,-0.027,0.0214,-0.3327,-0.052,0.023,-0.386,-0.0514,0.0203,-0.441,-0.0429
6,Zoom (Rock Sign),0.0,0.0,0.0,-0.0518,-0.0329,-0.0423,-0.0814,-0.109,-0.0679,-0.0569,-0.19,-0.0912,-0.0116,-0.2278,-0.1113,-0.1176,-0.2303,-0.036,-0.1261,-0.3403,-0.0615,-0.1246,-0.4053,-0.0751,-0.1228,-0.4662,-0.0844,-0.0701,-0.2451,-0.0297,-0.0622,-0.3037,-0.074,-0.0573,-0.2317,-0.0855,-0.0626,-0.1992,-0.0821,-0.0237,-0.2487,-0.0273,-0.015,-0.294,-0.0693,-0.0182,-0.229,-0.0669,-0.0275,-0.1918,-0.0518,0.0169,-0.2445,-0.0281,0.0222,-0.3338,-0.052,0.0228,-0.3883,-0.0519,0.0203,-0.4406,-0.0446
6,Zoom (Rock Sign),0.0,0.0,0.0,-0.0533,-0.032,-0.0454,-0.0834,-0.1076,-0.0729,-0.055,-0.1887,-0.0977,-0.0067,-0.2289,-0.1186,-0.1163,-0.2324,-0.0394,-0.1274,-0.3417,-0.0664,-0.1272,-0.4076,-0.0783,-0.1252,-0.4674,-0.0856,-0.0694,-0.2455,-0.0316,-0.0627,-0.3009,-0.0756,-0.06,-0.2239,-0.0825,-0.0681,-0.1991,-0.0754,-0.0235,-0.2485,-0.0285,-0.0138,-0.2927,-0.072,-0.0189,-0.2233,-0.0659,-0.0311,-0.189,-0.0476,0.0166,-0.2449,-0.0291,0.0205,-0.332,-0.0551,0.0212,-0.3843,-0.0542,0.0186,-0.4381,-0.0453
6,Zoom (Rock Sign),0.0,0.0,0.0,-0.0527,-0.0319,-0.0454,-0.0824,-0.1068,-0.0732,-0.0548,-0.1876,-0.0982,-0.0073,-0.2286,-0.1195,-0.1161,-0.2319,-0.0394,-0.127,-0.341,-0.0669,-0.1268,-0.4072,-0.0793,-0.1248,-0.4671,-0.0869,-0.0691,-0.2447,-0.0318,-0.0623,-0.3007,-0.0762,-0.0597,-0.2238,-0.0835,-0.068,-0.199,-0.0766,-0.023,-0.2478,-0.0288,-0.0132,-0.2926,-0.0725,-0.0182,-0.2237,-0.0665,-0.0305,-0.1897,-0.0483,0.0172,-0.2441,-0.0295,0.0209,-0.3316,-0.0556,0.0215,-0.3841,-0.0546,0.0189,-0.438,-0.0457
6,Zoom (Rock Sign),0.0,0.0,0.0,-0.051,-0.0296,-0.0484,-0.0798,-0.1028,-0.0774,-0.0565,-0.1834,-0.1026,-0.0121,-0.2287,-0.124,-0.1177,-0.2336,-0.0415,-0.128,-0.344,-0.0674,-0.1279,-0.4099,-0.0797,-0.1264,-0.4699,-0.0876,-0.0709,-0.2452,-0.0321,-0.0587,-0.2977,-0.0801,-0.0527,-0.2196,-0.0924,-0.0583,-0.1864,-0.0877,-0.0254,-0.247,-0.0268,-0.0119,-0.2899,-0.0735,-0.0164,-0.2206,-0.0724,-0.0296,-0.1843,-0.0562,0.0139,-0.2425,-0.0249,0.0188,-0.3286,-0.0525,0.0205,-0.3826,-0.0537,0.0179,-0.4387,-0.0457
6,Zoom (Rock Sign),0.0,0.0,0.0,-0.0506,-0.0274,-0.0465,-0.0792,-0.1034,-0.074,-0.0536,-0.184,-0.0981,-0.0113,-0.2258,-0.1182,-0.1196,-0.2218,-0.0405,-0.1354,-0.3312,-0.066,-0.1372,-0.3956,-0.0773,-0.1366,-0.4529,-0.0841,-0.0754,-0.2362,-0.0312,-0.0643,-0.2873,-0.0757,-0.0595,-0.2115,-0.0849,-0.0672,-0.1859,-0.0788,-0.0322,-0.2408,-0.0261,-0.0192,-0.2843,-0.0691,-0.0249,-0.2143,-0.0653,-0.039,-0.1798,-0.0483,0.0051,-0.2397,-0.0244,0.0062,-0.3243,-0.0499,0.0046,-0.3765,-0.0495,0.0007,-0.4309,-0.0407
6,Zoom (Rock Sign),0.0,0.0,0.0,-0.0471,-0.0297,-0.0446,-0.0737,-0.1036,-0.0702,-0.0509,-0.1829,-0.0921,-0.0117,-0.2294,-0.1106,-0.1159,-0.2134,-0.0388,-0.1282,-0.3174,-0.064,-0.1296,-0.3836,-0.0773,-0.13,-0.4407,-0.0857,-0.0715,-0.2282,-0.0307,-0.0662,-0.2913,-0.0789,-0.0594,-0.2225,-0.0935,-0.0625,-0.1838,-0.0897,-0.028,-0.2341,-0.0262,-0.021,-0.2831,-0.0699,-0.0246,-0.2263,-0.0711,-0.0347,-0.1907,-0.057,0.0097,-0.2322,-0.0248,0.0095,-0.3183,-0.0498,0.0062,-0.3702,-0.0513,-0.0012,-0.4205,-0.0443
6,Zoom (Rock Sign),0.0,0.0,0.0,-0.0418,-0.0271,-0.0476,-0.0648,-0.0962,-0.0742,-0.0419,-0.1715,-0.096,-0.0053,-0.2204,-0.1139,-0.1121,-0.2047,-0.0416,-0.1229,-0.3052,-0.0668,-0.1213,-0.3688,-0.0803,-0.1179,-0.4241,-0.0884,-0.069,-0.2217,-0.0305,-0.0569,-0.2783,-0.0763,-0.0508,-0.2122,-0.0906,-0.0554,-0.177,-0.0873,-0.0276,-0.2293,-0.0231,-0.0155,-0.2718,-0.0649,-0.0191,-0.213,-0.0659,-0.0294,-0.1777,-0.0521,0.0078,-0.2291,-0.0188,0.0104,-0.3095,-0.0417,0.0081,-0.3568,-0.042,0.0021,-0.4029,-0.034
6,Zoom (Rock Sign),0.0,0.0,0.0,-0.0425,-0.0264,-0.0498,-0.0652,-0.0998,-0.0764,-0.0422,-0.1776,-0.0977,-0.004,-0.2245,-0.1145,-0.1144,-0.2097,-0.0419,-0.125,-0.3101,-0.0678,-0.1233,-0.3728,-0.081,-0.1196,-0.429,-0.0883,-0.0714,-0.2273,-0.029,-0.0578,-0.2779,-0.0745,-0.0511,-0.2071,-0.0869,-0.0563,-0.1769,-0.082,-0.0299,-0.2339,-0.0204,-0.0153,-0.2677,-0.0634,-0.0188,-0.2024,-0.063,-0.03,-0.1689,-0.0474,0.0056,-0.2341,-0.015,0.0092,-0.3137,-0.0385,0.0077,-0.3602,-0.0378,0.0026,-0.4069,-0.0284
6,Zoom (Rock Sign),0.0,0.0,0.0,-0.0409,-0.0283,-0.0507,-0.0644,-0.0992,-0.0788,-0.0405,-0.1764,-0.102,-0.0026,-0.2241,-0.121,-0.1128,-0.2105,-0.0423,-0.1234,-0.3117,-0.0678,-0.1221,-0.3752,-0.0793,-0.1177,-0.4296,-0.0854,-0.0698,-0.2254,-0.0294,-0.057,-0.2828,-0.0739,-0.0507,-0.2123,-0.0837,-0.0559,-0.1828,-0.0768,-0.0284,-0.2325,-0.0211,-0.0147,-0.2761,-0.0635,-0.0176,-0.215,-0.0617,-0.0283,-0.1824,-0.0453,0.0071,-0.2324,-0.0163,0.0093,-0.3142,-0.04,0.0075,-0.3601,-0.0396,0.002,-0.4056,-0.0304
6,Zoom (Rock Sign),0.0,0.0,0.0,-0.041,-0.0284,-0.0504,-0.0644,-0.1,-0.0782,-0.0405,-0.1776,-0.1012,-0.0025,-0.2251,-0.12,-0.113,-0.2115,-0.0418,-0.1234,-0.3122,-0.0674,-0.122,-0.3759,-0.0793,-0.1176,-0.4305,-0.0858,-0.07,-0.2264,-0.0291,-0.0568,-0.2835,-0.0736,-0.0507,-0.2131,-0.0839,-0.0561,-0.1831,-0.0774,-0.0286,-0.2334,-0.0207,-0.0148,-0.2768,-0.0628,-0.0177,-0.2158,-0.0612,-0.0284,-0.183,-0.0449,0.007,-0.233,-0.0159,0.0091,-0.3147,-0.0394,0.0073,-0.3607,-0.0389,0.0018,-0.4062,-0.0296
6,Zoom (Rock Sign),0.0,0.0,0.0,-0.0426,-0.0297,-0.0463,-0.0657,-0.1027,-0.0709,-0.041,-0.1783,-0.091,-0.003,-0.2244,-0.1072,-0.1131,-0.2119,-0.0369,-0.1231,-0.3122,-0.0605,-0.1215,-0.3743,-0.073,-0.1178,-0.4286,-0.0803,-0.0701,-0.2272,-0.0258,-0.0551,-0.2817,-0.0711,-0.0486,-0.2143,-0.0861,-0.0525,-0.1784,-0.0826,-0.0287,-0.233,-0.0184,-0.0146,-0.2725,-0.0606,-0.0174,-0.2136,-0.0632,-0.0273,-0.1805,-0.0495,0.0067,-0.2318,-0.0139,0.0097,-0.313,-0.0365,0.0079,-0.359,-0.0369,0.0022,-0.4047,-0.0284
6,Zoom (Rock Sign),0.0,0.0,0.0,-0.0417,-0.027,-0.0486,-0.0647,-0.0953,-0.0755,-0.0411,-0.1689,-0.0977,-0.0048,-0.2177,-0.1158,-0.1121,-0.2068,-0.0427,-0.1224,-0.3102,-0.0686,-0.1203,-0.3722,-0.0816,-0.1162,-0.4268,-0.0886,-0.0693,-0.2217,-0.0306,-0.0535,-0.274,-0.0758,-0.047,-0.2056,-0.0889,-0.0519,-0.1737,-0.0847,-0.0284,-0.2283,-0.0224,-0.012,-0.2649,-0.0653,-0.0141,-0.202,-0.0656,-0.024,-0.1684,-0.0505,0.0068,-0.2286,-0.0173,0.0097,-0.3082,-0.0405,0.0076,-0.3537,-0.0397,0.0022,-0.3992,-0.0302
6,Zoom (Rock Sign),0.0,0.0,0.0,-0.0417,-0.0261,-0.0479,-0.0635,-0.0959,-0.0734,-0.0408,-0.1702,-0.0938,-0.0047,-0.2187,-0.1097,-0.1121,-0.2056,-0.041,-0.1213,-0.3055,-0.067,-0.1187,-0.367,-0.0812,-0.1139,-0.4227,-0.089,-0.0689,-0.22,-0.0288,-0.0542,-0.2722,-0.0753,-0.0482,-0.2041,-0.0905,-0.052,-0.1722,-0.0871,-0.0275,-0.2258,-0.0202,-0.0135,-0.2612,-0.0631,-0.0167,-0.1968,-0.0642,-0.0256,-0.1625,-0.0493,0.0077,-0.2261,-0.0146,0.0107,-0.3062,-0.0366,0.0078,-0.3527,-0.0353,0.0022,-0.3992,-0.0256
6,Zoom (Rock Sign),0.0,0.0,0.0,-0.0401,-0.0281,-0.0516,-0.0586,-0.1006,-0.0781,-0.0339,-0.1743,-0.0985,0.0061,-0.2204,-0.1145,-0.109,-0.2103,-0.0438,-0.1193,-0.3094,-0.0711,-0.1145,-0.3713,-0.0865,-0.1069,-0.4262,-0.0944,-0.0649,-0.2228,-0.0295,-0.0461,-0.2756,-0.0801,-0.0434,-0.2052,-0.0986,-0.0507,-0.1674,-0.0956,-0.0234,-0.2279,-0.0188,-0.0073,-0.261,-0.0649,-0.0131,-0.1937,-0.0689,-0.0243,-0.1563,-0.0541,0.0109,-0.2279,-0.0111,0.0157,-0.3087,-0.0331,0.0134,-0.3563,-0.0321,0.0083,-0.4031,-0.0217
6,Zoom (Rock Sign),0.0,0.0,0.0,-0.0365,-0.0291,-0.0484,-0.0532,-0.1,-0.0722,-0.0307,-0.1731,-0.0899,0.0062,-0.2162,-0.1038,-0.1081,-0.2062,-0.0401,-0.1151,-0.306,-0.0592,-0.1098,-0.3659,-0.0697,-0.1035,-0.4176,-0.0759,-0.0679,-0.2212,-0.0259,-0.0496,-0.2695,-0.0645,-0.0438,-0.2086,-0.0792,-0.0495,-0.1717,-0.0778,-0.0281,-0.2258,-0.0147,-0.0131,-0.2589,-0.0514,-0.015,-0.2002,-0.0548,-0.0252,-0.1633,-0.0435,0.0063,-0.2244,-0.0064,0.0092,-0.3019,-0.0248,0.0097,-0.3473,-0.0243,0.0055,-0.3905,-0.0164
6,Zoom (Rock Sign),0.0,0.0,0.0,-0.0379,-0.0287,-0.0469,-0.0536,-0.101,-0.0699,-0.03,-0.1737,-0.0872,0.0062,-0.2168,-0.1007,-0.1065,-0.2027,-0.0397,-0.1131,-0.3038,-0.0601,-0.1088,-0.365,-0.0715,-0.1046,-0.4188,-0.078,-0.0651,-0.2164,-0.0264,-0.048,-0.2665,-0.0691,-0.0429,-0.2021,-0.0857,-0.0484,-0.1624,-0.0841,-0.0252,-0.2216,-0.0157,-0.0117,-0.2572,-0.0551,-0.0153,-0.1971,-0.059,-0.0263,-0.1603,-0.0469,0.0083,-0.2214,-0.0077,0.011,-0.2999,-0.0273,0.01,-0.3462,-0.0267,0.0047,-0.3911,-0.0181
6,Zoom (Rock Sign),0.0,0.0,0.0,-0.038,-0.0269,-0.045,-0.0543,-0.098,-0.0682,-0.0312,-0.1702,-0.0863,0.0058,-0.2135,-0.1009,-0.104,-0.2028,-0.0375,-0.1118,-0.3026,-0.058,-0.1089,-0.364,-0.0696,-0.1051,-0.4159,-0.0762,-0.0628,-0.2162,-0.0261,-0.044,-0.2651,-0.0708,-0.0415,-0.2008,-0.0885,-0.0498,-0.1604,-0.087,-0.0233,-0.2211,-0.0172,-0.009,-0.26,-0.0575,-0.0144,-0.2035,-0.062,-0.0269,-0.1685,-0.0503,0.0095,-0.2206,-0.0107,0.0122,-0.2974,-0.0306,0.0106,-0.3439,-0.03,0.0054,-0.3897,-0.0213
6,Zoom (Rock Sign),0.0,0.0,0.0,-0.0386,-0.0249,-0.0413,-0.0574,-0.0916,-0.0635,-0.037,-0.1611,-0.0818,-0.0063,-0.2093,-0.0967,-0.1041,-0.2014,-0.0352,-0.112,-0.301,-0.0569,-0.1086,-0.3603,-0.069,-0.1047,-0.4105,-0.0756,-0.0635,-0.2125,-0.0265,-0.0493,-0.2677,-0.0717,-0.0434,-0.2061,-0.0899,-0.0472,-0.1635,-0.0888,-0.0246,-0.2178,-0.0202,-0.0121,-0.2622,-0.0612,-0.0142,-0.2097,-0.0662,-0.0239,-0.1757,-0.0549,0.0089,-0.2166,-0.0161,0.0093,-0.2929,-0.0365,0.0077,-0.3371,-0.0358,0.002,-0.3822,-0.0272
6,Zoom (Rock Sign),0.0,0.0,0.0,-0.0379,-0.0272,-0.0411,-0.0545,-0.0982,-0.0622,-0.0313,-0.1694,-0.0789,0.003,-0.2151,-0.0923,-0.1026,-0.2012,-0.0334,-0.1102,-0.3007,-0.0535,-0.1068,-0.3607,-0.0651,-0.1031,-0.4121,-0.0715,-0.0615,-0.2121,-0.0236,-0.047,-0.2676,-0.0686,-0.0421,-0.205,-0.0877,-0.0465,-0.1602,-0.0866,-0.0221,-0.2171,-0.0161,-0.0113,-0.2593,-0.0554,-0.0134,-0.2056,-0.0606,-0.022,-0.1704,-0.0492,0.0113,-0.2164,-0.0106,0.0125,-0.2929,-0.0287,0.0108,-0.3384,-0.0275,0.0052,-0.3838,-0.0185
6,Zoom (Rock Sign),0.0,0.0,0.0,-0.0392,-0.0229,-0.0408,-0.0594,-0.0878,-0.0637,-0.0399,-0.1569,-0.0826,-0.0111,-0.207,-0.0983,-0.1039,-0.2009,-0.0362,-0.1128,-0.2994,-0.0589,-0.1095,-0.359,-0.0719,-0.1056,-0.4095,-0.079,-0.0638,-0.2123,-0.028,-0.0515,-0.267,-0.0733,-0.042,-0.2072,-0.0911,-0.0418,-0.1651,-0.0901,-0.0251,-0.217,-0.0224,-0.0156,-0.2612,-0.0631,-0.0158,-0.21,-0.0676,-0.0233,-0.1763,-0.0566,0.0081,-0.2154,-0.0188,0.009,-0.2912,-0.0394,0.0074,-0.3348,-0.039,0.001,-0.3798,-0.0311
6,Zoom (Rock Sign),0.0,0.0,0.0,-0.0387,-0.0265,-0.0422,-0.0573,-0.0947,-0.0643,-0.0362,-0.1667,-0.0818,-0.0054,-0.2177,-0.096,-0.1041,-0.2009,-0.0357,-0.1124,-0.2992,-0.0573,-0.1083,-0.3596,-0.07,-0.1038,-0.4102,-0.077,-0.0623,-0.2131,-0.0259,-0.0504,-0.2696,-0.0705,-0.0431,-0.2092,-0.0887,-0.0448,-0.1651,-0.0876,-0.0224,-0.2181,-0.0187,-0.0142,-0.2624,-0.0579,-0.0146,-0.2131,-0.0626,-0.0209,-0.179,-0.0516,0.0113,-0.2166,-0.0137,0.0117,-0.2949,-0.0328,0.0095,-0.3412,-0.0322,0.0033,-0.3862,-0.024
6,Zoom (Rock Sign),0.0,0.0,0.0,-0.0369,-0.0248,-0.0405,-0.0568,-0.0881,-0.064,-0.0386,-0.1561,-0.0836,-0.011,-0.2052,-0.0998,-0.1023,-0.2023,-0.0359,-0.1112,-0.3007,-0.0577,-0.1081,-0.3592,-0.0699,-0.1035,-0.4087,-0.0768,-0.063,-0.2129,-0.0275,-0.0469,-0.2647,-0.0707,-0.0393,-0.2034,-0.0872,-0.0424,-0.163,-0.0862,-0.0248,-0.2172,-0.0215,-0.013,-0.2617,-0.0602,-0.0143,-0.2102,-0.0636,-0.0236,-0.1767,-0.0528,0.0082,-0.2148,-0.0178,0.0097,-0.2898,-0.0377,0.0085,-0.3334,-0.0373,0.0027,-0.3786,-0.0296
6,Zoom (Rock Sign),0.0,0.0,0.0,-0.0386,-0.0284,-0.039,-0.0571,-0.0941,-0.0594,-0.0363,-0.1631,-0.076,-0.0045,-0.2092,-0.089,-0.103,-0.1962,-0.0308,-0.1122,-0.2906,-0.051,-0.1088,-0.35,-0.0621,-0.1038,-0.4,-0.0682,-0.0643,-0.2095,-0.0218,-0.0541,-0.2659,-0.061,-0.0482,-0.2064,-0.0748,-0.0513,-0.1669,-0.0719,-0.0261,-0.2157,-0.0155,-0.016,-0.255,-0.0516,-0.0172,-0.1991,-0.0535,-0.0256,-0.1639,-0.0412,0.0071,-0.2152,-0.0115,0.0082,-0.2893,-0.0297,0.0068,-0.3304,-0.0285,0.0009,-0.3715,-0.0201
6,Zoom (Rock Sign),0.0,0.0,0.0,-0.0376,-0.0263,-0.0434,-0.0579,-0.0908,-0.0652,-0.0393,-0.1628,-0.0822,-0.01,-0.2118,-0.0953,-0.1061,-0.1943,-0.0355,-0.1159,-0.2873,-0.0553,-0.1141,-0.3468,-0.066,-0.11,-0.3967,-0.0725,-0.0675,-0.2099,-0.0242,-0.0549,-0.2586,-0.0597,-0.0483,-0.2015,-0.0698,-0.0516,-0.1676,-0.0664,-0.0292,-0.2151,-0.0164,-0.0186,-0.2529,-0.0499,-0.0184,-0.2012,-0.0497,-0.0256,-0.1691,-0.0379,0.0051,-0.2122,-0.0117,0.0052,-0.2853,-0.0308,0.0033,-0.3278,-0.0314,-0.0024,-0.3689,-0.0249
6,Zoom (Rock Sign),0.0,0.0,0.0,-0.037,-0.0291,-0.0452,-0.0567,-0.0959,-0.0681,-0.0373,-0.1692,-0.0861,-0.0073,-0.2175,-0.1005,-0.1051,-0.1998,-0.0341,-0.1143,-0.2959,-0.053,-0.1131,-0.3577,-0.0627,-0.11,-0.4058,-0.0681,-0.066,-0.2126,-0.0216,-0.0556,-0.2668,-0.0586,-0.0473,-0.2071,-0.0694,-0.0493,-0.1697,-0.0648,-0.0273,-0.217,-0.0128,-0.0179,-0.2568,-0.0474,-0.0164,-0.2044,-0.0482,-0.0233,-0.1711,-0.0355,0.0068,-0.2147,-0.0069,0.0059,-0.2896,-0.026,0.0041,-0.3315,-0.0262,-0.0015,-0.3722,-0.0186
6,Zoom (Rock Sign),0.0,0.0,0.0,-0.0387,-0.0292,-0.0402,-0.0574,-0.0977,-0.0603,-0.0351,-0.1689,-0.0762,-0.0036,-0.2142,-0.0889,-0.1046,-0.1958,-0.0334,-0.1136,-0.2922,-0.053,-0.1126,-0.3516,-0.0643,-0.1109,-0.4022,-0.0713,-0.0649,-0.2091,-0.0241,-0.0544,-0.2662,-0.0635,-0.0484,-0.2068,-0.0773,-0.0518,-0.1676,-0.0751,-0.0267,-0.2142,-0.0177,-0.017,-0.2556,-0.0528,-0.0182,-0.2043,-0.0552,-0.0259,-0.1702,-0.0444,0.0066,-0.2121,-0.0139,0.0066,-0.2881,-0.0329,0.0037,-0.3334,-0.034,-0.0032,-0.3772,-0.0279
6,Zoom (Rock Sign),0.0,0.0,0.0,-0.0403,-0.0287,-0.0405,-0.0595,-0.0945,-0.0609,-0.037,-0.1642,-0.0772,-0.0036,-0.2091,-0.0905,-0.104,-0.1927,-0.0323,-0.1135,-0.2879,-0.0529,-0.1116,-0.3476,-0.0645,-0.1093,-0.3981,-0.0711,-0.0641,-0.2047,-0.0229,-0.0584,-0.2611,-0.0649,-0.0494,-0.2009,-0.0802,-0.0481,-0.1591,-0.0775,-0.0259,-0.2093,-0.0164,-0.0203,-0.2473,-0.0548,-0.0194,-0.1942,-0.0586,-0.0241,-0.1597,-0.0466,0.0068,-0.2085,-0.0123,0.0068,-0.2859,-0.0324,0.0052,-0.3301,-0.0332,-0.0004,-0.3732,-0.0257
6,Zoom (Rock Sign),0.0,0.0,0.0,-0.04,-0.0265,-0.0447,-0.0599,-0.0967,-0.0668,-0.0377,-0.1727,-0.0838,-0.0042,-0.2204,-0.0969,-0.1099,-0.1988,-0.0343,-0.1177,-0.2953,-0.0535,-0.1173,-0.3554,-0.0642,-0.1151,-0.4055,-0.0709,-0.0698,-0.2136,-0.0226,-0.0568,-0.2699,-0.0612,-0.0515,-0.2076,-0.0735,-0.0568,-0.1711,-0.07,-0.0308,-0.2188,-0.0143,-0.0193,-0.2616,-0.049,-0.021,-0.2093,-0.0496,-0.0303,-0.1769,-0.0374,0.0032,-0.2164,-0.0091,0.0021,-0.2912,-0.0285,-0.0006,-0.3362,-0.0288,-0.0069,-0.3809,-0.0217
6,Zoom (Rock Sign),0.0,0.0,0.0,-0.0404,-0.0261,-0.0436,-0.0605,-0.0942,-0.0659,-0.0388,-0.1677,-0.084,-0.0044,-0.215,-0.0989,-0.1059,-0.1963,-0.0339,-0.1167,-0.2948,-0.0551,-0.1158,-0.3558,-0.0667,-0.1136,-0.4058,-0.0733,-0.066,-0.2091,-0.0234,-0.058,-0.2679,-0.067,-0.0487,-0.2064,-0.0825,-0.0484,-0.1643,-0.0793,-0.0276,-0.2146,-0.016,-0.0211,-0.2579,-0.0553,-0.0189,-0.2041,-0.0588,-0.023,-0.1686,-0.0462,0.0056,-0.2139,-0.0113,0.0039,-0.2909,-0.0316,0.0011,-0.335,-0.0323,-0.0049,-0.378,-0.0246
6,Zoom (Rock Sign),0.0,0.0,0.0,-0.041,-0.0287,-0.0432,-0.0622,-0.0942,-0.0661,-0.0411,-0.1673,-0.0845,-0.0077,-0.2163,-0.0995,-0.1076,-0.1976,-0.0353,-0.1168,-0.2952,-0.0554,-0.1164,-0.3575,-0.0666,-0.1148,-0.4087,-0.0732,-0.0671,-0.2122,-0.0244,-0.0585,-0.2673,-0.0646,-0.0489,-0.2067,-0.0779,-0.0485,-0.1664,-0.0745,-0.028,-0.2178,-0.0165,-0.0216,-0.2594,-0.0524,-0.0202,-0.2065,-0.0535,-0.0242,-0.1704,-0.0409,0.0061,-0.2166,-0.0115,0.0043,-0.294,-0.0307,0.0015,-0.3395,-0.0308,-0.0046,-0.3826,-0.0233
6,Zoom (Rock Sign),0.0,0.0,0.0,-0.041,-0.0263,-0.0442,-0.0614,-0.0926,-0.0676,-0.0397,-0.1661,-0.0866,-0.0072,-0.2156,-0.1022,-0.1046,-0.1992,-0.0351,-0.1161,-0.2969,-0.0564,-0.1158,-0.3585,-0.068,-0.1133,-0.4079,-0.0744,-0.0644,-0.212,-0.0244,-0.056,-0.2714,-0.0678,-0.0475,-0.2099,-0.0832,-0.0472,-0.1665,-0.0799,-0.0258,-0.2175,-0.0167,-0.0201,-0.2636,-0.0549,-0.0193,-0.2129,-0.0582,-0.024,-0.1783,-0.0461,0.0073,-0.216,-0.0119,0.0057,-0.2931,-0.031,0.0027,-0.3362,-0.0314,-0.0041,-0.3781,-0.0238
6,Zoom (Rock Sign),0.0,0.0,0.0,-0.0386,-0.0262,-0.0458,-0.0577,-0.0926,-0.0693,-0.0369,-0.1649,-0.0881,-0.004,-0.2125,-0.1035,-0.1033,-0.1967,-0.0351,-0.1142,-0.293,-0.0561,-0.1129,-0.3547,-0.0671,-0.1097,-0.4047,-0.0729,-0.0637,-0.2092,-0.0232,-0.0554,-0.2678,-0.0668,-0.0463,-0.2058,-0.0818,-0.0466,-0.1637,-0.0778,-0.0259,-0.215,-0.0146,-0.0186,-0.2572,-0.0541,-0.0172,-0.2019,-0.0576,-0.0232,-0.1656,-0.0447,0.0061,-0.2145,-0.0089,0.0059,-0.2905,-0.0289,0.0045,-0.334,-0.0297,-0.0017,-0.3771,-0.0221
6,Zoom (Rock Sign),0.0,0.0,0.0,-0.0391,-0.027,-0.0436,-0.0578,-0.0941,-0.0655,-0.0361,-0.1667,-0.0826,-0.0026,-0.2143,-0.0963,-0.104,-0.1961,-0.0338,-0.1134,-0.2927,-0.0541,-0.112,-0.354,-0.0652,-0.1093,-0.4048,-0.0714,-0.0639,-0.2088,-0.0226,-0.0554,-0.2666,-0.0656,-0.0474,-0.2064,-0.0813,-0.048,-0.165,-0.0782,-0.0256,-0.214,-0.0144,-0.0189,-0.2529,-0.0529,-0.0186,-0.1983,-0.0567,-0.0242,-0.1622,-0.0443,0.0068,-0.2136,-0.0088,0.0072,-0.2904,-0.0286,0.0053,-0.3361,-0.0295,-0.0008,-0.3803,-0.0221
6,Zoom (Rock Sign),0.0,0.0,0.0,-0.0388,-0.0226,-0.0474,-0.0597,-0.0854,-0.0726,-0.0407,-0.1567,-0.0925,-0.0093,-0.2075,-0.1089,-0.1071,-0.1953,-0.0401,-0.1168,-0.2951,-0.0619,-0.115,-0.3564,-0.0735,-0.1121,-0.4063,-0.0802,-0.0674,-0.2087,-0.0282,-0.0566,-0.2644,-0.0717,-0.0432,-0.2055,-0.0867,-0.0407,-0.1628,-0.084,-0.0291,-0.2142,-0.0198,-0.0204,-0.2605,-0.0594,-0.0154,-0.2118,-0.0635,-0.0191,-0.1784,-0.0523,0.0041,-0.213,-0.0143,0.0032,-0.2885,-0.0354,0.0023,-0.3315,-0.0372,-0.0036,-0.3742,-0.0309
6,Zoom (Rock Sign),0.0,0.0,0.0,-0.0397,-0.0259,-0.046,-0.0613,-0.0895,-0.0699,-0.0425,-0.1619,-0.0887,-0.0104,-0.2155,-0.1041,-0.1077,-0.194,-0.0384,-0.1168,-0.2935,-0.0595,-0.1155,-0.3556,-0.0711,-0.1139,-0.4075,-0.0779,-0.0678,-0.2093,-0.0265,-0.0588,-0.2642,-0.0686,-0.0466,-0.2058,-0.0835,-0.0446,-0.1643,-0.081,-0.029,-0.2156,-0.0178,-0.021,-0.2562,-0.056,-0.0173,-0.2034,-0.0591,-0.0209,-0.1675,-0.0473,0.0051,-0.2154,-0.0121,0.0039,-0.2912,-0.0324,0.0017,-0.3361,-0.0336,-0.0045,-0.3786,-0.0269
6,Zoom (Rock Sign),0.0,0.0,0.0,-0.0407,-0.026,-0.043,-0.0624,-0.0923,-0.0656,-0.0426,-0.1649,-0.0842,-0.0125,-0.2146,-0.0995,-0.1079,-0.1996,-0.0333,-0.1159,-0.299,-0.0533,-0.1146,-0.3596,-0.0641,-0.1131,-0.4095,-0.0705,-0.0678,-0.2121,-0.0236,-0.0568,-0.27,-0.0653,-0.0463,-0.2081,-0.0799,-0.0459,-0.166,-0.077,-0.0289,-0.2167,-0.0171,-0.02,-0.263,-0.0547,-0.0185,-0.2109,-0.0577,-0.0249,-0.1765,-0.0458,0.0051,-0.2148,-0.0134,0.0039,-0.2913,-0.0338,0.0023,-0.3343,-0.0348,-0.003,-0.3765,-0.0277
6,Zoom (Rock Sign),0.0,0.0,0.0,-0.0407,-0.0275,-0.0385,-0.0626,-0.0955,-0.0588,-0.0436,-0.1657,-0.0759,-0.0154,-0.2155,-0.0897,-0.1063,-0.201,-0.0279,-0.1142,-0.2976,-0.0473,-0.1128,-0.3566,-0.0577,-0.1112,-0.4061,-0.0637,-0.0671,-0.2121,-0.0199,-0.0582,-0.2678,-0.0606,-0.0462,-0.2074,-0.0751,-0.0444,-0.1673,-0.0723,-0.0284,-0.2166,-0.0149,-0.0215,-0.2634,-0.0525,-0.0184,-0.2103,-0.0552,-0.0241,-0.1761,-0.0433,0.0055,-0.2153,-0.0121,0.0047,-0.2906,-0.0319,0.004,-0.3316,-0.0321,-0.0015,-0.3739,-0.0247
6,Zoom (Rock Sign),0.0,0.0,0.0,-0.0408,-0.0282,-0.0411,-0.0632,-0.0957,-0.0618,-0.0431,-0.1658,-0.0785,-0.0118,-0.2117,-0.0918,-0.1059,-0.2007,-0.0311,-0.1148,-0.2963,-0.0498,-0.1132,-0.3547,-0.0601,-0.1103,-0.4048,-0.0662,-0.0666,-0.2128,-0.0208,-0.0566,-0.2686,-0.0587,-0.0458,-0.2074,-0.0714,-0.0443,-0.169,-0.0682,-0.0286,-0.2175,-0.0136,-0.0191,-0.2611,-0.0489,-0.0168,-0.2047,-0.0507,-0.0226,-0.1693,-0.0387,0.0044,-0.2157,-0.0089,0.0046,-0.2915,-0.0276,0.0039,-0.3325,-0.0279,-0.0011,-0.3738,-0.0208
6,Zoom (Rock Sign),0.0,0.0,0.0,-0.0458,-0.0279,-0.0327,-0.0688,-0.0982,-0.0499,-0.0478,-0.1656,-0.065,-0.0142,-0.2081,-0.0775,-0.1079,-0.2026,-0.0214,-0.1151,-0.2948,-0.0386,-0.1118,-0.3505,-0.0495,-0.1075,-0.4004,-0.0559,-0.0692,-0.2142,-0.0153,-0.0617,-0.2639,-0.0533,-0.0538,-0.2048,-0.0702,-0.0521,-0.1629,-0.0696,-0.031,-0.2179,-0.0114,-0.024,-0.256,-0.0461,-0.0246,-0.1967,-0.0501,-0.0302,-0.1577,-0.0393,0.0021,-0.2152,-0.0093,0.0042,-0.2898,-0.0258,0.0046,-0.3314,-0.025,0.0016,-0.3729,-0.0171
6,Zoom (Rock Sign),0.0,0.0,0.0,-0.0426,-0.0297,-0.0319,-0.0631,-0.1007,-0.0482,-0.0453,-0.1701,-0.0628,-0.0185,-0.2172,-0.075,-0.1019,-0.1992,-0.021,-0.1109,-0.2931,-0.0388,-0.1094,-0.352,-0.049,-0.107,-0.4036,-0.0545,-0.0643,-0.2109,-0.0158,-0.0595,-0.2701,-0.0555,-0.0489,-0.2123,-0.0712,-0.0444,-0.1672,-0.0687,-0.0269,-0.2153,-0.0129,-0.0213,-0.2566,-0.049,-0.0189,-0.1986,-0.0514,-0.0225,-0.1586,-0.0389,0.0064,-0.2137,-0.0118,0.0063,-0.2897,-0.0292,0.0067,-0.3324,-0.0277,0.0031,-0.3737,-0.0192
6,Zoom (Rock Sign),0.0,0.0,0.0,-0.0417,-0.0308,-0.0341,-0.0604,-0.1038,-0.0511,-0.039,-0.1737,-0.0654,-0.0087,-0.2135,-0.0773,-0.1045,-0.2011,-0.0234,-0.1132,-0.2967,-0.0409,-0.1113,-0.3557,-0.0524,-0.1092,-0.4072,-0.0598,-0.0655,-0.2131,-0.0159,-0.0562,-0.2594,-0.0522,-0.0478,-0.2011,-0.0672,-0.0471,-0.1629,-0.067,-0.0276,-0.2172,-0.0109,-0.0194,-0.2579,-0.0445,-0.0211,-0.2039,-0.0473,-0.0277,-0.168,-0.0373,0.0045,-0.2151,-0.008,0.0067,-0.2898,-0.0261,0.0075,-0.3312,-0.0266,0.0061,-0.3718,-0.0202
6,Zoom (Rock Sign),0.0,0.0,0.0,-0.0409,-0.03,-0.0343,-0.0609,-0.0976,-0.0526,-0.0434,-0.1656,-0.069,-0.0155,-0.2091,-0.0826,-0.1043,-0.1925,-0.0235,-0.1146,-0.2883,-0.0424,-0.1132,-0.3454,-0.0534,-0.1109,-0.3943,-0.0601,-0.066,-0.2038,-0.0169,-0.0588,-0.255,-0.0552,-0.0512,-0.1972,-0.0699,-0.0511,-0.1598,-0.0689,-0.0287,-0.2092,-0.0132,-0.022,-0.2534,-0.0489,-0.0232,-0.2013,-0.0516,-0.0297,-0.1667,-0.0409,0.0035,-0.2087,-0.0116,0.0048,-0.2818,-0.0306,0.0051,-0.3224,-0.031,0.0028,-0.3622,-0.0241
6,Zoom (Rock Sign),0.0,0.0,0.0,-0.0415,-0.0323,-0.0337,-0.0606,-0.1034,-0.0505,-0.0427,-0.1724,-0.065,-0.0138,-0.2124,-0.0769,-0.1024,-0.1923,-0.0231,-0.1138,-0.2871,-0.0413,-0.1124,-0.346,-0.0522,-0.1107,-0.3961,-0.0586,-0.0648,-0.2041,-0.0166,-0.0586,-0.2586,-0.0569,-0.0475,-0.2008,-0.0733,-0.0449,-0.1581,-0.0717,-0.0276,-0.2098,-0.0123,-0.0209,-0.2503,-0.0482,-0.0186,-0.1975,-0.0518,-0.0241,-0.1612,-0.0404,0.0049,-0.2098,-0.01,0.0057,-0.2836,-0.0279,0.0064,-0.3255,-0.0276,0.0027,-0.3656,-0.0199
6,Zoom (Rock Sign),0.0,0.0,0.0,-0.0394,-0.0306,-0.0385,-0.0602,-0.1,-0.0581,-0.0462,-0.1701,-0.0745,-0.0205,-0.2151,-0.0879,-0.1059,-0.1959,-0.026,-0.116,-0.2898,-0.0455,-0.1151,-0.3492,-0.0571,-0.1135,-0.3989,-0.0642,-0.0665,-0.2073,-0.0174,-0.0581,-0.2577,-0.057,-0.0507,-0.1989,-0.0715,-0.0531,-0.162,-0.0698,-0.0281,-0.2111,-0.0121,-0.0219,-0.2543,-0.0489,-0.0215,-0.2031,-0.0509,-0.0279,-0.1695,-0.0393,0.0049,-0.209,-0.0092,0.0057,-0.2814,-0.0294,0.0058,-0.322,-0.03,0.0027,-0.3626,-0.0229
6,Zoom (Rock Sign),0.0,0.0,0.0,-0.0413,-0.0332,-0.0389,-0.0629,-0.1039,-0.0569,-0.0486,-0.1754,-0.0714,-0.0217,-0.2232,-0.0828,-0.107,-0.1964,-0.0243,-0.1163,-0.2903,-0.0425,-0.1164,-0.35,-0.0528,-0.1165,-0.4007,-0.0589,-0.0683,-0.2091,-0.0151,-0.0645,-0.2654,-0.0556,-0.0534,-0.2058,-0.0713,-0.0514,-0.1643,-0.069,-0.0302,-0.2143,-0.009,-0.0261,-0.2544,-0.0464,-0.0225,-0.2024,-0.0499,-0.0265,-0.1681,-0.0381,0.0026,-0.2132,-0.0052,0.002,-0.2882,-0.0244,0.0025,-0.3302,-0.0247,-0.0015,-0.3701,-0.0172
6,Zoom (Rock Sign),0.0,0.0,0.0,-0.0409,-0.0305,-0.0398,-0.0635,-0.0994,-0.0597,-0.0475,-0.17,-0.0766,-0.0206,-0.2168,-0.0898,-0.1068,-0.1937,-0.0265,-0.1179,-0.2891,-0.0459,-0.1166,-0.3474,-0.0556,-0.1144,-0.3957,-0.0611,-0.0673,-0.2051,-0.0168,-0.061,-0.2551,-0.0552,-0.0538,-0.1945,-0.0665,-0.0573,-0.1623,-0.0626,-0.0298,-0.2091,-0.0108,-0.0244,-0.2482,-0.048,-0.0241,-0.1948,-0.0486,-0.0318,-0.1639,-0.0357,0.0025,-0.2084,-0.0074,0.0022,-0.2797,-0.0286,0.0025,-0.3196,-0.0293,-0.0009,-0.3607,-0.022
6,Zoom (Rock Sign),0.0,0.0,0.0,-0.0416,-0.0317,-0.0391,-0.064,-0.1029,-0.0575,-0.0476,-0.1736,-0.072,-0.0197,-0.2201,-0.0832,-0.1069,-0.1962,-0.027,-0.1163,-0.2869,-0.0462,-0.1173,-0.3447,-0.0559,-0.117,-0.3943,-0.0615,-0.0681,-0.2071,-0.0173,-0.0639,-0.2609,-0.0544,-0.0557,-0.1995,-0.0646,-0.0568,-0.168,-0.0598,-0.0304,-0.2105,-0.0111,-0.0246,-0.2469,-0.0472,-0.0234,-0.1921,-0.0471,-0.0295,-0.1625,-0.0338,0.0023,-0.209,-0.0074,0.001,-0.2825,-0.0285,0.0002,-0.3227,-0.0291,-0.0044,-0.3638,-0.0218
6,Zoom (Rock Sign),0.0,0.0,0.0,-0.0424,-0.0286,-0.0387,-0.0667,-0.0996,-0.0578,-0.0504,-0.1701,-0.074,-0.0224,-0.2139,-0.0869,-0.1095,-0.1934,-0.0248,-0.1195,-0.287,-0.0442,-0.1179,-0.3432,-0.0547,-0.1154,-0.3923,-0.0608,-0.07,-0.2049,-0.0158,-0.0643,-0.2545,-0.0553,-0.0567,-0.1935,-0.068,-0.0587,-0.1599,-0.0646,-0.0322,-0.2089,-0.0104,-0.027,-0.2483,-0.0477,-0.0252,-0.1924,-0.0486,-0.0313,-0.1593,-0.0354,0.0006,-0.2082,-0.0076,-0.0001,-0.2791,-0.0278,0.0005,-0.3183,-0.0281,-0.0023,-0.3593,-0.0204
6,Zoom (Rock Sign),0.0,0.0,0.0,-0.0426,-0.0314,-0.0404,-0.0663,-0.1018,-0.0596,-0.0525,-0.1727,-0.0754,-0.0257,-0.219,-0.0879,-0.109,-0.191,-0.024,-0.1197,-0.2841,-0.0429,-0.1189,-0.3416,-0.0542,-0.1174,-0.3913,-0.061,-0.0694,-0.2041,-0.0135,-0.0653,-0.2572,-0.0543,-0.0557,-0.1975,-0.0698,-0.0553,-0.1595,-0.0675,-0.0322,-0.2099,-0.0066,-0.0288,-0.2528,-0.0441,-0.0254,-0.1992,-0.0475,-0.0296,-0.1643,-0.0358,-0.0001,-0.2099,-0.0022,-0.0006,-0.2805,-0.022,0.0006,-0.319,-0.0237,-0.0025,-0.3586,-0.0172
6,Zoom (Rock Sign),0.0,0.0,0.0,-0.0436,-0.0305,-0.0379,-0.0688,-0.1051,-0.0567,-0.0512,-0.1766,-0.0727,-0.0197,-0.215,-0.0857,-0.1081,-0.1957,-0.0222,-0.1195,-0.2868,-0.0412,-0.119,-0.3423,-0.0519,-0.1172,-0.391,-0.0582,-0.0688,-0.2075,-0.0135,-0.0639,-0.2576,-0.0532,-0.0555,-0.1953,-0.0664,-0.0559,-0.1599,-0.0626,-0.0313,-0.2114,-0.0084,-0.0274,-0.251,-0.0447,-0.0257,-0.1967,-0.0463,-0.0306,-0.1636,-0.0335,0.0012,-0.21,-0.0058,0.0005,-0.281,-0.0243,0.0011,-0.3194,-0.0243,-0.002,-0.3595,-0.0166
6,Zoom (Rock Sign),0.0,0.0,0.0,-0.0432,-0.0307,-0.0361,-0.0673,-0.1034,-0.0537,-0.0504,-0.173,-0.0685,-0.0206,-0.2131,-0.0804,-0.1054,-0.1885,-0.0238,-0.117,-0.2787,-0.0441,-0.1168,-0.3346,-0.0565,-0.1161,-0.3847,-0.0645,-0.0664,-0.2022,-0.0161,-0.0644,-0.2562,-0.0568,-0.053,-0.1967,-0.0712,-0.0497,-0.1593,-0.0688,-0.029,-0.207,-0.0115,-0.0276,-0.2519,-0.0482,-0.0233,-0.2007,-0.0499,-0.0251,-0.1666,-0.0378,0.0038,-0.206,-0.0094,0.003,-0.2772,-0.0297,0.0038,-0.3155,-0.0312,0.0003,-0.3551,-0.0251
6,Zoom (Rock Sign),0.0,0.0,0.0,-0.0447,-0.0286,-0.0335,-0.0697,-0.1002,-0.0503,-0.0506,-0.1696,-0.0646,-0.0186,-0.2055,-0.0762,-0.105,-0.1906,-0.023,-0.1164,-0.2792,-0.0426,-0.1165,-0.3348,-0.0543,-0.1157,-0.3828,-0.0618,-0.0661,-0.2021,-0.0169,-0.0629,-0.2572,-0.0569,-0.0527,-0.1962,-0.0702,-0.0513,-0.1579,-0.0671,-0.0287,-0.2049,-0.0137,-0.0257,-0.2468,-0.05,-0.0222,-0.1956,-0.051,-0.0249,-0.1628,-0.0383,0.0047,-0.2023,-0.0128,0.0043,-0.2738,-0.033,0.0045,-0.3134,-0.0335,0.001,-0.3537,-0.0266
6,Zoom (Rock Sign),0.0,0.0,0.0,-0.0451,-0.0312,-0.0375,-0.0693,-0.1054,-0.0561,-0.05,-0.1757,-0.0719,-0.0187,-0.2118,-0.0849,-0.106,-0.1927,-0.0213,-0.1183,-0.2836,-0.041,-0.1183,-0.339,-0.0527,-0.1169,-0.3884,-0.0597,-0.0655,-0.2037,-0.0129,-0.0627,-0.2554,-0.0543,-0.054,-0.195,-0.069,-0.0524,-0.1599,-0.0657,-0.0279,-0.2073,-0.008,-0.0264,-0.2502,-0.045,-0.0237,-0.197,-0.0469,-0.026,-0.1627,-0.0339,0.0042,-0.2059,-0.0057,0.004,-0.276,-0.024,0.0044,-0.3142,-0.0242,0.0011,-0.3544,-0.0168
6,Zoom (Rock Sign),0.0,0.0,0.0,-0.0445,-0.0307,-0.0382,-0.0693,-0.1041,-0.0569,-0.0518,-0.1767,-0.0724,-0.0207,-0.2156,-0.0849,-0.1083,-0.1939,-0.0249,-0.119,-0.2846,-0.045,-0.1197,-0.3425,-0.0566,-0.119,-0.3929,-0.0636,-0.068,-0.2054,-0.016,-0.0648,-0.262,-0.0561,-0.0556,-0.2003,-0.069,-0.0547,-0.1634,-0.0647,-0.03,-0.209,-0.0104,-0.0273,-0.251,-0.0465,-0.0243,-0.197,-0.0469,-0.0269,-0.1633,-0.0333,0.0025,-0.2066,-0.0074,0.0032,-0.2774,-0.0254,0.0025,-0.3156,-0.0242,-0.002,-0.3544,-0.016
6,Zoom (Rock Sign),0.0,0.0,0.0,-0.0455,-0.0301,-0.041,-0.0705,-0.0998,-0.0624,-0.0538,-0.1713,-0.0803,-0.0237,-0.2148,-0.095,-0.1075,-0.1919,-0.0284,-0.1201,-0.2868,-0.0495,-0.1216,-0.3446,-0.0623,-0.1228,-0.3972,-0.0709,-0.0672,-0.2054,-0.0184,-0.067,-0.2574,-0.0595,-0.0569,-0.1999,-0.0729,-0.0534,-0.1669,-0.0703,-0.0299,-0.2104,-0.0122,-0.0298,-0.2579,-0.049,-0.0264,-0.2033,-0.0484,-0.0277,-0.1663,-0.035,0.0021,-0.2084,-0.0092,0.0023,-0.2793,-0.0296,0.0022,-0.3174,-0.0309,-0.0018,-0.3572,-0.0246
6,Zoom (Rock Sign),0.0,0.0,0.0,-0.0449,-0.0278,-0.0401,-0.0713,-0.0981,-0.0612,-0.0574,-0.1705,-0.0786,-0.0285,-0.2178,-0.0932,-0.1091,-0.188,-0.0319,-0.1211,-0.2824,-0.0544,-0.1228,-0.3417,-0.0688,-0.125,-0.3957,-0.0789,-0.0689,-0.2042,-0.0223,-0.069,-0.2578,-0.0623,-0.0553,-0.1991,-0.075,-0.0501,-0.1641,-0.0727,-0.0312,-0.2101,-0.016,-0.0304,-0.257,-0.0513,-0.0261,-0.2021,-0.0488,-0.0272,-0.165,-0.0352,0.0018,-0.2081,-0.0128,0.0019,-0.2792,-0.0325,0.0017,-0.3173,-0.0319,-0.0023,-0.3562,-0.0249
6,Zoom (Rock Sign),0.0,0.0,0.0,-0.0451,-0.0263,-0.0336,-0.0728,-0.0971,-0.0522,-0.0553,-0.1682,-0.0689,-0.0238,-0.2099,-0.0831,-0.1072,-0.1895,-0.0257,-0.1194,-0.2832,-0.0462,-0.1196,-0.34,-0.058,-0.1194,-0.3918,-0.0659,-0.0678,-0.202,-0.0203,-0.0647,-0.2575,-0.0607,-0.0569,-0.1968,-0.0736,-0.0567,-0.1614,-0.0707,-0.0302,-0.2055,-0.0178,-0.0265,-0.2489,-0.0536,-0.0258,-0.194,-0.0528,-0.0307,-0.1594,-0.0398,0.0031,-0.2024,-0.0177,0.0034,-0.2739,-0.0373,0.0029,-0.3132,-0.0371,-0.0008,-0.3531,-0.03
6,Zoom (Rock Sign),0.0,0.0,0.0,-0.0455,-0.0278,-0.0378,-0.0724,-0.1001,-0.0569,-0.0572,-0.1743,-0.0727,-0.0264,-0.2158,-0.0858,-0.1108,-0.1878,-0.0258,-0.1233,-0.2814,-0.0465,-0.125,-0.3404,-0.0598,-0.1263,-0.3934,-0.0685,-0.0701,-0.2018,-0.018,-0.0686,-0.2601,-0.0608,-0.0573,-0.1997,-0.0769,-0.0542,-0.1615,-0.0749,-0.0321,-0.2066,-0.0133,-0.0299,-0.25,-0.0505,-0.0265,-0.1973,-0.0522,-0.0283,-0.1627,-0.0398,0.0013,-0.2044,-0.0111,0.0019,-0.2775,-0.0297,0.0008,-0.3184,-0.0294,-0.0036,-0.3577,-0.0221
6,Zoom (Rock Sign),0.0,0.0,0.0,-0.0468,-0.0299,-0.0327,-0.0746,-0.0996,-0.05,-0.0573,-0.1709,-0.0653,-0.0245,-0.2096,-0.0782,-0.1095,-0.1903,-0.0239,-0.1213,-0.2841,-0.0438,-0.1228,-0.3426,-0.0558,-0.1236,-0.3953,-0.0642,-0.0694,-0.2058,-0.0184,-0.0676,-0.2637,-0.0551,-0.0571,-0.2026,-0.0651,-0.056,-0.1698,-0.0615,-0.0314,-0.2106,-0.0161,-0.0284,-0.254,-0.0496,-0.025,-0.199,-0.0469,-0.0268,-0.1651,-0.0334,0.0028,-0.2077,-0.0163,0.0038,-0.2806,-0.0354,0.0037,-0.3204,-0.0345,0.0007,-0.3598,-0.0274
6,Zoom (Rock Sign),0.0,0.0,0.0,-0.0461,-0.0283,-0.0332,-0.0741,-0.1001,-0.0506,-0.0571,-0.1727,-0.0657,-0.0239,-0.2117,-0.0785,-0.1107,-0.1872,-0.0238,-0.1225,-0.2796,-0.0442,-0.1243,-0.3387,-0.0563,-0.1254,-0.3908,-0.0645,-0.0707,-0.2029,-0.018,-0.0699,-0.2634,-0.0563,-0.0575,-0.201,-0.0666,-0.0552,-0.1654,-0.0622,-0.0324,-0.2084,-0.0153,-0.0303,-0.2543,-0.0492,-0.0249,-0.1993,-0.0458,-0.0253,-0.1642,-0.0312,0.0022,-0.2062,-0.0152,0.0028,-0.2786,-0.0339,0.0024,-0.3188,-0.0327,-0.0015,-0.3581,-0.0252
6,Zoom (Rock Sign),0.0,0.0,0.0,-0.0453,-0.0304,-0.035,-0.072,-0.1035,-0.0528,-0.0545,-0.1768,-0.0684,-0.0218,-0.2154,-0.0816,-0.1091,-0.1893,-0.0222,-0.1213,-0.2813,-0.0418,-0.122,-0.3395,-0.0541,-0.1221,-0.3919,-0.0623,-0.0691,-0.204,-0.0156,-0.068,-0.2635,-0.0563,-0.0569,-0.2023,-0.0705,-0.0541,-0.1634,-0.0676,-0.0312,-0.2089,-0.0121,-0.0292,-0.2541,-0.0478,-0.0253,-0.2005,-0.0484,-0.0268,-0.1644,-0.0354,0.0022,-0.2064,-0.0112,0.0026,-0.2789,-0.0301,0.0025,-0.3201,-0.0305,-0.0011,-0.36,-0.0238
6,Zoom (Rock Sign),0.0,0.0,0.0,-0.046,-0.0283,-0.0357,-0.0741,-0.1011,-0.0545,-0.0556,-0.1762,-0.0708,-0.0207,-0.2162,-0.0849,-0.111,-0.1894,-0.0248,-0.123,-0.2807,-0.0448,-0.1241,-0.3394,-0.057,-0.125,-0.3923,-0.0655,-0.0718,-0.2063,-0.0183,-0.0702,-0.2651,-0.0573,-0.0576,-0.2031,-0.0699,-0.0544,-0.1641,-0.0666,-0.0337,-0.2124,-0.0148,-0.0313,-0.2566,-0.0493,-0.0265,-0.2034,-0.0488,-0.0278,-0.1678,-0.0357,0.0005,-0.2099,-0.014,-0.0,-0.2829,-0.0324,0.0005,-0.3224,-0.032,-0.0024,-0.3603,-0.0249
6,Zoom (Rock Sign),0.0,0.0,0.0,-0.0448,-0.0289,-0.0356,-0.0725,-0.1013,-0.0548,-0.0558,-0.1757,-0.0719,-0.0225,-0.2171,-0.0867,-0.1092,-0.1897,-0.0246,-0.1219,-0.2811,-0.0452,-0.1227,-0.3397,-0.0574,-0.1231,-0.392,-0.0656,-0.07,-0.2054,-0.0185,-0.0684,-0.265,-0.0589,-0.0568,-0.2034,-0.0718,-0.0547,-0.165,-0.0683,-0.0319,-0.2108,-0.0155,-0.0296,-0.2564,-0.0514,-0.0251,-0.2031,-0.051,-0.0269,-0.1674,-0.0376,0.002,-0.2079,-0.0152,0.0014,-0.2804,-0.0345,0.0015,-0.3208,-0.0344,-0.0018,-0.3597,-0.0273
6,Zoom (Rock Sign),0.0,0.0,0.0,-0.046,-0.0281,-0.0355,-0.0739,-0.1011,-0.0542,-0.0543,-0.1746,-0.0706,-0.0189,-0.2147,-0.0848,-0.1104,-0.1885,-0.0231,-0.1235,-0.2801,-0.0427,-0.1247,-0.3373,-0.0546,-0.1251,-0.3884,-0.0625,-0.0705,-0.2041,-0.0166,-0.0692,-0.2621,-0.0567,-0.0578,-0.2,-0.0702,-0.0545,-0.1598,-0.067,-0.0323,-0.2099,-0.0134,-0.0304,-0.2552,-0.049,-0.0262,-0.2009,-0.0497,-0.0272,-0.1645,-0.0368,0.0018,-0.208,-0.0128,0.0012,-0.2809,-0.0313,0.001,-0.3211,-0.0315,-0.0023,-0.3601,-0.0247
6,Zoom (Rock Sign),0.0,0.0,0.0,-0.0458,-0.0272,-0.0373,-0.0744,-0.0978,-0.0567,-0.0574,-0.1724,-0.0731,-0.0259,-0.2173,-0.0869,-0.111,-0.1906,-0.0263,-0.1239,-0.2838,-0.046,-0.1247,-0.3432,-0.0578,-0.1248,-0.3952,-0.0658,-0.0708,-0.2059,-0.0185,-0.0698,-0.2645,-0.0565,-0.0584,-0.2027,-0.0678,-0.0566,-0.1665,-0.0641,-0.033,-0.2107,-0.0141,-0.0309,-0.2569,-0.0485,-0.027,-0.2025,-0.0472,-0.0288,-0.1668,-0.0341,0.001,-0.2081,-0.0126,0.0005,-0.2811,-0.0317,-0.0,-0.3213,-0.0317,-0.0038,-0.3613,-0.0251
6,Zoom (Rock Sign),0.0,0.0,0.0,-0.0445,-0.0273,-0.0377,-0.0718,-0.0994,-0.0577,-0.0537,-0.1727,-0.0751,-0.0203,-0.2149,-0.0901,-0.1085,-0.1883,-0.0271,-0.122,-0.2821,-0.048,-0.1241,-0.342,-0.0604,-0.1256,-0.396,-0.0687,-0.0694,-0.2036,-0.02,-0.0673,-0.2623,-0.0615,-0.0569,-0.1998,-0.075,-0.0556,-0.1603,-0.0716,-0.0319,-0.2088,-0.0161,-0.0296,-0.2536,-0.0529,-0.0252,-0.1978,-0.0527,-0.0271,-0.1612,-0.039,0.0012,-0.2067,-0.015,0.0014,-0.2791,-0.0343,0.0014,-0.3186,-0.0339,-0.0023,-0.3573,-0.0264
6,Zoom (Rock Sign),0.0,0.0,0.0,-0.0446,-0.0265,-0.0379,-0.0719,-0.098,-0.0577,-0.0547,-0.1706,-0.0747,-0.0218,-0.2116,-0.0892,-0.1085,-0.1878,-0.0275,-0.1223,-0.2814,-0.0484,-0.1245,-0.3405,-0.0605,-0.1257,-0.3939,-0.0685,-0.0692,-0.2024,-0.0201,-0.0671,-0.2595,-0.0618,-0.0557,-0.1964,-0.075,-0.0536,-0.1577,-0.0713,-0.0318,-0.2071,-0.0159,-0.0292,-0.2497,-0.0531,-0.0249,-0.1941,-0.0529,-0.027,-0.1586,-0.0392,0.0012,-0.2047,-0.0145,0.0016,-0.2767,-0.0339,0.0017,-0.3154,-0.0333,-0.002,-0.3541,-0.0257
6,Zoom (Rock Sign),0.0,0.0,0.0,-0.0474,-0.0266,-0.0362,-0.075,-0.0954,-0.0543,-0.0595,-0.1669,-0.0689,-0.0301,-0.21,-0.0806,-0.1096,-0.1876,-0.0294,-0.1222,-0.2794,-0.0508,-0.1241,-0.3381,-0.0634,-0.1254,-0.3899,-0.0722,-0.0705,-0.2036,-0.0211,-0.0716,-0.2572,-0.0554,-0.0597,-0.1944,-0.0622,-0.0586,-0.1649,-0.0576,-0.0331,-0.2085,-0.0165,-0.032,-0.2518,-0.0486,-0.0284,-0.195,-0.0434,-0.0303,-0.1611,-0.0293,0.001,-0.2064,-0.0148,0.0003,-0.2779,-0.0347,-0.0006,-0.3157,-0.0341,-0.0048,-0.355,-0.0278
6,Zoom (Rock Sign),0.0,0.0,0.0,-0.0454,-0.0261,-0.0384,-0.0729,-0.0976,-0.0573,-0.0555,-0.1696,-0.073,-0.0224,-0.2083,-0.0857,-0.1098,-0.188,-0.0277,-0.1223,-0.2806,-0.0482,-0.1236,-0.3381,-0.0598,-0.1243,-0.3901,-0.0672,-0.0696,-0.2022,-0.0193,-0.0675,-0.2591,-0.0601,-0.0553,-0.1967,-0.0731,-0.0529,-0.16,-0.0692,-0.0316,-0.2077,-0.0142,-0.0293,-0.2496,-0.0515,-0.0245,-0.1946,-0.0523,-0.0265,-0.1619,-0.0391,0.0014,-0.2071,-0.0118,0.0016,-0.2788,-0.0312,0.0011,-0.3169,-0.0311,-0.0032,-0.356,-0.0239
6,Zoom (Rock Sign),0.0,0.0,0.0,-0.0453,-0.0263,-0.0368,-0.0728,-0.0979,-0.0553,-0.0568,-0.1706,-0.0712,-0.0251,-0.2104,-0.0846,-0.1091,-0.1895,-0.0246,-0.1222,-0.281,-0.0443,-0.1233,-0.3388,-0.0558,-0.123,-0.39,-0.0629,-0.0693,-0.2033,-0.0173,-0.0671,-0.2614,-0.0583,-0.0554,-0.1995,-0.0722,-0.0528,-0.1598,-0.0687,-0.0312,-0.2083,-0.0132,-0.0289,-0.2507,-0.0502,-0.0243,-0.1977,-0.0521,-0.0263,-0.1639,-0.0395,0.0023,-0.2065,-0.0116,0.0017,-0.2789,-0.0303,0.0015,-0.3182,-0.0302,-0.0027,-0.3574,-0.0229
6,Zoom (Rock Sign),0.0,0.0,0.0,-0.048,-0.0289,-0.0349,-0.0752,-0.1018,-0.05,-0.0547,-0.1741,-0.0617,-0.0185,-0.2092,-0.0704,-0.1109,-0.189,-0.0239,-0.1217,-0.2797,-0.0441,-0.1227,-0.3368,-0.0557,-0.1231,-0.3883,-0.0633,-0.0706,-0.2031,-0.0162,-0.0709,-0.262,-0.0549,-0.0597,-0.1995,-0.0657,-0.0575,-0.1633,-0.061,-0.0326,-0.2085,-0.0118,-0.0321,-0.2526,-0.0472,-0.028,-0.1969,-0.0462,-0.0292,-0.163,-0.0325,0.0012,-0.2081,-0.01,0.0013,-0.2802,-0.0306,0.0002,-0.3191,-0.0317,-0.0043,-0.3582,-0.0254
6,Zoom (Rock Sign),0.0,0.0,0.0,-0.0447,-0.0306,-0.0351,-0.071,-0.1044,-0.0526,-0.0519,-0.1769,-0.0678,-0.021,-0.2171,-0.0804,-0.1075,-0.1916,-0.0229,-0.1196,-0.2828,-0.0426,-0.1206,-0.3402,-0.054,-0.1207,-0.3899,-0.0613,-0.0679,-0.2044,-0.016,-0.066,-0.262,-0.0555,-0.056,-0.1992,-0.0679,-0.0556,-0.1622,-0.064,-0.0302,-0.2086,-0.0123,-0.0282,-0.2532,-0.048,-0.0244,-0.1986,-0.047,-0.0268,-0.1636,-0.033,0.0032,-0.2068,-0.0111,0.0016,-0.2794,-0.0306,0.0011,-0.3193,-0.0302,-0.0029,-0.3595,-0.0225
6,Zoom (Rock Sign),0.0,0.0,0.0,-0.048,-0.0303,-0.0346,-0.0745,-0.1059,-0.051,-0.055,-0.1804,-0.0644,-0.02,-0.2166,-0.075,-0.1103,-0.1885,-0.0241,-0.1225,-0.2797,-0.0441,-0.1237,-0.3384,-0.0555,-0.1237,-0.3889,-0.0629,-0.0706,-0.2041,-0.0166,-0.0688,-0.2648,-0.0538,-0.0586,-0.2019,-0.0632,-0.0589,-0.1659,-0.0579,-0.0325,-0.2103,-0.0125,-0.0306,-0.2565,-0.0459,-0.0268,-0.2016,-0.043,-0.0286,-0.1667,-0.0286,0.0014,-0.2099,-0.011,0.001,-0.2829,-0.0298,-0.0002,-0.3232,-0.0293,-0.0046,-0.3627,-0.0221
6,Zoom (Rock Sign),0.0,0.0,0.0,-0.0456,-0.0306,-0.0382,-0.072,-0.1056,-0.0573,-0.0533,-0.1805,-0.0738,-0.0223,-0.2204,-0.0873,-0.109,-0.1921,-0.0222,-0.1214,-0.2835,-0.0423,-0.1224,-0.3425,-0.0537,-0.1212,-0.3911,-0.0606,-0.0691,-0.2048,-0.0141,-0.0659,-0.263,-0.0554,-0.0566,-0.1988,-0.0682,-0.0568,-0.1609,-0.0634,-0.0314,-0.2092,-0.0098,-0.0279,-0.2552,-0.0466,-0.0252,-0.2025,-0.0465,-0.0285,-0.168,-0.0325,0.0021,-0.2074,-0.0084,0.0013,-0.2802,-0.0279,0.0007,-0.3213,-0.0281,-0.0034,-0.3627,-0.0207
6,Zoom (Rock Sign),0.0,0.0,0.0,-0.0446,-0.0263,-0.0337,-0.0722,-0.1023,-0.0507,-0.0543,-0.1745,-0.0654,-0.0195,-0.2101,-0.0774,-0.1082,-0.1879,-0.0253,-0.119,-0.281,-0.0444,-0.1193,-0.3383,-0.0548,-0.1191,-0.3894,-0.0621,-0.0702,-0.2032,-0.0195,-0.0667,-0.2619,-0.0571,-0.0561,-0.2012,-0.0674,-0.0554,-0.1659,-0.0633,-0.0322,-0.2087,-0.0166,-0.0274,-0.2545,-0.0508,-0.0244,-0.1995,-0.0485,-0.0289,-0.1654,-0.035,0.0016,-0.2081,-0.0162,0.0017,-0.2804,-0.0361,0.0019,-0.3209,-0.0359,-0.0017,-0.3622,-0.0292
6,Zoom (Rock Sign),0.0,0.0,0.0,-0.0448,-0.0267,-0.035,-0.072,-0.1008,-0.0531,-0.0528,-0.1717,-0.0688,-0.0187,-0.209,-0.0818,-0.1073,-0.1872,-0.025,-0.1187,-0.28,-0.0448,-0.1194,-0.3387,-0.0558,-0.1192,-0.3894,-0.0633,-0.069,-0.201,-0.0189,-0.0654,-0.2591,-0.0586,-0.0538,-0.1971,-0.07,-0.0522,-0.1596,-0.0658,-0.0314,-0.2059,-0.016,-0.0265,-0.2533,-0.0518,-0.0227,-0.2005,-0.0503,-0.0267,-0.1665,-0.0364,0.0025,-0.2054,-0.0158,0.0021,-0.2777,-0.0367,0.0033,-0.3183,-0.0372,0.0006,-0.3596,-0.0306
6,Zoom (Rock Sign),0.0,0.0,0.0,-0.0466,-0.0262,-0.0348,-0.0735,-0.103,-0.0513,-0.0564,-0.1782,-0.0648,-0.023,-0.2162,-0.0754,-0.1114,-0.1918,-0.0236,-0.1223,-0.2839,-0.0427,-0.123,-0.3427,-0.054,-0.1231,-0.3953,-0.0617,-0.0723,-0.2066,-0.0165,-0.0681,-0.2664,-0.0547,-0.0589,-0.2042,-0.0666,-0.0604,-0.1676,-0.0629,-0.0342,-0.2122,-0.0125,-0.029,-0.2569,-0.0467,-0.0273,-0.2,-0.0456,-0.0328,-0.1647,-0.0323,-0.0005,-0.2114,-0.011,-0.0008,-0.284,-0.0304,-0.0013,-0.3252,-0.0306,-0.0052,-0.3667,-0.0238
6,Zoom (Rock Sign),0.0,0.0,0.0,-0.0451,-0.0296,-0.0364,-0.0721,-0.1042,-0.0553,-0.0527,-0.1782,-0.0717,-0.0189,-0.2168,-0.0853,-0.1087,-0.1931,-0.024,-0.1201,-0.288,-0.0429,-0.1202,-0.3468,-0.0534,-0.1194,-0.398,-0.0602,-0.0701,-0.2049,-0.0167,-0.0639,-0.2645,-0.0562,-0.0552,-0.2013,-0.0682,-0.0565,-0.1633,-0.0638,-0.0326,-0.2091,-0.0126,-0.0262,-0.2551,-0.048,-0.0243,-0.1993,-0.0472,-0.0299,-0.1641,-0.0333,0.0012,-0.2076,-0.0113,0.0011,-0.2802,-0.0306,0.001,-0.3212,-0.0306,-0.0023,-0.3621,-0.0232
6,Zoom (Rock Sign),0.0,0.0,0.0,-0.0463,-0.0263,-0.0357,-0.0736,-0.0996,-0.0534,-0.0549,-0.1712,-0.0682,-0.0201,-0.2104,-0.0804,-0.1088,-0.1917,-0.0268,-0.1199,-0.2855,-0.0465,-0.1197,-0.3426,-0.0572,-0.1191,-0.3945,-0.0643,-0.0691,-0.2061,-0.0199,-0.0653,-0.2657,-0.0593,-0.055,-0.2035,-0.0714,-0.054,-0.1654,-0.0678,-0.0309,-0.2105,-0.016,-0.0262,-0.253,-0.0521,-0.0238,-0.1954,-0.0519,-0.0285,-0.1606,-0.0387,0.0031,-0.2088,-0.0145,0.0034,-0.2825,-0.0347,0.0029,-0.3237,-0.0351,-0.002,-0.3656,-0.0285
6,Zoom (Rock Sign),0.0,0.0,0.0,-0.0458,-0.0256,-0.0335,-0.0739,-0.0979,-0.0512,-0.0523,-0.169,-0.0669,-0.0156,-0.2066,-0.0802,-0.106,-0.1903,-0.0251,-0.1183,-0.2839,-0.0444,-0.1185,-0.3422,-0.055,-0.1179,-0.3933,-0.062,-0.0671,-0.2027,-0.0202,-0.0615,-0.2629,-0.0611,-0.052,-0.1996,-0.074,-0.0524,-0.158,-0.0701,-0.0291,-0.2065,-0.0181,-0.0229,-0.2489,-0.0548,-0.0207,-0.1937,-0.0552,-0.0264,-0.1591,-0.0419,0.005,-0.2042,-0.0182,0.0042,-0.2774,-0.0384,0.0036,-0.3181,-0.0383,-0.0007,-0.3587,-0.031
6,Zoom (Rock Sign),0.0,0.0,0.0,-0.0459,-0.026,-0.0318,-0.0727,-0.1035,-0.0468,-0.0534,-0.176,-0.0596,-0.0192,-0.2107,-0.0696,-0.1082,-0.1926,-0.0227,-0.1199,-0.2848,-0.0411,-0.1193,-0.341,-0.051,-0.118,-0.3916,-0.0576,-0.0697,-0.2049,-0.0169,-0.0656,-0.2629,-0.0539,-0.0574,-0.2006,-0.0644,-0.0594,-0.1659,-0.0602,-0.0318,-0.2086,-0.0139,-0.0254,-0.2508,-0.0479,-0.0246,-0.1926,-0.0464,-0.0315,-0.1584,-0.0329,0.0017,-0.2069,-0.0131,0.0023,-0.2795,-0.033,0.0018,-0.3213,-0.0334,-0.0023,-0.3644,-0.0267
6,Zoom (Rock Sign),0.0,0.0,0.0,-0.045,-0.0252,-0.0331,-0.0718,-0.0994,-0.0493,-0.0512,-0.1701,-0.0631,-0.0165,-0.2077,-0.0741,-0.1074,-0.192,-0.0248,-0.1205,-0.2844,-0.0433,-0.1206,-0.3402,-0.0531,-0.1195,-0.391,-0.0594,-0.0697,-0.2045,-0.0186,-0.0627,-0.2592,-0.057,-0.0547,-0.1952,-0.0684,-0.0573,-0.1582,-0.0644,-0.0326,-0.2087,-0.0151,-0.0249,-0.2494,-0.0503,-0.024,-0.1901,-0.0497,-0.0316,-0.1552,-0.0365,0.0005,-0.2074,-0.0139,0.0019,-0.2791,-0.0344,0.002,-0.3189,-0.0351,-0.0018,-0.3603,-0.0284
6,Zoom (Rock Sign),0.0,0.0,0.0,-0.0446,-0.0264,-0.0344,-0.0707,-0.0993,-0.0516,-0.0517,-0.1692,-0.0662,-0.0175,-0.2059,-0.0779,-0.1058,-0.1932,-0.0254,-0.1189,-0.286,-0.0442,-0.1189,-0.3424,-0.0541,-0.1174,-0.3928,-0.0603,-0.0677,-0.2045,-0.0187,-0.0621,-0.2618,-0.0577,-0.0536,-0.1983,-0.0693,-0.0548,-0.16,-0.0649,-0.0305,-0.2079,-0.0149,-0.0245,-0.2497,-0.0506,-0.0228,-0.1919,-0.0504,-0.0289,-0.1573,-0.0371,0.0022,-0.2059,-0.0134,0.0032,-0.2781,-0.0336,0.0029,-0.3189,-0.0343,-0.0016,-0.3613,-0.0276
6,Zoom (Rock Sign),0.0,0.0,0.0,-0.0435,-0.0261,-0.0335,-0.0702,-0.0956,-0.0509,-0.0518,-0.1637,-0.0656,-0.0197,-0.2045,-0.0774,-0.1065,-0.1919,-0.027,-0.1189,-0.2845,-0.0457,-0.118,-0.34,-0.0552,-0.117,-0.3889,-0.0614,-0.0686,-0.2038,-0.0209,-0.0638,-0.2583,-0.0574,-0.0549,-0.1967,-0.0674,-0.0582,-0.1623,-0.0636,-0.031,-0.2074,-0.0177,-0.0245,-0.2478,-0.0525,-0.0225,-0.1902,-0.0507,-0.0305,-0.157,-0.0374,0.0031,-0.2059,-0.0167,0.0034,-0.2773,-0.038,0.0042,-0.3169,-0.0382,0.0,-0.3584,-0.0315
6,Zoom (Rock Sign),0.0,0.0,0.0,-0.0423,-0.0264,-0.0326,-0.0669,-0.0984,-0.0495,-0.0486,-0.1685,-0.0643,-0.0187,-0.2103,-0.0765,-0.1038,-0.1889,-0.0242,-0.116,-0.2805,-0.0431,-0.1163,-0.3378,-0.0527,-0.1151,-0.3865,-0.0588,-0.0659,-0.2006,-0.019,-0.0627,-0.2606,-0.0571,-0.0554,-0.1992,-0.0677,-0.058,-0.1639,-0.0632,-0.0282,-0.204,-0.0167,-0.0223,-0.248,-0.0524,-0.0213,-0.1932,-0.0507,-0.0286,-0.1605,-0.0369,0.0054,-0.2023,-0.0167,0.0041,-0.2742,-0.0382,0.004,-0.316,-0.0383,0.0,-0.359,-0.0311
6,Zoom (Rock Sign),0.0,0.0,0.0,-0.0426,-0.0265,-0.0334,-0.0663,-0.0992,-0.0496,-0.0487,-0.1674,-0.063,-0.0188,-0.2061,-0.0737,-0.1055,-0.1909,-0.0257,-0.1177,-0.283,-0.043,-0.1173,-0.3381,-0.0527,-0.1168,-0.3875,-0.059,-0.0688,-0.2031,-0.0192,-0.0661,-0.2588,-0.0555,-0.056,-0.2014,-0.0677,-0.0551,-0.1649,-0.0652,-0.032,-0.2064,-0.0151,-0.0262,-0.2456,-0.0492,-0.0234,-0.1907,-0.0498,-0.0288,-0.1571,-0.0378,0.0009,-0.2045,-0.0133,0.0008,-0.2777,-0.0325,0.0003,-0.3183,-0.0326,-0.0049,-0.3596,-0.0259
6,Zoom (Rock Sign),0.0,0.0,0.0,-0.0423,-0.0286,-0.0367,-0.0661,-0.0945,-0.0564,-0.0469,-0.1604,-0.0729,-0.0177,-0.2028,-0.0865,-0.1027,-0.1899,-0.0291,-0.1151,-0.2799,-0.047,-0.1152,-0.3348,-0.0571,-0.1148,-0.3829,-0.0636,-0.0662,-0.2025,-0.021,-0.0591,-0.2488,-0.0571,-0.0488,-0.1908,-0.0701,-0.0478,-0.1543,-0.0683,-0.0304,-0.2068,-0.0154,-0.0226,-0.2431,-0.0482,-0.0206,-0.1898,-0.0491,-0.0261,-0.156,-0.0379,0.0018,-0.2049,-0.0124,0.0023,-0.2746,-0.0296,0.0024,-0.3131,-0.0289,-0.0018,-0.3511,-0.0217
6,Zoom (Rock Sign),0.0,0.0,0.0,-0.042,-0.0265,-0.0337,-0.0656,-0.0932,-0.0515,-0.0472,-0.1603,-0.0663,-0.0178,-0.2034,-0.0784,-0.1032,-0.1906,-0.0264,-0.1135,-0.2799,-0.0441,-0.1129,-0.3363,-0.0543,-0.1126,-0.3837,-0.0611,-0.0656,-0.202,-0.02,-0.0615,-0.253,-0.056,-0.051,-0.1925,-0.0675,-0.0514,-0.1545,-0.0649,-0.029,-0.2046,-0.0161,-0.0237,-0.2393,-0.0497,-0.021,-0.1845,-0.0491,-0.0263,-0.1505,-0.037,0.0042,-0.2017,-0.0145,0.004,-0.2729,-0.0332,0.0043,-0.3127,-0.0325,-0.0008,-0.3531,-0.0254
6,Zoom (Rock Sign),0.0,0.0,0.0,-0.0401,-0.0274,-0.0383,-0.0631,-0.0926,-0.0586,-0.0445,-0.1596,-0.0756,-0.0157,-0.2038,-0.0896,-0.1035,-0.1869,-0.0294,-0.114,-0.2777,-0.0482,-0.1137,-0.3348,-0.0583,-0.113,-0.3822,-0.0647,-0.0656,-0.1983,-0.0211,-0.0608,-0.2514,-0.0585,-0.05,-0.1923,-0.0706,-0.0505,-0.1553,-0.0674,-0.0287,-0.2025,-0.0157,-0.0225,-0.2426,-0.05,-0.0183,-0.1922,-0.0505,-0.0232,-0.1601,-0.0384,0.0043,-0.2008,-0.0129,0.0028,-0.2713,-0.0314,0.0021,-0.3102,-0.0309,-0.0038,-0.3488,-0.0236
6,Zoom (Rock Sign),0.0,0.0,0.0,-0.0413,-0.029,-0.0403,-0.0636,-0.0948,-0.0609,-0.0432,-0.1617,-0.0778,-0.0124,-0.2031,-0.0915,-0.1046,-0.1861,-0.029,-0.1139,-0.2775,-0.0488,-0.1121,-0.3333,-0.0601,-0.1101,-0.3814,-0.0671,-0.0661,-0.1981,-0.0194,-0.059,-0.2516,-0.0595,-0.0475,-0.1914,-0.0733,-0.0462,-0.1533,-0.0704,-0.0294,-0.2027,-0.0132,-0.022,-0.2419,-0.0499,-0.0183,-0.1888,-0.0518,-0.0231,-0.1557,-0.0394,0.0028,-0.2016,-0.0097,0.0033,-0.272,-0.0291,0.003,-0.3108,-0.0296,-0.0019,-0.3498,-0.0224
6,Zoom (Rock Sign),0.0,0.0,0.0,-0.0411,-0.0301,-0.038,-0.0629,-0.0989,-0.0573,-0.044,-0.1673,-0.0732,-0.0148,-0.208,-0.0861,-0.1049,-0.1871,-0.027,-0.1148,-0.2766,-0.0464,-0.1139,-0.3339,-0.0575,-0.1125,-0.3823,-0.0641,-0.0664,-0.199,-0.0183,-0.0609,-0.2516,-0.0572,-0.0497,-0.1913,-0.0699,-0.0492,-0.1549,-0.0664,-0.0292,-0.2037,-0.0127,-0.0228,-0.2421,-0.0481,-0.019,-0.1885,-0.0483,-0.0234,-0.1549,-0.0351,0.0032,-0.2026,-0.0097,0.0029,-0.2734,-0.0285,0.0022,-0.3131,-0.0277,-0.0029,-0.3523,-0.0198
6,Zoom (Rock Sign),0.0,0.0,0.0,-0.0411,-0.0277,-0.0383,-0.0634,-0.0957,-0.0572,-0.0468,-0.1652,-0.0721,-0.02,-0.2099,-0.0836,-0.1059,-0.1865,-0.028,-0.1151,-0.2752,-0.048,-0.1149,-0.3335,-0.0588,-0.113,-0.3811,-0.0654,-0.0679,-0.1985,-0.0184,-0.064,-0.253,-0.0553,-0.053,-0.1891,-0.0643,-0.0535,-0.1562,-0.059,-0.0312,-0.2036,-0.0124,-0.0253,-0.2452,-0.0472,-0.0227,-0.1892,-0.0444,-0.0284,-0.1571,-0.0302,0.0015,-0.203,-0.0091,0.0005,-0.2732,-0.0298,0.0,-0.3117,-0.0295,-0.0048,-0.3525,-0.022
6,Zoom (Rock Sign),0.0,0.0,0.0,-0.0409,-0.0285,-0.0374,-0.0641,-0.0967,-0.0562,-0.0466,-0.166,-0.0716,-0.0195,-0.2081,-0.0835,-0.1068,-0.1868,-0.0264,-0.1161,-0.2751,-0.0454,-0.1154,-0.3324,-0.0554,-0.1128,-0.3789,-0.0613,-0.0687,-0.1985,-0.0172,-0.0644,-0.2527,-0.0527,-0.0534,-0.1887,-0.0607,-0.0534,-0.1555,-0.0548,-0.0316,-0.203,-0.0115,-0.0254,-0.244,-0.0448,-0.0223,-0.1885,-0.0412,-0.0268,-0.1554,-0.0263,0.0015,-0.2017,-0.0085,0.0007,-0.2718,-0.0281,-0.0,-0.3101,-0.0271,-0.0047,-0.3496,-0.0191
6,Zoom (Rock Sign),0.0,0.0,0.0,-0.0416,-0.0273,-0.0378,-0.0652,-0.0946,-0.0567,-0.0485,-0.1638,-0.0719,-0.0225,-0.2097,-0.0839,-0.1055,-0.1892,-0.0286,-0.1154,-0.2772,-0.0476,-0.1151,-0.3353,-0.0566,-0.1125,-0.3827,-0.0619,-0.0673,-0.2007,-0.0195,-0.0629,-0.2552,-0.0549,-0.0539,-0.1913,-0.0622,-0.0568,-0.1581,-0.056,-0.03,-0.2045,-0.014,-0.0237,-0.243,-0.0486,-0.0225,-0.1869,-0.0458,-0.0304,-0.1559,-0.0316,0.0031,-0.2033,-0.011,0.0023,-0.274,-0.0325,0.0021,-0.3121,-0.0327,-0.0028,-0.3521,-0.0255
6,Zoom (Rock Sign),0.0,0.0,0.0,-0.0424,-0.0274,-0.0374,-0.0667,-0.0959,-0.0563,-0.0482,-0.1649,-0.0722,-0.0196,-0.2093,-0.085,-0.1053,-0.1903,-0.0265,-0.1158,-0.2792,-0.0449,-0.1151,-0.3367,-0.0541,-0.1127,-0.3837,-0.0596,-0.0675,-0.2014,-0.0182,-0.0626,-0.2561,-0.055,-0.054,-0.1931,-0.0649,-0.0562,-0.1572,-0.0598,-0.0305,-0.205,-0.0132,-0.0246,-0.2445,-0.0483,-0.0235,-0.1893,-0.0475,-0.0311,-0.1572,-0.034,0.0024,-0.2035,-0.0108,0.0018,-0.2742,-0.0311,0.0017,-0.3126,-0.0312,-0.003,-0.3522,-0.0238
6,Zoom (Rock Sign),0.0,0.0,0.0,-0.041,-0.027,-0.0398,-0.0643,-0.095,-0.0591,-0.0461,-0.1644,-0.0744,-0.0191,-0.2098,-0.0862,-0.1061,-0.1915,-0.0295,-0.1169,-0.2803,-0.0478,-0.1172,-0.3381,-0.0568,-0.1151,-0.3844,-0.0622,-0.0679,-0.2028,-0.0195,-0.0623,-0.2583,-0.056,-0.052,-0.1954,-0.065,-0.0531,-0.1587,-0.0594,-0.0308,-0.2063,-0.0129,-0.0236,-0.2477,-0.0472,-0.0204,-0.1937,-0.0457,-0.0267,-0.161,-0.0319,0.0022,-0.2038,-0.0091,0.0006,-0.2743,-0.0297,0.0,-0.3121,-0.0303,-0.0054,-0.3514,-0.0234
6,Zoom (Rock Sign),0.0,0.0,0.0,-0.0406,-0.0275,-0.0382,-0.0629,-0.0955,-0.0569,-0.0467,-0.1642,-0.0717,-0.0213,-0.2105,-0.0831,-0.1071,-0.1877,-0.0287,-0.117,-0.2774,-0.0479,-0.1162,-0.3351,-0.0586,-0.1144,-0.3837,-0.0654,-0.069,-0.2003,-0.0194,-0.0658,-0.2561,-0.0572,-0.0529,-0.1939,-0.0679,-0.0513,-0.1561,-0.0636,-0.0319,-0.2048,-0.0133,-0.0272,-0.2474,-0.0483,-0.0214,-0.1927,-0.0466,-0.0244,-0.1586,-0.0328,0.0014,-0.2036,-0.0098,-0.0001,-0.2744,-0.0303,0.0001,-0.3129,-0.0304,-0.0052,-0.3532,-0.0233
6,Zoom (Rock Sign),0.0,0.0,0.0,-0.0409,-0.0269,-0.0393,-0.064,-0.0943,-0.0586,-0.0457,-0.1621,-0.074,-0.017,-0.2047,-0.0862,-0.1061,-0.1852,-0.0294,-0.1164,-0.277,-0.0486,-0.1152,-0.3347,-0.0592,-0.1136,-0.3838,-0.066,-0.0682,-0.1974,-0.0197,-0.0635,-0.2528,-0.0579,-0.0504,-0.1922,-0.0697,-0.0484,-0.1552,-0.066,-0.0316,-0.202,-0.0131,-0.0258,-0.2443,-0.048,-0.0205,-0.192,-0.048,-0.0239,-0.1592,-0.0351,0.0012,-0.2009,-0.0092,-0.0,-0.2715,-0.0291,0.0002,-0.3098,-0.0298,-0.0044,-0.3487,-0.0231
6,Zoom (Rock Sign),0.0,0.0,0.0,-0.0405,-0.0276,-0.0417,-0.0637,-0.0955,-0.0626,-0.0467,-0.1661,-0.0794,-0.0179,-0.2102,-0.0928,-0.1062,-0.1875,-0.0303,-0.116,-0.2787,-0.0495,-0.1158,-0.3366,-0.0596,-0.1147,-0.3852,-0.0659,-0.0679,-0.1997,-0.0199,-0.0645,-0.2565,-0.0588,-0.0528,-0.1942,-0.0705,-0.0522,-0.1558,-0.066,-0.0308,-0.2048,-0.0129,-0.0269,-0.2482,-0.0481,-0.0229,-0.1964,-0.048,-0.0275,-0.1632,-0.0347,0.0023,-0.2039,-0.0088,-0.0006,-0.275,-0.0283,-0.001,-0.3127,-0.0285,-0.0065,-0.3504,-0.0213
6,Zoom (Rock Sign),0.0,0.0,0.0,-0.0412,-0.0263,-0.0399,-0.0638,-0.0928,-0.0603,-0.045,-0.1601,-0.0772,-0.017,-0.206,-0.0907,-0.1055,-0.1856,-0.0305,-0.117,-0.2747,-0.0529,-0.1163,-0.3308,-0.0641,-0.1139,-0.3787,-0.0703,-0.0675,-0.1954,-0.0213,-0.0615,-0.2521,-0.0625,-0.0541,-0.1874,-0.0733,-0.0582,-0.1535,-0.0677,-0.0309,-0.2001,-0.0158,-0.0227,-0.239,-0.0547,-0.0226,-0.1798,-0.0532,-0.0325,-0.1485,-0.0381,0.0017,-0.2003,-0.0129,0.0006,-0.27,-0.0356,-0.0008,-0.3072,-0.0354,-0.007,-0.3473,-0.027
6,Zoom (Rock Sign),0.0,0.0,0.0,-0.0417,-0.0252,-0.04,-0.0667,-0.0947,-0.0597,-0.0504,-0.1636,-0.0758,-0.0227,-0.2064,-0.0885,-0.1077,-0.186,-0.0287,-0.1199,-0.2765,-0.0484,-0.1202,-0.3331,-0.059,-0.1195,-0.3819,-0.0657,-0.0697,-0.1982,-0.0195,-0.0646,-0.2555,-0.0601,-0.054,-0.1933,-0.0733,-0.0546,-0.1559,-0.0697,-0.0329,-0.2032,-0.0135,-0.0263,-0.2462,-0.0505,-0.0233,-0.1914,-0.0516,-0.0298,-0.1579,-0.0386,-0.0004,-0.2027,-0.0103,-0.0026,-0.2729,-0.0311,-0.0036,-0.3117,-0.0319,-0.0089,-0.3515,-0.0249
6,Zoom (Rock Sign),0.0,0.0,0.0,-0.0413,-0.0264,-0.0393,-0.0662,-0.0965,-0.0581,-0.0497,-0.1657,-0.0732,-0.0217,-0.209,-0.0849,-0.1075,-0.187,-0.0284,-0.1191,-0.2756,-0.0473,-0.1201,-0.3322,-0.0564,-0.1193,-0.3802,-0.0619,-0.0698,-0.1988,-0.0189,-0.065,-0.2569,-0.0569,-0.0549,-0.1936,-0.067,-0.0564,-0.1575,-0.0616,-0.0329,-0.2033,-0.0128,-0.0265,-0.2451,-0.0483,-0.0239,-0.1898,-0.0478,-0.0312,-0.1573,-0.0341,-0.0001,-0.2024,-0.0094,-0.0026,-0.2738,-0.0304,-0.0035,-0.3121,-0.0312,-0.0092,-0.351,-0.0243
6,Zoom (Rock Sign),0.0,0.0,0.0,-0.0448,-0.024,-0.0367,-0.0715,-0.0942,-0.0551,-0.0533,-0.1632,-0.0708,-0.0195,-0.2016,-0.0837,-0.1069,-0.1875,-0.0246,-0.1202,-0.2775,-0.0437,-0.1191,-0.3325,-0.0547,-0.1173,-0.3816,-0.0614,-0.0691,-0.1989,-0.0173,-0.0633,-0.2559,-0.0588,-0.0535,-0.195,-0.0745,-0.0534,-0.1538,-0.0719,-0.0324,-0.2035,-0.013,-0.0263,-0.2447,-0.0505,-0.0233,-0.1896,-0.0541,-0.0291,-0.1555,-0.0421,-0.0002,-0.2027,-0.0111,-0.0013,-0.2738,-0.03,-0.0019,-0.3128,-0.0305,-0.0064,-0.3531,-0.0233
6,Zoom (Rock Sign),0.0,0.0,0.0,-0.0446,-0.0256,-0.0352,-0.0712,-0.0962,-0.0523,-0.0536,-0.1661,-0.0666,-0.0215,-0.2079,-0.078,-0.1077,-0.1888,-0.025,-0.1207,-0.2792,-0.0433,-0.1202,-0.3348,-0.0533,-0.1196,-0.3842,-0.0596,-0.0702,-0.2013,-0.018,-0.0678,-0.2581,-0.0564,-0.0575,-0.1964,-0.0692,-0.0576,-0.1575,-0.0658,-0.0333,-0.2057,-0.0137,-0.0283,-0.2441,-0.0491,-0.0255,-0.1871,-0.0501,-0.0317,-0.1531,-0.0373,-0.0006,-0.2045,-0.0117,-0.002,-0.2764,-0.0309,-0.0028,-0.3158,-0.0308,-0.0083,-0.356,-0.0234
6,Zoom (Rock Sign),0.0,0.0,0.0,-0.0463,-0.0296,-0.0259,-0.0711,-0.1046,-0.0402,-0.0503,-0.1722,-0.054,-0.0089,-0.2039,-0.0656,-0.0975,-0.1923,-0.0174,-0.1096,-0.2818,-0.0335,-0.1083,-0.3328,-0.0423,-0.1053,-0.3805,-0.0482,-0.0605,-0.2013,-0.0152,-0.058,-0.2524,-0.0497,-0.0535,-0.1938,-0.0614,-0.0548,-0.1597,-0.0594,-0.0237,-0.2025,-0.0151,-0.0215,-0.241,-0.0467,-0.0244,-0.1848,-0.046,-0.0308,-0.1498,-0.0343,0.0089,-0.1994,-0.0169,0.0101,-0.2713,-0.0332,0.0088,-0.3129,-0.0319,0.0049,-0.3552,-0.0251
6,Zoom (Rock Sign),0.0,0.0,0.0,-0.0472,-0.0253,-0.0249,-0.0727,-0.0995,-0.0379,-0.0551,-0.166,-0.0505,-0.0216,-0.2006,-0.0611,-0.0989,-0.1931,-0.0167,-0.1091,-0.2818,-0.0322,-0.1092,-0.3347,-0.0405,-0.1076,-0.3834,-0.0461,-0.0631,-0.2032,-0.0146,-0.0583,-0.2537,-0.0477,-0.0538,-0.1932,-0.0578,-0.0552,-0.1589,-0.0549,-0.0265,-0.2046,-0.0148,-0.0213,-0.2414,-0.0461,-0.0239,-0.1832,-0.0442,-0.03,-0.1483,-0.0318,0.0066,-0.2007,-0.0166,0.0082,-0.2725,-0.0336,0.0081,-0.3137,-0.0319,0.0057,-0.3555,-0.0247
6,Zoom (Rock Sign),0.0,0.0,0.0,-0.051,-0.0392,-0.0154,-0.073,-0.1156,-0.0252,-0.0517,-0.1775,-0.0364,-0.011,-0.2015,-0.0465,-0.0901,-0.1886,-0.0086,-0.1011,-0.278,-0.0251,-0.1026,-0.3326,-0.0355,-0.1019,-0.3832,-0.0425,-0.0536,-0.1952,-0.0106,-0.053,-0.246,-0.043,-0.0491,-0.1889,-0.0534,-0.0468,-0.1575,-0.0516,-0.0163,-0.1958,-0.0144,-0.0161,-0.2338,-0.043,-0.0227,-0.1805,-0.0396,-0.0269,-0.1465,-0.0272,0.0171,-0.1931,-0.0196,0.0208,-0.2667,-0.0339,0.0201,-0.3112,-0.0306,0.0196,-0.3548,-0.023
6,Zoom (Rock Sign),0.0,0.0,0.0,-0.0532,-0.0389,-0.0111,-0.081,-0.1197,-0.0173,-0.0787,-0.1866,-0.0261,-0.0597,-0.2248,-0.0339,-0.0887,-0.1899,-0.0045,-0.1008,-0.2784,-0.0203,-0.1041,-0.3317,-0.0281,-0.1026,-0.3809,-0.0323,-0.054,-0.1958,-0.0081,-0.0552,-0.2424,-0.0401,-0.0535,-0.1849,-0.0486,-0.05,-0.1538,-0.0447,-0.0172,-0.1959,-0.0134,-0.0196,-0.2308,-0.0433,-0.0252,-0.1757,-0.0382,-0.0268,-0.1416,-0.0238,0.0165,-0.1921,-0.0195,0.019,-0.2649,-0.0351,0.0175,-0.3095,-0.031,0.0176,-0.3518,-0.0221
6,Zoom (Rock Sign),0.0,0.0,0.0,-0.0555,-0.0325,-0.0192,-0.0853,-0.1137,-0.0293,-0.0626,-0.1822,-0.0406,-0.0161,-0.1984,-0.0504,-0.0915,-0.1967,-0.0084,-0.1041,-0.2831,-0.0247,-0.1083,-0.3354,-0.0345,-0.1093,-0.3855,-0.0415,-0.0539,-0.2052,-0.0094,-0.061,-0.247,-0.041,-0.0561,-0.1847,-0.0491,-0.0492,-0.1566,-0.0454,-0.0174,-0.2042,-0.0131,-0.0235,-0.2365,-0.0415,-0.0302,-0.1793,-0.0366,-0.0301,-0.1469,-0.023,0.0158,-0.1989,-0.0187,0.0176,-0.2698,-0.0321,0.016,-0.3116,-0.0285,0.0171,-0.3547,-0.0207
6,Zoom (Rock Sign),0.0,0.0,0.0,-0.0551,-0.033,-0.0213,-0.0842,-0.1128,-0.0334,-0.0646,-0.1807,-0.0456,-0.0194,-0.1994,-0.0561,-0.0949,-0.1989,-0.0128,-0.1081,-0.2864,-0.0279,-0.1122,-0.3382,-0.0372,-0.1136,-0.3881,-0.0439,-0.0582,-0.2077,-0.0123,-0.061,-0.2531,-0.0449,-0.057,-0.1921,-0.0559,-0.0525,-0.1587,-0.0537,-0.0211,-0.2079,-0.0135,-0.025,-0.2441,-0.0415,-0.0302,-0.1881,-0.0384,-0.0314,-0.1535,-0.0259,0.0133,-0.2023,-0.0165,0.0144,-0.2752,-0.0293,0.0138,-0.3195,-0.0258,0.0143,-0.3623,-0.0181
6,Zoom (Rock Sign),0.0,0.0,0.0,-0.0552,-0.0364,-0.0196,-0.0874,-0.1146,-0.0303,-0.0651,-0.1854,-0.0423,-0.0208,-0.2135,-0.0528,-0.098,-0.2038,-0.0081,-0.1078,-0.2922,-0.0229,-0.1105,-0.3451,-0.0315,-0.112,-0.3946,-0.0382,-0.0597,-0.2128,-0.0095,-0.0626,-0.257,-0.0422,-0.0585,-0.198,-0.0522,-0.055,-0.164,-0.0499,-0.0217,-0.2116,-0.0134,-0.0222,-0.2507,-0.0438,-0.0284,-0.1973,-0.0415,-0.0323,-0.1623,-0.0297,0.0141,-0.2036,-0.0191,0.0188,-0.2748,-0.0357,0.0201,-0.3181,-0.0349,0.0213,-0.3622,-0.0291
6,Zoom (Rock Sign),0.0,0.0,0.0,-0.0542,-0.0359,-0.0166,-0.0836,-0.1109,-0.0275,-0.0733,-0.1756,-0.0398,-0.0368,-0.2059,-0.0508,-0.0948,-0.2083,-0.0099,-0.1058,-0.2961,-0.0254,-0.1106,-0.3454,-0.034,-0.1128,-0.3954,-0.0399,-0.0578,-0.2128,-0.0131,-0.0628,-0.2572,-0.0481,-0.0629,-0.1995,-0.061,-0.0601,-0.1652,-0.0601,-0.0199,-0.2087,-0.0179,-0.0243,-0.2419,-0.0502,-0.0326,-0.188,-0.0502,-0.0371,-0.1557,-0.0392,0.0156,-0.1994,-0.0236,0.0202,-0.2737,-0.0397,0.0203,-0.319,-0.038,0.02,-0.3635,-0.0315
6,Zoom (Rock Sign),0.0,0.0,0.0,-0.0499,-0.0338,-0.0186,-0.0841,-0.1059,-0.0301,-0.0651,-0.1712,-0.0429,-0.0208,-0.1968,-0.0546,-0.0974,-0.2094,-0.0131,-0.1098,-0.2977,-0.0285,-0.1137,-0.3454,-0.0377,-0.1164,-0.3919,-0.0455,-0.0605,-0.2131,-0.016,-0.0589,-0.2558,-0.0501,-0.0583,-0.1968,-0.0618,-0.0597,-0.1635,-0.0616,-0.0231,-0.2073,-0.0207,-0.0213,-0.247,-0.0527,-0.0272,-0.194,-0.0516,-0.0329,-0.1608,-0.0411,0.0119,-0.1964,-0.027,0.0162,-0.2687,-0.046,0.0151,-0.3133,-0.0463,0.0134,-0.3599,-0.0415
6,Zoom (Rock Sign),0.0,0.0,0.0,-0.0506,-0.0299,-0.018,-0.0842,-0.1027,-0.0289,-0.0664,-0.1682,-0.0409,-0.0236,-0.196,-0.0516,-0.0973,-0.2102,-0.0142,-0.1099,-0.2978,-0.0288,-0.1142,-0.3435,-0.0365,-0.1169,-0.3906,-0.0429,-0.06,-0.2133,-0.017,-0.0575,-0.251,-0.0512,-0.0582,-0.1907,-0.0631,-0.0607,-0.1604,-0.0629,-0.0218,-0.2071,-0.0214,-0.0182,-0.2399,-0.0547,-0.027,-0.1835,-0.055,-0.0365,-0.1532,-0.045,0.0135,-0.1964,-0.0269,0.0185,-0.2668,-0.0468,0.0181,-0.3101,-0.0474,0.0168,-0.3574,-0.0423
6,Zoom (Rock Sign),0.0,0.0,0.0,-0.0533,-0.0341,-0.024,-0.0855,-0.0995,-0.0395,-0.0697,-0.1656,-0.0561,-0.0325,-0.2027,-0.0711,-0.0979,-0.2113,-0.016,-0.1096,-0.2982,-0.0359,-0.1162,-0.3481,-0.046,-0.1215,-0.3948,-0.053,-0.0595,-0.2164,-0.018,-0.0618,-0.2688,-0.0562,-0.0613,-0.2086,-0.0668,-0.0615,-0.1786,-0.0638,-0.021,-0.2128,-0.0228,-0.0202,-0.2548,-0.0609,-0.026,-0.1963,-0.0578,-0.0311,-0.1636,-0.0433,0.0147,-0.2036,-0.0295,0.017,-0.2777,-0.0525,0.0149,-0.3228,-0.0518,0.0124,-0.3704,-0.0446
6,Zoom (Rock Sign),0.0,0.0,0.0,-0.053,-0.0329,-0.021,-0.0867,-0.1055,-0.0346,-0.0696,-0.1712,-0.0493,-0.0248,-0.1929,-0.0626,-0.097,-0.2118,-0.0151,-0.1093,-0.2975,-0.0326,-0.1146,-0.3446,-0.0416,-0.1184,-0.393,-0.0482,-0.0576,-0.2155,-0.0178,-0.0627,-0.2609,-0.0563,-0.0601,-0.1966,-0.0675,-0.0572,-0.1632,-0.0644,-0.0182,-0.2104,-0.0227,-0.0216,-0.2442,-0.0592,-0.0264,-0.1844,-0.057,-0.0302,-0.1506,-0.0431,0.0179,-0.2007,-0.0292,0.0195,-0.2754,-0.0488,0.0189,-0.3203,-0.0473,0.0179,-0.3671,-0.0401
6,Zoom (Rock Sign),0.0,0.0,0.0,-0.054,-0.0338,-0.0264,-0.0863,-0.0991,-0.0443,-0.0718,-0.166,-0.0629,-0.0311,-0.198,-0.0795,-0.0976,-0.2053,-0.0204,-0.1107,-0.2979,-0.0418,-0.1169,-0.3491,-0.0526,-0.1218,-0.3993,-0.0601,-0.0591,-0.2112,-0.0213,-0.0653,-0.2588,-0.0613,-0.0653,-0.2006,-0.0724,-0.0638,-0.1752,-0.0698,-0.0216,-0.2092,-0.0253,-0.0248,-0.2459,-0.0635,-0.0327,-0.1917,-0.0608,-0.0368,-0.1624,-0.0469,0.0127,-0.2029,-0.0315,0.0137,-0.2779,-0.0529,0.011,-0.3247,-0.0518,0.0088,-0.3728,-0.0448
6,Zoom (Rock Sign),0.0,0.0,0.0,-0.0521,-0.0302,-0.0231,-0.0858,-0.1001,-0.0381,-0.0723,-0.1671,-0.0538,-0.0326,-0.1969,-0.068,-0.0977,-0.204,-0.0194,-0.1108,-0.2958,-0.038,-0.1173,-0.3474,-0.0466,-0.1223,-0.3977,-0.0529,-0.0592,-0.2095,-0.0209,-0.0647,-0.2561,-0.0589,-0.0618,-0.1933,-0.0683,-0.0591,-0.1635,-0.0648,-0.0205,-0.2072,-0.0248,-0.0235,-0.246,-0.0615,-0.0287,-0.188,-0.0581,-0.0326,-0.1553,-0.0439,0.0148,-0.2004,-0.0305,0.0157,-0.2773,-0.0517,0.0147,-0.3244,-0.0509,0.014,-0.3727,-0.0443
6,Zoom (Rock Sign),0.0,0.0,0.0,-0.052,-0.0301,-0.0229,-0.0856,-0.0988,-0.0386,-0.0677,-0.1677,-0.0554,-0.0271,-0.1969,-0.0701,-0.0986,-0.2055,-0.0194,-0.1113,-0.2993,-0.0398,-0.1157,-0.3498,-0.0494,-0.1176,-0.3977,-0.0564,-0.0605,-0.2113,-0.0212,-0.0623,-0.2565,-0.0588,-0.0633,-0.1944,-0.0667,-0.0659,-0.1724,-0.0633,-0.0221,-0.2098,-0.026,-0.0221,-0.2508,-0.0619,-0.0301,-0.1919,-0.0563,-0.0372,-0.161,-0.0418,0.0133,-0.2033,-0.0328,0.0164,-0.277,-0.055,0.0143,-0.3222,-0.0545,0.0122,-0.3706,-0.0482
6,Zoom (Rock Sign),0.0,0.0,0.0,-0.0514,-0.0299,-0.0217,-0.0852,-0.1023,-0.0359,-0.0666,-0.1698,-0.051,-0.0248,-0.1962,-0.0643,-0.0963,-0.206,-0.0192,-0.1092,-0.2995,-0.0381,-0.1136,-0.3494,-0.0469,-0.1166,-0.3989,-0.0534,-0.0578,-0.2112,-0.0211,-0.0615,-0.2566,-0.0586,-0.06,-0.1912,-0.0669,-0.0601,-0.1637,-0.0631,-0.0193,-0.2084,-0.0253,-0.0211,-0.2452,-0.0608,-0.027,-0.1844,-0.0558,-0.0324,-0.1523,-0.0411,0.0161,-0.2018,-0.0313,0.0186,-0.2775,-0.052,0.0177,-0.3234,-0.0507,0.0165,-0.3714,-0.0439
6,Zoom (Rock Sign),0.0,0.0,0.0,-0.052,-0.0314,-0.0212,-0.0855,-0.0993,-0.0352,-0.0664,-0.1658,-0.0498,-0.0238,-0.1976,-0.0631,-0.0975,-0.203,-0.0206,-0.1089,-0.2988,-0.0385,-0.1129,-0.3494,-0.0481,-0.1178,-0.3987,-0.056,-0.0591,-0.2091,-0.0227,-0.0616,-0.2546,-0.0579,-0.0619,-0.1985,-0.0683,-0.0642,-0.1706,-0.0678,-0.0208,-0.2065,-0.0267,-0.022,-0.2464,-0.0602,-0.0276,-0.1926,-0.0571,-0.0334,-0.1604,-0.0453,0.0148,-0.1991,-0.0325,0.0178,-0.2749,-0.0527,0.0173,-0.3217,-0.0521,0.0156,-0.3685,-0.0466
6,Zoom (Rock Sign),0.0,0.0,0.0,-0.0515,-0.028,-0.0193,-0.0878,-0.0984,-0.0316,-0.0711,-0.1647,-0.0446,-0.026,-0.1938,-0.0565,-0.1005,-0.203,-0.0172,-0.1145,-0.2914,-0.0315,-0.1193,-0.339,-0.0389,-0.123,-0.3856,-0.0448,-0.0622,-0.2096,-0.0192,-0.0645,-0.2419,-0.0522,-0.0602,-0.1873,-0.0641,-0.0573,-0.158,-0.0642,-0.0242,-0.207,-0.0224,-0.0278,-0.2354,-0.0547,-0.0291,-0.183,-0.0542,-0.03,-0.1517,-0.0434,0.0107,-0.2002,-0.0267,0.013,-0.2749,-0.0438,0.0145,-0.3215,-0.042,0.0147,-0.3681,-0.0353
6,Zoom (Rock Sign),0.0,0.0,0.0,-0.0522,-0.0289,-0.0199,-0.0887,-0.0974,-0.0325,-0.0728,-0.1639,-0.0458,-0.0285,-0.1935,-0.0578,-0.1,-0.1994,-0.0179,-0.115,-0.2904,-0.0325,-0.1186,-0.3394,-0.0403,-0.1216,-0.3881,-0.0467,-0.0621,-0.2065,-0.0195,-0.0641,-0.2416,-0.0522,-0.0611,-0.1858,-0.0633,-0.0601,-0.1575,-0.063,-0.0242,-0.2046,-0.0225,-0.0257,-0.232,-0.0546,-0.0298,-0.1785,-0.0542,-0.0338,-0.1482,-0.0438,0.0108,-0.1985,-0.0268,0.0141,-0.2721,-0.0446,0.0145,-0.3179,-0.0437,0.0137,-0.3642,-0.0377
6,Zoom (Rock Sign),0.0,0.0,0.0,-0.0558,-0.028,-0.0179,-0.0976,-0.0983,-0.0295,-0.0829,-0.1662,-0.0421,-0.0367,-0.1929,-0.054,-0.1019,-0.1975,-0.0141,-0.1171,-0.2876,-0.0276,-0.1216,-0.3397,-0.0363,-0.1241,-0.389,-0.0441,-0.0648,-0.2063,-0.0168,-0.0743,-0.245,-0.0506,-0.0709,-0.1916,-0.0635,-0.0654,-0.1575,-0.0641,-0.0284,-0.2054,-0.0209,-0.0371,-0.2401,-0.051,-0.0424,-0.1907,-0.0508,-0.0424,-0.1558,-0.0414,0.0058,-0.1991,-0.0264,0.0083,-0.2753,-0.043,0.0081,-0.3243,-0.0436,0.0085,-0.3702,-0.0395
6,Zoom (Rock Sign),0.0,0.0,0.0,-0.0551,-0.0256,-0.0183,-0.0967,-0.0948,-0.0297,-0.0829,-0.1647,-0.0419,-0.0381,-0.1931,-0.0532,-0.1011,-0.1965,-0.0169,-0.1165,-0.2867,-0.0322,-0.1204,-0.3381,-0.0415,-0.1238,-0.3892,-0.0497,-0.0628,-0.2058,-0.0192,-0.0737,-0.2477,-0.0536,-0.0698,-0.1886,-0.0641,-0.0647,-0.1565,-0.0631,-0.0254,-0.2048,-0.0231,-0.0333,-0.238,-0.0549,-0.0387,-0.182,-0.0526,-0.0403,-0.1471,-0.0412,0.0095,-0.1986,-0.0285,0.0115,-0.2751,-0.0479,0.0101,-0.3229,-0.049,0.0086,-0.37,-0.0447
6,Zoom (Rock Sign),0.0,0.0,0.0,-0.0542,-0.0215,-0.0206,-0.0959,-0.0859,-0.0351,-0.0861,-0.1558,-0.0507,-0.0445,-0.1862,-0.065,-0.1017,-0.1887,-0.0179,-0.1201,-0.28,-0.0344,-0.128,-0.3325,-0.042,-0.1336,-0.3824,-0.0484,-0.0664,-0.1962,-0.0201,-0.0794,-0.2394,-0.0559,-0.0728,-0.1781,-0.0632,-0.0671,-0.1512,-0.0591,-0.031,-0.1966,-0.0244,-0.0416,-0.237,-0.0572,-0.0434,-0.1778,-0.05,-0.043,-0.1429,-0.0347,0.0016,-0.1917,-0.0308,0.0012,-0.2659,-0.0502,-0.0001,-0.3133,-0.0488,-0.0014,-0.3621,-0.0425
6,Zoom (Rock Sign),0.0,0.0,0.0,-0.052,-0.0214,-0.0181,-0.093,-0.0871,-0.0314,-0.0838,-0.1573,-0.0464,-0.0455,-0.1869,-0.0605,-0.0986,-0.1921,-0.0168,-0.1159,-0.2802,-0.0328,-0.1232,-0.3329,-0.0407,-0.1289,-0.3806,-0.0471,-0.063,-0.1991,-0.0197,-0.0753,-0.2369,-0.0539,-0.0703,-0.1742,-0.0611,-0.0665,-0.1468,-0.0573,-0.0275,-0.1993,-0.0244,-0.0375,-0.2361,-0.0566,-0.0407,-0.1744,-0.0495,-0.0412,-0.1377,-0.0347,0.0044,-0.1938,-0.0308,0.0043,-0.2684,-0.0501,0.0013,-0.3154,-0.0483,-0.0011,-0.3642,-0.0417
6,Zoom (Rock Sign),0.0,0.0,0.0,-0.0532,-0.0251,-0.0204,-0.0931,-0.0903,-0.0342,-0.0859,-0.1582,-0.0492,-0.0491,-0.1912,-0.0629,-0.1001,-0.19,-0.0176,-0.1181,-0.2767,-0.0355,-0.127,-0.3251,-0.045,-0.1352,-0.3716,-0.0521,-0.0663,-0.1976,-0.0195,-0.0784,-0.2396,-0.0556,-0.0756,-0.1799,-0.0652,-0.0733,-0.1516,-0.0626,-0.0322,-0.1981,-0.0234,-0.0404,-0.2364,-0.0571,-0.0436,-0.1757,-0.0519,-0.0449,-0.1392,-0.0375,-0.0007,-0.1932,-0.0292,-0.003,-0.2676,-0.0484,-0.0058,-0.3134,-0.0468,-0.0075,-0.3598,-0.04
6,Zoom (Rock Sign),0.0,0.0,0.0,-0.0535,-0.022,-0.0195,-0.0932,-0.0874,-0.0322,-0.0843,-0.1551,-0.0459,-0.0461,-0.1874,-0.058,-0.1007,-0.1885,-0.0163,-0.1177,-0.2761,-0.0327,-0.1253,-0.3248,-0.041,-0.1316,-0.3712,-0.0472,-0.0662,-0.1964,-0.0179,-0.08,-0.236,-0.0529,-0.0743,-0.1751,-0.0616,-0.0693,-0.1451,-0.0584,-0.0314,-0.1974,-0.0214,-0.0414,-0.2339,-0.0536,-0.043,-0.1739,-0.0482,-0.0428,-0.138,-0.0338,0.0005,-0.1934,-0.0266,-0.0005,-0.2675,-0.0446,-0.0027,-0.3123,-0.0428,-0.0052,-0.3587,-0.0361
6,Zoom (Rock Sign),0.0,0.0,0.0,-0.0554,-0.0236,-0.019,-0.0956,-0.084,-0.0311,-0.093,-0.1504,-0.0448,-0.0586,-0.186,-0.0572,-0.105,-0.1808,-0.0105,-0.1237,-0.2682,-0.027,-0.133,-0.3148,-0.0355,-0.1399,-0.3542,-0.0408,-0.0722,-0.1905,-0.0125,-0.0865,-0.2357,-0.0473,-0.0844,-0.1842,-0.0587,-0.0794,-0.1509,-0.0569,-0.0393,-0.1945,-0.0168,-0.0489,-0.2314,-0.0498,-0.0534,-0.1756,-0.0484,-0.0536,-0.1385,-0.036,-0.0084,-0.1934,-0.0225,-0.0089,-0.2664,-0.0398,-0.0123,-0.3116,-0.0391,-0.0162,-0.356,-0.0329
6,Zoom (Rock Sign),0.0,0.0,0.0,-0.0555,-0.0205,-0.0184,-0.0943,-0.0797,-0.0312,-0.0914,-0.1434,-0.0452,-0.0571,-0.1787,-0.0578,-0.1029,-0.1804,-0.0123,-0.1216,-0.2667,-0.0293,-0.1322,-0.3128,-0.0379,-0.1398,-0.3534,-0.0433,-0.0702,-0.1888,-0.0149,-0.0887,-0.2304,-0.051,-0.0836,-0.1757,-0.0618,-0.0746,-0.1436,-0.0592,-0.037,-0.1915,-0.0195,-0.0499,-0.2246,-0.0527,-0.0528,-0.1693,-0.0498,-0.052,-0.1352,-0.0366,-0.0055,-0.1896,-0.0255,-0.0073,-0.2618,-0.0432,-0.0097,-0.3055,-0.0418,-0.0134,-0.3505,-0.0351
6,Zoom (Rock Sign),0.0,0.0,0.0,-0.0527,-0.0215,-0.0186,-0.0919,-0.0826,-0.0313,-0.0897,-0.1471,-0.0455,-0.0539,-0.179,-0.0587,-0.0991,-0.1811,-0.0137,-0.1203,-0.261,-0.0311,-0.1319,-0.3077,-0.0402,-0.1399,-0.3525,-0.0468,-0.0676,-0.1916,-0.0173,-0.0811,-0.2472,-0.0554,-0.0806,-0.1904,-0.0661,-0.0767,-0.1543,-0.0626,-0.0351,-0.1932,-0.0228,-0.0473,-0.2304,-0.0583,-0.0524,-0.1679,-0.0556,-0.0519,-0.1287,-0.0416,-0.0044,-0.1885,-0.0299,-0.0039,-0.2621,-0.049,-0.0075,-0.3078,-0.0487,-0.0111,-0.3549,-0.0428
6,Zoom (Rock Sign),0.0,0.0,0.0,-0.0525,-0.0214,-0.0199,-0.0902,-0.0818,-0.0332,-0.0895,-0.1433,-0.0477,-0.0566,-0.1782,-0.0606,-0.0994,-0.1812,-0.0127,-0.1205,-0.2621,-0.0304,-0.1318,-0.3087,-0.0387,-0.1377,-0.3544,-0.0437,-0.067,-0.1887,-0.0154,-0.0789,-0.2419,-0.0552,-0.0754,-0.1843,-0.0669,-0.0681,-0.148,-0.0629,-0.0339,-0.1893,-0.0203,-0.0459,-0.2241,-0.0569,-0.0497,-0.167,-0.0557,-0.0487,-0.1323,-0.0419,-0.0026,-0.1855,-0.0266,-0.0038,-0.2591,-0.0454,-0.0066,-0.3054,-0.045,-0.0101,-0.3531,-0.0386
6,Zoom (Rock Sign),0.0,0.0,0.0,-0.0559,-0.0178,-0.0197,-0.0979,-0.0768,-0.0335,-0.0969,-0.1448,-0.0496,-0.0578,-0.1774,-0.0646,-0.0966,-0.1819,-0.0095,-0.1177,-0.2579,-0.0258,-0.1309,-0.3087,-0.0353,-0.1404,-0.3552,-0.0432,-0.0661,-0.1948,-0.013,-0.0876,-0.2307,-0.0505,-0.0817,-0.1735,-0.0601,-0.0732,-0.1408,-0.0564,-0.0359,-0.1976,-0.0191,-0.0534,-0.2367,-0.0541,-0.0527,-0.1766,-0.0472,-0.0477,-0.1369,-0.0308,-0.0068,-0.1923,-0.0274,-0.0094,-0.2601,-0.0479,-0.013,-0.3042,-0.0465,-0.0162,-0.3507,-0.0396
6,Zoom (Rock Sign),0.0,0.0,0.0,-0.0538,-0.0184,-0.0191,-0.0946,-0.0764,-0.0324,-0.094,-0.142,-0.0477,-0.0563,-0.1762,-0.0616,-0.0953,-0.1802,-0.009,-0.116,-0.2564,-0.0267,-0.1287,-0.307,-0.0368,-0.1364,-0.3538,-0.0444,-0.064,-0.1916,-0.0125,-0.0847,-0.2322,-0.0537,-0.0784,-0.1697,-0.0647,-0.0676,-0.1319,-0.0604,-0.0337,-0.1939,-0.0184,-0.051,-0.2334,-0.0557,-0.0498,-0.1714,-0.0492,-0.0425,-0.1313,-0.0319,-0.0052,-0.1886,-0.0263,-0.0065,-0.2575,-0.0469,-0.0099,-0.3018,-0.0453,-0.0128,-0.3485,-0.0379
6,Zoom (Rock Sign),0.0,0.0,0.0,-0.0557,-0.0155,-0.0204,-0.0966,-0.0737,-0.0346,-0.1001,-0.1401,-0.0504,-0.0659,-0.1734,-0.0648,-0.1078,-0.1716,-0.0131,-0.1336,-0.2564,-0.0321,-0.145,-0.3067,-0.0426,-0.154,-0.3551,-0.0498,-0.0749,-0.1857,-0.0159,-0.09,-0.2233,-0.0585,-0.0814,-0.1691,-0.0724,-0.074,-0.137,-0.0705,-0.0426,-0.1922,-0.0212,-0.0568,-0.2222,-0.0601,-0.0568,-0.164,-0.0597,-0.0548,-0.1274,-0.047,-0.0133,-0.1924,-0.0282,-0.0143,-0.2627,-0.0489,-0.0167,-0.3073,-0.0501,-0.0208,-0.3528,-0.0453
6,Zoom (Rock Sign),0.0,0.0,0.0,-0.0547,-0.0158,-0.0185,-0.097,-0.0716,-0.0317,-0.0948,-0.14,-0.0466,-0.0603,-0.1723,-0.0603,-0.1058,-0.171,-0.0154,-0.1299,-0.2555,-0.0331,-0.1404,-0.3057,-0.0424,-0.1501,-0.3535,-0.0496,-0.0738,-0.1866,-0.0182,-0.0916,-0.2205,-0.0552,-0.0823,-0.1632,-0.0651,-0.0755,-0.1346,-0.0628,-0.0421,-0.1939,-0.0231,-0.0561,-0.2229,-0.0582,-0.0567,-0.1646,-0.0549,-0.0562,-0.13,-0.0419,-0.0128,-0.1955,-0.0295,-0.0136,-0.2666,-0.0503,-0.0147,-0.3109,-0.0509,-0.0179,-0.3561,-0.0459
6,Zoom (Rock Sign),0.0,0.0,0.0,-0.0547,-0.0144,-0.0193,-0.0976,-0.0711,-0.0338,-0.0977,-0.1398,-0.0501,-0.0594,-0.1689,-0.065,-0.1064,-0.1721,-0.0152,-0.1304,-0.2582,-0.034,-0.1398,-0.3103,-0.0434,-0.1469,-0.3602,-0.0503,-0.0741,-0.1859,-0.0178,-0.0911,-0.2202,-0.0568,-0.0794,-0.1578,-0.0654,-0.071,-0.1296,-0.061,-0.0417,-0.1924,-0.0228,-0.0558,-0.2241,-0.0585,-0.0544,-0.1645,-0.0528,-0.0524,-0.1304,-0.0375,-0.0123,-0.1921,-0.0296,-0.0132,-0.2632,-0.0501,-0.0143,-0.3073,-0.0495,-0.0173,-0.3537,-0.0433
6,Zoom (Rock Sign),0.0,0.0,0.0,-0.0534,-0.0173,-0.018,-0.0937,-0.0743,-0.0306,-0.0912,-0.1427,-0.0452,-0.0582,-0.1757,-0.059,-0.1044,-0.1716,-0.0125,-0.1249,-0.2564,-0.0288,-0.1351,-0.308,-0.038,-0.1442,-0.3562,-0.0453,-0.0724,-0.1848,-0.0153,-0.0869,-0.2212,-0.0504,-0.0795,-0.1628,-0.06,-0.0745,-0.1343,-0.0582,-0.0404,-0.1913,-0.0202,-0.0514,-0.2271,-0.0535,-0.0531,-0.1679,-0.0494,-0.0536,-0.1317,-0.0365,-0.0113,-0.1917,-0.0269,-0.0115,-0.2637,-0.0466,-0.013,-0.3091,-0.0467,-0.0158,-0.3551,-0.0417
6,Zoom (Rock Sign),0.0,0.0,0.0,-0.0527,-0.0163,-0.0201,-0.0938,-0.0729,-0.034,-0.092,-0.1403,-0.049,-0.0551,-0.1723,-0.0628,-0.102,-0.1709,-0.0161,-0.1242,-0.257,-0.0326,-0.1349,-0.3069,-0.0411,-0.1445,-0.3548,-0.0479,-0.0698,-0.182,-0.0176,-0.0834,-0.2155,-0.0543,-0.0756,-0.1548,-0.0639,-0.0705,-0.1282,-0.0612,-0.0382,-0.187,-0.0212,-0.0475,-0.2188,-0.055,-0.0495,-0.1584,-0.0509,-0.0505,-0.1233,-0.0374,-0.0095,-0.1863,-0.0265,-0.0108,-0.2575,-0.0463,-0.0123,-0.3038,-0.0462,-0.0143,-0.351,-0.0406
6,Zoom (Rock Sign),0.0,0.0,0.0,-0.0531,-0.0139,-0.0174,-0.0938,-0.0732,-0.0295,-0.0883,-0.1409,-0.0433,-0.0542,-0.1742,-0.0563,-0.104,-0.1794,-0.0119,-0.1227,-0.2574,-0.0267,-0.1342,-0.3086,-0.036,-0.1436,-0.354,-0.0439,-0.0701,-0.1908,-0.0149,-0.0849,-0.2182,-0.0491,-0.0788,-0.1564,-0.0588,-0.0737,-0.127,-0.0569,-0.0374,-0.193,-0.0197,-0.0472,-0.2221,-0.0523,-0.0505,-0.1594,-0.0474,-0.052,-0.1228,-0.0342,-0.0081,-0.1879,-0.0262,-0.0079,-0.2567,-0.0462,-0.0095,-0.2998,-0.0454,-0.0116,-0.3468,-0.0394
6,Zoom (Rock Sign),0.0,0.0,0.0,-0.0532,-0.0163,-0.0197,-0.0953,-0.0734,-0.0338,-0.091,-0.1407,-0.0496,-0.0538,-0.1732,-0.0643,-0.1033,-0.176,-0.015,-0.1229,-0.258,-0.0316,-0.1344,-0.3086,-0.0406,-0.1445,-0.3546,-0.048,-0.0707,-0.1877,-0.0171,-0.0849,-0.2184,-0.0525,-0.0777,-0.1557,-0.0609,-0.0733,-0.1298,-0.0578,-0.039,-0.1918,-0.0216,-0.0487,-0.226,-0.0547,-0.0506,-0.1657,-0.049,-0.0519,-0.1312,-0.035,-0.01,-0.189,-0.0279,-0.0118,-0.2589,-0.0479,-0.0136,-0.3029,-0.0472,-0.0154,-0.3494,-0.0412
6,Zoom (Rock Sign),0.0,0.0,0.0,-0.0524,-0.0168,-0.0194,-0.0907,-0.0718,-0.0337,-0.0851,-0.1356,-0.0494,-0.0505,-0.1683,-0.0638,-0.1014,-0.1816,-0.0136,-0.1193,-0.261,-0.0297,-0.1309,-0.3099,-0.0383,-0.1404,-0.3535,-0.0451,-0.0678,-0.1899,-0.0158,-0.082,-0.2208,-0.0499,-0.0762,-0.1588,-0.0578,-0.0718,-0.1313,-0.0545,-0.0347,-0.1911,-0.0203,-0.0437,-0.2235,-0.0535,-0.0462,-0.1605,-0.0479,-0.0483,-0.1247,-0.0337,-0.0051,-0.1852,-0.0266,-0.0045,-0.2537,-0.0467,-0.0061,-0.2964,-0.0459,-0.0088,-0.3439,-0.0395
6,Zoom (Rock Sign),0.0,0.0,0.0,-0.0525,-0.02,-0.0186,-0.0917,-0.077,-0.033,-0.0866,-0.1432,-0.0494,-0.0493,-0.173,-0.0646,-0.1016,-0.1824,-0.0117,-0.1185,-0.2615,-0.0273,-0.1275,-0.3117,-0.0352,-0.1342,-0.3553,-0.0413,-0.068,-0.192,-0.0144,-0.0831,-0.2216,-0.0483,-0.0754,-0.1582,-0.0552,-0.0697,-0.1291,-0.0509,-0.0344,-0.1941,-0.0194,-0.0447,-0.2281,-0.0523,-0.0453,-0.1657,-0.0456,-0.0459,-0.1285,-0.0304,-0.0042,-0.188,-0.0261,-0.0037,-0.2558,-0.0458,-0.0045,-0.2987,-0.0443,-0.007,-0.3457,-0.0374
6,Zoom (Rock Sign),0.0,0.0,0.0,-0.0508,-0.0201,-0.0207,-0.089,-0.0775,-0.0351,-0.0852,-0.1427,-0.0512,-0.0484,-0.1714,-0.0661,-0.0963,-0.1783,-0.0132,-0.1154,-0.2612,-0.0297,-0.125,-0.3109,-0.0378,-0.1331,-0.3568,-0.0437,-0.0641,-0.1874,-0.015,-0.0785,-0.2227,-0.0518,-0.072,-0.1637,-0.0612,-0.0675,-0.1356,-0.0578,-0.0319,-0.1907,-0.0193,-0.0425,-0.2273,-0.0541,-0.0434,-0.1663,-0.0497,-0.0439,-0.1291,-0.0353,-0.0023,-0.1881,-0.0255,-0.0019,-0.2573,-0.0448,-0.0026,-0.3018,-0.0441,-0.0046,-0.3485,-0.038
6,Zoom (Rock Sign),0.0,0.0,0.0,-0.0519,-0.0201,-0.0204,-0.0895,-0.0791,-0.035,-0.083,-0.1449,-0.0508,-0.047,-0.1767,-0.0653,-0.0924,-0.1849,-0.0161,-0.1099,-0.265,-0.0337,-0.1201,-0.3163,-0.0431,-0.128,-0.3624,-0.0504,-0.0599,-0.1949,-0.0175,-0.0795,-0.2271,-0.0508,-0.0738,-0.1642,-0.0565,-0.0672,-0.1388,-0.0518,-0.0277,-0.1957,-0.0216,-0.0409,-0.2256,-0.0534,-0.0443,-0.1639,-0.0455,-0.0448,-0.1296,-0.0303,0.0014,-0.1897,-0.0277,0.0028,-0.2591,-0.0478,0.0028,-0.3022,-0.0468,0.0021,-0.3495,-0.0408
6,Zoom (Rock Sign),0.0,0.0,0.0,-0.0512,-0.0199,-0.0212,-0.0885,-0.0796,-0.0359,-0.081,-0.1445,-0.0512,-0.045,-0.1777,-0.0651,-0.092,-0.1859,-0.0165,-0.1088,-0.2649,-0.0335,-0.1188,-0.3146,-0.0422,-0.1265,-0.3597,-0.049,-0.0584,-0.1947,-0.0174,-0.0775,-0.2253,-0.0513,-0.0728,-0.1634,-0.0576,-0.0662,-0.1374,-0.0531,-0.0259,-0.1939,-0.021,-0.0387,-0.2206,-0.0536,-0.0433,-0.1595,-0.0465,-0.044,-0.1256,-0.0314,0.003,-0.1867,-0.0265,0.0039,-0.2558,-0.0468,0.0038,-0.2998,-0.0457,0.0034,-0.3481,-0.0394
6,Zoom (Rock Sign),0.0,0.0,0.0,-0.0509,-0.0232,-0.02,-0.0853,-0.0826,-0.0341,-0.0789,-0.145,-0.0495,-0.0408,-0.1713,-0.0633,-0.0882,-0.1873,-0.0138,-0.1063,-0.2676,-0.0312,-0.1151,-0.3162,-0.0404,-0.1204,-0.3624,-0.0469,-0.0553,-0.1926,-0.0158,-0.0728,-0.2261,-0.0537,-0.0689,-0.1658,-0.0641,-0.062,-0.1368,-0.0606,-0.0231,-0.1911,-0.0201,-0.0352,-0.2172,-0.0556,-0.0406,-0.1574,-0.0527,-0.042,-0.1239,-0.0389,0.0054,-0.1847,-0.026,0.0092,-0.2535,-0.0456,0.0102,-0.2972,-0.0454,0.0099,-0.3447,-0.0393
6,Zoom (Rock Sign),0.0,0.0,0.0,-0.052,-0.0235,-0.0209,-0.0882,-0.0838,-0.0354,-0.0815,-0.1486,-0.0511,-0.0441,-0.1767,-0.0654,-0.0908,-0.1864,-0.0154,-0.1086,-0.2676,-0.0338,-0.1175,-0.3185,-0.0438,-0.1234,-0.3652,-0.0513,-0.0586,-0.1936,-0.0172,-0.0761,-0.2278,-0.054,-0.0714,-0.1654,-0.0623,-0.0647,-0.1379,-0.0584,-0.0268,-0.1928,-0.0215,-0.0384,-0.2241,-0.0556,-0.0425,-0.1651,-0.0496,-0.0425,-0.1314,-0.0347,0.0027,-0.1864,-0.028,0.0057,-0.2567,-0.0484,0.006,-0.3016,-0.048,0.0063,-0.3493,-0.0419
6,Zoom (Rock Sign),0.0,0.0,0.0,-0.05,-0.0238,-0.0163,-0.0861,-0.087,-0.0284,-0.0765,-0.1496,-0.0421,-0.0358,-0.1743,-0.0547,-0.0869,-0.1915,-0.0133,-0.1027,-0.2723,-0.0296,-0.1099,-0.3223,-0.0385,-0.1143,-0.3693,-0.0454,-0.0536,-0.1967,-0.0165,-0.0695,-0.2281,-0.0518,-0.0673,-0.166,-0.061,-0.0613,-0.1371,-0.0579,-0.0215,-0.1937,-0.0215,-0.0322,-0.218,-0.055,-0.0392,-0.1575,-0.0511,-0.0407,-0.1237,-0.0374,0.0069,-0.1853,-0.0277,0.0115,-0.2554,-0.0471,0.0126,-0.2982,-0.0461,0.0137,-0.344,-0.0397
6,Zoom (Rock Sign),0.0,0.0,0.0,-0.0511,-0.0248,-0.0191,-0.0893,-0.0885,-0.0316,-0.0807,-0.1526,-0.0452,-0.0369,-0.1771,-0.0576,-0.089,-0.1883,-0.0142,-0.1044,-0.273,-0.0302,-0.1123,-0.3225,-0.0384,-0.1181,-0.3702,-0.0448,-0.0561,-0.1941,-0.0162,-0.0694,-0.2306,-0.0519,-0.0681,-0.1708,-0.0617,-0.0636,-0.1419,-0.0589,-0.0249,-0.1926,-0.0201,-0.0337,-0.2219,-0.054,-0.0394,-0.1644,-0.051,-0.0405,-0.1318,-0.038,0.0037,-0.1865,-0.0256,0.0074,-0.2572,-0.0444,0.0085,-0.3017,-0.0438,0.0097,-0.3478,-0.0381
6,Zoom (Rock Sign),0.0,0.0,0.0,-0.0508,-0.027,-0.0173,-0.0868,-0.093,-0.0287,-0.076,-0.1565,-0.0412,-0.035,-0.182,-0.0528,-0.0883,-0.1955,-0.0116,-0.1028,-0.2776,-0.0259,-0.1104,-0.326,-0.0343,-0.117,-0.3719,-0.0411,-0.0551,-0.2008,-0.0139,-0.067,-0.23,-0.0475,-0.0656,-0.1701,-0.0582,-0.0614,-0.1398,-0.057,-0.023,-0.1977,-0.018,-0.0304,-0.225,-0.0495,-0.0401,-0.1676,-0.0479,-0.045,-0.1331,-0.0369,0.0062,-0.1896,-0.0234,0.0117,-0.2602,-0.0416,0.013,-0.3047,-0.0419,0.0142,-0.3506,-0.037
6,Zoom (Rock Sign),0.0,0.0,0.0,-0.0504,-0.0324,-0.0162,-0.0857,-0.0964,-0.0287,-0.0751,-0.161,-0.0434,-0.0316,-0.1855,-0.0571,-0.0861,-0.1983,-0.0089,-0.0976,-0.2838,-0.0252,-0.1044,-0.3337,-0.0334,-0.1087,-0.3813,-0.0397,-0.0517,-0.2047,-0.0129,-0.0648,-0.2441,-0.0485,-0.0651,-0.18,-0.0567,-0.0598,-0.1473,-0.0527,-0.018,-0.2029,-0.0193,-0.0257,-0.2376,-0.0531,-0.0346,-0.1779,-0.0488,-0.0377,-0.1413,-0.0349,0.0132,-0.1952,-0.0271,0.0198,-0.2673,-0.0465,0.0219,-0.3125,-0.0463,0.0235,-0.3596,-0.0408
6,Zoom (Rock Sign),0.0,0.0,0.0,-0.0498,-0.0313,-0.017,-0.0836,-0.0942,-0.0318,-0.0702,-0.1595,-0.0486,-0.0314,-0.1936,-0.0644,-0.086,-0.2005,-0.0161,-0.0965,-0.2881,-0.0366,-0.1006,-0.3451,-0.0474,-0.102,-0.3937,-0.055,-0.0506,-0.2065,-0.0192,-0.0623,-0.2472,-0.0527,-0.0619,-0.1815,-0.0564,-0.0589,-0.1545,-0.0508,-0.0154,-0.2047,-0.025,-0.0204,-0.2418,-0.0579,-0.0287,-0.1796,-0.0478,-0.0327,-0.1422,-0.031,0.017,-0.1962,-0.0328,0.0241,-0.2699,-0.0552,0.0267,-0.3147,-0.0543,0.0289,-0.3627,-0.0479
6,Zoom (Rock Sign),0.0,0.0,0.0,-0.0496,-0.0293,-0.0198,-0.0845,-0.0943,-0.0347,-0.0719,-0.1614,-0.0512,-0.0333,-0.1914,-0.0664,-0.0872,-0.2024,-0.0164,-0.0974,-0.2928,-0.0361,-0.1024,-0.3472,-0.0459,-0.1061,-0.3954,-0.0527,-0.051,-0.2074,-0.019,-0.0613,-0.2473,-0.0565,-0.0599,-0.1812,-0.0638,-0.0557,-0.1512,-0.0593,-0.0154,-0.2055,-0.0243,-0.0198,-0.2433,-0.0605,-0.0279,-0.1814,-0.0538,-0.0321,-0.1452,-0.038,0.0173,-0.1981,-0.0314,0.0232,-0.2717,-0.0534,0.0258,-0.3169,-0.0524,0.0278,-0.3651,-0.0456
6,Zoom (Rock Sign),0.0,0.0,0.0,-0.0532,-0.0285,-0.0244,-0.0882,-0.0912,-0.0416,-0.0792,-0.1604,-0.0595,-0.0403,-0.1983,-0.0755,-0.0908,-0.2053,-0.0184,-0.0998,-0.2986,-0.039,-0.1049,-0.3556,-0.0487,-0.1076,-0.4052,-0.0549,-0.0534,-0.2112,-0.0192,-0.0643,-0.2579,-0.0591,-0.0635,-0.195,-0.0676,-0.0581,-0.1617,-0.0625,-0.0173,-0.2095,-0.0232,-0.024,-0.2483,-0.0613,-0.0317,-0.1895,-0.0559,-0.0344,-0.1543,-0.0399,0.0164,-0.2015,-0.0291,0.0221,-0.2766,-0.0513,0.0246,-0.3233,-0.0507,0.0261,-0.3722,-0.0437
6,Zoom (Rock Sign),0.0,0.0,0.0,-0.0536,-0.0301,-0.0264,-0.089,-0.0928,-0.0447,-0.0791,-0.1622,-0.064,-0.0416,-0.2009,-0.0812,-0.0949,-0.2056,-0.019,-0.1061,-0.3005,-0.0403,-0.1114,-0.3557,-0.0498,-0.1147,-0.4024,-0.0553,-0.0571,-0.2123,-0.019,-0.0651,-0.2534,-0.0581,-0.062,-0.1904,-0.0657,-0.0571,-0.1618,-0.0609,-0.0204,-0.2127,-0.0226,-0.0228,-0.2525,-0.061,-0.03,-0.1916,-0.0551,-0.0342,-0.1559,-0.0391,0.0136,-0.2067,-0.0285,0.0193,-0.2812,-0.0508,0.0218,-0.3274,-0.0499,0.0232,-0.3757,-0.0428
6,Zoom (Rock Sign),0.0,0.0,0.0,-0.0534,-0.031,-0.0225,-0.0864,-0.0988,-0.0385,-0.0764,-0.1651,-0.0554,-0.037,-0.2007,-0.0702,-0.0941,-0.2123,-0.0159,-0.1077,-0.3048,-0.0359,-0.1115,-0.3564,-0.0457,-0.1126,-0.402,-0.0513,-0.0552,-0.2171,-0.0171,-0.0668,-0.2526,-0.0587,-0.0649,-0.1911,-0.0712,-0.0594,-0.1548,-0.0683,-0.018,-0.2137,-0.0209,-0.0272,-0.2426,-0.0599,-0.0348,-0.1828,-0.0582,-0.0386,-0.1457,-0.044,0.0158,-0.2046,-0.0262,0.0217,-0.2787,-0.0471,0.0242,-0.3248,-0.0464,0.024,-0.3736,-0.0392
6,Zoom (Rock Sign),0.0,0.0,0.0,-0.056,-0.0334,-0.0224,-0.0876,-0.1011,-0.0377,-0.0779,-0.1668,-0.0539,-0.0408,-0.2048,-0.0683,-0.0958,-0.2129,-0.0147,-0.1096,-0.3083,-0.0323,-0.1136,-0.3612,-0.0411,-0.1139,-0.4074,-0.0465,-0.0566,-0.2166,-0.0162,-0.0654,-0.2609,-0.0553,-0.0664,-0.2062,-0.0694,-0.0618,-0.1674,-0.0687,-0.0187,-0.2133,-0.0201,-0.0257,-0.2479,-0.0574,-0.0364,-0.1912,-0.0583,-0.0415,-0.1524,-0.047,0.016,-0.2048,-0.0255,0.0228,-0.283,-0.0457,0.0249,-0.3312,-0.0463,0.0249,-0.3798,-0.0409
6,Zoom (Rock Sign),0.0,0.0,0.0,-0.0559,-0.0305,-0.0221,-0.0921,-0.0998,-0.0366,-0.0824,-0.1698,-0.0525,-0.0413,-0.205,-0.0668,-0.0946,-0.2129,-0.0133,-0.1086,-0.3082,-0.0311,-0.1143,-0.3591,-0.04,-0.1178,-0.4042,-0.0458,-0.058,-0.2184,-0.0153,-0.0686,-0.2591,-0.0548,-0.0681,-0.2029,-0.0679,-0.0644,-0.1697,-0.0665,-0.0224,-0.217,-0.0199,-0.0283,-0.2522,-0.0582,-0.0357,-0.1932,-0.0575,-0.0397,-0.1564,-0.0446,0.0114,-0.2109,-0.0261,0.0157,-0.288,-0.0465,0.017,-0.3357,-0.046,0.0166,-0.3846,-0.0395
6,Zoom (Rock Sign),0.0,0.0,0.0,-0.0576,-0.0347,-0.0222,-0.0943,-0.1029,-0.0371,-0.089,-0.173,-0.053,-0.0477,-0.2092,-0.0671,-0.0982,-0.211,-0.0135,-0.1126,-0.3064,-0.0315,-0.118,-0.3594,-0.0395,-0.1202,-0.4088,-0.0445,-0.061,-0.2173,-0.0155,-0.0717,-0.2679,-0.0551,-0.0707,-0.2064,-0.0671,-0.0656,-0.167,-0.0642,-0.0242,-0.2154,-0.0202,-0.0339,-0.2507,-0.0583,-0.0422,-0.193,-0.0582,-0.0451,-0.1561,-0.0455,0.0103,-0.2081,-0.0263,0.0149,-0.288,-0.0462,0.0166,-0.3366,-0.0463,0.0168,-0.385,-0.0405
6,Zoom (Rock Sign),0.0,0.0,0.0,-0.0548,-0.032,-0.0205,-0.0903,-0.1016,-0.0344,-0.0823,-0.1708,-0.0502,-0.0425,-0.2033,-0.0646,-0.0938,-0.2145,-0.0136,-0.1097,-0.3087,-0.0312,-0.1158,-0.36,-0.0393,-0.1197,-0.4083,-0.0445,-0.0579,-0.2189,-0.0166,-0.0666,-0.2643,-0.0561,-0.0664,-0.2014,-0.068,-0.0641,-0.1662,-0.0654,-0.0221,-0.2166,-0.022,-0.028,-0.2514,-0.061,-0.036,-0.188,-0.06,-0.0407,-0.1495,-0.0465,0.0119,-0.2098,-0.0288,0.0156,-0.2901,-0.05,0.0179,-0.3392,-0.0498,0.0195,-0.3889,-0.0433
6,Zoom (Rock Sign),0.0,0.0,0.0,-0.0592,-0.0317,-0.0265,-0.096,-0.0997,-0.044,-0.0918,-0.1713,-0.062,-0.0563,-0.2128,-0.0778,-0.103,-0.2113,-0.0182,-0.1178,-0.3088,-0.0384,-0.123,-0.3663,-0.0476,-0.1255,-0.4202,-0.0528,-0.0644,-0.218,-0.0186,-0.0727,-0.2622,-0.0604,-0.0704,-0.1986,-0.0723,-0.0665,-0.1643,-0.0688,-0.0266,-0.2176,-0.022,-0.0339,-0.2502,-0.0622,-0.0411,-0.1881,-0.0607,-0.0449,-0.1523,-0.0463,0.0081,-0.2122,-0.0272,0.0113,-0.2917,-0.0485,0.013,-0.3408,-0.0475,0.0137,-0.3908,-0.0402
6,Zoom (Rock Sign),0.0,0.0,0.0,-0.059,-0.0357,-0.0182,-0.0924,-0.1066,-0.0318,-0.0879,-0.1731,-0.0474,-0.0535,-0.2113,-0.0616,-0.1005,-0.2174,-0.0087,-0.1185,-0.3121,-0.0252,-0.1258,-0.3684,-0.0341,-0.129,-0.4198,-0.0399,-0.0633,-0.2238,-0.0127,-0.0795,-0.2627,-0.0517,-0.0769,-0.2036,-0.0662,-0.068,-0.1655,-0.0656,-0.0273,-0.2226,-0.0188,-0.0419,-0.256,-0.0557,-0.0506,-0.1991,-0.0564,-0.0513,-0.1605,-0.045,0.0054,-0.2149,-0.0261,0.0107,-0.2957,-0.0451,0.0138,-0.3465,-0.0448,0.0165,-0.3956,-0.039
6,Zoom (Rock Sign),0.0,0.0,0.0,-0.0595,-0.0295,-0.0241,-0.0959,-0.1,-0.0396,-0.0876,-0.1706,-0.0562,-0.051,-0.2079,-0.0709,-0.1076,-0.2138,-0.013,-0.1237,-0.3104,-0.0308,-0.1288,-0.3661,-0.0406,-0.1323,-0.4169,-0.047,-0.0689,-0.2216,-0.0142,-0.0727,-0.2613,-0.0555,-0.0713,-0.2018,-0.0714,-0.0703,-0.1653,-0.0712,-0.0321,-0.2227,-0.0178,-0.0345,-0.2608,-0.0563,-0.0426,-0.2029,-0.0576,-0.0488,-0.1649,-0.0459,0.0015,-0.2169,-0.0231,0.0074,-0.2954,-0.0435,0.0107,-0.3453,-0.0437,0.0123,-0.3949,-0.0374
6,Zoom (Rock Sign),0.0,0.0,0.0,-0.0655,-0.014,-0.032,-0.1096,-0.0737,-0.0544,-0.0876,-0.1408,-0.0767,-0.0331,-0.1735,-0.0965,-0.1185,-0.2155,-0.0359,-0.1465,-0.3159,-0.0662,-0.16,-0.3733,-0.0825,-0.1731,-0.4317,-0.0941,-0.0743,-0.2328,-0.0363,-0.0912,-0.2546,-0.0847,-0.0733,-0.1727,-0.0926,-0.0583,-0.1419,-0.0873,-0.0323,-0.2354,-0.0408,-0.044,-0.2608,-0.0874,-0.04,-0.1881,-0.0805,-0.0332,-0.1509,-0.0618,0.0068,-0.2335,-0.0482,0.0147,-0.3231,-0.0769,0.0166,-0.3681,-0.0763,0.0179,-0.4146,-0.0679
6,Zoom (Rock Sign),0.0,0.0,0.0,-0.0683,-0.0112,-0.0351,-0.1201,-0.0677,-0.0597,-0.1019,-0.1433,-0.0832,-0.0502,-0.1795,-0.104,-0.1407,-0.2193,-0.0391,-0.1687,-0.3235,-0.0677,-0.1827,-0.387,-0.0817,-0.1981,-0.4494,-0.0923,-0.0938,-0.2397,-0.0385,-0.1059,-0.2612,-0.0853,-0.0828,-0.1732,-0.0889,-0.0691,-0.148,-0.0805,-0.0488,-0.2434,-0.0423,-0.0552,-0.2663,-0.0884,-0.0482,-0.1898,-0.0774,-0.0435,-0.1578,-0.0563,-0.0069,-0.2415,-0.0493,-0.0078,-0.33,-0.0798,-0.0092,-0.3819,-0.0785,-0.0106,-0.4413,-0.0693
6,Zoom (Rock Sign),0.0,0.0,0.0,-0.0689,-0.0174,-0.0316,-0.1161,-0.0696,-0.055,-0.0992,-0.1439,-0.0766,-0.0496,-0.1789,-0.0961,-0.1417,-0.2168,-0.0431,-0.1732,-0.3244,-0.0717,-0.1857,-0.3939,-0.0883,-0.1999,-0.4553,-0.1013,-0.0955,-0.2346,-0.042,-0.105,-0.2667,-0.0839,-0.0826,-0.1809,-0.0858,-0.0742,-0.1491,-0.0792,-0.0507,-0.2392,-0.0446,-0.0561,-0.2773,-0.0851,-0.0496,-0.1999,-0.0718,-0.0473,-0.1577,-0.0521,-0.0098,-0.2359,-0.0505,-0.006,-0.3293,-0.0821,-0.0074,-0.3843,-0.0837,-0.0103,-0.4444,-0.0777
6,Zoom (Rock Sign),0.0,0.0,0.0,-0.0737,-0.0167,-0.0303,-0.1232,-0.0703,-0.0539,-0.1094,-0.1452,-0.0773,-0.0577,-0.1827,-0.0982,-0.1419,-0.2156,-0.0383,-0.1755,-0.321,-0.0711,-0.1921,-0.3876,-0.0878,-0.207,-0.4497,-0.0997,-0.0975,-0.2356,-0.0383,-0.1154,-0.2651,-0.0814,-0.0918,-0.1755,-0.0787,-0.0812,-0.1538,-0.0675,-0.0536,-0.2428,-0.0431,-0.0642,-0.2746,-0.085,-0.0561,-0.196,-0.0683,-0.0504,-0.1605,-0.045,-0.013,-0.2414,-0.0514,-0.0099,-0.3355,-0.0838,-0.0113,-0.3895,-0.0845,-0.0115,-0.4499,-0.077
6,Zoom (Rock Sign),0.0,0.0,0.0,-0.0715,-0.0163,-0.0303,-0.1208,-0.0704,-0.0535,-0.104,-0.1463,-0.0765,-0.0525,-0.1831,-0.097,-0.1422,-0.2176,-0.0381,-0.1741,-0.3265,-0.0679,-0.1892,-0.3934,-0.0823,-0.2042,-0.4545,-0.0931,-0.0966,-0.2366,-0.0383,-0.1115,-0.268,-0.0826,-0.0897,-0.1773,-0.0819,-0.0805,-0.152,-0.0719,-0.0512,-0.243,-0.0428,-0.0585,-0.2758,-0.0868,-0.0527,-0.193,-0.0718,-0.0495,-0.1541,-0.0494,-0.0098,-0.2414,-0.0505,-0.0039,-0.3362,-0.0843,-0.0059,-0.3909,-0.0859,-0.0081,-0.4537,-0.079
6,Zoom (Rock Sign),0.0,0.0,0.0,-0.0729,-0.0212,-0.0276,-0.122,-0.0739,-0.0531,-0.1064,-0.1488,-0.0793,-0.0555,-0.1839,-0.1038,-0.1377,-0.2242,-0.0397,-0.1703,-0.3312,-0.0719,-0.1868,-0.3991,-0.088,-0.2022,-0.4601,-0.1004,-0.0943,-0.2408,-0.0412,-0.1144,-0.2725,-0.0809,-0.0916,-0.1792,-0.0739,-0.083,-0.1613,-0.0617,-0.0499,-0.2445,-0.0475,-0.0624,-0.2834,-0.0851,-0.0557,-0.2038,-0.0633,-0.0509,-0.1673,-0.0388,-0.0085,-0.2382,-0.0576,-0.006,-0.3354,-0.0904,-0.0083,-0.3913,-0.0911,-0.0074,-0.4535,-0.0844
6,Zoom (Rock Sign),0.0,0.0,0.0,-0.0726,-0.0204,-0.0304,-0.1214,-0.0703,-0.0561,-0.1068,-0.1462,-0.0814,-0.0549,-0.1832,-0.1046,-0.1392,-0.2226,-0.0431,-0.1701,-0.3326,-0.0741,-0.1856,-0.4013,-0.0899,-0.2013,-0.4618,-0.1019,-0.094,-0.2387,-0.0431,-0.1103,-0.2755,-0.0852,-0.0888,-0.182,-0.0823,-0.0797,-0.1552,-0.0722,-0.049,-0.2427,-0.0473,-0.0578,-0.2843,-0.0881,-0.0526,-0.2008,-0.0701,-0.049,-0.1573,-0.047,-0.0073,-0.238,-0.0549,-0.0042,-0.3363,-0.0878,-0.0064,-0.3934,-0.0888,-0.007,-0.456,-0.0819
6,Zoom (Rock Sign),0.0,0.0,0.0,-0.0551,-0.0282,-0.0275,-0.0897,-0.0971,-0.0463,-0.061,-0.1679,-0.0648,-0.0119,-0.2034,-0.0813,-0.1025,-0.2249,-0.0301,-0.1169,-0.3301,-0.0541,-0.1202,-0.3951,-0.0675,-0.1251,-0.453,-0.0774,-0.0586,-0.233,-0.0302,-0.0628,-0.2846,-0.0722,-0.0522,-0.2092,-0.0811,-0.0478,-0.1729,-0.0778,-0.0159,-0.2329,-0.0331,-0.0171,-0.2878,-0.0727,-0.0153,-0.2184,-0.0647,-0.0156,-0.1754,-0.0475,0.0232,-0.2278,-0.0384,0.0248,-0.3157,-0.0645,0.0244,-0.3675,-0.0644,0.0225,-0.4225,-0.0578
6,Zoom (Rock Sign),0.0,0.0,0.0,-0.0558,-0.029,-0.0308,-0.0887,-0.0945,-0.0533,-0.061,-0.161,-0.0747,-0.0132,-0.197,-0.0935,-0.1048,-0.2244,-0.0366,-0.1177,-0.3298,-0.0653,-0.1219,-0.3939,-0.0813,-0.128,-0.453,-0.0924,-0.06,-0.2309,-0.0359,-0.0654,-0.2778,-0.0798,-0.0569,-0.1998,-0.0871,-0.0543,-0.1734,-0.0828,-0.0167,-0.2288,-0.0384,-0.0161,-0.2779,-0.0802,-0.0164,-0.2058,-0.0696,-0.0181,-0.1683,-0.0501,0.0231,-0.2219,-0.0437,0.0259,-0.3113,-0.0717,0.025,-0.3646,-0.0702,0.0245,-0.4229,-0.0617
6,Zoom (Rock Sign),0.0,0.0,0.0,-0.0588,-0.0396,-0.0293,-0.0903,-0.1016,-0.0518,-0.0645,-0.1703,-0.0734,-0.0145,-0.202,-0.0915,-0.0982,-0.2336,-0.0341,-0.1118,-0.3341,-0.0695,-0.1166,-0.3985,-0.0872,-0.12,-0.4574,-0.0982,-0.0554,-0.2359,-0.0314,-0.0688,-0.2858,-0.07,-0.0632,-0.1974,-0.0633,-0.062,-0.186,-0.0501,-0.0138,-0.2312,-0.0344,-0.0179,-0.2832,-0.0714,-0.0224,-0.2075,-0.05,-0.0245,-0.1751,-0.0245,0.0247,-0.2212,-0.0412,0.0291,-0.3138,-0.0719,0.0291,-0.3671,-0.0721,0.0345,-0.425,-0.0644
6,Zoom (Rock Sign),0.0,0.0,0.0,-0.0564,-0.0389,-0.0281,-0.0891,-0.1052,-0.0495,-0.0609,-0.1752,-0.07,-0.011,-0.2058,-0.0871,-0.0953,-0.2377,-0.0338,-0.1094,-0.3388,-0.065,-0.1131,-0.4016,-0.0805,-0.1156,-0.4593,-0.091,-0.052,-0.2404,-0.0323,-0.0632,-0.2943,-0.0712,-0.0582,-0.206,-0.0676,-0.0552,-0.1883,-0.0565,-0.0101,-0.2338,-0.0352,-0.0126,-0.2863,-0.0721,-0.0191,-0.2102,-0.0525,-0.0224,-0.1761,-0.0284,0.0283,-0.221,-0.0415,0.0335,-0.312,-0.0709,0.0333,-0.3645,-0.0701,0.0371,-0.4231,-0.062
6,Zoom (Rock Sign),0.0,0.0,0.0,-0.0544,-0.0323,-0.0267,-0.0927,-0.1038,-0.0463,-0.0651,-0.1774,-0.0661,-0.013,-0.202,-0.0832,-0.0982,-0.2382,-0.0274,-0.1105,-0.3392,-0.0548,-0.1158,-0.3996,-0.0674,-0.1198,-0.4561,-0.0764,-0.0556,-0.242,-0.0287,-0.069,-0.2945,-0.0719,-0.0638,-0.2044,-0.0729,-0.0582,-0.1808,-0.0627,-0.0139,-0.2357,-0.0339,-0.0179,-0.2853,-0.0752,-0.0224,-0.2092,-0.0602,-0.0238,-0.1754,-0.0372,0.0245,-0.2235,-0.0421,0.03,-0.3117,-0.0713,0.0321,-0.3629,-0.0701,0.0366,-0.4216,-0.0616
6,Zoom (Rock Sign),0.0,0.0,0.0,-0.0575,-0.035,-0.0278,-0.0935,-0.1066,-0.0473,-0.0639,-0.1789,-0.0671,-0.0101,-0.2054,-0.0844,-0.0963,-0.2327,-0.0255,-0.1092,-0.3318,-0.0536,-0.1143,-0.3924,-0.068,-0.1188,-0.4498,-0.078,-0.0547,-0.239,-0.0256,-0.0668,-0.2921,-0.0681,-0.0622,-0.2084,-0.0705,-0.0581,-0.1838,-0.0614,-0.0137,-0.2359,-0.0302,-0.0187,-0.2872,-0.0697,-0.0226,-0.2156,-0.056,-0.0237,-0.1802,-0.0342,0.0236,-0.2269,-0.038,0.0304,-0.3145,-0.0648,0.0312,-0.3636,-0.0638,0.0334,-0.416,-0.0558
7,Close Window (Pinky Extended),0.0,0.0,0.0,-0.0179,-0.0992,-0.0004,-0.0511,-0.1825,-0.0081,-0.0804,-0.2497,-0.0174,-0.0986,-0.3031,-0.0263,-0.127,-0.178,-0.0218,-0.1848,-0.1418,-0.0284,-0.1608,-0.1213,-0.0287,-0.1316,-0.1195,-0.0282,-0.1412,-0.1192,-0.029,-0.1921,-0.0969,-0.0357,-0.1689,-0.0798,-0.0363,-0.1435,-0.0742,-0.0385,-0.1459,-0.0562,-0.0344,-0.2014,-0.0457,-0.0435,-0.1803,-0.0297,-0.0399,-0.1529,-0.025,-0.0384,-0.1445,0.0037,-0.039,-0.2056,0.0127,-0.047,-0.2434,0.0279,-0.0462,-0.2768,0.0371,-0.0455
7,Close Window (Pinky Extended),0.0,0.0,0.0,-0.0171,-0.0984,0.006,-0.0491,-0.1801,0.0028,-0.0787,-0.2436,-0.0031,-0.0985,-0.2909,-0.0094,-0.1214,-0.178,-0.0136,-0.1813,-0.1351,-0.0187,-0.1609,-0.1108,-0.019,-0.1329,-0.1086,-0.018,-0.1349,-0.1239,-0.0229,-0.1853,-0.0923,-0.0271,-0.1639,-0.0733,-0.0269,-0.1402,-0.0702,-0.0287,-0.1402,-0.0647,-0.03,-0.1925,-0.0442,-0.0367,-0.1724,-0.0262,-0.0323,-0.1472,-0.0234,-0.0305,-0.1397,-0.0055,-0.0358,-0.2017,0.0046,-0.0414,-0.2376,0.0199,-0.0385,-0.2684,0.0277,-0.0361
7,Close Window (Pinky Extended),0.0,0.0,0.0,-0.0186,-0.0985,0.0062,-0.0511,-0.1797,0.0032,-0.0807,-0.2431,-0.0026,-0.1015,-0.2895,-0.0088,-0.1215,-0.1773,-0.0137,-0.1807,-0.1324,-0.0186,-0.1602,-0.1076,-0.0188,-0.1323,-0.1059,-0.0176,-0.1346,-0.1237,-0.0229,-0.183,-0.0889,-0.0262,-0.1616,-0.0696,-0.0261,-0.1383,-0.0675,-0.0284,-0.1396,-0.0646,-0.0299,-0.1893,-0.0398,-0.036,-0.1682,-0.022,-0.0319,-0.1425,-0.0205,-0.0305,-0.1393,-0.0051,-0.0355,-0.2009,0.0038,-0.0404,-0.2379,0.0187,-0.0372,-0.2696,0.0263,-0.0349
7,Close Window (Pinky Extended),0.0,0.0,0.0,-0.0194,-0.0967,0.0029,-0.0552,-0.1773,-0.0023,-0.0847,-0.2422,-0.01,-0.1043,-0.2917,-0.0181,-0.1253,-0.1817,-0.0142,-0.1853,-0.135,-0.0236,-0.1663,-0.1067,-0.029,-0.1387,-0.1034,-0.031,-0.1386,-0.1279,-0.0222,-0.1907,-0.0918,-0.0294,-0.1708,-0.07,-0.0322,-0.1467,-0.0653,-0.0355,-0.1445,-0.0678,-0.0287,-0.1967,-0.0419,-0.0381,-0.1765,-0.023,-0.0355,-0.1496,-0.02,-0.034,-0.1453,-0.0082,-0.0342,-0.2049,0.0011,-0.0411,-0.2422,0.0139,-0.0391,-0.2736,0.0201,-0.037
7,Close Window (Pinky Extended),0.0,0.0,0.0,-0.0188,-0.0933,-0.0018,-0.0536,-0.174,-0.0091,-0.0833,-0.2379,-0.0176,-0.1035,-0.2868,-0.0261,-0.1243,-0.1697,-0.0225,-0.184,-0.126,-0.0332,-0.1628,-0.1026,-0.0378,-0.1339,-0.1001,-0.0394,-0.1365,-0.1149,-0.0286,-0.1908,-0.0835,-0.0373,-0.1709,-0.065,-0.0399,-0.1463,-0.0603,-0.0434,-0.1412,-0.0545,-0.0334,-0.1976,-0.0364,-0.0444,-0.1778,-0.0182,-0.0419,-0.1503,-0.0136,-0.0407,-0.1405,0.0043,-0.0376,-0.1978,0.0119,-0.0472,-0.2348,0.0234,-0.0476,-0.266,0.0294,-0.0473
7,Close Window (Pinky Extended),0.0,0.0,0.0,-0.0182,-0.0916,-0.0034,-0.0545,-0.1743,-0.0128,-0.0855,-0.2403,-0.0234,-0.1059,-0.2919,-0.034,-0.1222,-0.1737,-0.0241,-0.1856,-0.1279,-0.0379,-0.1703,-0.0999,-0.0447,-0.1437,-0.0951,-0.0469,-0.1329,-0.118,-0.03,-0.1939,-0.0856,-0.043,-0.177,-0.0649,-0.0479,-0.1516,-0.0591,-0.0513,-0.1378,-0.0562,-0.0348,-0.1979,-0.0381,-0.0476,-0.1825,-0.0203,-0.0462,-0.1565,-0.0158,-0.0444,-0.1388,0.0045,-0.039,-0.1994,0.0107,-0.0474,-0.2376,0.0225,-0.0473,-0.2679,0.0293,-0.0462
7,Close Window (Pinky Extended),0.0,0.0,0.0,-0.0166,-0.0936,-0.0008,-0.0476,-0.1723,-0.008,-0.077,-0.2324,-0.0171,-0.0994,-0.2797,-0.0255,-0.1188,-0.168,-0.0165,-0.1716,-0.1436,-0.0274,-0.1506,-0.1224,-0.0336,-0.1238,-0.1226,-0.0362,-0.1312,-0.1128,-0.0235,-0.1789,-0.0911,-0.0311,-0.1591,-0.0736,-0.0329,-0.1363,-0.0739,-0.0357,-0.1366,-0.0523,-0.0298,-0.1831,-0.037,-0.0388,-0.165,-0.0221,-0.0354,-0.1396,-0.0226,-0.0337,-0.1381,0.0057,-0.0356,-0.1946,0.0146,-0.0404,-0.2289,0.0269,-0.0372,-0.2545,0.033,-0.0348
7,Close Window (Pinky Extended),0.0,0.0,0.0,-0.0155,-0.0921,-0.0026,-0.0413,-0.1732,-0.0115,-0.0699,-0.2331,-0.0213,-0.0956,-0.278,-0.03,-0.1094,-0.1658,-0.026,-0.1743,-0.146,-0.0362,-0.1579,-0.1188,-0.0368,-0.1312,-0.1109,-0.0352,-0.1207,-0.1121,-0.0321,-0.1804,-0.0897,-0.0406,-0.1622,-0.0695,-0.0397,-0.1398,-0.0679,-0.0408,-0.1263,-0.0528,-0.0369,-0.1839,-0.0377,-0.0461,-0.1668,-0.0213,-0.0404,-0.1424,-0.0199,-0.0376,-0.1288,0.0061,-0.0412,-0.1909,0.0151,-0.0476,-0.2268,0.0244,-0.045,-0.2546,0.0275,-0.0432
7,Close Window (Pinky Extended),0.0,0.0,0.0,-0.0151,-0.0899,-0.0021,-0.0438,-0.1747,-0.0103,-0.0734,-0.2375,-0.019,-0.0963,-0.2848,-0.0265,-0.1065,-0.1682,-0.0284,-0.1732,-0.1533,-0.0366,-0.1585,-0.1225,-0.0349,-0.1322,-0.1111,-0.0323,-0.1192,-0.1147,-0.034,-0.1805,-0.0948,-0.0416,-0.163,-0.0726,-0.0389,-0.1406,-0.0696,-0.0392,-0.1266,-0.0555,-0.0381,-0.1877,-0.0448,-0.0464,-0.1708,-0.0257,-0.0395,-0.1461,-0.0212,-0.0363,-0.1305,0.0033,-0.0415,-0.1922,0.0108,-0.0487,-0.2288,0.0205,-0.0471,-0.2582,0.024,-0.0462
7,Close Window (Pinky Extended),0.0,0.0,0.0,-0.0144,-0.0911,-0.0019,-0.0443,-0.174,-0.0095,-0.0745,-0.236,-0.0179,-0.0962,-0.283,-0.0252,-0.1102,-0.1672,-0.0257,-0.1733,-0.155,-0.0348,-0.1587,-0.1251,-0.0345,-0.1344,-0.1144,-0.0329,-0.1228,-0.1136,-0.0316,-0.1813,-0.0976,-0.0396,-0.164,-0.0763,-0.0377,-0.1428,-0.0729,-0.0382,-0.1301,-0.0547,-0.0361,-0.1877,-0.0439,-0.0453,-0.1696,-0.0266,-0.0393,-0.145,-0.0233,-0.0364,-0.134,0.0035,-0.0399,-0.1948,0.0121,-0.0467,-0.2305,0.0213,-0.045,-0.2594,0.0243,-0.044
7,Close Window (Pinky Extended),0.0,0.0,0.0,-0.0166,-0.091,-0.0001,-0.0457,-0.1732,-0.0072,-0.0738,-0.2355,-0.0157,-0.0946,-0.2829,-0.0233,-0.11,-0.1663,-0.0241,-0.1752,-0.1407,-0.0305,-0.1578,-0.1131,-0.0282,-0.1315,-0.1072,-0.0258,-0.1222,-0.1143,-0.0307,-0.1822,-0.0885,-0.0372,-0.1645,-0.0673,-0.0345,-0.1419,-0.0656,-0.035,-0.1288,-0.0563,-0.0357,-0.1905,-0.0421,-0.0429,-0.1749,-0.0224,-0.0362,-0.1508,-0.0191,-0.0334,-0.1316,0.002,-0.0401,-0.1921,0.0125,-0.0466,-0.2288,0.0245,-0.0451,-0.258,0.0291,-0.0444
7,Close Window (Pinky Extended),0.0,0.0,0.0,-0.0158,-0.0914,0.0001,-0.0473,-0.1756,-0.0061,-0.0782,-0.2378,-0.0138,-0.1006,-0.2839,-0.021,-0.1157,-0.1685,-0.0204,-0.179,-0.1435,-0.028,-0.1617,-0.1161,-0.028,-0.136,-0.11,-0.0265,-0.1276,-0.1162,-0.0269,-0.1853,-0.0938,-0.0336,-0.1662,-0.0727,-0.0322,-0.1436,-0.0699,-0.0333,-0.1341,-0.0578,-0.032,-0.1928,-0.0451,-0.0394,-0.1744,-0.0266,-0.0335,-0.149,-0.0232,-0.031,-0.1368,0.0011,-0.0365,-0.1958,0.0089,-0.0421,-0.2316,0.02,-0.0403,-0.261,0.0249,-0.0393
7,Close Window (Pinky Extended),0.0,0.0,0.0,-0.0154,-0.0919,0.0007,-0.0445,-0.1746,-0.0057,-0.0757,-0.235,-0.0137,-0.0989,-0.2807,-0.021,-0.1127,-0.1699,-0.0214,-0.176,-0.1365,-0.028,-0.1577,-0.1109,-0.0266,-0.1311,-0.1067,-0.0241,-0.1242,-0.1171,-0.0284,-0.1811,-0.0899,-0.035,-0.161,-0.0706,-0.0336,-0.1383,-0.0685,-0.0346,-0.1302,-0.0589,-0.0337,-0.1884,-0.0417,-0.0412,-0.1701,-0.0243,-0.0357,-0.1456,-0.0223,-0.0336,-0.1327,-0.0004,-0.0382,-0.1927,0.0109,-0.0447,-0.2289,0.0244,-0.0435,-0.2593,0.0308,-0.0429
7,Close Window (Pinky Extended),0.0,0.0,0.0,-0.016,-0.0925,-0.0001,-0.0459,-0.1755,-0.006,-0.0768,-0.2365,-0.0135,-0.0993,-0.2827,-0.0203,-0.1147,-0.1695,-0.0199,-0.1775,-0.1347,-0.0273,-0.1576,-0.1108,-0.027,-0.1309,-0.1087,-0.0254,-0.1266,-0.1165,-0.0266,-0.1843,-0.0894,-0.0341,-0.1638,-0.0703,-0.0337,-0.1406,-0.068,-0.0351,-0.1327,-0.0585,-0.0317,-0.1923,-0.0418,-0.0407,-0.1733,-0.0238,-0.0358,-0.1477,-0.0209,-0.0335,-0.1348,-0.0006,-0.0362,-0.1952,0.0091,-0.0438,-0.2319,0.0221,-0.043,-0.2624,0.0283,-0.0423
7,Close Window (Pinky Extended),0.0,0.0,0.0,-0.0169,-0.0918,0.0013,-0.0487,-0.1747,-0.0047,-0.0796,-0.2356,-0.0123,-0.1033,-0.2804,-0.0192,-0.1184,-0.1711,-0.0199,-0.1806,-0.1347,-0.0272,-0.1598,-0.1109,-0.0264,-0.133,-0.1101,-0.0242,-0.1302,-0.1175,-0.0274,-0.1853,-0.0908,-0.0347,-0.1638,-0.0717,-0.0334,-0.1411,-0.0699,-0.034,-0.1357,-0.0588,-0.0334,-0.1936,-0.0426,-0.0423,-0.1742,-0.0246,-0.0367,-0.1494,-0.0213,-0.0336,-0.1369,-0.0002,-0.0385,-0.198,0.0092,-0.0456,-0.2345,0.0217,-0.044,-0.2656,0.0269,-0.0425
7,Close Window (Pinky Extended),0.0,0.0,0.0,-0.0166,-0.0923,0.0006,-0.0486,-0.1752,-0.0053,-0.0798,-0.2364,-0.0127,-0.1031,-0.2813,-0.0194,-0.1188,-0.1702,-0.0193,-0.18,-0.1344,-0.027,-0.1586,-0.1107,-0.0274,-0.1325,-0.1105,-0.0263,-0.1316,-0.1161,-0.0263,-0.1871,-0.0894,-0.0334,-0.1659,-0.0696,-0.0327,-0.1435,-0.0679,-0.0338,-0.1376,-0.0573,-0.0318,-0.1957,-0.042,-0.0409,-0.1762,-0.0234,-0.0355,-0.1508,-0.02,-0.0326,-0.1393,0.001,-0.0366,-0.1993,0.0077,-0.0438,-0.2362,0.0199,-0.0424,-0.2676,0.0255,-0.041
7,Close Window (Pinky Extended),0.0,0.0,0.0,-0.0156,-0.0949,0.0025,-0.0487,-0.1784,-0.0029,-0.0792,-0.2418,-0.0107,-0.1028,-0.287,-0.0179,-0.1146,-0.1801,-0.0166,-0.1791,-0.1423,-0.0264,-0.1586,-0.1163,-0.0287,-0.1316,-0.1162,-0.0285,-0.128,-0.126,-0.025,-0.186,-0.0988,-0.0336,-0.1642,-0.0775,-0.0333,-0.1408,-0.0754,-0.0341,-0.1352,-0.066,-0.0321,-0.1944,-0.049,-0.0423,-0.174,-0.0296,-0.0366,-0.1486,-0.0264,-0.0327,-0.1381,-0.0066,-0.0384,-0.2004,0.0003,-0.0455,-0.237,0.0122,-0.0431,-0.268,0.0164,-0.0408
7,Close Window (Pinky Extended),0.0,0.0,0.0,-0.0169,-0.095,0.0025,-0.0492,-0.1787,-0.0024,-0.0793,-0.2413,-0.0095,-0.1024,-0.2866,-0.016,-0.114,-0.1764,-0.017,-0.1779,-0.1387,-0.0249,-0.1574,-0.1144,-0.0251,-0.1308,-0.1139,-0.0238,-0.1276,-0.1232,-0.0251,-0.1848,-0.0954,-0.033,-0.1634,-0.0754,-0.0323,-0.1405,-0.0737,-0.0332,-0.1353,-0.064,-0.0317,-0.1955,-0.0486,-0.0416,-0.1757,-0.0289,-0.0363,-0.1502,-0.025,-0.0331,-0.1386,-0.005,-0.0374,-0.1999,0.0019,-0.0454,-0.2364,0.0145,-0.0441,-0.2676,0.0194,-0.0427
7,Close Window (Pinky Extended),0.0,0.0,0.0,-0.0175,-0.0927,0.002,-0.0525,-0.1763,-0.0038,-0.0815,-0.2414,-0.0112,-0.1039,-0.2874,-0.0181,-0.1202,-0.1783,-0.0209,-0.1893,-0.1375,-0.0282,-0.1707,-0.1095,-0.0273,-0.1443,-0.1075,-0.0255,-0.1328,-0.1252,-0.0292,-0.1968,-0.0952,-0.0369,-0.1778,-0.0717,-0.0353,-0.1546,-0.0682,-0.0358,-0.139,-0.0649,-0.0358,-0.2055,-0.051,-0.0458,-0.1872,-0.0292,-0.0398,-0.1614,-0.0242,-0.0363,-0.1397,-0.0054,-0.0415,-0.2026,0.0011,-0.0513,-0.241,0.0126,-0.0513,-0.2732,0.0152,-0.0506
7,Close Window (Pinky Extended),0.0,0.0,0.0,-0.0185,-0.0936,0.002,-0.0532,-0.1784,-0.0032,-0.0825,-0.2438,-0.0105,-0.1049,-0.2908,-0.0173,-0.1196,-0.1782,-0.0171,-0.1854,-0.1365,-0.0248,-0.1651,-0.1104,-0.0255,-0.1381,-0.1096,-0.0249,-0.1323,-0.1253,-0.0252,-0.193,-0.0964,-0.0336,-0.1722,-0.0748,-0.0339,-0.1482,-0.0718,-0.0353,-0.1388,-0.0655,-0.0319,-0.2039,-0.051,-0.0427,-0.1852,-0.0294,-0.0382,-0.1589,-0.024,-0.0353,-0.1402,-0.0057,-0.0377,-0.2033,0.0025,-0.0474,-0.2424,0.0165,-0.0478,-0.2751,0.0224,-0.0474
7,Close Window (Pinky Extended),0.0,0.0,0.0,-0.0146,-0.0933,0.0001,-0.046,-0.176,-0.0069,-0.0753,-0.2409,-0.0153,-0.0987,-0.2857,-0.0231,-0.1151,-0.1791,-0.0222,-0.1856,-0.1367,-0.0333,-0.1661,-0.109,-0.0363,-0.1385,-0.1087,-0.0364,-0.1281,-0.1261,-0.0296,-0.1925,-0.0935,-0.0395,-0.1718,-0.0695,-0.0392,-0.1478,-0.0677,-0.04,-0.1351,-0.0659,-0.0358,-0.1991,-0.0475,-0.0471,-0.1789,-0.0255,-0.0412,-0.1525,-0.0225,-0.0371,-0.137,-0.0067,-0.0413,-0.1988,0.0013,-0.0507,-0.2368,0.0126,-0.05,-0.269,0.014,-0.0486
7,Close Window (Pinky Extended),0.0,0.0,0.0,-0.0178,-0.0943,0.0003,-0.0504,-0.1784,-0.0064,-0.0802,-0.2445,-0.0141,-0.1042,-0.29,-0.0211,-0.1198,-0.1752,-0.0216,-0.1881,-0.1356,-0.0288,-0.1684,-0.1099,-0.0289,-0.1413,-0.1091,-0.0281,-0.1317,-0.1216,-0.0287,-0.1985,-0.0944,-0.0364,-0.1795,-0.0732,-0.0354,-0.1552,-0.0717,-0.0361,-0.1375,-0.0626,-0.0342,-0.2061,-0.0524,-0.0432,-0.1903,-0.0336,-0.0372,-0.1658,-0.0313,-0.0339,-0.1377,-0.0054,-0.0392,-0.1989,0.0017,-0.0481,-0.2376,0.0124,-0.048,-0.2705,0.0143,-0.0473
7,Close Window (Pinky Extended),0.0,0.0,0.0,-0.0167,-0.0938,-0.0013,-0.0504,-0.1782,-0.0083,-0.0814,-0.2431,-0.0161,-0.1052,-0.289,-0.0233,-0.1201,-0.1743,-0.022,-0.1858,-0.134,-0.0303,-0.1659,-0.1102,-0.0318,-0.1389,-0.1089,-0.0318,-0.1331,-0.1201,-0.0279,-0.1972,-0.0935,-0.0368,-0.178,-0.075,-0.0374,-0.1535,-0.0722,-0.0389,-0.1397,-0.0607,-0.0325,-0.2072,-0.0513,-0.0422,-0.1902,-0.0357,-0.0378,-0.1644,-0.0333,-0.035,-0.1402,-0.0033,-0.0363,-0.2005,0.0051,-0.0453,-0.2379,0.0157,-0.0455,-0.2691,0.0193,-0.045
7,Close Window (Pinky Extended),0.0,0.0,0.0,-0.0148,-0.0915,-0.0003,-0.0479,-0.1755,-0.0067,-0.0787,-0.2401,-0.0154,-0.1013,-0.2878,-0.0234,-0.1206,-0.1789,-0.0126,-0.1831,-0.1382,-0.0234,-0.163,-0.1126,-0.0303,-0.1359,-0.1114,-0.0341,-0.135,-0.1267,-0.0203,-0.1928,-0.0974,-0.0299,-0.1706,-0.0763,-0.033,-0.146,-0.0754,-0.0362,-0.1417,-0.0674,-0.0277,-0.2041,-0.0549,-0.0385,-0.1851,-0.0348,-0.0352,-0.1582,-0.0332,-0.0331,-0.1422,-0.0096,-0.035,-0.2015,0.0028,-0.045,-0.2428,0.0181,-0.0468,-0.2774,0.0234,-0.0474
7,Close Window (Pinky Extended),0.0,0.0,0.0,-0.0145,-0.0916,-0.0008,-0.0458,-0.178,-0.0068,-0.077,-0.2415,-0.0147,-0.1013,-0.2877,-0.022,-0.1193,-0.1786,-0.0141,-0.1821,-0.1393,-0.0236,-0.1613,-0.115,-0.0283,-0.1342,-0.1135,-0.0304,-0.1332,-0.1266,-0.021,-0.1916,-0.1002,-0.0309,-0.17,-0.081,-0.0344,-0.145,-0.0778,-0.0377,-0.14,-0.0679,-0.0272,-0.2043,-0.0565,-0.0387,-0.1848,-0.0376,-0.0361,-0.1573,-0.034,-0.0341,-0.1407,-0.0097,-0.0329,-0.2014,0.0019,-0.0437,-0.2419,0.0153,-0.0458,-0.2759,0.0198,-0.0462
7,Close Window (Pinky Extended),0.0,0.0,0.0,-0.0148,-0.0941,-0.0006,-0.046,-0.181,-0.006,-0.0761,-0.2478,-0.0132,-0.0981,-0.2972,-0.02,-0.1213,-0.1822,-0.011,-0.1789,-0.1459,-0.0181,-0.1603,-0.1202,-0.0225,-0.1352,-0.1156,-0.0249,-0.1363,-0.1291,-0.018,-0.1895,-0.1023,-0.0254,-0.1678,-0.0813,-0.0284,-0.1434,-0.0786,-0.0317,-0.1437,-0.0691,-0.0243,-0.2034,-0.0592,-0.0339,-0.186,-0.0407,-0.0318,-0.1596,-0.0391,-0.0308,-0.145,-0.0099,-0.0303,-0.2048,-0.0006,-0.0405,-0.2458,0.0133,-0.0427,-0.2797,0.0174,-0.0435
7,Close Window (Pinky Extended),0.0,0.0,0.0,-0.0155,-0.0943,-0.0002,-0.0466,-0.1813,-0.0064,-0.0762,-0.2481,-0.0144,-0.0997,-0.2955,-0.0221,-0.121,-0.1825,-0.0134,-0.1802,-0.144,-0.0216,-0.1598,-0.1198,-0.0261,-0.1333,-0.1177,-0.0281,-0.1356,-0.1295,-0.0203,-0.1882,-0.1029,-0.0282,-0.167,-0.0847,-0.0319,-0.1423,-0.0806,-0.0357,-0.1433,-0.0703,-0.0261,-0.2015,-0.0579,-0.0354,-0.1829,-0.0401,-0.0334,-0.1565,-0.0358,-0.0324,-0.1453,-0.0121,-0.0315,-0.2053,-0.0001,-0.0402,-0.2448,0.0132,-0.0415,-0.2786,0.0181,-0.0417
7,Close Window (Pinky Extended),0.0,0.0,0.0,-0.0151,-0.0963,0.0015,-0.0447,-0.1822,-0.0037,-0.0746,-0.2473,-0.0115,-0.0976,-0.2973,-0.0189,-0.1265,-0.185,-0.0076,-0.1851,-0.1482,-0.0148,-0.1639,-0.1232,-0.0197,-0.136,-0.1198,-0.0224,-0.1418,-0.1327,-0.0159,-0.1918,-0.106,-0.0223,-0.1682,-0.0859,-0.0258,-0.143,-0.0837,-0.0296,-0.1484,-0.0732,-0.0235,-0.2046,-0.0636,-0.0326,-0.1844,-0.0475,-0.0306,-0.1566,-0.0481,-0.0298,-0.1489,-0.0147,-0.0306,-0.2087,-0.0076,-0.0402,-0.249,0.0052,-0.0414,-0.2823,0.009,-0.0414
7,Close Window (Pinky Extended),0.0,0.0,0.0,-0.0147,-0.0957,0.0003,-0.0444,-0.1837,-0.0061,-0.0747,-0.2485,-0.0145,-0.1005,-0.2939,-0.0224,-0.1245,-0.1856,-0.0133,-0.1839,-0.146,-0.0226,-0.1616,-0.1219,-0.0278,-0.1335,-0.1195,-0.0297,-0.1389,-0.1317,-0.0207,-0.1899,-0.1059,-0.0285,-0.167,-0.0867,-0.032,-0.1418,-0.0816,-0.0356,-0.1455,-0.072,-0.0271,-0.2012,-0.0602,-0.0362,-0.1803,-0.0424,-0.0336,-0.1519,-0.0378,-0.032,-0.1464,-0.013,-0.0329,-0.2081,-0.0048,-0.04,-0.2466,0.0062,-0.0392,-0.278,0.01,-0.0378
7,Close Window (Pinky Extended),0.0,0.0,0.0,-0.0117,-0.0963,0.0008,-0.0398,-0.1834,-0.0035,-0.0695,-0.2469,-0.0097,-0.0962,-0.2887,-0.0153,-0.1219,-0.1836,-0.0117,-0.1775,-0.145,-0.017,-0.1557,-0.1195,-0.0193,-0.1284,-0.1179,-0.0204,-0.1376,-0.1297,-0.0193,-0.1851,-0.1017,-0.0238,-0.1613,-0.0818,-0.0252,-0.137,-0.0805,-0.0284,-0.1439,-0.0695,-0.0258,-0.1973,-0.0562,-0.0333,-0.1746,-0.0393,-0.03,-0.1463,-0.0395,-0.0289,-0.1436,-0.0099,-0.0318,-0.2026,-0.0039,-0.0403,-0.2421,0.0071,-0.0409,-0.2747,0.0091,-0.0409
7,Close Window (Pinky Extended),0.0,0.0,0.0,-0.0103,-0.0962,0.0013,-0.0383,-0.182,-0.003,-0.0674,-0.247,-0.0092,-0.0935,-0.2888,-0.0149,-0.1186,-0.1841,-0.016,-0.1749,-0.1436,-0.0214,-0.1532,-0.1189,-0.0226,-0.1252,-0.1178,-0.0225,-0.1341,-0.1305,-0.0238,-0.1807,-0.0993,-0.0273,-0.1576,-0.0798,-0.0274,-0.1342,-0.0791,-0.0303,-0.1404,-0.0702,-0.0302,-0.1907,-0.0499,-0.0372,-0.1678,-0.0321,-0.0331,-0.1404,-0.032,-0.0318,-0.1402,-0.01,-0.0359,-0.2021,-0.0036,-0.043,-0.242,0.0079,-0.0419,-0.2749,0.0109,-0.0412
7,Close Window (Pinky Extended),0.0,0.0,0.0,-0.0117,-0.0979,0.0015,-0.0396,-0.1834,-0.003,-0.0701,-0.2472,-0.0094,-0.0982,-0.2891,-0.0157,-0.1174,-0.1846,-0.0175,-0.174,-0.1438,-0.0228,-0.1525,-0.1199,-0.0235,-0.1253,-0.1175,-0.0232,-0.134,-0.13,-0.0252,-0.1825,-0.1022,-0.0294,-0.1606,-0.0825,-0.0299,-0.1368,-0.0787,-0.033,-0.1409,-0.0694,-0.0312,-0.196,-0.0551,-0.0389,-0.1747,-0.0362,-0.035,-0.1468,-0.0328,-0.0338,-0.1406,-0.0088,-0.0364,-0.2037,-0.0008,-0.045,-0.2435,0.0125,-0.0445,-0.2767,0.0173,-0.044
7,Close Window (Pinky Extended),0.0,0.0,0.0,-0.0118,-0.0964,0.0015,-0.0384,-0.1822,-0.0029,-0.0689,-0.2446,-0.0092,-0.0968,-0.2849,-0.0153,-0.1174,-0.1809,-0.0166,-0.175,-0.1381,-0.022,-0.1535,-0.1142,-0.023,-0.1262,-0.113,-0.0226,-0.1327,-0.1268,-0.0242,-0.181,-0.0964,-0.0278,-0.1585,-0.0768,-0.028,-0.1347,-0.0742,-0.0308,-0.1395,-0.067,-0.03,-0.191,-0.0485,-0.0369,-0.1694,-0.0303,-0.033,-0.1422,-0.0277,-0.0316,-0.1402,-0.0063,-0.0349,-0.2021,0.0007,-0.0414,-0.241,0.0135,-0.0395,-0.2732,0.0187,-0.0381
7,Close Window (Pinky Extended),0.0,0.0,0.0,-0.0133,-0.0988,0.0016,-0.0419,-0.1877,-0.0026,-0.0739,-0.2503,-0.0087,-0.103,-0.2907,-0.0145,-0.1207,-0.1865,-0.0149,-0.1797,-0.144,-0.021,-0.158,-0.12,-0.0226,-0.1304,-0.1191,-0.0225,-0.136,-0.1319,-0.0226,-0.1853,-0.1018,-0.0274,-0.1628,-0.0822,-0.0285,-0.1389,-0.0804,-0.0315,-0.1424,-0.0717,-0.0288,-0.1973,-0.054,-0.0371,-0.1761,-0.0355,-0.0339,-0.1484,-0.0338,-0.0326,-0.143,-0.011,-0.0342,-0.2073,-0.0016,-0.0421,-0.247,0.0132,-0.0413,-0.2796,0.0191,-0.0402
7,Close Window (Pinky Extended),0.0,0.0,0.0,-0.0151,-0.097,0.0023,-0.043,-0.1818,-0.0027,-0.0731,-0.2444,-0.0098,-0.1005,-0.2856,-0.0169,-0.12,-0.1812,-0.0159,-0.1787,-0.1398,-0.0221,-0.158,-0.1149,-0.0244,-0.131,-0.1118,-0.0249,-0.1349,-0.1271,-0.0238,-0.1852,-0.0964,-0.0285,-0.1643,-0.0759,-0.03,-0.14,-0.0726,-0.0334,-0.1413,-0.0675,-0.03,-0.1968,-0.0493,-0.0374,-0.1783,-0.031,-0.034,-0.1516,-0.0287,-0.0329,-0.1423,-0.0077,-0.0353,-0.2058,0.0009,-0.0421,-0.2445,0.0134,-0.0404,-0.2759,0.0176,-0.0389
7,Close Window (Pinky Extended),0.0,0.0,0.0,-0.0114,-0.0981,0.0015,-0.0401,-0.1832,-0.0028,-0.0705,-0.2452,-0.009,-0.0996,-0.2837,-0.0153,-0.1166,-0.1838,-0.0156,-0.1745,-0.1437,-0.0226,-0.1542,-0.1198,-0.0255,-0.1271,-0.117,-0.026,-0.1328,-0.129,-0.023,-0.1805,-0.101,-0.0273,-0.1595,-0.0823,-0.0286,-0.1362,-0.0792,-0.0319,-0.1401,-0.0689,-0.0289,-0.1929,-0.053,-0.0366,-0.1738,-0.036,-0.0333,-0.1474,-0.0333,-0.0321,-0.1417,-0.0089,-0.0339,-0.2056,-0.0024,-0.0407,-0.2439,0.0094,-0.0386,-0.2751,0.0134,-0.0368
7,Close Window (Pinky Extended),0.0,0.0,0.0,-0.0126,-0.0973,0.0038,-0.0404,-0.1829,0.0004,-0.0707,-0.2456,-0.0051,-0.0966,-0.2876,-0.0109,-0.1169,-0.1818,-0.0146,-0.1745,-0.1417,-0.0173,-0.1542,-0.116,-0.0164,-0.1281,-0.1134,-0.0155,-0.1316,-0.1288,-0.0229,-0.1805,-0.0984,-0.0253,-0.1597,-0.0775,-0.0255,-0.1359,-0.0739,-0.0286,-0.1377,-0.0705,-0.0291,-0.1923,-0.0514,-0.0347,-0.1733,-0.0326,-0.0308,-0.147,-0.0299,-0.03,-0.1383,-0.0111,-0.0343,-0.203,-0.0026,-0.0403,-0.2419,0.0104,-0.0382,-0.2735,0.0149,-0.0368
7,Close Window (Pinky Extended),0.0,0.0,0.0,-0.012,-0.0984,0.0029,-0.0402,-0.1844,-0.0006,-0.0705,-0.2473,-0.0062,-0.0984,-0.2863,-0.0121,-0.1159,-0.1809,-0.0162,-0.1759,-0.1417,-0.0219,-0.1556,-0.1172,-0.0228,-0.1287,-0.1147,-0.0223,-0.1308,-0.1279,-0.0246,-0.1827,-0.0999,-0.029,-0.162,-0.0796,-0.0295,-0.1386,-0.0758,-0.0323,-0.1374,-0.0694,-0.0312,-0.1935,-0.0522,-0.0385,-0.1736,-0.0334,-0.0344,-0.1472,-0.0299,-0.0329,-0.1381,-0.0095,-0.0369,-0.2032,-0.0036,-0.0437,-0.2426,0.0077,-0.0416,-0.2752,0.0114,-0.0402
7,Close Window (Pinky Extended),0.0,0.0,0.0,-0.0151,-0.0972,0.0012,-0.0457,-0.183,-0.004,-0.076,-0.2456,-0.0111,-0.0991,-0.2921,-0.018,-0.1213,-0.1783,-0.0155,-0.1778,-0.1358,-0.0212,-0.1559,-0.1119,-0.023,-0.1303,-0.1113,-0.0236,-0.1364,-0.1251,-0.0227,-0.1847,-0.0932,-0.0275,-0.1643,-0.0734,-0.0292,-0.1411,-0.0707,-0.0327,-0.1428,-0.0671,-0.0282,-0.1987,-0.0484,-0.0362,-0.1817,-0.0287,-0.0329,-0.1561,-0.0244,-0.0316,-0.1433,-0.0092,-0.033,-0.2046,-0.0032,-0.0405,-0.2439,0.0073,-0.0393,-0.2763,0.0112,-0.0379
7,Close Window (Pinky Extended),0.0,0.0,0.0,-0.0141,-0.0976,0.0018,-0.0442,-0.185,-0.0029,-0.0755,-0.247,-0.0096,-0.1012,-0.2897,-0.0162,-0.1207,-0.1788,-0.0147,-0.1786,-0.136,-0.0216,-0.1575,-0.112,-0.0242,-0.1303,-0.1112,-0.0247,-0.1354,-0.1256,-0.0224,-0.1846,-0.0958,-0.0278,-0.1629,-0.0757,-0.0294,-0.1388,-0.0731,-0.0324,-0.1419,-0.0673,-0.0286,-0.1975,-0.0499,-0.0367,-0.1774,-0.0309,-0.0329,-0.1502,-0.0277,-0.0309,-0.1432,-0.0089,-0.0339,-0.2058,-0.0032,-0.0411,-0.2448,0.0085,-0.0393,-0.277,0.0124,-0.0374
7,Close Window (Pinky Extended),0.0,0.0,0.0,-0.0147,-0.0978,0.0015,-0.0459,-0.1834,-0.0044,-0.0758,-0.2479,-0.0121,-0.0984,-0.2947,-0.0199,-0.118,-0.1798,-0.0178,-0.1752,-0.1422,-0.0245,-0.1555,-0.1177,-0.027,-0.13,-0.1142,-0.0278,-0.1346,-0.1253,-0.0252,-0.1846,-0.1011,-0.0312,-0.1645,-0.0811,-0.0331,-0.1408,-0.0749,-0.036,-0.1426,-0.066,-0.0308,-0.2014,-0.0529,-0.0386,-0.1858,-0.0335,-0.0352,-0.1617,-0.027,-0.0337,-0.1442,-0.0075,-0.0353,-0.2079,0.0001,-0.0418,-0.2447,0.0127,-0.0395,-0.2748,0.0193,-0.0374
7,Close Window (Pinky Extended),0.0,0.0,0.0,-0.0142,-0.0975,0.0001,-0.0453,-0.1848,-0.0064,-0.0756,-0.2483,-0.0145,-0.0985,-0.2949,-0.0225,-0.1171,-0.1783,-0.0185,-0.1745,-0.1427,-0.0255,-0.1556,-0.1196,-0.028,-0.1304,-0.1166,-0.0289,-0.1322,-0.1238,-0.0255,-0.1827,-0.1017,-0.0317,-0.1642,-0.085,-0.0335,-0.1414,-0.0809,-0.0366,-0.1396,-0.0654,-0.0308,-0.1992,-0.0553,-0.0387,-0.1862,-0.0394,-0.0354,-0.1641,-0.035,-0.0342,-0.1411,-0.008,-0.0355,-0.2036,0.0008,-0.0428,-0.2401,0.0127,-0.0416,-0.2699,0.0179,-0.0403
7,Close Window (Pinky Extended),0.0,0.0,0.0,-0.0138,-0.0983,-0.0014,-0.0454,-0.1839,-0.0081,-0.073,-0.2523,-0.0162,-0.0948,-0.3011,-0.0245,-0.1235,-0.1804,-0.0196,-0.1771,-0.1386,-0.0273,-0.1567,-0.1143,-0.0313,-0.13,-0.1111,-0.0332,-0.1414,-0.1234,-0.026,-0.1863,-0.0961,-0.0322,-0.1659,-0.0763,-0.0348,-0.1414,-0.0711,-0.0386,-0.1485,-0.0613,-0.031,-0.2013,-0.0463,-0.0407,-0.1834,-0.0269,-0.0387,-0.1571,-0.0219,-0.0378,-0.148,-0.002,-0.0351,-0.2082,0.0084,-0.0435,-0.2446,0.0235,-0.0422,-0.2746,0.0305,-0.0405
7,Close Window (Pinky Extended),0.0,0.0,0.0,-0.0156,-0.0997,0.0009,-0.0472,-0.1864,-0.0057,-0.0743,-0.2557,-0.0146,-0.0961,-0.3071,-0.0235,-0.1247,-0.1841,-0.0144,-0.1787,-0.1442,-0.0199,-0.1598,-0.1187,-0.0228,-0.1352,-0.1148,-0.0248,-0.1413,-0.1279,-0.0221,-0.186,-0.0998,-0.0273,-0.1668,-0.0816,-0.0303,-0.1443,-0.0769,-0.0347,-0.148,-0.0668,-0.0283,-0.2039,-0.0535,-0.036,-0.1918,-0.0374,-0.0342,-0.1709,-0.0333,-0.0344,-0.1477,-0.0082,-0.0337,-0.2075,0.0034,-0.0411,-0.244,0.0177,-0.0403,-0.2755,0.0249,-0.0395
7,Close Window (Pinky Extended),0.0,0.0,0.0,-0.0152,-0.1033,-0.0007,-0.0459,-0.1884,-0.0086,-0.0721,-0.2573,-0.0181,-0.0902,-0.3087,-0.0279,-0.1285,-0.185,-0.022,-0.186,-0.14,-0.0291,-0.166,-0.1159,-0.0302,-0.1382,-0.1113,-0.0296,-0.1444,-0.1277,-0.0292,-0.193,-0.0959,-0.0357,-0.1721,-0.0761,-0.0378,-0.1474,-0.0699,-0.0409,-0.1497,-0.0658,-0.0344,-0.2037,-0.0455,-0.0429,-0.1857,-0.0284,-0.0394,-0.16,-0.0238,-0.0378,-0.1476,-0.0051,-0.0387,-0.2109,0.006,-0.0449,-0.247,0.0168,-0.0414,-0.2769,0.0202,-0.0383
7,Close Window (Pinky Extended),0.0,0.0,0.0,-0.0153,-0.1006,0.0024,-0.0453,-0.1858,-0.0045,-0.0714,-0.2545,-0.0135,-0.0899,-0.3062,-0.0229,-0.1258,-0.1847,-0.0185,-0.1832,-0.1409,-0.0213,-0.1647,-0.1132,-0.0201,-0.1398,-0.1063,-0.0193,-0.1411,-0.1297,-0.0267,-0.1911,-0.0973,-0.031,-0.1715,-0.0771,-0.0321,-0.1476,-0.0699,-0.035,-0.1466,-0.0696,-0.0325,-0.2056,-0.0535,-0.0385,-0.1933,-0.0379,-0.0354,-0.1722,-0.034,-0.0351,-0.1446,-0.0107,-0.0373,-0.2065,0.0014,-0.044,-0.2441,0.0173,-0.0425,-0.2769,0.0272,-0.0414
7,Close Window (Pinky Extended),0.0,0.0,0.0,-0.0126,-0.1015,-0.0019,-0.044,-0.1882,-0.0097,-0.0701,-0.2587,-0.019,-0.0856,-0.3139,-0.0283,-0.1285,-0.1902,-0.0207,-0.1825,-0.1458,-0.028,-0.1604,-0.1214,-0.0308,-0.1319,-0.1182,-0.0317,-0.1463,-0.1321,-0.0274,-0.1928,-0.1032,-0.0342,-0.17,-0.0825,-0.0368,-0.1442,-0.0762,-0.0402,-0.1529,-0.0688,-0.0323,-0.2043,-0.0517,-0.0419,-0.1831,-0.0331,-0.0388,-0.1548,-0.028,-0.0372,-0.1519,-0.0077,-0.0366,-0.2136,0.0022,-0.0443,-0.2518,0.0133,-0.0422,-0.2843,0.0161,-0.04
7,Close Window (Pinky Extended),0.0,0.0,0.0,-0.0137,-0.1017,0.0029,-0.0435,-0.1896,-0.0033,-0.0689,-0.2601,-0.0121,-0.0845,-0.3133,-0.0216,-0.1248,-0.1889,-0.014,-0.1827,-0.1505,-0.0196,-0.1645,-0.123,-0.0224,-0.1389,-0.117,-0.0238,-0.1417,-0.133,-0.0226,-0.1934,-0.107,-0.0274,-0.1736,-0.0854,-0.0298,-0.1486,-0.0786,-0.0336,-0.1484,-0.0725,-0.0293,-0.2057,-0.0604,-0.0354,-0.1884,-0.0409,-0.0317,-0.1624,-0.0341,-0.0308,-0.1479,-0.0133,-0.0352,-0.2082,-0.0056,-0.0404,-0.2437,0.0069,-0.0376,-0.2735,0.0123,-0.0355
7,Close Window (Pinky Extended),0.0,0.0,0.0,-0.0121,-0.103,-0.0026,-0.0446,-0.1919,-0.0104,-0.0694,-0.2649,-0.0195,-0.0819,-0.3212,-0.0286,-0.129,-0.1952,-0.0217,-0.1885,-0.1483,-0.0285,-0.1683,-0.1213,-0.0303,-0.1401,-0.1163,-0.0306,-0.1466,-0.1386,-0.0281,-0.1989,-0.1063,-0.035,-0.1778,-0.0833,-0.0373,-0.1522,-0.0763,-0.0406,-0.154,-0.0762,-0.0328,-0.2092,-0.0575,-0.0422,-0.1889,-0.0384,-0.0391,-0.1604,-0.0329,-0.0376,-0.1547,-0.0146,-0.037,-0.2167,-0.0097,-0.0452,-0.2586,-0.0006,-0.0442,-0.2953,0.0014,-0.043
7,Close Window (Pinky Extended),0.0,0.0,0.0,-0.01,-0.1003,-0.006,-0.0383,-0.1888,-0.0159,-0.0618,-0.2595,-0.0266,-0.0733,-0.3168,-0.0371,-0.1281,-0.1921,-0.0225,-0.1846,-0.1473,-0.031,-0.1669,-0.1203,-0.0342,-0.1405,-0.1137,-0.0348,-0.1446,-0.136,-0.0278,-0.1963,-0.1048,-0.0369,-0.1755,-0.0836,-0.0407,-0.1507,-0.0759,-0.0442,-0.1519,-0.0745,-0.0318,-0.2042,-0.0548,-0.0441,-0.1831,-0.039,-0.0425,-0.1552,-0.0337,-0.0405,-0.1541,-0.0131,-0.0353,-0.2171,-0.0089,-0.0442,-0.2579,-0.0033,-0.0427,-0.2938,-0.0033,-0.0404
7,Close Window (Pinky Extended),0.0,0.0,0.0,-0.0127,-0.1007,-0.0013,-0.0427,-0.1875,-0.0096,-0.0647,-0.2604,-0.0201,-0.0753,-0.3179,-0.0311,-0.1309,-0.1894,-0.0165,-0.1884,-0.1458,-0.0228,-0.1745,-0.1159,-0.0268,-0.1513,-0.1069,-0.0291,-0.1476,-0.1319,-0.0241,-0.2011,-0.1035,-0.0301,-0.1865,-0.0807,-0.0348,-0.1651,-0.0698,-0.0404,-0.1539,-0.0701,-0.0301,-0.2087,-0.0571,-0.0394,-0.1927,-0.0399,-0.0386,-0.1671,-0.0327,-0.0388,-0.1545,-0.0106,-0.0355,-0.2171,-0.0084,-0.0431,-0.2583,0.0004,-0.0418,-0.2936,0.0042,-0.0407
7,Close Window (Pinky Extended),0.0,0.0,0.0,-0.0071,-0.1023,-0.0073,-0.034,-0.1959,-0.0174,-0.0555,-0.2725,-0.0279,-0.065,-0.3321,-0.038,-0.1227,-0.2033,-0.0227,-0.1733,-0.1685,-0.0276,-0.1572,-0.138,-0.0293,-0.1335,-0.1271,-0.0305,-0.1444,-0.1454,-0.0273,-0.1956,-0.1261,-0.0329,-0.1799,-0.1021,-0.0358,-0.1571,-0.0879,-0.0402,-0.1542,-0.0824,-0.0306,-0.2105,-0.0783,-0.0398,-0.1901,-0.0589,-0.0381,-0.1605,-0.0478,-0.0377,-0.1564,-0.0223,-0.0338,-0.2175,-0.0199,-0.0424,-0.2575,-0.0126,-0.0425,-0.2929,-0.0106,-0.0424
7,Close Window (Pinky Extended),0.0,0.0,0.0,-0.0084,-0.1022,-0.0019,-0.035,-0.193,-0.0101,-0.0541,-0.2703,-0.0208,-0.0615,-0.3296,-0.0324,-0.12,-0.1983,-0.0146,-0.1747,-0.1657,-0.0227,-0.1595,-0.135,-0.029,-0.1333,-0.1236,-0.0329,-0.1419,-0.141,-0.022,-0.1929,-0.1236,-0.0304,-0.1744,-0.0992,-0.0364,-0.1487,-0.0847,-0.0422,-0.1523,-0.078,-0.0282,-0.2064,-0.0731,-0.0389,-0.1884,-0.0521,-0.0393,-0.1611,-0.0401,-0.0399,-0.1549,-0.0181,-0.0339,-0.215,-0.017,-0.0426,-0.2542,-0.0079,-0.0429,-0.2886,-0.0043,-0.0428
7,Close Window (Pinky Extended),0.0,0.0,0.0,-0.008,-0.1046,-0.0061,-0.0306,-0.1948,-0.0174,-0.0496,-0.2699,-0.0285,-0.0544,-0.3272,-0.0396,-0.116,-0.1996,-0.0314,-0.1693,-0.172,-0.0359,-0.1495,-0.1486,-0.0351,-0.1236,-0.1394,-0.0348,-0.1379,-0.1407,-0.0365,-0.1888,-0.1302,-0.0425,-0.1669,-0.1119,-0.0437,-0.1408,-0.0984,-0.047,-0.1481,-0.078,-0.0391,-0.2048,-0.0837,-0.0482,-0.1819,-0.0672,-0.0455,-0.1516,-0.055,-0.0451,-0.1505,-0.0185,-0.0411,-0.2151,-0.0136,-0.0504,-0.2536,-0.0062,-0.0506,-0.2882,-0.0049,-0.0509
7,Close Window (Pinky Extended),0.0,0.0,0.0,-0.0063,-0.1053,-0.0053,-0.0264,-0.193,-0.0175,-0.0444,-0.2678,-0.0303,-0.052,-0.3271,-0.0434,-0.1105,-0.1976,-0.0313,-0.1653,-0.1598,-0.0375,-0.1453,-0.135,-0.0379,-0.1185,-0.1247,-0.038,-0.1322,-0.1387,-0.0371,-0.1818,-0.1212,-0.0453,-0.1593,-0.1045,-0.0481,-0.1325,-0.0916,-0.0523,-0.1429,-0.0752,-0.0405,-0.197,-0.0771,-0.0507,-0.175,-0.0634,-0.0487,-0.1462,-0.0535,-0.0488,-0.1464,-0.0145,-0.0433,-0.2081,-0.0119,-0.0529,-0.2463,-0.0032,-0.0528,-0.2822,0.0019,-0.0528
7,Close Window (Pinky Extended),0.0,0.0,0.0,-0.0049,-0.1073,-0.0068,-0.0219,-0.1961,-0.0176,-0.0422,-0.267,-0.0286,-0.0502,-0.325,-0.0394,-0.1128,-0.1917,-0.0287,-0.16,-0.1678,-0.0335,-0.1365,-0.1476,-0.0326,-0.1063,-0.1357,-0.0315,-0.1356,-0.1331,-0.0332,-0.1744,-0.1226,-0.039,-0.1519,-0.1067,-0.042,-0.1257,-0.0923,-0.0467,-0.1453,-0.071,-0.0356,-0.1924,-0.0733,-0.0457,-0.1698,-0.0596,-0.0454,-0.1402,-0.0488,-0.0465,-0.1471,-0.0124,-0.0373,-0.21,-0.0068,-0.047,-0.2487,0.0015,-0.0474,-0.2842,0.0045,-0.0479
7,Close Window (Pinky Extended),0.0,0.0,0.0,-0.0057,-0.1074,-0.0064,-0.0241,-0.1967,-0.0177,-0.0443,-0.2693,-0.0288,-0.0509,-0.3274,-0.0398,-0.1135,-0.1927,-0.0311,-0.1678,-0.1682,-0.0344,-0.1459,-0.1482,-0.0314,-0.1176,-0.1372,-0.0286,-0.1347,-0.1338,-0.0354,-0.1794,-0.1241,-0.039,-0.1582,-0.1096,-0.0406,-0.1328,-0.0973,-0.0447,-0.1439,-0.0719,-0.037,-0.194,-0.0739,-0.0436,-0.1728,-0.0619,-0.041,-0.1442,-0.053,-0.0413,-0.1459,-0.0118,-0.038,-0.2101,-0.0105,-0.0438,-0.2493,-0.007,-0.0413,-0.2847,-0.0077,-0.0401
7,Close Window (Pinky Extended),0.0,0.0,0.0,-0.0045,-0.1112,-0.0027,-0.0221,-0.2026,-0.0119,-0.0429,-0.2759,-0.022,-0.0517,-0.3328,-0.0319,-0.1118,-0.2001,-0.0221,-0.164,-0.1843,-0.0252,-0.1415,-0.1638,-0.0236,-0.1132,-0.151,-0.0217,-0.1352,-0.1418,-0.0279,-0.179,-0.138,-0.0295,-0.1581,-0.1219,-0.0313,-0.1338,-0.1082,-0.0356,-0.1467,-0.0799,-0.0313,-0.1944,-0.0881,-0.0364,-0.1728,-0.075,-0.0341,-0.1445,-0.0633,-0.0347,-0.1509,-0.02,-0.0339,-0.2156,-0.0196,-0.0383,-0.2544,-0.0158,-0.0356,-0.2889,-0.016,-0.0344
7,Close Window (Pinky Extended),0.0,0.0,0.0,-0.0047,-0.1106,-0.0013,-0.0227,-0.2012,-0.0104,-0.0418,-0.2764,-0.021,-0.0494,-0.3345,-0.0319,-0.1109,-0.1994,-0.0224,-0.1648,-0.1821,-0.026,-0.1436,-0.1599,-0.0249,-0.115,-0.1459,-0.0234,-0.1341,-0.142,-0.0291,-0.1783,-0.136,-0.0313,-0.1571,-0.119,-0.0334,-0.1321,-0.105,-0.0381,-0.1451,-0.0797,-0.0334,-0.1941,-0.0865,-0.0387,-0.1723,-0.0721,-0.036,-0.1434,-0.0604,-0.0367,-0.1491,-0.0184,-0.0369,-0.213,-0.0181,-0.0417,-0.2527,-0.0143,-0.039,-0.2883,-0.0148,-0.038
7,Close Window (Pinky Extended),0.0,0.0,0.0,-0.0004,-0.1088,-0.0067,-0.0134,-0.1968,-0.0185,-0.0325,-0.2683,-0.03,-0.0396,-0.3264,-0.0409,-0.1025,-0.1906,-0.0349,-0.1506,-0.1748,-0.0379,-0.1279,-0.1566,-0.0334,-0.1003,-0.1434,-0.0298,-0.1269,-0.1316,-0.0391,-0.1675,-0.1296,-0.0416,-0.1466,-0.1155,-0.0415,-0.1226,-0.1009,-0.0453,-0.1383,-0.0701,-0.0404,-0.1843,-0.0797,-0.0472,-0.1626,-0.0672,-0.0444,-0.1345,-0.0551,-0.0453,-0.1414,-0.0119,-0.0411,-0.2058,-0.0093,-0.0479,-0.2448,-0.0053,-0.0463,-0.2795,-0.0056,-0.0463
7,Close Window (Pinky Extended),0.0,0.0,0.0,-0.0016,-0.1099,-0.0057,-0.0159,-0.1987,-0.0171,-0.0348,-0.2702,-0.0285,-0.0407,-0.3283,-0.0396,-0.1042,-0.1916,-0.033,-0.1557,-0.1761,-0.0366,-0.1329,-0.1584,-0.0329,-0.105,-0.1459,-0.0296,-0.1279,-0.1326,-0.0376,-0.1714,-0.1309,-0.04,-0.1509,-0.1168,-0.0399,-0.1268,-0.1028,-0.0437,-0.1389,-0.0713,-0.0394,-0.187,-0.081,-0.0457,-0.1654,-0.068,-0.0424,-0.1372,-0.0558,-0.0429,-0.1421,-0.0132,-0.0405,-0.2063,-0.0122,-0.0465,-0.2448,-0.0087,-0.0442,-0.2792,-0.009,-0.0437
7,Close Window (Pinky Extended),0.0,0.0,0.0,-0.004,-0.1091,-0.0049,-0.0221,-0.1967,-0.0155,-0.0411,-0.2702,-0.0264,-0.0477,-0.3286,-0.0372,-0.1133,-0.1972,-0.0296,-0.1661,-0.1751,-0.031,-0.1464,-0.1542,-0.0265,-0.1206,-0.1419,-0.0231,-0.1353,-0.1388,-0.0344,-0.1813,-0.132,-0.0363,-0.1608,-0.1169,-0.0366,-0.1363,-0.1026,-0.0401,-0.1448,-0.0767,-0.0363,-0.1947,-0.0823,-0.0413,-0.1731,-0.0705,-0.038,-0.1451,-0.0594,-0.0384,-0.1465,-0.0161,-0.0374,-0.2101,-0.0152,-0.0426,-0.2479,-0.012,-0.0398,-0.283,-0.0118,-0.0388
7,Close Window (Pinky Extended),0.0,0.0,0.0,-0.0044,-0.1087,-0.0061,-0.0211,-0.1966,-0.0172,-0.0397,-0.2695,-0.0285,-0.0474,-0.3271,-0.0397,-0.1076,-0.1978,-0.0297,-0.1582,-0.1726,-0.0329,-0.142,-0.1482,-0.0298,-0.1185,-0.1335,-0.027,-0.1306,-0.1403,-0.0349,-0.1877,-0.1313,-0.0384,-0.1794,-0.1158,-0.0398,-0.1617,-0.1007,-0.044,-0.1424,-0.0786,-0.0375,-0.1937,-0.0808,-0.045,-0.1731,-0.0681,-0.0435,-0.1458,-0.0572,-0.0444,-0.1457,-0.0182,-0.0395,-0.2094,-0.0167,-0.0457,-0.2483,-0.0106,-0.0434,-0.2844,-0.0073,-0.0427
7,Close Window (Pinky Extended),0.0,0.0,0.0,-0.0043,-0.1084,-0.0038,-0.021,-0.1964,-0.0138,-0.0392,-0.2694,-0.0246,-0.0462,-0.3273,-0.0354,-0.1073,-0.197,-0.0276,-0.1565,-0.1722,-0.0302,-0.1331,-0.1514,-0.0269,-0.1049,-0.1398,-0.0242,-0.1308,-0.1389,-0.0332,-0.1743,-0.1279,-0.0365,-0.1526,-0.1113,-0.0377,-0.1276,-0.0968,-0.0414,-0.1425,-0.0759,-0.036,-0.1914,-0.077,-0.0432,-0.1692,-0.0623,-0.0407,-0.1408,-0.0506,-0.0408,-0.1462,-0.0149,-0.0379,-0.2099,-0.0137,-0.0443,-0.2478,-0.0096,-0.0417,-0.2824,-0.0094,-0.0403
7,Close Window (Pinky Extended),0.0,0.0,0.0,-0.0034,-0.1051,-0.0058,-0.0212,-0.1957,-0.0152,-0.0395,-0.27,-0.0251,-0.0466,-0.3276,-0.0354,-0.1078,-0.1974,-0.0262,-0.1584,-0.1691,-0.0281,-0.145,-0.1432,-0.0252,-0.1233,-0.128,-0.0231,-0.131,-0.14,-0.0313,-0.1843,-0.1299,-0.0341,-0.1757,-0.1115,-0.0366,-0.1586,-0.0949,-0.0416,-0.1422,-0.0786,-0.0339,-0.1945,-0.0809,-0.041,-0.1764,-0.0658,-0.0401,-0.1513,-0.0539,-0.0415,-0.1442,-0.0175,-0.036,-0.2054,-0.016,-0.0431,-0.2435,-0.0095,-0.0419,-0.2792,-0.0068,-0.0418
7,Close Window (Pinky Extended),0.0,0.0,0.0,-0.003,-0.1067,-0.0066,-0.0205,-0.198,-0.0152,-0.0408,-0.2721,-0.0231,-0.0485,-0.3296,-0.031,-0.1071,-0.1985,-0.0272,-0.1558,-0.1736,-0.025,-0.1427,-0.1468,-0.0185,-0.122,-0.1308,-0.0142,-0.132,-0.1405,-0.0306,-0.1884,-0.1327,-0.0287,-0.1876,-0.1165,-0.0285,-0.1761,-0.1012,-0.0324,-0.1443,-0.079,-0.0312,-0.1964,-0.0831,-0.0343,-0.1779,-0.0702,-0.0325,-0.1515,-0.0599,-0.0341,-0.1473,-0.0186,-0.0312,-0.2087,-0.0196,-0.0353,-0.2459,-0.0141,-0.0329,-0.2798,-0.0118,-0.0324
7,Close Window (Pinky Extended),0.0,0.0,0.0,-0.0011,-0.1072,-0.0086,-0.0154,-0.1932,-0.0203,-0.0341,-0.2649,-0.0312,-0.0423,-0.322,-0.0419,-0.1015,-0.1914,-0.0342,-0.1517,-0.1668,-0.0356,-0.1362,-0.1428,-0.0302,-0.1141,-0.1286,-0.0264,-0.1253,-0.1336,-0.0375,-0.1835,-0.1269,-0.04,-0.1761,-0.1113,-0.0396,-0.1588,-0.0967,-0.043,-0.1372,-0.0726,-0.0382,-0.1899,-0.0789,-0.0447,-0.1699,-0.0658,-0.0421,-0.1425,-0.0545,-0.0429,-0.1398,-0.0135,-0.0384,-0.2011,-0.013,-0.0453,-0.2394,-0.0072,-0.0441,-0.2748,-0.0039,-0.0445
7,Close Window (Pinky Extended),0.0,0.0,0.0,-0.0034,-0.1085,-0.0079,-0.0178,-0.1936,-0.0199,-0.0371,-0.2637,-0.0315,-0.0452,-0.3214,-0.0429,-0.1077,-0.1886,-0.0328,-0.1566,-0.164,-0.034,-0.1344,-0.1447,-0.0295,-0.107,-0.1338,-0.0268,-0.1313,-0.1312,-0.0362,-0.1712,-0.1218,-0.0388,-0.1496,-0.1066,-0.0399,-0.1247,-0.0915,-0.0444,-0.142,-0.07,-0.0368,-0.1893,-0.0752,-0.0433,-0.1672,-0.0627,-0.0414,-0.1386,-0.0506,-0.0429,-0.1442,-0.0118,-0.0369,-0.2055,-0.0082,-0.0443,-0.242,-0.0045,-0.0438,-0.2757,-0.0042,-0.0442
7,Close Window (Pinky Extended),0.0,0.0,0.0,-0.0022,-0.1103,-0.0107,-0.0193,-0.2012,-0.0226,-0.0385,-0.2726,-0.0327,-0.0469,-0.3299,-0.0424,-0.1111,-0.1963,-0.0336,-0.1618,-0.171,-0.0336,-0.1542,-0.1498,-0.0286,-0.1404,-0.1401,-0.025,-0.1342,-0.1372,-0.0358,-0.1935,-0.1319,-0.0355,-0.2012,-0.1255,-0.035,-0.1977,-0.1203,-0.0386,-0.1449,-0.077,-0.0355,-0.1973,-0.0861,-0.0398,-0.1801,-0.0787,-0.0369,-0.1539,-0.0718,-0.0372,-0.1473,-0.0194,-0.0353,-0.21,-0.0214,-0.0395,-0.2478,-0.0185,-0.0361,-0.2807,-0.0176,-0.0347
7,Close Window (Pinky Extended),0.0,0.0,0.0,-0.0035,-0.1095,-0.0096,-0.0195,-0.1995,-0.022,-0.0397,-0.2706,-0.033,-0.048,-0.3286,-0.0435,-0.1137,-0.1937,-0.0342,-0.1624,-0.1693,-0.0351,-0.1427,-0.1499,-0.0305,-0.1178,-0.1395,-0.0275,-0.1365,-0.1353,-0.0364,-0.1781,-0.1275,-0.0382,-0.1579,-0.1133,-0.0387,-0.1336,-0.0991,-0.0424,-0.1461,-0.0748,-0.0358,-0.1938,-0.0804,-0.0412,-0.1719,-0.0688,-0.0385,-0.1437,-0.0578,-0.0391,-0.1475,-0.0172,-0.0349,-0.2092,-0.0165,-0.0407,-0.2448,-0.0133,-0.0386,-0.2771,-0.0132,-0.0376
7,Close Window (Pinky Extended),0.0,0.0,0.0,-0.0031,-0.1083,-0.0091,-0.02,-0.1998,-0.0214,-0.0407,-0.2711,-0.033,-0.0496,-0.3296,-0.0449,-0.116,-0.1973,-0.0317,-0.1731,-0.1695,-0.0358,-0.1638,-0.1457,-0.0348,-0.1454,-0.1353,-0.0335,-0.1383,-0.1383,-0.0353,-0.1891,-0.1281,-0.0387,-0.1751,-0.1119,-0.0403,-0.1542,-0.0993,-0.0444,-0.1477,-0.0769,-0.0366,-0.195,-0.0812,-0.0441,-0.173,-0.0679,-0.0418,-0.1446,-0.0573,-0.0416,-0.1498,-0.0177,-0.0376,-0.2144,-0.0196,-0.0433,-0.2532,-0.0177,-0.0405,-0.2868,-0.0188,-0.0389
7,Close Window (Pinky Extended),0.0,0.0,0.0,-0.0037,-0.1083,-0.0086,-0.0207,-0.1995,-0.0204,-0.0413,-0.2717,-0.0314,-0.0503,-0.3301,-0.0423,-0.114,-0.1986,-0.0322,-0.1625,-0.1719,-0.0352,-0.1441,-0.1494,-0.0324,-0.1207,-0.1383,-0.03,-0.1382,-0.1407,-0.0355,-0.1843,-0.1303,-0.0382,-0.1662,-0.1134,-0.0388,-0.1429,-0.0998,-0.0422,-0.1491,-0.0788,-0.0363,-0.1971,-0.0836,-0.0434,-0.1738,-0.0683,-0.0404,-0.145,-0.0561,-0.0401,-0.1512,-0.019,-0.0368,-0.2147,-0.0196,-0.0428,-0.2517,-0.017,-0.0399,-0.2846,-0.0183,-0.0383
7,Close Window (Pinky Extended),0.0,0.0,0.0,-0.0023,-0.1084,-0.0061,-0.0179,-0.1983,-0.0162,-0.038,-0.2694,-0.0263,-0.0466,-0.3263,-0.0368,-0.1105,-0.1951,-0.0272,-0.1654,-0.1694,-0.0282,-0.1548,-0.1441,-0.0246,-0.1354,-0.1313,-0.022,-0.1333,-0.137,-0.032,-0.1907,-0.1298,-0.0329,-0.187,-0.1162,-0.0342,-0.1726,-0.1041,-0.0387,-0.1436,-0.0764,-0.0342,-0.1924,-0.0825,-0.0396,-0.1722,-0.0701,-0.0377,-0.1452,-0.0593,-0.0387,-0.1458,-0.0173,-0.0359,-0.2081,-0.019,-0.0406,-0.2466,-0.015,-0.0377,-0.2816,-0.0135,-0.0367
7,Close Window (Pinky Extended),0.0,0.0,0.0,-0.0036,-0.1094,-0.0064,-0.0189,-0.1985,-0.0175,-0.0393,-0.2685,-0.0287,-0.0488,-0.3263,-0.0397,-0.1141,-0.1927,-0.0277,-0.1666,-0.1681,-0.0298,-0.148,-0.1466,-0.0267,-0.1223,-0.1348,-0.0242,-0.1367,-0.1343,-0.0319,-0.1772,-0.1269,-0.035,-0.1557,-0.1108,-0.0369,-0.1306,-0.0954,-0.0409,-0.1458,-0.0733,-0.0336,-0.192,-0.0808,-0.0403,-0.17,-0.0671,-0.0379,-0.1419,-0.0539,-0.0381,-0.1473,-0.0152,-0.0347,-0.2096,-0.0162,-0.0412,-0.2466,-0.0131,-0.0391,-0.2803,-0.0129,-0.0379
7,Close Window (Pinky Extended),0.0,0.0,0.0,-0.0031,-0.1075,-0.0096,-0.0205,-0.1991,-0.022,-0.0374,-0.2745,-0.0337,-0.043,-0.3327,-0.0447,-0.1071,-0.2004,-0.0306,-0.1523,-0.1805,-0.0352,-0.1388,-0.1574,-0.0351,-0.1209,-0.1452,-0.0351,-0.1325,-0.1423,-0.034,-0.1894,-0.1394,-0.0374,-0.1918,-0.1296,-0.0393,-0.1843,-0.1214,-0.0442,-0.1454,-0.0821,-0.0355,-0.1991,-0.0935,-0.0427,-0.1834,-0.0837,-0.0418,-0.1596,-0.0756,-0.0432,-0.1492,-0.0265,-0.0368,-0.2083,-0.026,-0.0435,-0.2442,-0.0179,-0.0422,-0.2757,-0.012,-0.042
7,Close Window (Pinky Extended),0.0,0.0,0.0,-0.0017,-0.1049,-0.0003,-0.019,-0.1957,-0.0081,-0.0343,-0.2726,-0.0186,-0.0417,-0.3289,-0.0295,-0.1056,-0.2013,-0.0082,-0.1494,-0.1867,-0.0151,-0.1354,-0.1584,-0.0215,-0.1127,-0.1389,-0.0255,-0.1315,-0.1464,-0.0154,-0.1731,-0.142,-0.0216,-0.1608,-0.1205,-0.0293,-0.1414,-0.1009,-0.0364,-0.1459,-0.0869,-0.0213,-0.1976,-0.0941,-0.0287,-0.1881,-0.0765,-0.0297,-0.1691,-0.0609,-0.0314,-0.1514,-0.0299,-0.0266,-0.2101,-0.0308,-0.0328,-0.2448,-0.025,-0.0316,-0.2747,-0.0222,-0.0302
7,Close Window (Pinky Extended),0.0,0.0,0.0,-0.0039,-0.1041,0.0004,-0.0206,-0.1914,-0.0078,-0.0365,-0.2638,-0.0187,-0.0456,-0.3199,-0.0303,-0.1056,-0.1931,-0.0096,-0.1489,-0.1722,-0.0132,-0.1398,-0.1441,-0.0167,-0.122,-0.1279,-0.0199,-0.1315,-0.1411,-0.0175,-0.1669,-0.1304,-0.0234,-0.1565,-0.1079,-0.0298,-0.1384,-0.0899,-0.0355,-0.1453,-0.0822,-0.0242,-0.1956,-0.0894,-0.031,-0.2059,-0.076,-0.0339,-0.2053,-0.0647,-0.0375,-0.1486,-0.0231,-0.0299,-0.2034,-0.0231,-0.0376,-0.239,-0.0137,-0.0379,-0.2703,-0.0071,-0.0377
7,Close Window (Pinky Extended),0.0,0.0,0.0,-0.0064,-0.1042,0.0018,-0.0225,-0.1891,-0.0053,-0.0403,-0.2601,-0.0149,-0.0509,-0.3148,-0.0255,-0.1111,-0.1855,-0.0153,-0.1574,-0.1577,-0.0164,-0.1389,-0.1312,-0.0161,-0.1136,-0.1197,-0.0166,-0.1336,-0.1314,-0.0235,-0.1699,-0.115,-0.0246,-0.1515,-0.0934,-0.0275,-0.128,-0.0811,-0.0332,-0.143,-0.0726,-0.0292,-0.1902,-0.0709,-0.0335,-0.1745,-0.0509,-0.0317,-0.15,-0.039,-0.0334,-0.1434,-0.0152,-0.034,-0.201,-0.0129,-0.0397,-0.237,-0.0006,-0.0378,-0.2688,0.0059,-0.037
7,Close Window (Pinky Extended),0.0,0.0,0.0,-0.0055,-0.1039,0.001,-0.0237,-0.1905,-0.006,-0.0418,-0.2613,-0.0154,-0.0509,-0.3158,-0.0257,-0.1093,-0.1873,-0.0178,-0.1592,-0.1575,-0.0202,-0.1412,-0.13,-0.0195,-0.1159,-0.1186,-0.0189,-0.1293,-0.1341,-0.0254,-0.1703,-0.1138,-0.0274,-0.1522,-0.0924,-0.0295,-0.1295,-0.0816,-0.0339,-0.1385,-0.0767,-0.0305,-0.1861,-0.0676,-0.0347,-0.1697,-0.0485,-0.0315,-0.1457,-0.0391,-0.0315,-0.1407,-0.0193,-0.0348,-0.1991,-0.0159,-0.0381,-0.2324,-0.0057,-0.0333,-0.2606,-0.0009,-0.0303
7,Close Window (Pinky Extended),0.0,0.0,0.0,-0.0081,-0.0995,0.0014,-0.0255,-0.1841,-0.0059,-0.0416,-0.2534,-0.0164,-0.0506,-0.3085,-0.0275,-0.1068,-0.1858,-0.013,-0.1624,-0.1565,-0.0199,-0.1432,-0.1278,-0.0238,-0.1149,-0.1179,-0.0255,-0.1257,-0.1354,-0.0216,-0.1737,-0.1133,-0.0272,-0.1544,-0.091,-0.0316,-0.1293,-0.0826,-0.0368,-0.1357,-0.0786,-0.0285,-0.1874,-0.0649,-0.035,-0.1692,-0.044,-0.0327,-0.143,-0.0373,-0.0325,-0.1398,-0.0212,-0.0348,-0.2,-0.0153,-0.0391,-0.2349,-0.006,-0.0355,-0.2629,-0.0036,-0.0332
7,Close Window (Pinky Extended),0.0,0.0,0.0,-0.005,-0.0987,0.0019,-0.0215,-0.1858,-0.0053,-0.0364,-0.257,-0.0153,-0.0472,-0.3105,-0.026,-0.1045,-0.1899,-0.0149,-0.1591,-0.1618,-0.02,-0.1406,-0.1354,-0.0224,-0.1148,-0.127,-0.0235,-0.1249,-0.1377,-0.023,-0.1708,-0.1183,-0.0262,-0.1516,-0.0972,-0.0291,-0.1279,-0.0883,-0.0339,-0.1362,-0.0803,-0.029,-0.186,-0.0717,-0.0338,-0.1679,-0.0512,-0.0309,-0.1426,-0.0428,-0.031,-0.1414,-0.0231,-0.0342,-0.2004,-0.018,-0.0376,-0.2356,-0.0085,-0.0338,-0.2649,-0.0049,-0.0316
7,Close Window (Pinky Extended),0.0,0.0,0.0,-0.0057,-0.1035,0.0026,-0.0223,-0.1909,-0.0034,-0.0378,-0.2632,-0.0121,-0.045,-0.3191,-0.0216,-0.1064,-0.2001,-0.0143,-0.1617,-0.1684,-0.016,-0.1436,-0.1386,-0.015,-0.1181,-0.1286,-0.0145,-0.1278,-0.1494,-0.0224,-0.1726,-0.1254,-0.0247,-0.153,-0.1008,-0.0268,-0.1294,-0.0901,-0.0309,-0.1386,-0.0918,-0.0281,-0.1878,-0.0801,-0.0336,-0.1692,-0.0577,-0.0316,-0.1434,-0.0476,-0.0319,-0.1428,-0.0334,-0.0327,-0.2016,-0.0266,-0.0382,-0.2364,-0.0149,-0.0359,-0.2664,-0.0098,-0.0343
7,Close Window (Pinky Extended),0.0,0.0,0.0,-0.006,-0.1008,0.0035,-0.0246,-0.1866,-0.0017,-0.0407,-0.2575,-0.0102,-0.0491,-0.3113,-0.0199,-0.1093,-0.1918,-0.0115,-0.1588,-0.1643,-0.0158,-0.1399,-0.1354,-0.0187,-0.1139,-0.1263,-0.0203,-0.132,-0.1406,-0.0204,-0.1713,-0.12,-0.0224,-0.151,-0.0964,-0.0251,-0.1267,-0.0865,-0.0297,-0.1433,-0.0822,-0.0272,-0.1875,-0.0718,-0.0332,-0.1659,-0.0494,-0.0313,-0.1382,-0.0409,-0.0315,-0.1469,-0.0239,-0.033,-0.2059,-0.0184,-0.038,-0.2404,-0.0079,-0.0345,-0.2684,-0.0048,-0.0322
7,Close Window (Pinky Extended),0.0,0.0,0.0,-0.0073,-0.101,-0.0015,-0.0278,-0.1886,-0.0101,-0.0444,-0.2605,-0.0205,-0.0512,-0.3171,-0.0313,-0.1133,-0.1947,-0.0197,-0.1636,-0.1655,-0.0251,-0.1437,-0.1388,-0.0272,-0.1172,-0.1315,-0.0282,-0.1352,-0.1406,-0.0265,-0.1758,-0.1198,-0.0298,-0.1559,-0.0973,-0.0316,-0.1322,-0.0881,-0.0357,-0.1459,-0.0807,-0.0313,-0.1911,-0.0706,-0.0385,-0.1701,-0.0495,-0.0359,-0.1424,-0.0413,-0.0356,-0.1494,-0.0228,-0.0354,-0.208,-0.0185,-0.0409,-0.242,-0.0088,-0.0374,-0.2698,-0.006,-0.035
7,Close Window (Pinky Extended),0.0,0.0,0.0,-0.0066,-0.1009,0.0003,-0.0262,-0.1891,-0.0071,-0.0433,-0.2615,-0.017,-0.0521,-0.3176,-0.0276,-0.1114,-0.1934,-0.0168,-0.1658,-0.1655,-0.0208,-0.1484,-0.1359,-0.0214,-0.1219,-0.1238,-0.0213,-0.1314,-0.1399,-0.0242,-0.1756,-0.1197,-0.0277,-0.1561,-0.0965,-0.0299,-0.132,-0.0865,-0.0342,-0.1413,-0.081,-0.0296,-0.1895,-0.0716,-0.0359,-0.1711,-0.0506,-0.0337,-0.145,-0.0411,-0.0338,-0.1451,-0.0224,-0.0341,-0.2035,-0.0179,-0.0391,-0.2389,-0.0069,-0.0362,-0.2687,-0.0022,-0.0344
7,Close Window (Pinky Extended),0.0,0.0,0.0,-0.0066,-0.1001,-0.0036,-0.0253,-0.1848,-0.0133,-0.0406,-0.255,-0.0243,-0.0457,-0.3117,-0.0358,-0.112,-0.1847,-0.0244,-0.1618,-0.1538,-0.0299,-0.1416,-0.1283,-0.0309,-0.1131,-0.1207,-0.0309,-0.1325,-0.1289,-0.0305,-0.172,-0.1064,-0.0344,-0.1523,-0.0856,-0.0362,-0.1275,-0.077,-0.0402,-0.1415,-0.0687,-0.0345,-0.1845,-0.0552,-0.0411,-0.1645,-0.0358,-0.0385,-0.137,-0.0286,-0.0386,-0.1432,-0.011,-0.0381,-0.2012,-0.003,-0.0432,-0.2354,0.0069,-0.0397,-0.2629,0.0097,-0.0375
7,Close Window (Pinky Extended),0.0,0.0,0.0,-0.0066,-0.1009,-0.002,-0.024,-0.1863,-0.0113,-0.04,-0.2572,-0.0226,-0.047,-0.3134,-0.0343,-0.1104,-0.1861,-0.021,-0.1613,-0.1551,-0.0276,-0.1429,-0.127,-0.0297,-0.1145,-0.1157,-0.03,-0.1306,-0.1312,-0.0278,-0.1714,-0.1077,-0.0326,-0.1517,-0.086,-0.0356,-0.1266,-0.0769,-0.0401,-0.1396,-0.0712,-0.0326,-0.1829,-0.0556,-0.0395,-0.1639,-0.0367,-0.0377,-0.1369,-0.0299,-0.0379,-0.1429,-0.0122,-0.0367,-0.2004,-0.0046,-0.0409,-0.2354,0.0059,-0.0373,-0.2646,0.0099,-0.035
7,Close Window (Pinky Extended),0.0,0.0,0.0,-0.0066,-0.0998,-0.0042,-0.0243,-0.1858,-0.0132,-0.0402,-0.2564,-0.0234,-0.0471,-0.3122,-0.0338,-0.1129,-0.1831,-0.0231,-0.1619,-0.1594,-0.0276,-0.1449,-0.1325,-0.0275,-0.118,-0.1211,-0.0267,-0.133,-0.1279,-0.0286,-0.1732,-0.108,-0.0325,-0.1544,-0.0876,-0.0344,-0.1307,-0.0787,-0.0384,-0.1417,-0.069,-0.0321,-0.1859,-0.0555,-0.0397,-0.1661,-0.0374,-0.038,-0.1398,-0.0299,-0.0383,-0.1435,-0.0126,-0.0352,-0.2031,-0.003,-0.0415,-0.2395,0.0085,-0.0391,-0.2711,0.0133,-0.0377
7,Close Window (Pinky Extended),0.0,0.0,0.0,-0.0059,-0.0997,-0.0033,-0.0235,-0.1842,-0.0132,-0.0403,-0.2545,-0.0247,-0.0477,-0.3101,-0.0364,-0.1091,-0.1788,-0.0232,-0.1582,-0.1565,-0.0296,-0.141,-0.1295,-0.0316,-0.1147,-0.1166,-0.0322,-0.1285,-0.1232,-0.0291,-0.1693,-0.1056,-0.034,-0.1504,-0.0854,-0.0367,-0.1267,-0.0756,-0.0414,-0.1373,-0.0649,-0.0332,-0.1808,-0.0541,-0.04,-0.1632,-0.0359,-0.0383,-0.1378,-0.0272,-0.039,-0.1402,-0.0088,-0.0368,-0.1968,0.0005,-0.0416,-0.2323,0.0122,-0.039,-0.2626,0.0191,-0.0378
7,Close Window (Pinky Extended),0.0,0.0,0.0,-0.0066,-0.101,-0.0063,-0.0237,-0.1835,-0.0185,-0.0376,-0.2531,-0.032,-0.0435,-0.3093,-0.0452,-0.11,-0.1785,-0.0262,-0.1547,-0.1607,-0.0348,-0.1354,-0.1411,-0.0382,-0.1085,-0.1329,-0.0396,-0.1301,-0.1211,-0.0318,-0.1699,-0.1085,-0.0398,-0.1498,-0.093,-0.0429,-0.1254,-0.0832,-0.0472,-0.1389,-0.0607,-0.036,-0.1843,-0.0553,-0.046,-0.1643,-0.04,-0.0444,-0.1376,-0.0313,-0.0444,-0.1401,-0.0057,-0.0399,-0.1982,0.0043,-0.0469,-0.235,0.0137,-0.0455,-0.2675,0.0176,-0.0447
7,Close Window (Pinky Extended),0.0,0.0,0.0,-0.0068,-0.0999,-0.0068,-0.0233,-0.1826,-0.019,-0.04,-0.2513,-0.0324,-0.0506,-0.307,-0.0457,-0.1092,-0.1774,-0.0264,-0.156,-0.1575,-0.036,-0.1354,-0.1359,-0.0397,-0.1073,-0.1263,-0.0411,-0.1292,-0.1194,-0.0317,-0.1719,-0.1079,-0.0406,-0.151,-0.0905,-0.0446,-0.1257,-0.0795,-0.0492,-0.1378,-0.0584,-0.0358,-0.1836,-0.0545,-0.0471,-0.1637,-0.0386,-0.0464,-0.1365,-0.0295,-0.0466,-0.1396,-0.0023,-0.0395,-0.1992,0.0061,-0.0474,-0.2363,0.017,-0.0462,-0.2686,0.0226,-0.0454
7,Close Window (Pinky Extended),0.0,0.0,0.0,-0.0069,-0.1046,-0.0049,-0.0238,-0.1914,-0.0161,-0.0396,-0.2635,-0.029,-0.0468,-0.3208,-0.0421,-0.106,-0.1769,-0.0242,-0.1502,-0.1593,-0.0331,-0.1291,-0.1415,-0.0368,-0.0997,-0.131,-0.038,-0.1269,-0.1175,-0.0304,-0.1698,-0.1141,-0.0394,-0.1495,-0.0985,-0.0443,-0.1222,-0.084,-0.049,-0.1368,-0.0574,-0.035,-0.1844,-0.0627,-0.0448,-0.1639,-0.0454,-0.0441,-0.1353,-0.0318,-0.0445,-0.1379,-0.0041,-0.0393,-0.1948,0.0066,-0.0463,-0.2305,0.0189,-0.046,-0.2616,0.0254,-0.046
7,Close Window (Pinky Extended),0.0,0.0,0.0,-0.0075,-0.1058,-0.0028,-0.0261,-0.1894,-0.0141,-0.0432,-0.2607,-0.0272,-0.051,-0.3156,-0.0412,-0.1088,-0.1784,-0.0274,-0.1564,-0.1539,-0.0362,-0.1345,-0.1329,-0.0397,-0.1049,-0.1215,-0.0413,-0.1297,-0.1179,-0.0343,-0.1694,-0.109,-0.0419,-0.1479,-0.0929,-0.0462,-0.1211,-0.0784,-0.0516,-0.1386,-0.0556,-0.0389,-0.1828,-0.0585,-0.0484,-0.1626,-0.0423,-0.048,-0.1347,-0.0298,-0.0493,-0.1404,0.0,-0.0428,-0.1975,0.012,-0.0503,-0.2324,0.0262,-0.0498,-0.2629,0.0354,-0.0499
7,Close Window (Pinky Extended),0.0,0.0,0.0,-0.0095,-0.1077,-0.007,-0.0289,-0.1939,-0.0217,-0.0502,-0.2648,-0.0361,-0.0614,-0.3235,-0.0506,-0.108,-0.1574,-0.0382,-0.1805,-0.1526,-0.0485,-0.1788,-0.1491,-0.0511,-0.1628,-0.1426,-0.0516,-0.1263,-0.0972,-0.0425,-0.1873,-0.1139,-0.053,-0.1694,-0.1138,-0.0558,-0.1425,-0.1027,-0.0591,-0.1332,-0.0412,-0.0445,-0.1906,-0.0631,-0.0525,-0.1738,-0.0601,-0.0506,-0.1482,-0.051,-0.0516,-0.1333,0.0059,-0.0462,-0.1928,0.0229,-0.0534,-0.2264,0.0358,-0.0554,-0.2547,0.0466,-0.0579
7,Close Window (Pinky Extended),0.0,0.0,0.0,-0.009,-0.106,-0.0101,-0.0312,-0.193,-0.0273,-0.0536,-0.2634,-0.0433,-0.0648,-0.3214,-0.0596,-0.109,-0.1538,-0.0437,-0.1892,-0.1493,-0.0587,-0.2051,-0.1514,-0.0645,-0.2029,-0.1504,-0.0674,-0.1296,-0.097,-0.0462,-0.1898,-0.1099,-0.0585,-0.1687,-0.1119,-0.0602,-0.1412,-0.1057,-0.063,-0.1367,-0.0428,-0.0471,-0.1939,-0.063,-0.0557,-0.1758,-0.065,-0.0513,-0.15,-0.0608,-0.0512,-0.1369,0.0035,-0.0481,-0.1955,0.0238,-0.0556,-0.2273,0.0381,-0.0571,-0.2543,0.0523,-0.0596
7,Close Window (Pinky Extended),0.0,0.0,0.0,-0.0129,-0.1065,-0.0091,-0.0393,-0.1918,-0.0248,-0.0648,-0.2606,-0.0387,-0.0806,-0.315,-0.0529,-0.1157,-0.155,-0.0453,-0.1967,-0.1528,-0.0535,-0.2218,-0.162,-0.0513,-0.2277,-0.166,-0.0489,-0.1344,-0.094,-0.0469,-0.1969,-0.1101,-0.0545,-0.1751,-0.1126,-0.05,-0.1468,-0.1064,-0.0481,-0.1393,-0.0373,-0.0461,-0.1965,-0.0588,-0.0516,-0.176,-0.0601,-0.0437,-0.1491,-0.053,-0.041,-0.1373,0.0111,-0.0451,-0.2005,0.0267,-0.0499,-0.2334,0.0366,-0.0489,-0.2617,0.0483,-0.0495
7,Close Window (Pinky Extended),0.0,0.0,0.0,-0.0119,-0.107,-0.0141,-0.0355,-0.1897,-0.032,-0.063,-0.2578,-0.0469,-0.0831,-0.3128,-0.0616,-0.1151,-0.1485,-0.0477,-0.1918,-0.1529,-0.0531,-0.222,-0.1637,-0.0484,-0.2338,-0.1665,-0.0449,-0.1351,-0.0883,-0.0465,-0.1924,-0.1111,-0.0495,-0.1725,-0.1198,-0.0419,-0.1474,-0.1181,-0.0389,-0.1399,-0.0329,-0.0434,-0.1919,-0.0586,-0.046,-0.1745,-0.0674,-0.037,-0.1509,-0.0651,-0.0348,-0.1386,0.0139,-0.0407,-0.2006,0.026,-0.0444,-0.231,0.0328,-0.0427,-0.2566,0.0427,-0.0433
7,Close Window (Pinky Extended),0.0,0.0,0.0,-0.0128,-0.1065,-0.0132,-0.0386,-0.192,-0.03,-0.0667,-0.2607,-0.0442,-0.0881,-0.3152,-0.0584,-0.1191,-0.1503,-0.044,-0.199,-0.1532,-0.0516,-0.2296,-0.1672,-0.0491,-0.2417,-0.1756,-0.0468,-0.1381,-0.0905,-0.0438,-0.195,-0.1121,-0.0506,-0.1735,-0.1169,-0.0452,-0.1476,-0.1135,-0.0427,-0.1422,-0.0347,-0.0423,-0.1934,-0.0605,-0.0487,-0.1746,-0.0669,-0.0421,-0.1516,-0.0646,-0.0402,-0.1412,0.0129,-0.041,-0.2,0.0246,-0.0474,-0.2302,0.0342,-0.0479,-0.2576,0.0454,-0.0494
7,Close Window (Pinky Extended),0.0,0.0,0.0,-0.0143,-0.1069,-0.0137,-0.0408,-0.1932,-0.03,-0.0708,-0.261,-0.0433,-0.0939,-0.3146,-0.0564,-0.1197,-0.1463,-0.0452,-0.1952,-0.156,-0.0508,-0.2254,-0.1701,-0.0463,-0.2378,-0.1767,-0.0429,-0.1387,-0.0859,-0.0442,-0.1951,-0.1103,-0.0484,-0.1747,-0.116,-0.0415,-0.1502,-0.1129,-0.0389,-0.1431,-0.0309,-0.0416,-0.1949,-0.0589,-0.0463,-0.1746,-0.0632,-0.0382,-0.1499,-0.058,-0.0359,-0.1409,0.0157,-0.0392,-0.2037,0.031,-0.0448,-0.2363,0.0395,-0.0448,-0.2645,0.0491,-0.0464
7,Close Window (Pinky Extended),0.0,0.0,0.0,-0.0138,-0.1057,-0.0131,-0.0414,-0.1904,-0.0285,-0.0724,-0.258,-0.0412,-0.0923,-0.3127,-0.0536,-0.1177,-0.1419,-0.0403,-0.188,-0.1526,-0.0448,-0.2109,-0.1609,-0.041,-0.2177,-0.1622,-0.0382,-0.1358,-0.0804,-0.0389,-0.1895,-0.1047,-0.0412,-0.1695,-0.1101,-0.0358,-0.1455,-0.1059,-0.0347,-0.14,-0.0259,-0.0358,-0.1935,-0.0513,-0.0389,-0.1743,-0.0562,-0.0315,-0.1487,-0.0506,-0.0302,-0.1379,0.019,-0.0331,-0.1987,0.0335,-0.0371,-0.2312,0.043,-0.0365,-0.2589,0.0547,-0.0381
7,Close Window (Pinky Extended),0.0,0.0,0.0,-0.0159,-0.1088,-0.0109,-0.0439,-0.1916,-0.0256,-0.0779,-0.2563,-0.0381,-0.1023,-0.3071,-0.0498,-0.1242,-0.1381,-0.0402,-0.1972,-0.1463,-0.0454,-0.201,-0.1556,-0.0417,-0.1904,-0.1599,-0.0385,-0.1407,-0.0761,-0.0401,-0.1905,-0.1015,-0.0419,-0.1685,-0.106,-0.037,-0.1452,-0.1029,-0.037,-0.1433,-0.0211,-0.0381,-0.1931,-0.0485,-0.0407,-0.1726,-0.0528,-0.0336,-0.1468,-0.0482,-0.0328,-0.1395,0.0241,-0.0361,-0.2003,0.0406,-0.0398,-0.2329,0.0515,-0.0384,-0.2603,0.0618,-0.0392
7,Close Window (Pinky Extended),0.0,0.0,0.0,-0.016,-0.1068,-0.011,-0.0436,-0.1901,-0.024,-0.0775,-0.2565,-0.0348,-0.1016,-0.3097,-0.0441,-0.1269,-0.1386,-0.038,-0.1914,-0.1453,-0.0427,-0.1751,-0.1456,-0.0398,-0.1514,-0.143,-0.0368,-0.1423,-0.0766,-0.0374,-0.1877,-0.0983,-0.0378,-0.1647,-0.1007,-0.0355,-0.1408,-0.0956,-0.0379,-0.1436,-0.021,-0.0348,-0.1898,-0.0467,-0.0371,-0.1695,-0.051,-0.0338,-0.1445,-0.0469,-0.0357,-0.1389,0.0246,-0.0321,-0.1975,0.0407,-0.0356,-0.2289,0.054,-0.0352,-0.256,0.0661,-0.0366
7,Close Window (Pinky Extended),0.0,0.0,0.0,-0.0164,-0.1052,-0.0114,-0.0434,-0.1882,-0.0248,-0.0778,-0.2522,-0.0362,-0.1039,-0.3021,-0.0464,-0.1245,-0.1388,-0.0381,-0.1887,-0.1419,-0.0432,-0.1741,-0.1386,-0.0399,-0.1502,-0.1342,-0.0364,-0.1398,-0.076,-0.0377,-0.1868,-0.0949,-0.0389,-0.1635,-0.0932,-0.0359,-0.1396,-0.0859,-0.0374,-0.1419,-0.0196,-0.0356,-0.1903,-0.0432,-0.0393,-0.1686,-0.0433,-0.035,-0.1424,-0.0366,-0.0355,-0.1378,0.0275,-0.0333,-0.1982,0.0451,-0.0378,-0.2305,0.058,-0.0375,-0.2583,0.0682,-0.0387
7,Close Window (Pinky Extended),0.0,0.0,0.0,-0.015,-0.1053,-0.0128,-0.0425,-0.1882,-0.0276,-0.0767,-0.2532,-0.0398,-0.1034,-0.3039,-0.0506,-0.123,-0.1368,-0.0435,-0.1896,-0.145,-0.0497,-0.1798,-0.1467,-0.0469,-0.1591,-0.1439,-0.044,-0.1391,-0.0754,-0.0423,-0.1843,-0.1019,-0.0442,-0.1606,-0.1064,-0.0409,-0.1361,-0.1013,-0.0425,-0.1411,-0.0207,-0.0392,-0.1887,-0.0505,-0.0431,-0.1684,-0.0562,-0.0391,-0.1432,-0.0522,-0.0406,-0.1368,0.0246,-0.036,-0.1953,0.044,-0.0416,-0.227,0.0557,-0.0426,-0.2538,0.0649,-0.0452
7,Close Window (Pinky Extended),0.0,0.0,0.0,-0.0153,-0.1061,-0.0122,-0.043,-0.1896,-0.0263,-0.0773,-0.2546,-0.0379,-0.1038,-0.3047,-0.0483,-0.1241,-0.1382,-0.041,-0.1903,-0.145,-0.047,-0.1788,-0.1456,-0.0448,-0.1576,-0.1424,-0.0422,-0.1402,-0.0762,-0.04,-0.1863,-0.1013,-0.0416,-0.1626,-0.1045,-0.0387,-0.1383,-0.0988,-0.0403,-0.142,-0.0211,-0.0372,-0.1901,-0.05,-0.0405,-0.1698,-0.0546,-0.0364,-0.1447,-0.05,-0.0376,-0.1374,0.0245,-0.0343,-0.1962,0.0413,-0.0392,-0.2276,0.0526,-0.0395,-0.2543,0.0621,-0.0414
7,Close Window (Pinky Extended),0.0,0.0,0.0,-0.0188,-0.1077,-0.0128,-0.0485,-0.1931,-0.0267,-0.084,-0.2609,-0.0374,-0.1084,-0.3144,-0.0461,-0.1332,-0.142,-0.0408,-0.1892,-0.1565,-0.0434,-0.1656,-0.1575,-0.0386,-0.1398,-0.1512,-0.0347,-0.1493,-0.0819,-0.0394,-0.1917,-0.1118,-0.0384,-0.1676,-0.1156,-0.0355,-0.1443,-0.1077,-0.0379,-0.1513,-0.0275,-0.0358,-0.1982,-0.0604,-0.0374,-0.1766,-0.0668,-0.0347,-0.151,-0.0615,-0.0373,-0.1459,0.0176,-0.0321,-0.2046,0.0321,-0.0363,-0.2354,0.0425,-0.0371,-0.2616,0.0519,-0.0395
7,Close Window (Pinky Extended),0.0,0.0,0.0,-0.0189,-0.1105,-0.0126,-0.0489,-0.1952,-0.0271,-0.0852,-0.2611,-0.0385,-0.1089,-0.3145,-0.0477,-0.1336,-0.1402,-0.0398,-0.1906,-0.1602,-0.0429,-0.1673,-0.1648,-0.0381,-0.1408,-0.1583,-0.0341,-0.1497,-0.081,-0.0384,-0.194,-0.1154,-0.0379,-0.17,-0.1218,-0.0351,-0.1468,-0.1142,-0.0371,-0.1519,-0.028,-0.035,-0.1999,-0.0618,-0.0368,-0.1792,-0.0703,-0.034,-0.154,-0.0652,-0.0364,-0.146,0.0157,-0.0315,-0.2053,0.0301,-0.0361,-0.2371,0.04,-0.0374,-0.2639,0.0499,-0.04
7,Close Window (Pinky Extended),0.0,0.0,0.0,-0.0163,-0.1099,-0.0114,-0.0436,-0.1926,-0.0254,-0.0782,-0.2559,-0.0374,-0.1029,-0.3065,-0.0477,-0.1268,-0.1386,-0.036,-0.1825,-0.154,-0.0415,-0.1617,-0.1539,-0.0398,-0.1349,-0.1473,-0.0375,-0.1432,-0.0784,-0.0357,-0.1833,-0.1056,-0.0364,-0.1608,-0.1065,-0.0349,-0.1382,-0.0987,-0.0376,-0.1458,-0.0239,-0.0338,-0.1899,-0.0541,-0.0368,-0.1699,-0.0567,-0.0338,-0.1455,-0.0494,-0.0355,-0.1409,0.0204,-0.0317,-0.2006,0.0344,-0.0357,-0.2322,0.0452,-0.0353,-0.2583,0.0548,-0.0365
7,Close Window (Pinky Extended),0.0,0.0,0.0,-0.0165,-0.1086,-0.0121,-0.0427,-0.1901,-0.0265,-0.0768,-0.2546,-0.0383,-0.1031,-0.3051,-0.0481,-0.1271,-0.1374,-0.0405,-0.1826,-0.1514,-0.0441,-0.1611,-0.15,-0.0392,-0.1336,-0.142,-0.0349,-0.1439,-0.0776,-0.0394,-0.1818,-0.1042,-0.0387,-0.1584,-0.1036,-0.0351,-0.1359,-0.0951,-0.0368,-0.1466,-0.0233,-0.0364,-0.1878,-0.0534,-0.0385,-0.1673,-0.0556,-0.0353,-0.1432,-0.0488,-0.0375,-0.1421,0.0218,-0.0331,-0.2,0.0384,-0.0371,-0.2303,0.0505,-0.0373,-0.2558,0.0601,-0.0391
7,Close Window (Pinky Extended),0.0,0.0,0.0,-0.0166,-0.108,-0.0125,-0.0452,-0.1921,-0.0255,-0.0802,-0.2565,-0.0355,-0.1059,-0.3068,-0.0432,-0.1332,-0.1402,-0.0378,-0.1878,-0.158,-0.0414,-0.1646,-0.1616,-0.0378,-0.1366,-0.1556,-0.0344,-0.1502,-0.0818,-0.0359,-0.1826,-0.1111,-0.0351,-0.1576,-0.1147,-0.0337,-0.1351,-0.1078,-0.0371,-0.1522,-0.0288,-0.0321,-0.1911,-0.0609,-0.0343,-0.1703,-0.0688,-0.0331,-0.1457,-0.0655,-0.0367,-0.1465,0.0151,-0.0281,-0.2028,0.03,-0.0326,-0.2343,0.0401,-0.0338,-0.2615,0.0483,-0.0364
7,Close Window (Pinky Extended),0.0,0.0,0.0,-0.0161,-0.1078,-0.0132,-0.044,-0.1922,-0.0269,-0.079,-0.2582,-0.0375,-0.1052,-0.3092,-0.0458,-0.1329,-0.1395,-0.0361,-0.185,-0.159,-0.0399,-0.1616,-0.1611,-0.0372,-0.1342,-0.153,-0.0343,-0.1503,-0.081,-0.034,-0.1843,-0.1111,-0.0329,-0.16,-0.1138,-0.0314,-0.1382,-0.1057,-0.0346,-0.1526,-0.0281,-0.0304,-0.1918,-0.0598,-0.032,-0.1721,-0.0666,-0.0305,-0.1487,-0.0622,-0.0338,-0.1472,0.0159,-0.0266,-0.2041,0.0287,-0.0304,-0.2348,0.0376,-0.0312,-0.2613,0.0456,-0.0334
7,Close Window (Pinky Extended),0.0,0.0,0.0,-0.0142,-0.1081,-0.0142,-0.04,-0.1928,-0.0276,-0.0743,-0.2584,-0.0374,-0.1006,-0.3065,-0.0445,-0.1338,-0.1378,-0.037,-0.1754,-0.1634,-0.0386,-0.1477,-0.1678,-0.0338,-0.1212,-0.1579,-0.0301,-0.1513,-0.0807,-0.0343,-0.1806,-0.1202,-0.033,-0.1555,-0.126,-0.0324,-0.1334,-0.1168,-0.0361,-0.1528,-0.03,-0.0296,-0.1878,-0.0689,-0.0309,-0.1689,-0.0792,-0.0308,-0.1466,-0.0742,-0.035,-0.146,0.0107,-0.0248,-0.2003,0.0186,-0.0286,-0.2298,0.0266,-0.0296,-0.2548,0.0363,-0.0319
7,Close Window (Pinky Extended),0.0,0.0,0.0,-0.0132,-0.1075,-0.0156,-0.0387,-0.1903,-0.0313,-0.0739,-0.2551,-0.043,-0.1006,-0.3038,-0.0518,-0.128,-0.135,-0.0411,-0.1749,-0.1642,-0.0435,-0.1499,-0.1665,-0.038,-0.1248,-0.1548,-0.0334,-0.1465,-0.078,-0.0374,-0.1847,-0.1207,-0.0362,-0.1605,-0.1253,-0.0325,-0.139,-0.1159,-0.0335,-0.1503,-0.0276,-0.0319,-0.1913,-0.0681,-0.0325,-0.1732,-0.0763,-0.0301,-0.1517,-0.0693,-0.0326,-0.1456,0.0125,-0.0265,-0.2026,0.0204,-0.0299,-0.233,0.0261,-0.031,-0.2577,0.0336,-0.0333
7,Close Window (Pinky Extended),0.0,0.0,0.0,-0.0116,-0.1067,-0.0158,-0.0379,-0.1903,-0.0312,-0.0718,-0.256,-0.0423,-0.0981,-0.3044,-0.0501,-0.1312,-0.1367,-0.0399,-0.1785,-0.1698,-0.0432,-0.1519,-0.1717,-0.0403,-0.1263,-0.1596,-0.0372,-0.1507,-0.0806,-0.0349,-0.1821,-0.1245,-0.0317,-0.1557,-0.1278,-0.0283,-0.1356,-0.1172,-0.0305,-0.1547,-0.0313,-0.0283,-0.1902,-0.0737,-0.027,-0.1694,-0.0816,-0.0246,-0.1477,-0.0742,-0.0277,-0.1503,0.0074,-0.0219,-0.2063,0.0168,-0.0231,-0.2364,0.0223,-0.0233,-0.2611,0.0291,-0.0253
7,Close Window (Pinky Extended),0.0,0.0,0.0,-0.0082,-0.11,-0.0154,-0.0357,-0.1939,-0.0293,-0.0701,-0.262,-0.0388,-0.0953,-0.3134,-0.0449,-0.1335,-0.1439,-0.0348,-0.1814,-0.1804,-0.0351,-0.1557,-0.1827,-0.0308,-0.1302,-0.1695,-0.0272,-0.1536,-0.0877,-0.0288,-0.1818,-0.1356,-0.0221,-0.1545,-0.139,-0.0183,-0.1349,-0.1272,-0.0206,-0.1569,-0.0391,-0.0211,-0.1905,-0.085,-0.0168,-0.1688,-0.0927,-0.0141,-0.147,-0.0832,-0.0174,-0.1511,-0.0012,-0.0135,-0.2062,0.0058,-0.0131,-0.2358,0.0105,-0.0129,-0.2598,0.0178,-0.0145
7,Close Window (Pinky Extended),0.0,0.0,0.0,-0.0093,-0.1058,-0.0184,-0.0358,-0.1895,-0.0339,-0.0702,-0.2575,-0.0442,-0.0959,-0.3069,-0.0508,-0.1317,-0.1384,-0.0413,-0.1759,-0.1769,-0.043,-0.1488,-0.1806,-0.0381,-0.1239,-0.1667,-0.0342,-0.1525,-0.0835,-0.0351,-0.1812,-0.1328,-0.0319,-0.1543,-0.1386,-0.0293,-0.134,-0.127,-0.0321,-0.1566,-0.0355,-0.0272,-0.1922,-0.0805,-0.026,-0.1715,-0.091,-0.0247,-0.1498,-0.0832,-0.0287,-0.1508,0.0024,-0.0197,-0.2059,0.0098,-0.0221,-0.2361,0.0131,-0.0239,-0.2606,0.0191,-0.027
7,Close Window (Pinky Extended),0.0,0.0,0.0,-0.0084,-0.1058,-0.0149,-0.0345,-0.1914,-0.0294,-0.0689,-0.2607,-0.0395,-0.095,-0.3086,-0.0462,-0.1298,-0.1425,-0.0377,-0.176,-0.1768,-0.0374,-0.1503,-0.1817,-0.0312,-0.1268,-0.1689,-0.0266,-0.1504,-0.0873,-0.0329,-0.1833,-0.1367,-0.0284,-0.1571,-0.1426,-0.0246,-0.1376,-0.1311,-0.0262,-0.1554,-0.0389,-0.026,-0.1925,-0.085,-0.0232,-0.1723,-0.0943,-0.0204,-0.1514,-0.085,-0.0234,-0.1512,-0.0011,-0.0192,-0.2047,0.0044,-0.0204,-0.2342,0.0089,-0.021,-0.2587,0.0174,-0.0231
7,Close Window (Pinky Extended),0.0,0.0,0.0,-0.0082,-0.1072,-0.0172,-0.0338,-0.1927,-0.0318,-0.069,-0.2602,-0.0418,-0.0947,-0.3101,-0.0482,-0.1343,-0.1449,-0.0323,-0.1754,-0.1806,-0.0314,-0.1475,-0.183,-0.027,-0.1233,-0.1688,-0.0237,-0.1547,-0.0887,-0.0263,-0.1831,-0.1367,-0.0209,-0.1564,-0.1407,-0.0186,-0.1363,-0.1277,-0.0212,-0.1587,-0.0398,-0.019,-0.193,-0.0854,-0.0154,-0.1726,-0.094,-0.0136,-0.151,-0.0842,-0.0169,-0.1538,-0.0015,-0.0121,-0.2072,0.0011,-0.012,-0.2363,0.0045,-0.0119,-0.26,0.0118,-0.0133
7,Close Window (Pinky Extended),0.0,0.0,0.0,-0.0095,-0.1075,-0.0176,-0.0332,-0.1897,-0.0344,-0.0671,-0.2529,-0.0464,-0.0927,-0.3036,-0.0546,-0.1273,-0.1349,-0.042,-0.1709,-0.1747,-0.0452,-0.1442,-0.1766,-0.041,-0.1182,-0.1611,-0.037,-0.1488,-0.0804,-0.0362,-0.1777,-0.129,-0.0328,-0.1517,-0.1316,-0.0284,-0.1328,-0.1199,-0.0297,-0.1539,-0.0332,-0.0289,-0.1885,-0.0796,-0.0277,-0.1678,-0.0862,-0.0245,-0.1476,-0.0767,-0.0269,-0.1499,0.0036,-0.0219,-0.2054,0.0083,-0.0242,-0.2352,0.0114,-0.0247,-0.2601,0.0174,-0.0266
7,Close Window (Pinky Extended),0.0,0.0,0.0,-0.0085,-0.1105,-0.0166,-0.0334,-0.1944,-0.0308,-0.0689,-0.259,-0.0404,-0.0944,-0.3096,-0.0462,-0.1324,-0.1403,-0.0352,-0.1736,-0.1797,-0.0353,-0.1448,-0.179,-0.0307,-0.1193,-0.162,-0.0271,-0.1527,-0.0841,-0.029,-0.1773,-0.1319,-0.023,-0.1507,-0.1335,-0.0199,-0.1321,-0.1204,-0.0225,-0.1563,-0.0362,-0.0212,-0.1877,-0.0833,-0.0177,-0.1667,-0.0899,-0.0154,-0.1463,-0.0795,-0.0187,-0.151,0.0004,-0.0135,-0.2052,0.0037,-0.0136,-0.2344,0.0073,-0.0132,-0.2586,0.014,-0.0144
7,Close Window (Pinky Extended),0.0,0.0,0.0,-0.0127,-0.1084,-0.0148,-0.0401,-0.193,-0.0296,-0.0755,-0.2587,-0.0404,-0.1019,-0.3071,-0.0479,-0.1341,-0.1431,-0.0392,-0.1803,-0.1711,-0.0401,-0.1528,-0.1734,-0.0338,-0.1253,-0.1614,-0.0287,-0.1533,-0.0864,-0.0349,-0.1856,-0.1275,-0.0315,-0.1583,-0.1304,-0.0273,-0.1363,-0.1186,-0.0285,-0.1571,-0.0352,-0.0286,-0.1952,-0.0745,-0.0276,-0.173,-0.081,-0.0244,-0.1493,-0.0719,-0.0266,-0.152,0.0065,-0.0222,-0.2092,0.0137,-0.0248,-0.2401,0.0181,-0.0256,-0.2659,0.0242,-0.0275
7,Close Window (Pinky Extended),0.0,0.0,0.0,-0.0145,-0.1113,-0.0121,-0.0425,-0.1963,-0.0243,-0.0776,-0.2639,-0.0329,-0.1053,-0.3123,-0.0383,-0.1411,-0.1478,-0.0286,-0.1855,-0.1767,-0.0239,-0.1594,-0.1776,-0.0158,-0.1324,-0.1655,-0.0098,-0.1612,-0.09,-0.0242,-0.1885,-0.1302,-0.015,-0.1626,-0.1315,-0.0113,-0.1412,-0.1196,-0.0135,-0.1648,-0.0373,-0.0177,-0.1996,-0.0793,-0.0118,-0.1776,-0.0833,-0.009,-0.1542,-0.0722,-0.0121,-0.1598,0.0043,-0.0109,-0.2179,0.0065,-0.0085,-0.2485,0.0089,-0.0065,-0.2731,0.0129,-0.007
7,Close Window (Pinky Extended),0.0,0.0,0.0,-0.0125,-0.112,-0.0128,-0.0395,-0.1975,-0.0251,-0.0734,-0.2652,-0.0338,-0.1013,-0.3115,-0.039,-0.1408,-0.1475,-0.0277,-0.1808,-0.1778,-0.0237,-0.1538,-0.1772,-0.0167,-0.1272,-0.1629,-0.0116,-0.1612,-0.0905,-0.0231,-0.185,-0.1301,-0.0144,-0.1585,-0.1301,-0.0109,-0.138,-0.1173,-0.0129,-0.165,-0.0388,-0.0166,-0.1966,-0.0803,-0.0115,-0.1749,-0.0844,-0.0088,-0.1525,-0.0733,-0.0117,-0.1601,0.0014,-0.01,-0.2169,0.0055,-0.0084,-0.2471,0.0086,-0.0068,-0.2716,0.0131,-0.0071
7,Close Window (Pinky Extended),0.0,0.0,0.0,-0.0097,-0.1133,-0.0136,-0.0376,-0.1986,-0.0259,-0.0728,-0.2681,-0.0337,-0.1002,-0.3168,-0.0377,-0.1393,-0.1493,-0.0313,-0.1756,-0.1884,-0.0252,-0.1456,-0.1874,-0.016,-0.1204,-0.1706,-0.0102,-0.1605,-0.0938,-0.0259,-0.1816,-0.1412,-0.0154,-0.1535,-0.1425,-0.0111,-0.1341,-0.1287,-0.0137,-0.1648,-0.0437,-0.018,-0.1942,-0.0915,-0.0111,-0.1707,-0.0972,-0.0083,-0.1481,-0.0858,-0.0122,-0.1595,-0.0041,-0.01,-0.2157,0.0025,-0.0074,-0.2457,0.0033,-0.006,-0.2689,0.0052,-0.0072
7,Close Window (Pinky Extended),0.0,0.0,0.0,-0.005,-0.1152,-0.0155,-0.0316,-0.2041,-0.0267,-0.0664,-0.2761,-0.0331,-0.0918,-0.328,-0.0355,-0.1399,-0.1568,-0.0267,-0.1718,-0.2009,-0.0204,-0.1403,-0.1998,-0.0129,-0.1151,-0.18,-0.0078,-0.1616,-0.1016,-0.0197,-0.1777,-0.154,-0.0092,-0.1473,-0.1553,-0.0078,-0.1281,-0.1391,-0.0117,-0.1644,-0.0533,-0.0105,-0.19,-0.1054,-0.0037,-0.1651,-0.1118,-0.003,-0.1429,-0.0985,-0.0077,-0.1574,-0.0153,-0.0014,-0.2137,-0.0116,0.0014,-0.2446,-0.0119,0.0022,-0.269,-0.0097,0.001
7,Close Window (Pinky Extended),0.0,0.0,0.0,-0.0056,-0.1165,-0.0154,-0.0327,-0.2041,-0.0277,-0.0681,-0.2731,-0.0356,-0.0924,-0.3256,-0.0397,-0.1412,-0.1596,-0.0261,-0.1688,-0.204,-0.0194,-0.1373,-0.2024,-0.0121,-0.1126,-0.1834,-0.0078,-0.1634,-0.105,-0.0201,-0.1782,-0.1576,-0.0095,-0.1485,-0.1582,-0.0077,-0.1288,-0.1418,-0.0116,-0.1674,-0.0558,-0.012,-0.1939,-0.1084,-0.0046,-0.1697,-0.1144,-0.0034,-0.1469,-0.1014,-0.0082,-0.1605,-0.0161,-0.0041,-0.2167,-0.0116,-0.001,-0.2465,-0.0146,0.0001,-0.2688,-0.016,-0.0013
7,Close Window (Pinky Extended),0.0,0.0,0.0,-0.006,-0.1106,-0.0123,-0.031,-0.1999,-0.0241,-0.0628,-0.2746,-0.032,-0.0847,-0.3306,-0.0363,-0.1358,-0.1628,-0.028,-0.1713,-0.2017,-0.0224,-0.1435,-0.1973,-0.0144,-0.1192,-0.1794,-0.0091,-0.1601,-0.1072,-0.0234,-0.1799,-0.1542,-0.0133,-0.1523,-0.1523,-0.0101,-0.1334,-0.136,-0.013,-0.1662,-0.056,-0.0164,-0.1944,-0.1049,-0.0095,-0.1707,-0.1075,-0.0071,-0.1487,-0.0931,-0.011,-0.1621,-0.014,-0.0092,-0.2184,-0.0163,-0.0057,-0.2489,-0.0202,-0.0038,-0.2733,-0.0214,-0.0046
7,Close Window (Pinky Extended),0.0,0.0,0.0,-0.0003,-0.1137,-0.0079,-0.0199,-0.2017,-0.0179,-0.0466,-0.278,-0.0249,-0.0653,-0.3345,-0.0288,-0.1244,-0.1714,-0.0237,-0.1599,-0.209,-0.0155,-0.133,-0.2005,-0.0054,-0.1088,-0.1814,0.001,-0.1497,-0.1167,-0.021,-0.1719,-0.1644,-0.0089,-0.1461,-0.1601,-0.0042,-0.1261,-0.1436,-0.0062,-0.158,-0.0651,-0.0155,-0.1881,-0.1179,-0.0073,-0.1647,-0.1164,-0.0036,-0.1418,-0.1,-0.0067,-0.156,-0.0231,-0.0094,-0.2146,-0.0274,-0.0051,-0.2456,-0.0303,-0.0021,-0.2702,-0.0334,-0.0025
7,Close Window (Pinky Extended),0.0,0.0,0.0,-0.0002,-0.1151,-0.0105,-0.0198,-0.2048,-0.0208,-0.0464,-0.2798,-0.0276,-0.0672,-0.3325,-0.0313,-0.1259,-0.1727,-0.0261,-0.1577,-0.2137,-0.0204,-0.1299,-0.2059,-0.0131,-0.1064,-0.1861,-0.0086,-0.1504,-0.1183,-0.0228,-0.1708,-0.1678,-0.0121,-0.1451,-0.1639,-0.0079,-0.1252,-0.1473,-0.0105,-0.158,-0.0674,-0.0172,-0.1865,-0.1206,-0.0107,-0.1637,-0.1196,-0.0073,-0.1412,-0.1034,-0.0107,-0.1553,-0.0256,-0.0115,-0.2136,-0.0297,-0.0089,-0.2452,-0.0325,-0.0068,-0.2702,-0.0351,-0.0077
7,Close Window (Pinky Extended),0.0,0.0,0.0,-0.0016,-0.1138,-0.003,-0.0194,-0.2037,-0.012,-0.0423,-0.2815,-0.019,-0.0608,-0.3376,-0.0231,-0.1191,-0.181,-0.0187,-0.1569,-0.2194,-0.0103,-0.1313,-0.2087,-0.0004,-0.1065,-0.1879,0.0063,-0.1472,-0.129,-0.0188,-0.1753,-0.1784,-0.0066,-0.1512,-0.1722,-0.0017,-0.1309,-0.1538,-0.0034,-0.1595,-0.0769,-0.0159,-0.1947,-0.1306,-0.0073,-0.1711,-0.1278,-0.0029,-0.148,-0.1107,-0.0057,-0.1605,-0.0329,-0.0121,-0.2239,-0.0422,-0.0067,-0.2559,-0.0479,-0.0023,-0.2811,-0.0533,-0.0019
7,Close Window (Pinky Extended),0.0,0.0,0.0,-0.0005,-0.1172,-0.0033,-0.0188,-0.2092,-0.0102,-0.0434,-0.2867,-0.0155,-0.0609,-0.3451,-0.0181,-0.1247,-0.1871,-0.0125,-0.1592,-0.2223,-0.0004,-0.1334,-0.2108,0.0097,-0.1096,-0.1895,0.0155,-0.1519,-0.135,-0.0119,-0.1772,-0.1801,0.0045,-0.1524,-0.1735,0.0092,-0.1328,-0.1555,0.0065,-0.1623,-0.0833,-0.0085,-0.1947,-0.1366,0.0026,-0.1716,-0.133,0.0065,-0.1488,-0.1144,0.0027,-0.1615,-0.0387,-0.0044,-0.2244,-0.0468,0.0014,-0.2564,-0.0519,0.0053,-0.2821,-0.056,0.0052
7,Close Window (Pinky Extended),0.0,0.0,0.0,0.0051,-0.1196,-0.0025,-0.0142,-0.2127,-0.0082,-0.0342,-0.2945,-0.0124,-0.0465,-0.3531,-0.0139,-0.1199,-0.196,-0.0107,-0.151,-0.238,-0.0012,-0.1234,-0.2229,0.0049,-0.1005,-0.1993,0.0085,-0.1497,-0.1444,-0.0095,-0.1698,-0.19,0.0067,-0.1434,-0.1804,0.0109,-0.1244,-0.1612,0.008,-0.1617,-0.0927,-0.0058,-0.1896,-0.1457,0.0055,-0.1639,-0.1389,0.011,-0.1412,-0.1172,0.009,-0.1619,-0.0497,-0.0014,-0.2238,-0.0664,0.0064,-0.255,-0.0757,0.0131,-0.2803,-0.0814,0.0156
7,Close Window (Pinky Extended),0.0,0.0,0.0,0.0067,-0.1165,-0.0023,-0.0098,-0.2105,-0.0079,-0.0279,-0.2928,-0.0119,-0.033,-0.3522,-0.0131,-0.1188,-0.2012,-0.0067,-0.1434,-0.2438,0.0038,-0.1146,-0.2264,0.0089,-0.0924,-0.2021,0.0116,-0.1503,-0.1491,-0.0055,-0.1657,-0.1977,0.0115,-0.1386,-0.1858,0.0148,-0.1198,-0.1647,0.0115,-0.1638,-0.0975,-0.0017,-0.188,-0.153,0.0108,-0.1621,-0.145,0.0156,-0.1397,-0.122,0.0134,-0.1651,-0.0547,0.0026,-0.2254,-0.0755,0.0119,-0.2567,-0.0857,0.0191,-0.283,-0.0922,0.0221
7,Close Window (Pinky Extended),0.0,0.0,0.0,0.0105,-0.1136,-0.0051,-0.0019,-0.2033,-0.0138,-0.0175,-0.2838,-0.0204,-0.0215,-0.3436,-0.0245,-0.1097,-0.1969,-0.0184,-0.1346,-0.2407,-0.0107,-0.1079,-0.2256,-0.0047,-0.0857,-0.2022,-0.0015,-0.1421,-0.1471,-0.0166,-0.1568,-0.1961,-0.0018,-0.1301,-0.1843,0.0045,-0.1128,-0.1647,0.0025,-0.1561,-0.0977,-0.0123,-0.1805,-0.154,-0.0037,-0.1551,-0.1461,0.0009,-0.1342,-0.1241,-0.0016,-0.1588,-0.0561,-0.0072,-0.2202,-0.0723,-0.0034,-0.2523,-0.0827,0.0001,-0.2799,-0.0906,0.0002
7,Close Window (Pinky Extended),0.0,0.0,0.0,0.0076,-0.1116,-0.0,-0.0044,-0.2013,-0.0076,-0.0166,-0.2849,-0.0146,-0.0176,-0.3458,-0.0197,-0.103,-0.1991,-0.0148,-0.1351,-0.2433,-0.0075,-0.1106,-0.2272,-0.0016,-0.0888,-0.2044,0.0015,-0.1346,-0.1498,-0.0163,-0.1562,-0.1995,-0.0025,-0.1305,-0.1862,0.0034,-0.1133,-0.1651,0.0015,-0.1502,-0.0997,-0.015,-0.179,-0.1559,-0.0069,-0.1554,-0.1461,-0.0022,-0.1346,-0.1226,-0.0046,-0.1555,-0.0571,-0.0127,-0.2201,-0.0756,-0.0089,-0.2549,-0.0848,-0.0052,-0.284,-0.0914,-0.0052
7,Close Window (Pinky Extended),0.0,0.0,0.0,0.0097,-0.1106,-0.0015,-0.0028,-0.1999,-0.0095,-0.0177,-0.2826,-0.0166,-0.0164,-0.3449,-0.0218,-0.0985,-0.1998,-0.0144,-0.1319,-0.2426,-0.008,-0.1082,-0.2235,-0.0031,-0.0877,-0.2006,-0.0009,-0.1303,-0.1502,-0.0156,-0.1549,-0.2005,-0.0049,-0.1299,-0.1856,-0.0009,-0.1126,-0.1633,-0.0032,-0.147,-0.0985,-0.0144,-0.1779,-0.1525,-0.0083,-0.1554,-0.1419,-0.005,-0.1355,-0.1187,-0.0075,-0.154,-0.054,-0.0121,-0.2188,-0.0742,-0.0095,-0.2542,-0.0825,-0.007,-0.2847,-0.088,-0.0075
7,Close Window (Pinky Extended),0.0,0.0,0.0,0.0097,-0.1106,-0.0031,0.0018,-0.2001,-0.0133,-0.0121,-0.2819,-0.0227,-0.0136,-0.3455,-0.0301,-0.0952,-0.196,-0.0179,-0.1289,-0.2413,-0.0128,-0.1069,-0.2228,-0.0073,-0.0861,-0.1989,-0.0041,-0.1279,-0.1469,-0.0189,-0.1516,-0.1999,-0.0087,-0.1283,-0.1855,-0.0039,-0.1118,-0.1639,-0.0058,-0.1453,-0.0967,-0.0175,-0.176,-0.1542,-0.0119,-0.1545,-0.1437,-0.0079,-0.1347,-0.1208,-0.0104,-0.153,-0.053,-0.0153,-0.2173,-0.0724,-0.0132,-0.2531,-0.0811,-0.0107,-0.2838,-0.0874,-0.0113
7,Close Window (Pinky Extended),0.0,0.0,0.0,0.0072,-0.1115,-0.0025,-0.0003,-0.2021,-0.0119,-0.0146,-0.2856,-0.0201,-0.0173,-0.3495,-0.026,-0.096,-0.199,-0.0184,-0.1331,-0.2423,-0.0106,-0.1121,-0.2235,-0.001,-0.0909,-0.2,0.0047,-0.1294,-0.1502,-0.0193,-0.1575,-0.2034,-0.0094,-0.1344,-0.1887,-0.0039,-0.1168,-0.1665,-0.005,-0.147,-0.1,-0.0175,-0.1829,-0.158,-0.0122,-0.1605,-0.1474,-0.0076,-0.1391,-0.1246,-0.0095,-0.1545,-0.0549,-0.0146,-0.2173,-0.0786,-0.0133,-0.2528,-0.087,-0.0109,-0.2849,-0.092,-0.0114
7,Close Window (Pinky Extended),0.0,0.0,0.0,0.0103,-0.1113,-0.0025,0.0013,-0.2021,-0.012,-0.012,-0.286,-0.0205,-0.0156,-0.3495,-0.027,-0.0965,-0.1999,-0.0164,-0.1307,-0.2449,-0.0117,-0.1078,-0.2254,-0.0077,-0.0868,-0.2018,-0.0057,-0.1301,-0.1505,-0.0172,-0.1527,-0.202,-0.0061,-0.1285,-0.1869,-0.0018,-0.1119,-0.1654,-0.0044,-0.148,-0.0989,-0.0157,-0.1773,-0.155,-0.0091,-0.1555,-0.1442,-0.0053,-0.136,-0.1212,-0.0082,-0.156,-0.0542,-0.0132,-0.2197,-0.0737,-0.0102,-0.2548,-0.0827,-0.0073,-0.2845,-0.0889,-0.0076
7,Close Window (Pinky Extended),0.0,0.0,0.0,0.0061,-0.113,-0.0029,-0.0033,-0.2044,-0.0122,-0.018,-0.2903,-0.0197,-0.0223,-0.3547,-0.0246,-0.0999,-0.1996,-0.0202,-0.1381,-0.2464,-0.0115,-0.1151,-0.2285,-0.0014,-0.0937,-0.2055,0.0046,-0.1334,-0.1506,-0.0203,-0.1613,-0.2067,-0.0087,-0.1369,-0.193,-0.0026,-0.1191,-0.1711,-0.0038,-0.1511,-0.0995,-0.0173,-0.1868,-0.1596,-0.0103,-0.1633,-0.15,-0.0056,-0.1416,-0.1273,-0.0081,-0.1584,-0.0538,-0.0133,-0.2218,-0.0782,-0.0108,-0.2569,-0.0868,-0.0082,-0.2882,-0.0917,-0.0089
7,Close Window (Pinky Extended),0.0,0.0,0.0,0.008,-0.1119,-0.0018,0.0004,-0.2032,-0.012,-0.0113,-0.287,-0.0215,-0.0139,-0.3501,-0.0291,-0.0946,-0.1995,-0.0195,-0.1321,-0.2432,-0.0156,-0.1102,-0.2248,-0.0107,-0.0887,-0.2023,-0.0079,-0.1277,-0.1494,-0.0211,-0.1538,-0.2006,-0.0113,-0.1303,-0.1858,-0.0064,-0.1135,-0.1655,-0.0085,-0.1455,-0.0978,-0.0202,-0.1784,-0.154,-0.0144,-0.1568,-0.1433,-0.0097,-0.1364,-0.121,-0.0118,-0.1535,-0.0522,-0.0183,-0.2177,-0.0703,-0.0161,-0.2529,-0.0777,-0.0131,-0.283,-0.0831,-0.0134
7,Close Window (Pinky Extended),0.0,0.0,0.0,0.0068,-0.1128,-0.0036,-0.0002,-0.2047,-0.0138,-0.0144,-0.2893,-0.0224,-0.0185,-0.3526,-0.0285,-0.0967,-0.1991,-0.0235,-0.1351,-0.244,-0.0166,-0.1131,-0.2269,-0.0063,-0.0913,-0.2039,0.0,-0.1295,-0.1498,-0.0242,-0.1588,-0.2033,-0.0147,-0.1353,-0.19,-0.0086,-0.118,-0.1694,-0.0098,-0.1472,-0.0989,-0.0219,-0.1845,-0.1559,-0.017,-0.1614,-0.1467,-0.0124,-0.139,-0.1256,-0.0148,-0.1551,-0.0526,-0.0184,-0.2191,-0.0732,-0.0178,-0.2543,-0.0808,-0.0158,-0.2854,-0.0868,-0.0169
7,Close Window (Pinky Extended),0.0,0.0,0.0,0.0062,-0.1116,-0.0021,-0.0013,-0.2017,-0.012,-0.0128,-0.2832,-0.021,-0.0147,-0.3438,-0.0279,-0.0967,-0.1964,-0.0217,-0.1342,-0.243,-0.0172,-0.1126,-0.2247,-0.0105,-0.0915,-0.2012,-0.0063,-0.1294,-0.1467,-0.0233,-0.1571,-0.2014,-0.0147,-0.1338,-0.1875,-0.0097,-0.1166,-0.1662,-0.0113,-0.1469,-0.0959,-0.0221,-0.1814,-0.1531,-0.0177,-0.1594,-0.1441,-0.0137,-0.1382,-0.1225,-0.016,-0.1547,-0.0508,-0.0198,-0.2188,-0.0709,-0.0187,-0.2544,-0.0779,-0.0163,-0.2853,-0.082,-0.0169
7,Close Window (Pinky Extended),0.0,0.0,0.0,0.0077,-0.1124,-0.003,-0.0005,-0.2032,-0.0127,-0.0159,-0.2867,-0.0209,-0.0208,-0.3497,-0.0263,-0.1007,-0.2003,-0.0209,-0.1372,-0.2442,-0.0127,-0.1145,-0.2264,-0.0024,-0.0927,-0.2026,0.0038,-0.1338,-0.1518,-0.0213,-0.1608,-0.204,-0.0102,-0.1373,-0.1903,-0.0039,-0.1203,-0.1688,-0.0049,-0.1515,-0.1012,-0.0186,-0.186,-0.1577,-0.0123,-0.1634,-0.1479,-0.008,-0.1422,-0.1258,-0.0106,-0.1588,-0.0557,-0.0148,-0.2236,-0.0751,-0.0128,-0.2586,-0.0818,-0.0103,-0.289,-0.0861,-0.0109
7,Close Window (Pinky Extended),0.0,0.0,0.0,0.0085,-0.1128,-0.0036,0.0033,-0.2019,-0.0135,-0.0102,-0.2838,-0.0221,-0.0175,-0.3453,-0.0283,-0.0937,-0.1944,-0.0225,-0.1298,-0.2364,-0.0162,-0.1075,-0.218,-0.0068,-0.0859,-0.1943,-0.001,-0.1274,-0.1455,-0.0235,-0.1559,-0.1986,-0.015,-0.1325,-0.1848,-0.0095,-0.1145,-0.1632,-0.0108,-0.1456,-0.0949,-0.0217,-0.182,-0.151,-0.0176,-0.159,-0.141,-0.0128,-0.137,-0.1195,-0.0148,-0.1531,-0.0487,-0.0188,-0.2159,-0.0689,-0.0187,-0.2509,-0.0764,-0.0165,-0.2822,-0.0814,-0.0171
7,Close Window (Pinky Extended),0.0,0.0,0.0,0.0085,-0.1129,-0.0026,0.0032,-0.2033,-0.0129,-0.0121,-0.287,-0.0226,-0.019,-0.3522,-0.03,-0.0942,-0.1989,-0.018,-0.1353,-0.244,-0.0131,-0.1137,-0.2263,-0.0052,-0.0911,-0.2032,-0.0,-0.1275,-0.1498,-0.0196,-0.1593,-0.2037,-0.0117,-0.1358,-0.1897,-0.0066,-0.1177,-0.169,-0.0078,-0.1459,-0.0993,-0.0189,-0.1848,-0.157,-0.0155,-0.1619,-0.1475,-0.0111,-0.1392,-0.1267,-0.0129,-0.1548,-0.0539,-0.0173,-0.219,-0.0745,-0.017,-0.2543,-0.0816,-0.0151,-0.2851,-0.0872,-0.0159
7,Close Window (Pinky Extended),0.0,0.0,0.0,0.0071,-0.1124,-0.0058,0.0015,-0.2032,-0.0186,-0.012,-0.2854,-0.03,-0.0174,-0.3496,-0.0391,-0.0933,-0.1949,-0.028,-0.132,-0.2421,-0.0269,-0.11,-0.2234,-0.0214,-0.0884,-0.1992,-0.0178,-0.1266,-0.1453,-0.029,-0.1558,-0.2005,-0.0234,-0.1324,-0.1859,-0.0184,-0.115,-0.1647,-0.0198,-0.145,-0.0948,-0.0275,-0.1805,-0.1529,-0.026,-0.159,-0.1432,-0.0219,-0.1382,-0.1221,-0.024,-0.154,-0.0502,-0.0253,-0.2177,-0.0698,-0.0265,-0.2529,-0.0771,-0.0253,-0.2837,-0.0828,-0.0268
7,Close Window (Pinky Extended),0.0,0.0,0.0,0.0096,-0.1133,-0.0058,0.0046,-0.2026,-0.0171,-0.012,-0.2845,-0.0261,-0.0206,-0.3485,-0.0324,-0.0929,-0.1955,-0.0267,-0.1341,-0.2427,-0.0194,-0.1132,-0.2266,-0.0078,-0.0912,-0.2032,-0.0003,-0.1272,-0.1457,-0.0259,-0.1581,-0.2025,-0.0162,-0.1347,-0.1892,-0.0088,-0.1169,-0.1677,-0.0087,-0.1457,-0.0953,-0.0223,-0.183,-0.1554,-0.0174,-0.1605,-0.1468,-0.0122,-0.139,-0.1254,-0.0141,-0.1541,-0.0509,-0.0177,-0.2182,-0.0736,-0.0174,-0.2536,-0.0825,-0.0159,-0.2846,-0.0886,-0.0172
7,Close Window (Pinky Extended),0.0,0.0,0.0,0.0092,-0.1115,-0.0041,0.0034,-0.2027,-0.0143,-0.0114,-0.2857,-0.0233,-0.0184,-0.3493,-0.0297,-0.0939,-0.1985,-0.0201,-0.133,-0.242,-0.0139,-0.1114,-0.2252,-0.0047,-0.0895,-0.2022,0.0011,-0.127,-0.1499,-0.0206,-0.1575,-0.2024,-0.0118,-0.1344,-0.1891,-0.0065,-0.1168,-0.1683,-0.0077,-0.1452,-0.1001,-0.0185,-0.1832,-0.157,-0.0143,-0.1601,-0.1478,-0.0101,-0.138,-0.1268,-0.0122,-0.1533,-0.0555,-0.0154,-0.2174,-0.0756,-0.0148,-0.2523,-0.0832,-0.0129,-0.2834,-0.0891,-0.0138
7,Close Window (Pinky Extended),0.0,0.0,0.0,0.0107,-0.1129,-0.0047,0.0041,-0.2045,-0.0148,-0.0121,-0.2869,-0.0235,-0.0187,-0.3501,-0.0299,-0.095,-0.1995,-0.0189,-0.1325,-0.2434,-0.0131,-0.1107,-0.2261,-0.0057,-0.0894,-0.2032,-0.0012,-0.1278,-0.1499,-0.0191,-0.1566,-0.2034,-0.0097,-0.1333,-0.1902,-0.0048,-0.1161,-0.1695,-0.0063,-0.1454,-0.0996,-0.0171,-0.1813,-0.1554,-0.0124,-0.1594,-0.1473,-0.0087,-0.1383,-0.1269,-0.0112,-0.1534,-0.0547,-0.0142,-0.2185,-0.0744,-0.0133,-0.2539,-0.0826,-0.0116,-0.2849,-0.0888,-0.0126
7,Close Window (Pinky Extended),0.0,0.0,0.0,0.0076,-0.1128,-0.0045,0.0035,-0.203,-0.0159,-0.0099,-0.2857,-0.0257,-0.0171,-0.3488,-0.033,-0.0937,-0.197,-0.0232,-0.1308,-0.2417,-0.0178,-0.1087,-0.2229,-0.0094,-0.0868,-0.1987,-0.0042,-0.1278,-0.1484,-0.0236,-0.156,-0.2028,-0.0152,-0.1325,-0.1882,-0.0097,-0.1146,-0.1665,-0.0109,-0.1464,-0.0985,-0.0213,-0.1822,-0.1562,-0.0169,-0.1595,-0.1464,-0.0124,-0.1377,-0.1247,-0.0146,-0.1545,-0.0538,-0.0181,-0.217,-0.0744,-0.0175,-0.252,-0.082,-0.0156,-0.2832,-0.0868,-0.0164
7,Close Window (Pinky Extended),0.0,0.0,0.0,0.0078,-0.1101,-0.004,0.0026,-0.1998,-0.0153,-0.0098,-0.2832,-0.0254,-0.016,-0.3472,-0.0333,-0.0923,-0.1969,-0.022,-0.1313,-0.2426,-0.0185,-0.1104,-0.2232,-0.0123,-0.0886,-0.1993,-0.0083,-0.1263,-0.148,-0.023,-0.1556,-0.2014,-0.0155,-0.1324,-0.1859,-0.0107,-0.1144,-0.1641,-0.0121,-0.1452,-0.0977,-0.0215,-0.181,-0.1546,-0.0178,-0.1586,-0.1444,-0.0132,-0.1367,-0.1227,-0.0152,-0.1541,-0.0531,-0.0192,-0.2168,-0.0728,-0.0185,-0.2519,-0.0808,-0.0164,-0.2828,-0.0867,-0.0171
7,Close Window (Pinky Extended),0.0,0.0,0.0,0.0091,-0.1136,-0.0036,0.0035,-0.2045,-0.0144,-0.0107,-0.2867,-0.0237,-0.018,-0.3494,-0.0305,-0.0943,-0.2001,-0.0225,-0.1306,-0.2464,-0.0181,-0.1073,-0.2271,-0.0116,-0.0867,-0.2037,-0.0076,-0.1285,-0.1509,-0.0229,-0.1546,-0.206,-0.0136,-0.1303,-0.1911,-0.0079,-0.1136,-0.1692,-0.0092,-0.147,-0.1004,-0.0207,-0.1798,-0.1589,-0.0153,-0.1573,-0.1484,-0.0099,-0.1366,-0.1257,-0.0115,-0.1549,-0.0561,-0.0176,-0.2176,-0.0784,-0.0158,-0.2515,-0.0883,-0.0127,-0.2811,-0.0952,-0.0126
7,Close Window (Pinky Extended),0.0,0.0,0.0,0.0104,-0.1149,-0.0021,0.005,-0.2082,-0.0116,-0.0081,-0.2902,-0.02,-0.0131,-0.351,-0.0259,-0.0941,-0.2068,-0.0226,-0.1328,-0.251,-0.0188,-0.1095,-0.2303,-0.0124,-0.0876,-0.2054,-0.0082,-0.1291,-0.1564,-0.0239,-0.1556,-0.2072,-0.0147,-0.1324,-0.1915,-0.0092,-0.1152,-0.1703,-0.0107,-0.1485,-0.1045,-0.0224,-0.1802,-0.1592,-0.0172,-0.1587,-0.1488,-0.0124,-0.1383,-0.127,-0.0145,-0.1581,-0.0584,-0.0198,-0.2203,-0.0843,-0.0177,-0.2537,-0.0939,-0.0143,-0.2822,-0.1,-0.014
7,Close Window (Pinky Extended),0.0,0.0,0.0,0.0133,-0.1155,-0.0035,0.0114,-0.2077,-0.0125,-0.0025,-0.2888,-0.02,-0.0108,-0.3477,-0.0248,-0.0894,-0.2042,-0.0195,-0.124,-0.2472,-0.0123,-0.1023,-0.2273,-0.0026,-0.0807,-0.2015,0.0037,-0.1249,-0.1532,-0.0197,-0.1509,-0.205,-0.01,-0.1277,-0.1886,-0.0041,-0.11,-0.1659,-0.0049,-0.1446,-0.1019,-0.0173,-0.1785,-0.1591,-0.012,-0.1556,-0.1475,-0.0067,-0.1336,-0.124,-0.0082,-0.1539,-0.0566,-0.0139,-0.2134,-0.0821,-0.0131,-0.2472,-0.0922,-0.0107,-0.2777,-0.0992,-0.0111
7,Close Window (Pinky Extended),0.0,0.0,0.0,0.0122,-0.1139,-0.0029,0.01,-0.2055,-0.012,-0.0009,-0.288,-0.0204,-0.0075,-0.3488,-0.0264,-0.0896,-0.2072,-0.0164,-0.1246,-0.2508,-0.0111,-0.1037,-0.231,-0.0045,-0.0825,-0.2061,-0.0003,-0.1246,-0.1577,-0.0174,-0.1502,-0.2095,-0.0083,-0.1276,-0.1942,-0.0041,-0.1104,-0.1721,-0.0061,-0.144,-0.1066,-0.0161,-0.1773,-0.1636,-0.011,-0.1554,-0.1525,-0.0069,-0.134,-0.1298,-0.0091,-0.1533,-0.0608,-0.0138,-0.2136,-0.0846,-0.0121,-0.2471,-0.0949,-0.0094,-0.2767,-0.1021,-0.0095
7,Close Window (Pinky Extended),0.0,0.0,0.0,0.0113,-0.1118,-0.0026,0.008,-0.2028,-0.0125,-0.0029,-0.2843,-0.0214,-0.006,-0.3448,-0.0282,-0.0891,-0.2018,-0.0212,-0.1245,-0.2469,-0.0188,-0.1023,-0.225,-0.0146,-0.0817,-0.1999,-0.0121,-0.1245,-0.153,-0.0228,-0.1499,-0.2039,-0.0146,-0.1269,-0.1878,-0.01,-0.1101,-0.1668,-0.0123,-0.144,-0.1025,-0.0219,-0.1757,-0.1576,-0.0178,-0.1543,-0.1474,-0.0134,-0.134,-0.126,-0.0156,-0.1535,-0.0575,-0.0202,-0.2149,-0.0816,-0.0193,-0.248,-0.0911,-0.0166,-0.2767,-0.0978,-0.0168
7,Close Window (Pinky Extended),0.0,0.0,0.0,0.0104,-0.1116,-0.0017,0.0072,-0.2002,-0.0116,-0.002,-0.2801,-0.021,-0.0029,-0.3403,-0.0283,-0.0903,-0.2016,-0.0186,-0.128,-0.2449,-0.0163,-0.1053,-0.2229,-0.0124,-0.0835,-0.1984,-0.0098,-0.1246,-0.1519,-0.0206,-0.1509,-0.2013,-0.0129,-0.1276,-0.1846,-0.0087,-0.1101,-0.1643,-0.0108,-0.1439,-0.1003,-0.0202,-0.1759,-0.1535,-0.0163,-0.1545,-0.1428,-0.012,-0.134,-0.1221,-0.0138,-0.1538,-0.0549,-0.0189,-0.2144,-0.0777,-0.0177,-0.2478,-0.0863,-0.0147,-0.2769,-0.0928,-0.0145
7,Close Window (Pinky Extended),0.0,0.0,0.0,0.0079,-0.1114,-0.0014,0.0041,-0.2015,-0.011,-0.0045,-0.2823,-0.0201,-0.0048,-0.3424,-0.0275,-0.0913,-0.1972,-0.02,-0.1256,-0.2366,-0.0168,-0.1047,-0.216,-0.0113,-0.083,-0.1913,-0.0081,-0.1242,-0.1472,-0.0229,-0.1499,-0.1949,-0.0161,-0.1277,-0.179,-0.0123,-0.1097,-0.1577,-0.0146,-0.1425,-0.0958,-0.0231,-0.1753,-0.149,-0.0205,-0.154,-0.1381,-0.0171,-0.1324,-0.1168,-0.0194,-0.1517,-0.0497,-0.0223,-0.2128,-0.0697,-0.0229,-0.2473,-0.076,-0.0212,-0.2778,-0.0807,-0.022
7,Close Window (Pinky Extended),0.0,0.0,0.0,0.0093,-0.1098,-0.0023,0.0057,-0.197,-0.012,-0.0022,-0.2755,-0.022,-0.0002,-0.3353,-0.0306,-0.0895,-0.1882,-0.0183,-0.1251,-0.2268,-0.0186,-0.1054,-0.2084,-0.0165,-0.0836,-0.1852,-0.0153,-0.1217,-0.1367,-0.0218,-0.1495,-0.1833,-0.0183,-0.1269,-0.1683,-0.0159,-0.1083,-0.1479,-0.0186,-0.139,-0.0855,-0.0235,-0.1724,-0.1358,-0.0239,-0.1517,-0.1259,-0.0213,-0.1304,-0.1063,-0.0234,-0.1471,-0.0399,-0.0243,-0.2077,-0.055,-0.027,-0.2425,-0.0588,-0.0262,-0.2729,-0.0611,-0.0274
7,Close Window (Pinky Extended),0.0,0.0,0.0,0.0047,-0.1137,0.0004,-0.0014,-0.2025,-0.0086,-0.0066,-0.2819,-0.0188,-0.0003,-0.3381,-0.028,-0.0946,-0.1929,-0.0151,-0.1362,-0.2281,-0.0154,-0.1154,-0.209,-0.0139,-0.0913,-0.1878,-0.0127,-0.1259,-0.1395,-0.0197,-0.1576,-0.1813,-0.0157,-0.1355,-0.1654,-0.0142,-0.1152,-0.1464,-0.017,-0.1425,-0.0859,-0.0223,-0.1785,-0.1297,-0.0215,-0.1576,-0.1201,-0.0194,-0.1346,-0.1023,-0.0216,-0.1496,-0.0386,-0.0239,-0.2094,-0.0525,-0.0238,-0.244,-0.0524,-0.0214,-0.2746,-0.0502,-0.0214
7,Close Window (Pinky Extended),0.0,0.0,0.0,0.0007,-0.1117,-0.003,-0.0073,-0.1984,-0.0151,-0.0126,-0.2762,-0.0281,-0.0053,-0.3341,-0.0399,-0.1007,-0.1837,-0.0222,-0.1425,-0.2173,-0.0264,-0.1205,-0.1995,-0.0276,-0.0962,-0.1781,-0.0279,-0.1311,-0.1291,-0.0262,-0.1626,-0.1673,-0.0252,-0.1396,-0.1521,-0.0247,-0.119,-0.1335,-0.0283,-0.1466,-0.0743,-0.0283,-0.1833,-0.1152,-0.0299,-0.1613,-0.1049,-0.028,-0.1375,-0.0873,-0.0301,-0.1524,-0.0264,-0.0297,-0.211,-0.0363,-0.031,-0.2452,-0.0337,-0.0289,-0.2758,-0.0292,-0.029
7,Close Window (Pinky Extended),0.0,0.0,0.0,-0.008,-0.112,-0.0043,-0.0236,-0.1998,-0.0181,-0.0334,-0.2779,-0.032,-0.0283,-0.3386,-0.0445,-0.1189,-0.1756,-0.0292,-0.1608,-0.203,-0.0339,-0.1352,-0.1872,-0.0349,-0.1101,-0.1712,-0.0355,-0.1456,-0.1181,-0.0329,-0.1771,-0.1523,-0.031,-0.1527,-0.1393,-0.0286,-0.1316,-0.1236,-0.0319,-0.1578,-0.0613,-0.0344,-0.1972,-0.1009,-0.0349,-0.1733,-0.0912,-0.0304,-0.1471,-0.075,-0.0317,-0.1597,-0.0121,-0.0354,-0.2207,-0.0169,-0.0359,-0.2543,-0.011,-0.0323,-0.2836,-0.004,-0.0317
7,Close Window (Pinky Extended),0.0,0.0,0.0,-0.0097,-0.1116,-0.0027,-0.0244,-0.1998,-0.0169,-0.0306,-0.2803,-0.0321,-0.024,-0.3381,-0.0465,-0.1175,-0.1737,-0.0234,-0.1589,-0.2043,-0.0276,-0.1363,-0.187,-0.0284,-0.1111,-0.1687,-0.029,-0.1428,-0.1167,-0.0281,-0.1735,-0.1521,-0.0271,-0.1497,-0.1389,-0.0263,-0.1292,-0.124,-0.0302,-0.1536,-0.0609,-0.0309,-0.1927,-0.1012,-0.0323,-0.1703,-0.0942,-0.0305,-0.1455,-0.0805,-0.0331,-0.1557,-0.0128,-0.0329,-0.2168,-0.0141,-0.034,-0.2521,-0.0056,-0.0321,-0.2834,0.0027,-0.0326
7,Close Window (Pinky Extended),0.0,0.0,0.0,-0.0096,-0.1132,-0.0078,-0.0248,-0.1994,-0.0248,-0.0346,-0.2785,-0.0413,-0.0287,-0.3425,-0.0566,-0.1178,-0.1596,-0.0336,-0.1575,-0.193,-0.0403,-0.1321,-0.1801,-0.0424,-0.1063,-0.1642,-0.0438,-0.1418,-0.099,-0.0359,-0.1713,-0.1392,-0.0362,-0.1459,-0.13,-0.0344,-0.1238,-0.1145,-0.0379,-0.1503,-0.0425,-0.0363,-0.1917,-0.0841,-0.0383,-0.1677,-0.0785,-0.0348,-0.1409,-0.0639,-0.0368,-0.1487,0.0028,-0.0363,-0.2087,0.0056,-0.0384,-0.2434,0.0147,-0.0365,-0.2735,0.0252,-0.0373
7,Close Window (Pinky Extended),0.0,0.0,0.0,-0.0118,-0.1114,-0.0077,-0.0287,-0.2008,-0.0236,-0.0375,-0.2827,-0.0393,-0.0305,-0.3455,-0.0537,-0.1196,-0.1591,-0.0316,-0.161,-0.1941,-0.0355,-0.1368,-0.1831,-0.0345,-0.11,-0.1682,-0.0337,-0.1433,-0.0994,-0.0337,-0.1731,-0.142,-0.033,-0.1481,-0.135,-0.0314,-0.1259,-0.1213,-0.0347,-0.1515,-0.0441,-0.0338,-0.1922,-0.0872,-0.0354,-0.1686,-0.0852,-0.0339,-0.1426,-0.0738,-0.037,-0.15,0.0015,-0.0334,-0.2103,0.0055,-0.0354,-0.2451,0.0157,-0.0347,-0.2755,0.0268,-0.0364
7,Close Window (Pinky Extended),0.0,0.0,0.0,-0.0129,-0.1133,-0.0055,-0.0291,-0.201,-0.0195,-0.0393,-0.2817,-0.0333,-0.0358,-0.345,-0.0458,-0.1206,-0.1593,-0.029,-0.162,-0.189,-0.0303,-0.1385,-0.1791,-0.0268,-0.1109,-0.164,-0.0243,-0.1442,-0.0992,-0.0312,-0.1737,-0.1358,-0.0285,-0.149,-0.1279,-0.0256,-0.1265,-0.1144,-0.0285,-0.1516,-0.0433,-0.0311,-0.1914,-0.0804,-0.0314,-0.1683,-0.0772,-0.0292,-0.1421,-0.0658,-0.0322,-0.1492,0.0031,-0.0304,-0.2101,0.0111,-0.0321,-0.244,0.0252,-0.0309,-0.2739,0.0392,-0.0323
7,Close Window (Pinky Extended),0.0,0.0,0.0,-0.0129,-0.1131,-0.0056,-0.0301,-0.2019,-0.0194,-0.0391,-0.2822,-0.0335,-0.0325,-0.3442,-0.0461,-0.1202,-0.1583,-0.0271,-0.1615,-0.1876,-0.0292,-0.1382,-0.1775,-0.027,-0.1117,-0.1631,-0.0254,-0.1434,-0.0986,-0.0296,-0.1739,-0.1353,-0.0275,-0.1498,-0.1277,-0.0256,-0.1272,-0.1145,-0.0287,-0.1512,-0.0431,-0.03,-0.1915,-0.0799,-0.0303,-0.169,-0.0761,-0.0283,-0.1432,-0.0646,-0.0311,-0.1493,0.003,-0.03,-0.2096,0.0113,-0.0308,-0.2434,0.0247,-0.0292,-0.2728,0.0382,-0.0301
7,Close Window (Pinky Extended),0.0,0.0,0.0,-0.0109,-0.1106,-0.0083,-0.027,-0.1946,-0.0232,-0.0372,-0.273,-0.0377,-0.0329,-0.3339,-0.0509,-0.1199,-0.1499,-0.0341,-0.1584,-0.174,-0.0376,-0.1329,-0.1642,-0.0351,-0.1038,-0.1494,-0.0331,-0.1411,-0.0875,-0.0357,-0.1707,-0.1233,-0.0363,-0.1451,-0.1162,-0.0346,-0.1201,-0.102,-0.0378,-0.1464,-0.0303,-0.035,-0.1855,-0.0663,-0.0377,-0.1611,-0.0625,-0.036,-0.1332,-0.0509,-0.0388,-0.1422,0.017,-0.0339,-0.2,0.0252,-0.037,-0.2339,0.039,-0.0366,-0.2643,0.0521,-0.0385
7,Close Window (Pinky Extended),0.0,0.0,0.0,-0.0117,-0.1092,-0.0079,-0.0297,-0.1945,-0.0228,-0.039,-0.2747,-0.0377,-0.0329,-0.3357,-0.051,-0.1177,-0.1493,-0.0307,-0.1588,-0.1786,-0.0345,-0.1343,-0.1673,-0.0328,-0.1065,-0.152,-0.0312,-0.1402,-0.0886,-0.0321,-0.1711,-0.1267,-0.0316,-0.1464,-0.1188,-0.0292,-0.1227,-0.1056,-0.0317,-0.1475,-0.0335,-0.0316,-0.1882,-0.0706,-0.0333,-0.1641,-0.0664,-0.0306,-0.1369,-0.0541,-0.0325,-0.1452,0.011,-0.0308,-0.2043,0.0215,-0.0327,-0.2387,0.0353,-0.0315,-0.2685,0.0484,-0.0326
7,Close Window (Pinky Extended),0.0,0.0,0.0,-0.0123,-0.1091,-0.0062,-0.0302,-0.1935,-0.0197,-0.0403,-0.2701,-0.0338,-0.0375,-0.3284,-0.0467,-0.1212,-0.147,-0.0286,-0.161,-0.1693,-0.0325,-0.137,-0.1579,-0.0309,-0.1082,-0.144,-0.0295,-0.1412,-0.0854,-0.0318,-0.1724,-0.1173,-0.0334,-0.1475,-0.1094,-0.0332,-0.1225,-0.0969,-0.0369,-0.1468,-0.0292,-0.0329,-0.1868,-0.0614,-0.0365,-0.1633,-0.0586,-0.0357,-0.1354,-0.0493,-0.0386,-0.143,0.0177,-0.0336,-0.1996,0.0292,-0.0369,-0.2341,0.0451,-0.0366,-0.2647,0.0597,-0.0385
7,Close Window (Pinky Extended),0.0,0.0,0.0,-0.0131,-0.1087,-0.004,-0.0316,-0.1917,-0.0159,-0.0402,-0.2693,-0.0288,-0.0351,-0.3272,-0.0408,-0.1163,-0.1475,-0.0232,-0.1597,-0.1696,-0.025,-0.137,-0.1588,-0.0233,-0.1104,-0.1458,-0.0221,-0.1378,-0.0869,-0.0265,-0.1713,-0.1182,-0.0246,-0.1475,-0.1105,-0.0232,-0.1236,-0.0992,-0.0265,-0.1447,-0.031,-0.0278,-0.1866,-0.0623,-0.0279,-0.164,-0.0581,-0.0258,-0.1373,-0.048,-0.0281,-0.1424,0.0152,-0.0287,-0.2019,0.0254,-0.0285,-0.2356,0.0403,-0.0261,-0.2641,0.0542,-0.0266
7,Close Window (Pinky Extended),0.0,0.0,0.0,-0.0142,-0.1104,-0.0032,-0.034,-0.1939,-0.0153,-0.0443,-0.2713,-0.0289,-0.0407,-0.3312,-0.0419,-0.1229,-0.1523,-0.0232,-0.1653,-0.1694,-0.026,-0.1424,-0.1599,-0.0242,-0.1138,-0.1483,-0.0227,-0.1411,-0.0913,-0.0282,-0.1761,-0.1219,-0.0293,-0.1517,-0.1153,-0.0292,-0.1264,-0.1034,-0.0326,-0.1462,-0.0342,-0.0312,-0.1892,-0.0665,-0.0348,-0.1662,-0.0648,-0.0341,-0.1376,-0.0563,-0.0368,-0.1424,0.0151,-0.0336,-0.2023,0.0292,-0.0368,-0.2376,0.0456,-0.0365,-0.269,0.0598,-0.0383
7,Close Window (Pinky Extended),0.0,0.0,0.0,-0.0118,-0.1115,-0.0027,-0.0321,-0.1954,-0.0128,-0.0432,-0.2736,-0.0246,-0.0374,-0.335,-0.0359,-0.1209,-0.1541,-0.0174,-0.1647,-0.1688,-0.0181,-0.1415,-0.1613,-0.017,-0.1136,-0.1504,-0.0162,-0.141,-0.0929,-0.0219,-0.1728,-0.1183,-0.0191,-0.1497,-0.1128,-0.0193,-0.1259,-0.1017,-0.0237,-0.1463,-0.0355,-0.0245,-0.1868,-0.0643,-0.0253,-0.1652,-0.0624,-0.0246,-0.138,-0.0538,-0.0277,-0.1426,0.0138,-0.0265,-0.2032,0.0276,-0.0273,-0.2383,0.0436,-0.0252,-0.268,0.0579,-0.0258
7,Close Window (Pinky Extended),0.0,0.0,0.0,-0.0121,-0.1107,-0.0043,-0.0308,-0.1944,-0.0171,-0.0426,-0.2689,-0.0311,-0.0381,-0.3308,-0.0444,-0.1181,-0.1494,-0.0267,-0.1645,-0.1659,-0.0304,-0.1418,-0.1572,-0.0292,-0.1144,-0.1457,-0.028,-0.1379,-0.0883,-0.0309,-0.173,-0.1166,-0.031,-0.1494,-0.1095,-0.0302,-0.1253,-0.0978,-0.0337,-0.1438,-0.0309,-0.033,-0.1865,-0.0624,-0.0353,-0.1643,-0.0596,-0.0334,-0.1371,-0.0506,-0.0359,-0.141,0.0184,-0.0344,-0.1998,0.0287,-0.0363,-0.2335,0.0437,-0.0345,-0.263,0.0583,-0.0355
7,Close Window (Pinky Extended),0.0,0.0,0.0,-0.0157,-0.111,-0.0042,-0.0386,-0.1965,-0.0162,-0.0517,-0.2733,-0.029,-0.0486,-0.335,-0.0412,-0.1286,-0.1552,-0.0255,-0.1811,-0.1687,-0.0291,-0.1569,-0.1622,-0.0281,-0.1275,-0.1534,-0.0268,-0.1482,-0.0942,-0.0292,-0.1833,-0.1183,-0.0284,-0.158,-0.1115,-0.0277,-0.1338,-0.1003,-0.0312,-0.153,-0.0364,-0.0309,-0.1952,-0.0638,-0.0327,-0.1709,-0.0616,-0.0309,-0.1427,-0.0533,-0.0331,-0.1493,0.0136,-0.0319,-0.2094,0.0247,-0.0331,-0.2426,0.0408,-0.0307,-0.272,0.0561,-0.0309
7,Close Window (Pinky Extended),0.0,0.0,0.0,-0.0158,-0.1092,-0.0065,-0.0368,-0.1918,-0.0201,-0.051,-0.2664,-0.0337,-0.0495,-0.329,-0.0462,-0.1253,-0.1506,-0.0314,-0.1726,-0.1623,-0.0338,-0.1486,-0.1531,-0.0303,-0.1199,-0.1434,-0.0278,-0.1452,-0.0891,-0.0343,-0.1794,-0.1129,-0.0339,-0.1545,-0.1047,-0.0316,-0.1302,-0.0936,-0.0342,-0.1504,-0.0317,-0.0349,-0.1915,-0.0597,-0.0377,-0.168,-0.0556,-0.0355,-0.1405,-0.047,-0.0377,-0.1467,0.0174,-0.035,-0.2063,0.0323,-0.0379,-0.2403,0.0478,-0.0367,-0.27,0.0604,-0.0379
7,Close Window (Pinky Extended),0.0,0.0,0.0,-0.0163,-0.1095,-0.0059,-0.0373,-0.1921,-0.0195,-0.0505,-0.2674,-0.0335,-0.0482,-0.3298,-0.0466,-0.1255,-0.1521,-0.0301,-0.1741,-0.1651,-0.0338,-0.1503,-0.1565,-0.0319,-0.1211,-0.1467,-0.0302,-0.1453,-0.0902,-0.0335,-0.1797,-0.1145,-0.0338,-0.155,-0.1067,-0.0323,-0.1307,-0.0958,-0.0353,-0.1501,-0.0324,-0.0349,-0.1911,-0.0604,-0.038,-0.168,-0.0566,-0.0359,-0.1408,-0.0481,-0.038,-0.1463,0.0168,-0.0358,-0.2059,0.0315,-0.0386,-0.2395,0.0471,-0.0372,-0.2685,0.0598,-0.0381
7,Close Window (Pinky Extended),0.0,0.0,0.0,-0.0168,-0.1079,-0.0053,-0.0402,-0.1924,-0.019,-0.0541,-0.2691,-0.0337,-0.052,-0.3324,-0.0475,-0.127,-0.1564,-0.0275,-0.1779,-0.167,-0.0326,-0.1552,-0.1569,-0.032,-0.1265,-0.1485,-0.0312,-0.1454,-0.0947,-0.0318,-0.1844,-0.1188,-0.0349,-0.1594,-0.1101,-0.0347,-0.1339,-0.0995,-0.0376,-0.1508,-0.0367,-0.0342,-0.1969,-0.0642,-0.0396,-0.1732,-0.0591,-0.0379,-0.1446,-0.0504,-0.0394,-0.1483,0.0133,-0.0362,-0.2086,0.0287,-0.04,-0.2429,0.0456,-0.0394,-0.2732,0.0593,-0.0404
7,Close Window (Pinky Extended),0.0,0.0,0.0,-0.0145,-0.1079,-0.0062,-0.0365,-0.1935,-0.0195,-0.05,-0.2704,-0.0335,-0.0482,-0.333,-0.0465,-0.1235,-0.1549,-0.0298,-0.1745,-0.1653,-0.0341,-0.1521,-0.1551,-0.0318,-0.1231,-0.146,-0.0298,-0.1426,-0.093,-0.0333,-0.1807,-0.1154,-0.0361,-0.1562,-0.1061,-0.0354,-0.1309,-0.0944,-0.0379,-0.1487,-0.0347,-0.0348,-0.1933,-0.06,-0.0399,-0.1701,-0.0554,-0.0384,-0.1418,-0.0471,-0.0402,-0.1467,0.0155,-0.0357,-0.2062,0.0299,-0.0393,-0.2404,0.0463,-0.0385,-0.2706,0.0602,-0.0396
7,Close Window (Pinky Extended),0.0,0.0,0.0,-0.0124,-0.1099,-0.0058,-0.0327,-0.1949,-0.018,-0.0465,-0.2704,-0.0307,-0.0459,-0.331,-0.0423,-0.1227,-0.1525,-0.0265,-0.1709,-0.1648,-0.0291,-0.1464,-0.1578,-0.0268,-0.1175,-0.1487,-0.0248,-0.1424,-0.0909,-0.0294,-0.1781,-0.1146,-0.0287,-0.1533,-0.1084,-0.0274,-0.1292,-0.0977,-0.0305,-0.1476,-0.0338,-0.0303,-0.1912,-0.0608,-0.0333,-0.1669,-0.0579,-0.0314,-0.1391,-0.0494,-0.0335,-0.1439,0.0149,-0.0307,-0.2037,0.0281,-0.0336,-0.2378,0.044,-0.032,-0.2683,0.0584,-0.0328
7,Close Window (Pinky Extended),0.0,0.0,0.0,-0.0131,-0.1102,-0.0049,-0.0342,-0.1952,-0.0166,-0.0481,-0.2706,-0.029,-0.0484,-0.3306,-0.0403,-0.1256,-0.1527,-0.0248,-0.173,-0.1644,-0.0271,-0.1484,-0.1572,-0.025,-0.1197,-0.1477,-0.0229,-0.1452,-0.0911,-0.0281,-0.1792,-0.1136,-0.0268,-0.155,-0.1073,-0.0258,-0.1313,-0.0965,-0.0291,-0.1503,-0.0338,-0.0294,-0.1919,-0.0597,-0.0318,-0.1681,-0.0575,-0.0301,-0.1407,-0.0496,-0.0323,-0.1466,0.015,-0.03,-0.2063,0.0281,-0.032,-0.24,0.0439,-0.0297,-0.2698,0.0582,-0.03
7,Close Window (Pinky Extended),0.0,0.0,0.0,-0.0156,-0.1109,-0.004,-0.0379,-0.1953,-0.0162,-0.0527,-0.272,-0.0291,-0.0536,-0.3336,-0.041,-0.1276,-0.1571,-0.0256,-0.1791,-0.169,-0.0281,-0.1561,-0.1612,-0.0258,-0.1269,-0.153,-0.0238,-0.1463,-0.0953,-0.0294,-0.1846,-0.1194,-0.0286,-0.1601,-0.1119,-0.0265,-0.136,-0.102,-0.029,-0.1514,-0.0371,-0.0312,-0.1957,-0.0659,-0.0335,-0.1729,-0.0626,-0.0307,-0.1456,-0.0548,-0.0323,-0.1485,0.0128,-0.0323,-0.2098,0.0263,-0.0347,-0.2447,0.0418,-0.0329,-0.2753,0.055,-0.0334
7,Close Window (Pinky Extended),0.0,0.0,0.0,-0.0141,-0.1113,-0.004,-0.0356,-0.196,-0.0158,-0.0505,-0.2729,-0.0283,-0.0514,-0.3349,-0.0397,-0.1248,-0.1544,-0.0254,-0.1744,-0.1703,-0.0277,-0.1506,-0.1636,-0.0253,-0.1215,-0.1538,-0.0232,-0.145,-0.0932,-0.0285,-0.1799,-0.1189,-0.0265,-0.1559,-0.1125,-0.0244,-0.1321,-0.1017,-0.0273,-0.1505,-0.0355,-0.0296,-0.192,-0.0636,-0.0306,-0.169,-0.0613,-0.0284,-0.1417,-0.0529,-0.0308,-0.1473,0.0135,-0.0299,-0.2082,0.0265,-0.0312,-0.2426,0.0417,-0.0293,-0.2724,0.0556,-0.0301
7,Close Window (Pinky Extended),0.0,0.0,0.0,-0.0175,-0.1108,-0.0039,-0.0415,-0.1979,-0.0158,-0.0572,-0.2763,-0.0284,-0.0583,-0.3397,-0.0399,-0.1309,-0.1575,-0.026,-0.1788,-0.1695,-0.0286,-0.1536,-0.16,-0.0264,-0.1246,-0.1502,-0.0244,-0.1504,-0.0959,-0.0297,-0.1858,-0.119,-0.0287,-0.1604,-0.1105,-0.027,-0.1356,-0.0991,-0.0298,-0.1555,-0.0379,-0.0312,-0.1987,-0.0652,-0.0332,-0.1736,-0.0603,-0.0304,-0.1447,-0.0507,-0.032,-0.1516,0.0118,-0.0321,-0.2121,0.0232,-0.0337,-0.246,0.0395,-0.0311,-0.2761,0.0544,-0.0312
7,Close Window (Pinky Extended),0.0,0.0,0.0,-0.0158,-0.1093,-0.0053,-0.0382,-0.196,-0.0178,-0.053,-0.274,-0.0309,-0.0548,-0.3366,-0.043,-0.1279,-0.1557,-0.0266,-0.1748,-0.1712,-0.0299,-0.1521,-0.1625,-0.0287,-0.1243,-0.1526,-0.0274,-0.148,-0.095,-0.0299,-0.1819,-0.1213,-0.0296,-0.1578,-0.1143,-0.0287,-0.1338,-0.1028,-0.0319,-0.1531,-0.038,-0.0313,-0.1954,-0.0667,-0.0338,-0.1722,-0.064,-0.0319,-0.1448,-0.0557,-0.034,-0.1491,0.0108,-0.032,-0.209,0.0238,-0.0342,-0.2423,0.0401,-0.0323,-0.2717,0.0548,-0.0326
7,Close Window (Pinky Extended),0.0,0.0,0.0,-0.0152,-0.109,-0.0057,-0.0369,-0.1946,-0.0185,-0.052,-0.2716,-0.0314,-0.0539,-0.3334,-0.0434,-0.1267,-0.1534,-0.0285,-0.1748,-0.1702,-0.0315,-0.1522,-0.1628,-0.0296,-0.1236,-0.1526,-0.0278,-0.147,-0.0921,-0.0313,-0.1817,-0.1202,-0.0311,-0.1573,-0.1137,-0.0298,-0.1328,-0.1017,-0.0327,-0.1522,-0.0347,-0.0321,-0.1954,-0.0648,-0.0345,-0.1724,-0.0629,-0.0326,-0.1448,-0.0545,-0.0349,-0.1482,0.0143,-0.0322,-0.2088,0.027,-0.0348,-0.2425,0.0429,-0.0333,-0.272,0.0574,-0.0341
7,Close Window (Pinky Extended),0.0,0.0,0.0,-0.0159,-0.1109,-0.0054,-0.0388,-0.1966,-0.0181,-0.0544,-0.275,-0.0316,-0.055,-0.3382,-0.0441,-0.1284,-0.1572,-0.0281,-0.1809,-0.1724,-0.0324,-0.1574,-0.1646,-0.0312,-0.1276,-0.1555,-0.0297,-0.1479,-0.096,-0.0317,-0.1831,-0.1206,-0.032,-0.1585,-0.1128,-0.0307,-0.1352,-0.1022,-0.0338,-0.1526,-0.0385,-0.0334,-0.1944,-0.0666,-0.037,-0.1712,-0.0628,-0.0352,-0.1442,-0.0543,-0.0373,-0.1492,0.0103,-0.0346,-0.2097,0.0242,-0.0374,-0.2435,0.0408,-0.036,-0.2727,0.0556,-0.0368
7,Close Window (Pinky Extended),0.0,0.0,0.0,-0.0159,-0.1098,-0.0057,-0.0388,-0.1963,-0.0181,-0.0557,-0.2744,-0.0303,-0.0567,-0.3369,-0.0412,-0.1262,-0.1546,-0.0288,-0.1719,-0.169,-0.0289,-0.1482,-0.1598,-0.0244,-0.1215,-0.1505,-0.0216,-0.1465,-0.0937,-0.0313,-0.182,-0.121,-0.0289,-0.1567,-0.1138,-0.0257,-0.1325,-0.1029,-0.028,-0.1524,-0.0372,-0.0312,-0.1974,-0.068,-0.0325,-0.173,-0.0642,-0.0295,-0.1445,-0.0551,-0.0315,-0.1491,0.0114,-0.0306,-0.2107,0.0247,-0.0329,-0.2451,0.0397,-0.0317,-0.2756,0.0524,-0.0331
7,Close Window (Pinky Extended),0.0,0.0,0.0,-0.0156,-0.111,-0.0067,-0.0377,-0.1984,-0.0197,-0.0549,-0.2769,-0.0321,-0.0598,-0.3396,-0.043,-0.1265,-0.1604,-0.0322,-0.1792,-0.1775,-0.0334,-0.1555,-0.17,-0.0285,-0.1269,-0.1605,-0.0249,-0.1476,-0.099,-0.034,-0.1857,-0.1272,-0.0324,-0.1611,-0.1204,-0.0293,-0.1375,-0.1091,-0.0316,-0.1539,-0.0409,-0.0335,-0.1994,-0.0708,-0.0351,-0.176,-0.0688,-0.0319,-0.1483,-0.0607,-0.034,-0.1515,0.0089,-0.0324,-0.2131,0.0194,-0.0347,-0.247,0.0333,-0.0332,-0.2769,0.0458,-0.0342
7,Close Window (Pinky Extended),0.0,0.0,0.0,-0.0186,-0.1126,-0.0032,-0.0415,-0.1994,-0.0145,-0.0576,-0.2761,-0.0259,-0.0609,-0.3367,-0.0361,-0.1316,-0.156,-0.0261,-0.1781,-0.1715,-0.025,-0.1529,-0.1629,-0.0196,-0.1247,-0.1526,-0.016,-0.1516,-0.0948,-0.0294,-0.1867,-0.1224,-0.0252,-0.1613,-0.1161,-0.0222,-0.1371,-0.1052,-0.0248,-0.1562,-0.0372,-0.0299,-0.202,-0.0682,-0.0292,-0.1773,-0.0657,-0.0257,-0.149,-0.0568,-0.0278,-0.1509,0.0119,-0.0295,-0.2126,0.0206,-0.0304,-0.2463,0.0341,-0.0277,-0.2763,0.0473,-0.0279
7,Close Window (Pinky Extended),0.0,0.0,0.0,-0.0161,-0.1124,-0.0017,-0.0387,-0.1984,-0.0115,-0.0542,-0.2762,-0.0221,-0.0578,-0.3377,-0.0316,-0.1259,-0.1555,-0.0221,-0.1744,-0.1737,-0.0215,-0.1509,-0.1655,-0.0175,-0.1232,-0.1549,-0.0146,-0.1463,-0.0938,-0.026,-0.1823,-0.1226,-0.0217,-0.1583,-0.1158,-0.0187,-0.1346,-0.1043,-0.0211,-0.1515,-0.0364,-0.0274,-0.1941,-0.0665,-0.0266,-0.1711,-0.0632,-0.0233,-0.1446,-0.0534,-0.0253,-0.1477,0.0111,-0.0281,-0.2098,0.0204,-0.0285,-0.2444,0.034,-0.026,-0.2741,0.0467,-0.0263
7,Close Window (Pinky Extended),0.0,0.0,0.0,-0.0168,-0.1123,-0.0044,-0.0412,-0.2011,-0.015,-0.0579,-0.2807,-0.0255,-0.0622,-0.3417,-0.0344,-0.1321,-0.156,-0.023,-0.1767,-0.1782,-0.0208,-0.1512,-0.1693,-0.0158,-0.1237,-0.1575,-0.0128,-0.152,-0.0942,-0.025,-0.187,-0.1272,-0.02,-0.162,-0.1213,-0.0171,-0.1375,-0.1086,-0.0195,-0.1563,-0.0373,-0.0247,-0.2006,-0.0701,-0.023,-0.1768,-0.0683,-0.0203,-0.1495,-0.058,-0.0226,-0.1516,0.0091,-0.0238,-0.2132,0.0172,-0.0238,-0.2484,0.03,-0.0218,-0.2791,0.0429,-0.0226
7,Close Window (Pinky Extended),0.0,0.0,0.0,-0.0133,-0.1124,-0.005,-0.0375,-0.2022,-0.0162,-0.0555,-0.2817,-0.0269,-0.0599,-0.344,-0.0362,-0.129,-0.1608,-0.0281,-0.1785,-0.1875,-0.0275,-0.1562,-0.1795,-0.0225,-0.1286,-0.1683,-0.0195,-0.1501,-0.1001,-0.0303,-0.1879,-0.1372,-0.0269,-0.1644,-0.132,-0.0236,-0.1407,-0.1194,-0.0261,-0.156,-0.0437,-0.0301,-0.2021,-0.0783,-0.0297,-0.181,-0.0781,-0.0278,-0.1548,-0.0687,-0.0311,-0.1524,0.0041,-0.0292,-0.2146,0.0148,-0.0315,-0.2501,0.0277,-0.0318,-0.281,0.04,-0.0344
7,Close Window (Pinky Extended),0.0,0.0,0.0,-0.0156,-0.1155,-0.0041,-0.0406,-0.2072,-0.0156,-0.0591,-0.287,-0.0269,-0.0637,-0.3498,-0.0365,-0.1322,-0.1656,-0.0253,-0.1798,-0.1936,-0.0271,-0.1562,-0.1849,-0.0248,-0.1279,-0.172,-0.0232,-0.1546,-0.1051,-0.0283,-0.1889,-0.1399,-0.0258,-0.1644,-0.1336,-0.0236,-0.141,-0.1207,-0.0267,-0.161,-0.0485,-0.0291,-0.2049,-0.0818,-0.0293,-0.1819,-0.0798,-0.0269,-0.1552,-0.0695,-0.0296,-0.1572,-0.001,-0.0293,-0.2195,0.0068,-0.0314,-0.2551,0.0185,-0.0307,-0.2862,0.0301,-0.0322
7,Close Window (Pinky Extended),0.0,0.0,0.0,-0.0144,-0.1142,-0.0022,-0.0396,-0.2035,-0.0123,-0.0585,-0.283,-0.0226,-0.0627,-0.3451,-0.0313,-0.1327,-0.163,-0.0243,-0.1787,-0.1883,-0.0229,-0.154,-0.1787,-0.0181,-0.1259,-0.166,-0.0152,-0.1541,-0.1024,-0.0276,-0.1884,-0.1373,-0.0227,-0.1642,-0.1308,-0.0193,-0.1406,-0.1174,-0.0219,-0.1594,-0.0453,-0.0283,-0.2026,-0.0772,-0.0265,-0.1805,-0.0756,-0.0237,-0.1537,-0.0654,-0.0267,-0.1548,0.0027,-0.0281,-0.2175,0.013,-0.0287,-0.253,0.0262,-0.0272,-0.2836,0.039,-0.0285
7,Close Window (Pinky Extended),0.0,0.0,0.0,-0.0139,-0.1155,-0.0037,-0.0427,-0.2067,-0.0142,-0.0626,-0.2882,-0.0241,-0.067,-0.3518,-0.0324,-0.1323,-0.1642,-0.027,-0.1838,-0.1942,-0.0265,-0.16,-0.1861,-0.0219,-0.132,-0.1735,-0.0187,-0.1542,-0.1048,-0.029,-0.1918,-0.1433,-0.0243,-0.1669,-0.1382,-0.0203,-0.1439,-0.1259,-0.0223,-0.1606,-0.0492,-0.0285,-0.2071,-0.0864,-0.0268,-0.1845,-0.0874,-0.0237,-0.1581,-0.0776,-0.0264,-0.1572,-0.0027,-0.0273,-0.2205,0.003,-0.0284,-0.2563,0.0137,-0.0276,-0.2874,0.0259,-0.0294
7,Close Window (Pinky Extended),0.0,0.0,0.0,-0.0134,-0.1155,-0.0025,-0.0388,-0.2044,-0.0129,-0.0579,-0.2854,-0.0232,-0.0613,-0.3485,-0.0321,-0.1328,-0.1663,-0.0245,-0.1793,-0.1938,-0.023,-0.1552,-0.1857,-0.0179,-0.1264,-0.1719,-0.0148,-0.1545,-0.1057,-0.0272,-0.1882,-0.1422,-0.0216,-0.1633,-0.1365,-0.0175,-0.1401,-0.1231,-0.0198,-0.1599,-0.0486,-0.0275,-0.2028,-0.0834,-0.0255,-0.181,-0.0835,-0.023,-0.155,-0.0733,-0.0263,-0.1554,-0.0003,-0.0269,-0.2171,0.0084,-0.0283,-0.2517,0.0205,-0.0279,-0.2818,0.0332,-0.0297
